SMILES,mol_id,qed,sim,4dle
CCOC(=O)NC(C=Cc1ccccc1)NC(=O)OCC,0,0.789843734,1,-8.1
CCOC(=O)NC(C=Cc1ccccc1)NC(=O)OC(C)C,0,0.792286482,0.846153846,-8.3
CCOC(=O)NC1C(C=Cc2ccccc2)NC(=O)OC1C,0,0.894672515,0.428571429,-8.6
CCOC(=O)NC1C=C(C=Cc2ccccc2)NC(=O)SC1,0,0.894683292,0.421052632,-9.6
CCOC(=O)NC1C=C(C=Cc2ccccc2)NC(=O)NC1,0,0.795665101,0.428571429,-9.8
CCOC(=O)N1C=C(C=Cc2ccccc2)NC(=O)NC1(F)F,0,0.840405791,0.375,-9.9
CCOC(=O)N1C=C(C=Cc2ccccc2)NC(=O)NC1F,0,0.843179774,0.368421053,-9.6
CCOC(=O)N1CC(C=Cc2ccccc2)NC(=O)NC1F,0,0.840108369,0.362068966,-8.9
CCOC(=O)N1CC(C=Cc2ccccc2)NC1=NC(=O)O,0,0.892570535,0.368421053,-9.1
CCOC(=O)NC1CCCN1C=Cc1cccc(NC(=O)O)c1,0,0.776026617,0.360655738,-9.1
CCOC(=O)NC1CCCC1C=Cc1cccc(NC(=O)O)c1,0,0.772098413,0.366666667,-9.3
CC(C)OC(=O)N1CCCC1C=Cc1cccc(NC(=O)O)c1,0,0.884762689,0.261538462,-10.1
CC(C)OC(=O)NC1CCCN1C=Cc1cccc(C=O)c1,0,0.849414371,0.246153846,-8.7
CC(C)OC(=NCC1CC=C(SC(F)F)C=C1)NC(=O)O,0,0.601057698,0.173913043,-9.4
CC(C)OC(=O)NCCC1CC=C(NC(=O)O)C=CC1F,0,0.727914072,0.196969697,-8.9
CC(C)OC(=O)NCCN1CC=C(NC(=O)O)C=CC1F,0,0.66843743,0.196969697,-8.2
CC(C)OC(=O)NC1CCCN1C=Cc1cccc(O)c1,0,0.89475061,0.25,-8.4
CC(C)OC(=O)NCCN1CC=C(NC(F)F)C=CC1O,0,0.638718475,0.15942029,-8.1
CCCC(C=Cc1cccc(O)c1)NC(=O)OC(C)F,0,0.836976942,0.375,-8.7
COCC(C)NC(=O)C1CC=CCN1C=CC=C(F)F,0,0.600099715,0.161764706,-7.5
COCC(C)NC(=O)C1CC=CCN1C=CC=C(O)F,0,0.44216321,0.176470588,-7
COCC(C)NC(=O)C1CC=CC#CC=C1OC(F)F,0,0.757537352,0.161764706,-7.8
Cc1n[nH]c(=O)n1N=Cc1ccccc1,1,0.730631823,1,-8.6
Cc1n[nH]c(=O)n1N=CC=Cc1ccccc1,1,0.807517893,0.7,-9.1
Cc1n[nH]c(=O)n1NCC=Cc1ccccc1,1,0.827448853,0.468085106,-9
Cc1n[nH]c(=O)n1C(C=O)C=Cc1ccccc1,1,0.823657435,0.468085106,-9
Cc1n[nH]c(=O)n1CC(N)C=Cc1ccccc1,1,0.839261607,0.448979592,-8.9
Cc1n[nH]c(=O)n1CC=Cc1ccc(F)cc1,1,0.877311714,0.36,-9.7
Cc1n[nH]c(=O)n1CC=Cc1cccc(F)c1,1,0.877311714,0.384615385,-9.6
Cc1n[nH]c(=O)n1C(C)C=Cc1cccc(F)c1,1,0.904283879,0.377358491,-9.4
Cc1n[nH]c(=O)n1C(C)Oc1cccc(F)c1C=CCl,1,0.943761304,0.3,-8.1
Cc1n[nH]c(=O)n1C(C)Oc1cccc(F)c1C=CCO,1,0.87761137,0.285714286,-8.1
CC=CN1C(=O)OCC1Nc1cccc(F)c1C=C(C)C,1,0.911831094,0.128571429,-8.9
CN=C(N)C(CO)Oc1cccc(F)c1C=CC(=O)OC,1,0.349323172,0.114285714,-7.5
CC=CC(N)C(=O)Oc1n[nH]c(C)c1CCc1ccccc1,1,0.633319765,0.21875,-9
CN1C(=O)NCC(C)Oc2cccc(F)c2C=CC1,1,0.780632116,0.140625,-7.5
CN1C(=O)NCC(C)=C1Oc1cccc(F)c1CCO,1,0.880820946,0.153846154,-7.8
CN1CNCC(=O)C1=C(F)COc1ccccc1C=O,1,0.660450187,0.184615385,-8.9
CN1CNCC(=O)C1=C(F)COc1ccccc1CO,1,0.798909541,0.169230769,-8.7
CC=CCN1C(=O)COCC1Sc1ccccc1F,1,0.794720121,0.151515152,-8.2
CN1CNCC(=O)C1=CCOc1ccccc1F,1,0.817099398,0.177419355,-8.4
CC=CC(N)C(=O)ON1CCCc2c1cccc2F,1,0.847639713,0.115942029,-8.7
CC=CC(=O)N1CCNCC1c1c(C)cccc1F,1,0.828572123,0.153846154,-7.4
CC=CC(=O)N1CCCc2c1cc(=O)oc2N,1,0.737434049,0.109375,-9.1
CC=CC(=O)N1CCCc2c1cc[nH]c2=O,1,0.720681663,0.169491525,-8.5
CC=CC(=O)N1CCCc2c1ccc(=O)o2,1,0.672327609,0.131147541,-8.1
CCOP(=O)(OCC)C(F)=Cc1ccc(F)cc1,2,0.72403589,1,-7.4
CCOP(=O)(OCC)C(F)=Cc1cc(N)ccn1,2,0.806110125,0.522727273,-7.1
CCOP(=O)(OCC)C(F)=Cc1cccc(N)c1,2,0.632157693,0.609756098,-7.4
CCNP(=O)(F)OC(C)=Cc1cccc(F)c1,2,0.645107256,0.326923077,-8.2
CCNP(=O)(F)OC=C(C)c1cccc(F)c1,2,0.645107256,0.277777778,-7.8
CCNP(=O)(F)OC=C(C)c1ccc(F)cc1,2,0.645107256,0.354166667,-7.7
CCP(=O)(CC=C(F)c1cccc(N)c1)OCC,2,0.629990164,0.320754717,-7.6
CCP(=O)(NC=CC#N)c1cc(F)cc(OC)c1,2,0.657550251,0.224137931,-7.1
CCOP(=O)(NC=CC#N)c1cc(F)cc(OC)c1,2,0.640845645,0.280701754,-6.9
CCOP(=O)(NC=CC#N)c1cc(F)c(OC)cc1,2,0.640845645,0.275862069,-7.1
CCNP(=O)(CC)n1c(C)cc2cc(F)ccc21,2,0.856560154,0.240740741,-7.2
CCOCP(=O)(Cl)N(C)c1cc(F)cc(OC)c1,2,0.750244474,0.236363636,-7.1
CCNP(=O)(OCC)N1c2ccc(F)cc2CCC1C,2,0.841510793,0.293103448,-8.6
CCOCP(=O)(Cl)N(C)c1ccc(CCCC#N)cc1,2,0.527072454,0.183333333,-8.2
CCOC(=O)C=C(N)n1cc(F)c2ccccc21,2,0.668124865,0.228070175,-8
CCOC(=O)C=C(N)n1cc(CCCC)ccc1=O,2,0.624029681,0.183333333,-7.8
CCCNC(=O)P(=O)(CC)CCCC(C)c1ccccc1,2,0.647034946,0.166666667,-8.6
CCCNC(=O)C(=O)Nc1ccc(CCCC(C)C)cc1,2,0.757968009,0.13559322,-8.7
CCCCCC(=Cc1ccccc1)C1OCC(C)O1,3,0.705220383,1,-7.9
CCCCCC(=Cc1ccccc1)C1OCC(C)CO1,3,0.702398358,0.76744186,-8.1
CCCCCC(=Cc1ccccc1)C1OCCCO1,3,0.705148498,0.666666667,-8.5
CCCCCC(c1ccccc1)C1OCC(C)CO1,3,0.709147819,0.351851852,-7.7
CC(=CC(C)c1ccccc1)C1OCCCO1,3,0.742535501,0.245614035,-8.5
CC(C)C(=Cc1ccccc1)C1OCCCO1,3,0.793891041,0.346153846,-8.3
CC(O)C(=Cc1ccccc1)C1OCCCO1,3,0.871130544,0.339622642,-8.9
CC(O)C(=Cc1ccccc1)C1OCCCCO1,3,0.893270056,0.339622642,-8.6
CC(O)C(=Cc1ccccc1)C1OCC(C)CO1,3,0.892693379,0.42,-8.5
CC(O)C(=Cc1ccccc1)C1OCCC(C)O1,3,0.893265233,0.407407407,-8.5
CC(=Cc1ccccc1)C(O)C1OCC(C)CO1,3,0.892693379,0.358490566,-8.4
CC(O)C(=Cc1ccccc1)C1OCCC(C)CO1,3,0.910022972,0.381818182,-8.4
CC(=Cc1ccccc1)C(O)C1OCCC(C)CO1,3,0.910022972,0.327586207,-8.9
CC(O)C(=Cc1ccccc1)C1OCCCC1CO,3,0.87461297,0.295081967,-8.3
CC(=Cc1ccccc1)C(O)C1OCCCC1C(C)C,3,0.901938808,0.278688525,-8.2
CC(=Cc1ccccc1)C(O)C1OCCCC1CC(C)C,3,0.87540664,0.285714286,-9.3
CC(=Cc1ccccc1)C(O)C1OCC2CCCCC21C,3,0.908174425,0.285714286,-10.2
CC(=Cc1ccccc1)C1OCC(C)CC1C1CCCC1O,3,0.901945339,0.306451613,-9.9
CC(=Cc1ccccc1)C1OCC(O)CC12CCCC(C)CO2,3,0.901370199,0.292307692,-8.9
CN1C(=O)C(=C2SC(=O)N(CN3CCOCC3)C2=O)c2ccccc21,4,0.742881052,1,-6.6
CN1C(=O)C(=C2SC(=O)N(CN3CCOCC3)N2)c2ccccc21,4,0.814496668,0.642857143,-8
CN1C=C(C(=O)C2=C([N-])SC(CN3CCOCC3)C2)c2ccccc21,4,0.790201802,0.25974026,-9
CN1C=C(C(=O)SC2=NC(=O)N(CN3CCOCC3)C2)c2ccccc21,4,0.826123886,0.289473684,-9.6
CN1C=C(C(=O)c2sc(=O)n(CN3CCOCC3)c2)Sc2ccccc21,4,0.749108976,0.366197183,-9.2
CN1C=C(C(=O)C2=NC(=O)N(CN3CCOCC3)C2)Sc2ccccc21,4,0.803126839,0.361111111,-9.4
CN1C=C(C(=O)c2sc(=O)n(CNCC3CC3)c2)SC2CCCC12,4,0.785196825,0.117647059,-8.1
CN1C=C(C(=O)c2nc(=S)n(CN3CCOCC3)s2)Nc2ccccc21,4,0.63683337,0.315789474,-8.8
CN1C=C(C(=O)c2nc(=S)n(CNC(C)C)s2)Cc2ccccc21,4,0.654221058,0.168674699,-8.5
CN1C=C(Cc2nc(=O)sc(NCN(C)C)n2)SC2CC=CC=C12,4,0.804009047,0.113636364,-8.9
CC(C=C1SC(=O)c2sc(NCN(C)C)nc2CS1)C1CCCC1,4,0.732563668,0.091954023,-9.2
CN1C=CC2=C(C(=O)Sc3nc(CNCC(C)C)ncc32)C1,4,0.937036877,0.117647059,-8.5
CC(=O)C1=CC(=C2NC(C(C)(C)C)=NC2NCc2ccsc2)S1,4,0.872961464,0.119047619,-7.8
CC(=O)N1C=CC(=C2NC(=O)SC(NCC(C)C)=N2)C=C1,4,0.819564688,0.126582278,-9
CC(=O)N=C1C=C(Cc2nc(C(C)(C)C)ncn2)SC=C1,4,0.853127172,0.098765432,-8.8
CC(=O)N=C1N=C(CC(C)(C)C)c2sc(CSCO)nc21,4,0.863811706,0.060240964,-6.5
CC(=O)N=C1C=CC(C)=C2SC(NCC(C)(C)C)N=C12,4,0.795887597,0.1,-8.4
CC(=O)NCc1cc2c(=O)[nH]c(C(C)(C)CC)nc2cn1,4,0.894949487,0.097560976,-9
CC(=O)N=c1ccc2c(=O)[nH]c(CSC(C)(C)C)nc2s1,4,0.920966612,0.098765432,-8.5
CC(=O)NCc1ccc2c(=O)[nH]c(C(C)(C)CF)nc2c1,4,0.901761275,0.097560976,-9.5
CC(=O)CCc1cc2c(=O)[nH]c(C(C)(C)CF)nc2s1,4,0.922467121,0.1125,-8
CC(=O)CCc1cc2c(=O)[nH]c(C(C)(C)C)nc2cn1,4,0.92917282,0.076923077,-8.4
CC(=O)CCc1nc2c(=O)[nH]c(C(C)(C)C)nc2s1,4,0.934143639,0.077922078,-7.8
CC(=O)CCc1cc2c(=O)[nH]c(C(C)(C)C)nc2s1,4,0.938659672,0.103896104,-8
CC(=O)CCc1nc(C(C)(C)C)sc1Nc1ccno1,4,0.9101106,0.098765432,-7
CCOP(=O)(OCC)C(F)=Cc1ccccc1,5,0.716429252,1,-7.4
CCOP(=O)(OCC)C(F)=Cc1ccc2ccccc2c1,5,0.672577865,0.692307692,-9
CCOP(=O)(OCF)C(F)=Cc1ccc2ccccc2c1,5,0.68063516,0.627906977,-9.3
CCOP(=O)(OCC)c1c(F)ccc2ccccc12,5,0.780842822,0.347826087,-8.3
CCOP(=O)(OCC)C(F)=Cc1ccc2ccccn12,5,0.738304121,0.568181818,-8
CCOC(=O)C(F)=Cc1ccc2ncccc2c1,5,0.615755489,0.290909091,-9
CCOC(=CCn1ccc2ccccc21)C(=O)OF,5,0.614731707,0.245614035,-8.5
CCOC(=CCn1cnc2ccccc21)C(=O)CF,5,0.593160726,0.237288136,-7.8
CCOC(=CCn1cnc2ccccc21)C(=O)CBr,5,0.466362782,0.216666667,-7.7
CCOC1c2c(Br)cccc2C=CN1CS(=O)(=O)F,5,0.783529557,0.183333333,-7.5
CCOC1c2c(Br)cccc2C=CN1CS(=O)(=O)O,5,0.847634071,0.183333333,-7.3
CCOC1c2cccc(Br)c2C=C1CS(=O)(=O)O,5,0.860884857,0.192982456,-7.2
CCOC(=CCn1cnc2ccccc21)S(=O)=O,5,0.658243884,0.232142857,-8.1
CCOC(=O)C(=CCc1c[nH]c2ccccc12)SC,5,0.670313518,0.220338983,-8
CCOC(=O)C(=CCc1scc2ccccc12)NC,5,0.672837297,0.224137931,-8
CCOC(=O)C(=CCc1scc2ccccc12)NCC,5,0.653153903,0.220338983,-8.2
CCOC(=CC1CCCc2ccccc21)S(=O)(=O)NC,5,0.849320834,0.213114754,-8.3
CCOC(=CC1C=Cc2ccsc2N1CC)NC(=O)OC,5,0.848732945,0.164179104,-6.9
CCOC(=CC(C)(C)S(=O)NC1CCCc2ccsc21)OC,5,0.768345319,0.157142857,-7.8
CCOC1c2ccsc2C=CC1(C)C(=O)NCCCCC,5,0.767968849,0.166666667,-7.3
CCOC1c2ccsc2C=CC1(C)C(=O)NCCCC,5,0.810711347,0.169230769,-7.5
CCOC(=CC(=O)N1CCCC1CC)CCCc1ccsc1,5,0.524718845,0.157142857,-7.9
CNC(=O)OCC=Cc1ccccc1,6,0.793682848,1,-7.4
CNC(=O)OCC=Cc1ccccc1CBr,6,0.863202184,0.609756098,-7.6
CNC(=O)OC1CC=Cc2ccccc2C1,6,0.783880885,0.32,-8.6
CNC(=O)OC1CC=CC(c2ccccc2)C1,6,0.794720804,0.32,-8.7
CNC(=O)OC1CC(Cc2ccc(C)cc2)C=CO1,6,0.909746595,0.245614035,-8.9
CNC(=O)OC1CC=CC(Cc2ccccc2)CS1,6,0.862126671,0.309090909,-8.2
CNC(=O)C1CC(Cc2ccc(C)cc2)C=CS1,6,0.906158077,0.192982456,-8.9
NCC(=O)NC1Cc2ccc(cc2)C=CCS1,6,0.831335697,0.13559322,-8.3
NCC(=O)C1CC=CC(Cc2ccc(F)cc2)S1,6,0.849665462,0.114754098,-8.7
CNC(=O)C1CC=CC(Cc2ccc(C)cc2)S1,6,0.84768635,0.196428571,-9
NC(=O)C1CC=CC(Cc2ccc(C)cc2)S1,6,0.833732449,0.140350877,-9
NCc1ccc(C2C=CC(CCNC(N)=O)O2)cc1,6,0.695518807,0.133333333,-8.4
NC(=O)C1CC=CC(c2nc3ccccc3o2)C1,6,0.821734978,0.131147541,-9.2
N=CCC(=O)Cc1ccc(-c2ccccc2)o1,6,0.797767409,0.235294118,-8.1
N=CCC(Cc1ccc(C2C=CC2)cc1)C(N)O,6,0.407702583,0.098360656,-8.6
NC(=O)C1C=CC(CCc2ccc(Cl)cc2)O1,6,0.833374761,0.122807018,-8.8
NC(=O)c1ccc(CC2C=CC=CC2)cc1,6,0.82305312,0.127272727,-9
NC(=O)c1ccc(CC2C=CCOCC2)cc1,6,0.807924146,0.118644068,-9.1
NC(=O)c1ccc(CC2C=CCOC2)cc1,6,0.780510377,0.122807018,-8.6
NC(=O)c1ccc(CC=CC(F)F)cc1,6,0.76166483,0.18,-8.5
CC(=O)c1ccc(OCC=CC#N)cc1,6,0.554601339,0.24,-7.8
CC(=O)c1ccc(OCC=NC)cc1,6,0.538759239,0.229166667,-6.9
CC(=O)c1ccc(OCC=N)cc1,6,0.563836887,0.239130435,-6.9
CC(=O)OCc1ccc(C=N)cc1,6,0.564442532,0.266666667,-7
CC(N)c1ccc(OCC=O)cc1,6,0.708285391,0.1875,-6.5
COc1ccccc1C=Cc1cnccn1,7,0.784111895,1,-7.7
COc1ccccc1C=Cc1cncc(CF)c1,7,0.815868894,0.468085106,-8.8
COc1ccccc1C=Cc1cccc(C(=O)F)c1,7,0.610714303,0.387755102,-9.9
COc1ccccc1C=Cc1cccc(CO)c1F,7,0.850459765,0.413043478,-9.5
COc1ccc(C=O)cc1C=Cc1cncc(F)c1,7,0.789361182,0.320754717,-9.1
COc1ccc(C=O)cc1CNc1cncc(F)c1,7,0.839599722,0.213114754,-8.2
COc1ccc(C=O)cc1Cc1cncc(F)c1,7,0.777175457,0.224137931,-8.1
COc1ccc(C=O)cc1Cc1ccccc1CF,7,0.766300825,0.222222222,-8.7
COc1ccccc1Cc1cccc(C(=O)F)c1,7,0.770410565,0.218181818,-9.4
CNc1ccccc1Cc1cccc(OC=O)c1,7,0.817925845,0.13559322,-9
[CH]c1ccccc1Cc1cccc(OC=O)c1,7,0.746313781,0.120689655,-9.2
C(Cc1ccccc1O)c1cncc(CF)c1,7,0.876884863,0.145454545,-8.7
C(Cc1ccccc1O)=Cc1cnccn1,7,0.849503851,0.413043478,-8.1
C(=CCc1ccccc1O)c1cnccn1,7,0.849503851,0.413043478,-8.1
C(=CCc1ccccc1O)c1cncc(CF)c1,7,0.890913493,0.169491525,-9
C(Cc1ccccc1O)=Cc1cc(CF)cs1,7,0.860217123,0.114754098,-8.5
C(=CCc1ccccc1O)c1cc(CF)ccn1,7,0.890913493,0.210526316,-8.7
CPc1ccccc1C=Cc1cc(OC)ccn1,7,0.784653021,0.416666667,-8.2
CC1=CCCC=C1C=Cc1ccccc1OCCF,7,0.742531566,0.307692308,-8.9
CC=Cc1ccccc1C=Cc1cc(OP)ccn1,7,0.764693173,0.375,-8.7
CCc1ccccc1C=Cc1cc(OCCF)ccn1,7,0.786596371,0.333333333,-8.9
CC=Cc1cc(CO)ccc1Oc1ccccc1C,7,0.880415928,0.214285714,-9.2
CC=CC(C)(CC)Oc1ccccc1C=CCF,7,0.657404855,0.254545455,-7.3
CC=CC(C)(CCC)c1ccccc1OCCF,7,0.638965938,0.189655172,-7.2
ClCC1COC(C=Cc2ccccc2)O1,8,0.735409785,1,-7.5
ClCC1COC(C=CC=Cc2ccccc2)O1,8,0.603415789,0.810810811,-8.5
ClCC1COC(C=CC=Cc2ccccc2)OC1,8,0.612291353,0.547619048,-9.1
ClCC1COC(C=CCOCc2ccccc2)O1,8,0.451075736,0.590909091,-7.9
OCC1COC(C=CCOCc2ccccc2)O1,8,0.613639202,0.448979592,-7.5
OCC1COC(C=CCOCc2ccccc2)(F)C1,8,0.634706241,0.216666667,-8.5
OCC1C=C(CI)C(C=Cc2ccccc2)O1,8,0.51806814,0.34,-8.3
OCC1COC(C=CCOCc2ccccc2)C1,8,0.619080983,0.267857143,-8.1
OCCCCN1CCOC(C=Cc2ccccc2)C1,8,0.796677322,0.333333333,-7.4
OCCSCCOC(=O)Cc1ccccc1,8,0.579304137,0.145454545,-6.8
CCCCCC(=O)C=Cc1ccccc1,8,0.505568584,0.244897959,-7.8
OCCSCC(O)C=Cc1ccccc1,8,0.723714893,0.24,-6.9
CCC(Cl)C=CCOCc1ccccc1,8,0.406085794,0.188679245,-6.9
CCC(Cl)C=CCOCc1cccc(F)c1,8,0.41748144,0.131147541,-7.5
CC=CCNC(=O)C1CCC(CCl)O1,8,0.572203317,0.222222222,-6.7
CC=C(CCl)CNC(C)c1ccco1,8,0.600763777,0.160714286,-6.7
C=C(CCl)Cc1ccc(F)cc1,8,0.500205338,0.145833333,-6.9
COc1ccc(OC)c(C=CC(=O)C(C)(C)C)c1,9,0.766602625,1,-7.6
COc1ccc(C)c(C=CC(=O)C(C)(C)C)c1,9,0.743752213,0.736842105,-8.6
CC(C)c1ccc(O)c(C=CC(=O)C(C)(C)C)c1,9,0.813602462,0.434782609,-8.8
CC(C)c1cccc(C=CC(=O)C(C)(C)C)c1F,9,0.715604856,0.395833333,-9
CC(C)c1cccc(C=CC(=O)C(C)(C)C)c1O,9,0.813602462,0.404255319,-8.7
CC(=O)C(C)c1cccc(C=CC(C)(C)C)c1,9,0.749974357,0.222222222,-8.9
CC(=O)C=C(C)c1cccc(C(C)(C)C)c1,9,0.683400764,0.215686275,-8.4
CC(=O)C=Cc1cc(C)c(C(C)(C)C)cc1,9,0.685262024,0.26,-8.9
CC(=O)C=C(C)Cc1cccc(C(C)=O)c1,9,0.572464625,0.166666667,-8.7
CC(=O)C=C(C)Cc1cc(C)cc(C#N)c1,9,0.72416379,0.178571429,-8.6
CC(=O)C=C(C)Cc1cc(C)cc(C)c1,9,0.686626461,0.208333333,-8.4
CCC(C)=CCOc1cc(C)cc(C(C)=O)c1,9,0.567607711,0.175438596,-8.9
CCC(C)=CCOc1cc(C)cc(C=O)c1,9,0.557824633,0.155172414,-8.3
CCC(C)=CCOc1cc(C)cc(=O)o1,9,0.71398977,0.175438596,-7.9
CCC(C)=CCOc1cc(C)cc(CC)c1,9,0.669734469,0.160714286,-8
C=C(C)CCCc1cc(Br)cc(C(=O)O)c1,9,0.827730595,0.120689655,-8.3
C=C(C)Cc1cc(Br)cc(C(=O)OC)c1,9,0.620942567,0.181818182,-7.8
C=CCC(=O)Oc1cc(Br)cc(C(C)=O)c1,9,0.368831724,0.175438596,-7.7
CC#CC(=O)Oc1cc(Br)cc(C(C)=O)c1,9,0.27498558,0.160714286,-7.7
CC#CC(=O)Oc1cc(C(C)=O)ccn1,9,0.313580184,0.157894737,-7.6
CC#CC(=O)Oc1ccc(C(C)=O)cc1,9,0.24138676,0.2,-7.8
C=CCC(=O)Oc1ccc(C(C)(C)C)cc1,9,0.440930822,0.26,-7.9
CCCCCC(=Cc1ccccc1)C1OCCO1,10,0.705660055,1,-7.4
CCCCCCC(=Cc1ccccc1)C1OCCO1,10,0.675875888,0.971428571,-7.8
CCCCCC1(c2ccccc2)C=CCOC1C,10,0.54790497,0.326923077,-8.1
CCCCCC1(c2ccccc2)C=CCON1C,10,0.576076363,0.272727273,-7.6
CCCCCC1(Oc2ccccc2)C=CCON1C,10,0.574421876,0.25862069,-7.6
CCCCCC(=Cc1ccccc1)C1OCCN1C,10,0.717500281,0.659090909,-8
CCCCCC1(O)C(=Cc2ccccc2)CON1C,10,0.826077247,0.358490566,-7.4
CCNCCC1(OCc2ccccc2)C=CCON1C,10,0.612019589,0.169230769,-8.1
CCNCCc1c(OC2CCCCO2)cccc1Cl,10,0.811918212,0.181818182,-7.4
CCNCC1(OCCN(C)C)C=CC=CC1Cl,10,0.703108718,0.076923077,-6.5
CCNCC1(O)CCCCc2cccc1c2,10,0.816643788,0.147540984,-7.8
CCNCC1(O)CCCCC1=CC=C(C)C,10,0.767864907,0.114754098,-7.4
CCNCC1(C)C=CCCC1=C1OCCO1,10,0.744090387,0.133333333,-7.1
CC(CN)Cc1cccc2c1OCCC2,10,0.820271594,0.15,-7.9
CNCCC1(C)C=CC=CC1OC1CC1,10,0.746472412,0.080645161,-6.5
CNCCC1=CC(C)(C)C=CC=C1OO,10,0.551856927,0.080645161,-7.9
CNCCC1=CCCCC=C1OC(C)C,10,0.751225557,0.083333333,-6.9
CNCC1(C)CCCCC1=C1COCO1,10,0.757946662,0.079365079,-6.8
CNCCC(C)=C1CCCCC1CO,10,0.676418051,0.120689655,-6.7
CNCC1(C)OCCC1=C1CCCC1,10,0.682368431,0.12962963,-7.5
CNCC1(CC(C)C)CCCC=CO1,10,0.747908066,0.083333333,-6.5
CNCC1(CO)OCCCC1=C(C)C,10,0.668393,0.122807018,-6
CNCC1(CO)OCCC1=C(C)C,10,0.635732525,0.127272727,-6.1
CN1C2CCC1C(Cc1ccc3c(c1)OCO3)C(=O)C2=Cc1ccc2c(c1)OCO2,11,0.72960854,1,-8.8
CN1C2CCC1C(C=Cc1ccc3c(c1)OCO3)C(=O)C2=Cc1ccc2c(c1)OCO2,11,0.706331859,0.655172414,-10.7
CN1C2CCC1C(C1CC1)C(=O)C(=Cc1ccco1)C2Cc1ccc2c(c1)OCO2,11,0.709267816,0.536231884,-7.7
CN(C)CCCCC1C2C=CC(C2)C(=O)C1=C(O)Cc1ccc2c(c1)OC(C)CO2,11,0.313316722,0.224719101,-9.7
CN(C)CCC=CCC1C(N2CCC(O)C2)C(=O)C(=O)C1Cc1ccc2c(c1)OCO2,11,0.498463076,0.375,-10.1
CN(C)CCC=CC=C1C(N2CCC(O)C2)C(=O)C(=Cc2ccc3c(c2)OCO3)C1,11,0.72785505,0.333333333,-8
CN(C)CC(N)=CC=C1C(=O)C(=O)C(c2ccc3c(c2)OCO3)C1C1CC1,11,0.63241531,0.291139241,-8.2
CN(C)CC(N)=NC(=O)C(Cc1ccc2c(c1)OCO2)C1CC2CCC1C2,11,0.613922322,0.280487805,-9.4
CN(C)CC(N)=CC=C1C(=O)C(=O)C(c2ccc3c(c2)OCO3)C1(C)C,11,0.656420392,0.265822785,-8.5
CN(C)CC(N)=CC=C1C(=O)C(=O)C(OC(O)CO)C1C1CC2CCC1C2,11,0.329825801,0.142857143,-8.5
CN1CCC(C2CC2)C(N(C)C)C(=O)C1=C=Cc1ccc(OC(F)F)cc1,11,0.580210995,0.204819277,-8.1
CN1CCC(C2CC2)N=C(C(N)C(C)(C)C)C1=C1C=CC(=O)C(O)C1,11,0.80281629,0.126436782,-4.7
CN(C)CCC1C=CC(N)C(C(=O)OC(C)(C)C)C1=C1C=CC(=O)C1,11,0.624184828,0.088888889,-7.4
CN(C)CCC(C=CN)C1C(=O)NC(C2CC2)C1=C1C=CC(F)(F)O1,11,0.766300075,0.130434783,-7.4
CN(C)C=CC(C(N)=O)C1C(=O)C(C2CC2)C1=C1C=CC(F)(F)O1,11,0.829896118,0.136363636,-7.9
CN(C)C=CC(C(N)=O)C1C(=C2CC2)C(=O)OC1C1CCC(F)(F)CC1,11,0.598070701,0.137931034,-6
CN(C)C=CC(C(N)=O)C1C(=O)C(C2CC2)=C1C(=O)OC(C)(C)C,11,0.74188307,0.134146341,-7
C=CC(C)C=C1C(=O)NCC(C(=O)OC(C)(C)C)C1N1CC(F)CC1,11,0.478879157,0.133333333,-7.7
C=CC(C)=CC(C(N)=O)N1CC(C(=O)OC(C)(C)C)C(=C2CC2)C1=O,11,0.467340072,0.126436782,-8.3
C=CC(C)C=C1C(=O)NCC(C(=O)OC(C)(C)C)C1N1CCC(F)CC1,11,0.472058484,0.136363636,-6.2
C=CC(=C1CCC(C)CC1)C(C(N)=O)=C1C(=O)OC(C)(C)C1CNCC,11,0.563427086,0.10989011,-7.8
C=CC(C=CN)=C1C(=O)NCC(C(=O)OC(C)(C)C)C1C1CCC(F)C1,11,0.59363269,0.096774194,-5.7
C=CC(C=CN)=C1C(=O)C(C2CC2)=C(O)C(C(=O)OC(C)(C)C)N1,11,0.537529894,0.08988764,-8.4
CC[S](C=CC(C)(C)O)C(CC)CC,12,0.71821207,0.34375,-6.8
CC[S](C=CC(C)O)C(C)(CC)CC,12,0.71821207,0.194444444,-6.2
CC[S](C=CC(C)O)C(CC)(C)CC,12,0.71821207,0.194444444,-6.3
CC[S-](C=CC(C)O)C(CC)CCC,12,0.649747207,0.12195122,-6.2
CC[S-]C(=C=O)C(CC)(CC)CCC,12,0.477021764,0.128205128,-5.6
CC[S-]C(=C=O)C(CC)(CC)CC,12,0.484087243,0.142857143,-5.5
CCC=[S-](CS)C(CC)(CC)CC,12,0.394002375,0.147058824,-5.4
CCC=C(C[S-])C(CC)(CC)CCC,12,0.443795174,0.162162162,-6
CCC=[C]C(S)(CC)C(CC)CCC,12,0.584192006,0.125,-6.3
CCC=[C]C(CS)CC(C)(CC)CCO,12,0.610508664,0.159090909,-6.3
CCC=CCC[SH2]CC(O)CC(CC)CCC,12,0.437558798,0.106382979,-6.6
CCC=CCC[NH+](CS)CC(C)(C)CCO,12,0.320793401,0.159090909,-6.3
CCC=C(CS)CC(O)CC(C)(C)CCC,12,0.483698862,0.162790698,-7.2
CCC=CCC[NH2+]CC(C)CC(CS)CCC,12,0.321509712,0.081632653,-6.5
CCC=CCC[NH2+]CC(C)CCC(O)CCCCC,12,0.39104074,0.125,-7.2
CCC=C(CS)CCCCC#CC(O)CCCC,12,0.275312722,0.102040816,-7.1
CCC=CCCC([NH2+]CC)CC(CS)CCCOC,12,0.303979446,0.075471698,-6.6
CCC=CCCC([NH2+]CC)CC(C)(O)CCC,12,0.567755227,0.186046512,-6.8
CCC=C(CSCCCO)CC(C)(C)CCCO,12,0.446366508,0.159090909,-6.4
CCC=C(CSCCCO)CCC[N+](C)(C)CCCO,12,0.312156809,0.106382979,-6.7
CCC(N)CC=CC(O)CCCCC(C)CCCO,12,0.377455673,0.106382979,-7.3
CCC([NH2+]CCCCO)CCC=CC(C)(C)CCCO,12,0.359126422,0.173913043,-7.5
CC(=O)C=Cc1c(C)n(C)c2ccccc12,13,0.702525217,1,-7.8
CC(=O)CCCN(C)CCc1ccccc1,13,0.70209032,0.192307692,-7.6
CC(=O)CNCNCCCc1ccccc1,13,0.513002215,0.188679245,-7.6
CC(=O)CCCN1CCc2ccccc21,13,0.74867774,0.226415094,-7.6
CC(C=O)CNCCCc1ccccc1,13,0.544972826,0.148148148,-7.2
CC(CCC=O)CCc1ccccc1O,13,0.726478686,0.166666667,-7.7
CC(C=O)CCCc1ncncc1C,13,0.669477034,0.103448276,-7
CC(C=O)CNCCc1ccccc1,13,0.546985474,0.153846154,-6.9
CC(O)CN(C)CCc1ccccc1,13,0.766505649,0.134615385,-7.1
CC(C=O)CSCc1ccccc1,13,0.670380595,0.156862745,-6.9
CCN(CCC#N)CCc1ccccc1,13,0.708227684,0.109090909,-7.1
CCN(C=O)C(C)Cc1ccccc1,13,0.652570151,0.153846154,-7.4
CCN(CCCO)CCc1ccccn1,13,0.734089375,0.120689655,-6.5
CC=CCS(=O)(=O)Cc1ccccc1,14,0.713720674,1,-7
CC=CCS(=O)(=O)Cc1ccccc1CC,14,0.739134354,0.636363636,-7.5
CC=CCS(=O)(=O)Cc1ccccc1-c1cccs1,14,0.783085347,0.5,-7.9
CC=CCS(=O)(=O)Cc1ccccc1-c1ccccc1,14,0.782478975,0.611111111,-8.4
Cc1ccccc1S(=O)(=O)Cc1ccccc1,14,0.834026346,0.416666667,-8.5
Cc1cccnc1S(=O)(=O)Cc1ccccc1,14,0.836152523,0.365853659,-8.2
CC=CC=CS(=O)(=O)Cc1ccccc1CC,14,0.751677944,0.375,-7.6
CC=CC=NS(=O)(=O)Cc1ccccc1CC,14,0.755323704,0.325581395,-7.4
CC=CC=CC(=O)NCC(=C)Cc1ccccc1,14,0.462759444,0.291666667,-8.1
CCCCC=CC(=O)N(C)CC(=C)c1ccccc1,14,0.535567581,0.20754717,-8.3
CCCCC=CC(=O)N(C)CC(=CC)c1ccccc1,14,0.534763645,0.230769231,-8.4
CC(=CC(=O)[O-])CC(=O)c1ccccc1,14,0.540534159,0.227272727,-7.9
CC(=Cc1ccccc1)CC(=O)c1ccncc1,14,0.757752775,0.208333333,-9.5
CC(=Cc1ccccc1)CC(=O)ON=Cc1ccn[nH]1,14,0.515311571,0.169491525,-8.8
CCC(C)(CC(=O)O)N=Cc1ccccc1OC,14,0.78851291,0.185185185,-7.2
CC=CC=CC(=O)NC(CC)Cc1ccccc1,14,0.602800603,0.291666667,-7.9
COc1ccccc1C=NCc1cc(C)ccn1,14,0.769797801,0.142857143,-8.4
CC1(C)CC(=O)NC1=CC1NC(=O)CC1(C)C,15,0.721337874,1,-8.1
CC1(C)CC(=O)NC1CCC1NC(=O)CC1(C)C,15,0.801206322,0.416666667,-8.1
CC1(C)CC(=O)NC1CCC1NC(=O)CC(C)(C)C1F,15,0.831776516,0.333333333,-8.5
CC1(C)CNC(=O)CC1C=C1NC(=O)CC1(C)C,15,0.742029789,0.525,-8.3
CC1(C)CCC(C)CC1C=C1NC(=O)CC1(C)C,15,0.750477256,0.5,-8.2
CC1(C)CCC(C)CC1C=C1NCNC(=O)C1(C)C,15,0.764075337,0.254901961,-5.9
CC1(C)CC1CCC1CNC(=O)CC1C(C)(C)C,15,0.815396562,0.211538462,-8
CCC(C)CC1CCC(C)CC1CNC(=O)CC(C)(C)C,15,0.731508194,0.061538462,-8.1
CCC(C)CC1CCC(C)CC1CNC(=O)C(C)(C)C,15,0.781361074,0.080645161,-8
CCC(C)CC1CCC(C)CC1CSC(=O)C(C)(C)C,15,0.639571607,0.063492063,-8
CCC(C)CC1CCC(C)SC1C=CCC(=O)C(C)(C)C,15,0.569395342,0.075757576,-8.1
CCC(C)CC1CC1(C)CCC1CNC(=O)C1C(C)(C)C,15,0.759328246,0.14516129,-8.6
CCC(C)CC1CC1(C)SCC1CNC(=O)C1C(C)(C)C,15,0.790214777,0.142857143,-8.5
CCC(C)CC1CCC(C)SC1COC(=O)C(C)(C)C,15,0.674631801,0.061538462,-7
CC(CC=O)CC1CC1(C)CSC(C)C(C)(C)C,15,0.6183622,0.120689655,-7.8
CC(CO)CC1CC1(C)SCC(C)COC=C(C)C,15,0.647289252,0.096774194,-7.4
CC(CO)CC(C)CCC(C)SCC1C=CCC1(C)C,15,0.594351733,0.1,-8.3
CC(=O)C=Cc1cc(Cl)ccc1O,16,0.738829527,1,-7.3
CC(=O)CCC=Cc1cc(Cl)ccc1O,16,0.8509764,0.605263158,-7.9
CC(=O)CCC=CCCc1cc(Cl)ccc1O,16,0.779876231,0.409090909,-8.3
CC(=O)CCC=CC=Cc1cc(Cl)ccc1O,16,0.802788431,0.6,-8.5
O=C(O)CCC=CC=Cc1cc(Cl)ccc1O,16,0.789075583,0.536585366,-8.6
O=C(O)CCC=CC1=Cc2cc(Cl)ccc2O1,16,0.89340982,0.274509804,-8.8
CC(=O)CCC=CC1=Cc2cc(Cl)ccc2O1,16,0.799201162,0.32,-8.6
CC(=O)CCC=CC1=CC(=Cc2cccs2)CO1,16,0.800357811,0.163934426,-8.6
CC(=O)CCC=CC1=CC(=Cc2ccc(Cl)cc2)O1,16,0.78896397,0.269230769,-8.9
OCC(O)CCC1=CC=C(Cc2ccc(Cl)cc2)C1=O,16,0.846614161,0.166666667,-9.2
OCC(=O)CCC=CC1C=C(Cc2ccc(Cl)cc2)O1,16,0.785771664,0.192982456,-8.5
OCC(=O)CCC=CC1CCC(=Cc2ccc(Cl)cc2)O1,16,0.814059972,0.180327869,-9.3
OCC(=O)CCC1=CC=C(Cc2ccc(Cl)cc2)C1=O,16,0.876163691,0.192307692,-9.2
OCC(=O)CCC1=CC=C(Cc2ccc(Cl)cc2)O1,16,0.883565665,0.2,-8.4
OCC(=O)CCC=Cc1ccc(CCc2ccccc2)o1,16,0.807746523,0.137931034,-9.1
OCC(=O)CCC1=COC(C=Cc2ccc(Cl)cc2)O1,16,0.876292752,0.210526316,-8.6
OCC(CCCO)=C1C=CC=C(Cc2cccs2)C1=O,16,0.791096421,0.09375,-8.3
OCC(CCC=Cc1ccc(Cl)cc1)C(=O)OCCO,16,0.722654039,0.222222222,-8
OC(=O)C(CCO)=Cc1cccc(-c2ccco2)c1,16,0.808873433,0.137931034,-8.7
CC(=CC(=O)CCCC=Cc1ccc(Cl)cc1)OO,16,0.263178071,0.269230769,-8.6
CC(=CC(=O)CCCC=CCc1ccc(Cl)cc1)OO,16,0.190693473,0.240740741,-8.9
CP(=O)(CCCCC=Cc1ccc(Cl)cc1)OCCO,16,0.540909317,0.214285714,-8.1
CC(C=O)(CC1C=NC=C1c1ccc(Cl)cc1)OO,16,0.511363155,0.189655172,-8.6
CC(CCO)=CCCC=CCCCc1cccc(C=O)c1,16,0.390808243,0.15,-8.8
CC(=COCCO)CCCC=CCCc1ccc(Cl)cc1,16,0.377823301,0.196428571,-8.2
COc1cc(N2CCC(=Cc3ccc4c(c3)OCO4)C2=O)cc(OC)c1OC,17,0.738669769,1,-9.7
COc1cc(N2CCC(=Cc3ccc4c(c3)OCO4)C2=O)cc(Cl)c1OC,17,0.744416286,0.867924528,-10.5
CCc1cc(N2CCC(=Cc3ccc4c(c3)OCO4)C2=O)cc(Cl)c1OC,17,0.72888893,0.736842105,-9.9
COc1cc(CC2CCC(=Cc3ccc4c(c3)OCO4)C2=O)cc(Cl)n1,17,0.598430592,0.416666667,-10.8
COc1cc(CC2CCC(C3CCC(=O)C3OC)CC2)cc(Cl)c1OC,17,0.717057374,0.223684211,-10.4
COc1cc(CC2CCC(CC3CCC(=O)C3OC)CC2)cc(Cl)c1O,17,0.770558946,0.175,-10.3
COc1cc(CC2CCC(CC3(O)CC3)C(=O)C2OC)ccc1Cl,17,0.851927259,0.185185185,-8.2
COc1cc(CC2CCC3(CC2)OC(=O)C(OC)C3O)ccc1Cl,17,0.842148708,0.202531646,-9.6
COCC1CC(OCc2cc(Cl)c3c(c2)OCCO3)CCC1OC,17,0.780751152,0.13253012,-9.1
COCC1CC(OCc2cc(Cl)c3c(c2)OCCO3)CCC1=O,17,0.824363,0.172839506,-9.2
COCC1CC(OCc2cc(Cl)c(=O)oc2C)CCC1OC,17,0.802283413,0.146341463,-8.3
COCC1C(O)C(=O)CCN1Cc1cc(Cl)c2c(c1)OCCO2,17,0.88901611,0.2,-8.3
COCC1CCCC(OCc2cc(Cl)c(O)c(OC)c2)C1=O,17,0.869384379,0.1625,-8
COCC1(CC)CCCC(OCc2cc(Cl)c(O)c(OC)c2)C1,17,0.788908682,0.129411765,-7.6
COCC1(OC)CCCN(Cc2cc(Cl)c3c(c2)OCCO3)C1=O,17,0.810581867,0.185185185,-7.8
COCC1CCCC(OCc2ncc(Cl)c(OC)c2OC)C1=O,17,0.757891417,0.151898734,-7.3
COCC1(CC)NC(=Cc2cc(Cl)c(O)cc2OC)CCO1,17,0.869614746,0.185185185,-6.9
COCC1OCCC(Oc2nc(Cl)c(Cl)c(OC)c2)C1=O,17,0.767848527,0.17721519,-7.4
COc1cc2c(cc1OC)OC(C)C(=O)C(Cl)=CO2,17,0.835101625,0.194029851,-7.2
COc1cc2c(cc1OC)OC(C)C(=O)C(Cl)=C2,17,0.827112092,0.194029851,-7.1
COc1cc(Cl)c2c(c1)NC(=O)C(OC)C(C)CCO2,17,0.912064876,0.157894737,-7
COc1cc(Cl)cc(OCC2CCC(=O)C(C)O2)c1,17,0.852734984,0.191780822,-8.2
COc1cc(Cl)cc(C2OCCC(C)C(C)O2)c1O,17,0.903611256,0.162162162,-8
COc1cc(Cl)cc(C2OCCC(C)C2C)c1O,17,0.888628604,0.164383562,-7.9
CCOCC1COC(C=Cc2ccccc2)O1,18,0.783010412,1,-7.7
CCOCC1COC(C=Cc2ccccc2)OC1,18,0.801578432,0.714285714,-8
CCOCC1COC(C=Cc2ccccc2)C(C)O1,18,0.816318846,0.711111111,-7.6
CCCCC1COC(C=Cc2ccccc2)OC1=CC,18,0.76743197,0.444444444,-8.5
CCC1COC(C=CC(O)C=Cc2ccccc2)OC1,18,0.838837916,0.41509434,-9.1
CCC1COC(C=Cc2ccc(-c3ccccc3)cc2)O1,18,0.819551491,0.622222222,-9.9
CCC1COC(C=Cc2ccc(Cc3ccccc3)cc2)O1,18,0.811247335,0.595744681,-10
CCC1COC(C=Cc2ccc(Cc3ccccc3)cc2)OC1,18,0.797541456,0.46,-10.3
CCC1COC(C=Cc2ccc(Cc3ccccc3)cc2)OC1C,18,0.764181554,0.471698113,-10.8
CCC1COC(C=Cc2ccc(Oc3ccccc3)cc2)N1C,18,0.807979872,0.375,-9.5
CCC1COC(C=Cc2ccc(Oc3ccccc3)cc2C)O1,18,0.781591127,0.509433962,-10.2
CCC(COC1CC1)Oc1ccc(C=Cc2ccccc2)cc1C,18,0.597282282,0.31147541,-10.1
CCC(COC1CC1)Oc1ccc(CCc2ccccc2)cc1C,18,0.637422782,0.215384615,-9.8
CCC(CC1CC1C)Oc1ccc(OCc2ccccc2)cc1,18,0.643474804,0.19047619,-9.6
CCC1C(C)OC(Cc2ccc(OCc3ccccc3)cc2)O1,18,0.793519455,0.209677419,-10.1
COC(=O)CC1CCC(CCc2ccc(Oc3ccccc3)cc2)O1,18,0.695142274,0.234375,-10.4
CCC(CCC1CC1)Oc1ccc(CCc2ccccc2)cc1C,18,0.539523764,0.196969697,-9.9
COC(=O)CCCC1CCC(C)C(CCc2ccc(OC)cc2)O1,18,0.669865694,0.152777778,-9.2
COC(OC)CCCc1ccc(OCCc2ccccc2)cc1C,18,0.598526411,0.149253731,-9.4
CCC1C(C)OC(Cc2ccc(CCC(=O)OC)cc2)C1C,18,0.750233485,0.149253731,-9.6
COC(=O)CCCc1ccc(OC(C)C2CC2)cc1C,18,0.712802928,0.132352941,-8.4
CCC(C)OC1CCC1Cc1ccc(CCC(=O)OC)cc1,18,0.682682249,0.128571429,-9
CCC1C(C)CCN1CCc1ccc(OC(=O)OCC)cc1,18,0.590294981,0.14084507,-8.9
CCC1c(OCCc2ccc(C(=O)OCC)cc2)CCN1C,18,0.726152024,0.14084507,-8.7
CCC1c2ccc(C)cc2CCN1CCC(=O)OCC,18,0.772516286,0.15942029,-8.3
CCC1c2ccc(C)cc2CCN1CC(=O)OCC,18,0.780542603,0.164179104,-7.9
CCC1N(C)CCC1Cc1ccc(C(=O)OCC)cc1,18,0.773208067,0.149253731,-8.7
CC1c2ccccc2CCN1CC(=O)OCCO,18,0.813024552,0.149253731,-7.9
CCCC=C(CC)COC(=O)Nc1ccccc1,19,0.757829831,1,-7.7
CCCC=C(CC)C(=O)NC(=O)c1ccccc1,19,0.810208998,0.408163265,-8.4
CCCC=C(CC)C(=O)NC(=O)Nc1ccccc1,19,0.796295516,0.510638298,-8.6
CCCC=C(CCC)C(=O)NC(=O)Nc1ccccc1,19,0.773752007,0.479166667,-8.8
CCCC(=CCCC)C(=O)NC(=O)Nc1ccccc1,19,0.773752007,0.479166667,-8.6
CCCC(=CC(C)C)C(=O)NC(=O)Nc1ccccc1,19,0.803932442,0.358490566,-8.9
CCCC(=CC(C)C)C(=O)NC(=O)Oc1ccccc1,19,0.8338134,0.298245614,-8.6
CCCC(CCC(C)C)NC(=O)C(=O)Nc1ccccc1,19,0.756598207,0.339622642,-8.3
CCCC=C(CC)C(=O)NC(=O)Cc1ccc(C)cc1,19,0.808163028,0.309090909,-9.1
CCCC(=Cc1ccc(C)cc1)NC(=O)C(=O)O,19,0.802404166,0.232142857,-8.5
CCC(=Cc1ccc(C)c(C)c1)NC(=O)C(=O)O,19,0.80499046,0.228070175,-9.1
CCOc1ccc(C=NN2CCCCCC2)cc1OCC,20,0.749247386,1,-8.3
CCCc1ccc(CON2CCCCCC2)cc1OCC,20,0.745411842,0.351851852,-8.5
CCCc1ccc(CON2CCCCCC2)cc1OCCC,20,0.692447936,0.275862069,-8.6
CCOc1ccc(CCN2CCCCCC2)cc1COCC,20,0.72328139,0.37037037,-8.6
CCOc1ccc(CCN2CCCCCC2C=O)cc1OCC,20,0.687832555,0.418181818,-8.5
CCOc1ccc(C=NN2CCCCCC2)cc1COCC,20,0.717926755,0.727272727,-8.2
CCOc1cc(CCN2CCCC(C=O)C2)ccc1OCC,20,0.692274586,0.362068966,-8.4
CCOc1cc(C=NN2CCCCCC2)ccc1OCC,20,0.749247386,1,-8.3
CCOc1cc(CCCN2CCCCCC2)cc(C=O)c1O,20,0.784325563,0.322033898,-8.8
CCOc1cc(CCN2CCCCCC2)cc(C#N)c1O,20,0.9043177,0.310344828,-8.6
CCOc1cc(CCN2CCCC(C)C2)cc(C#N)c1O,20,0.904772621,0.23880597,-8.5
CCOc1ccc(C=CN2CCCC(C)C2)cc1C(C)O,20,0.893620652,0.366666667,-8.7
CCOc1cc(C=CN2CCCC(C)C2)cc(C#N)c1O,20,0.921704098,0.292307692,-8.4
COCc1cc(C=NN2CCCC(C)C2)cc(C#N)c1O,20,0.863748147,0.287878788,-8.4
COc1ccc(CCN2C=CC(C#N)C=C2)cc1C(C)O,20,0.902992595,0.179104478,-9
COCc1cc(C=CN2CCCC(C#N)C2)cc(OC)c1O,20,0.905673591,0.197183099,-8.6
COCC1CCCN(NCc2cc(C#N)ccc2OC(C)C)C1,20,0.837745773,0.180555556,-7.9
COCc1cc(C=CC(C)N2CCNCC2)cc(C#N)c1O,20,0.866457164,0.169014085,-8.4
COC1=CC(C(C)c2ccc(C#N)cc2)N=CC(C)O1,20,0.847992396,0.070422535,-9
COC(CCc1cc(C#N)ccc1O)N1CCCC(C)CC1,20,0.906501487,0.150684932,-9.5
COc1ccc(C(C#N)N2CCCC(CO)CC2)cc1O,20,0.887317342,0.188405797,-7.7
COCCCC(Cn1ccc(C#N)c1)c1ccc(O)cc1,20,0.793758818,0.1,-7.6
COC(CCCn1ccc(C#N)c1)c1ccc(CO)cc1,20,0.849899812,0.098591549,-8
COC(CCCn1ccc(C#N)c1)c1ccc(C)cc1O,20,0.882256073,0.125,-8.1
COC(CNCCn1ccc(C#N)n1)c1ccc(C)cc1,20,0.790326848,0.112676056,-8.4
COC(C)Cn1ccc(CNC(=O)c2ccc(C)cc2)n1,20,0.885464749,0.130434783,-8.5
C=C(Cn1ccc(C#N)c1)c1ccc(C)c(O)c1,20,0.892818168,0.104477612,-8.4
C=C(CNCc1cc(C#N)c2c(c1)OCO2)C(C)C,20,0.824720035,0.084507042,-8.5
C=C(CCCn1ccc(C#N)c1)c1ccc(C)cc1O,20,0.892717023,0.098591549,-8.6
CC1COC(C=Cc2ccccc2)O1,21,0.712829472,1,-7.4
CC1COC(C=Cc2ccccc2)CO1,21,0.736564253,0.611111111,-8.3
CC1COC(CCOCc2ccccc2)C1,21,0.710089285,0.26,-7.5
CC1COP(CCOCc2ccccc2)C1,21,0.578705586,0.235294118,-7.2
CC1COP(CCCCc2ccccc2)C1,21,0.552782584,0.244897959,-7.7
CC1COC(C(C)O)(C2CCCCC2)CC1,21,0.783571606,0.115384615,-7.5
CC1CCN(CCOCc2ccccc2)C1,21,0.705639872,0.188679245,-7.3
CC1CCN(CCOCc2ccccc2)CC1,21,0.725028908,0.196078431,-7.6
CC1CCN(C(=O)OC2CCCCC2)CC1,21,0.685598643,0.076923077,-7.6
CC1CCN(CC(=O)OC2CCCCC2)CC1,21,0.70898087,0.072727273,-7.7
CC1CCC(C(=O)NCCN2CCOCC2)CC1,21,0.821027802,0.086206897,-7.7
CC1CCC(C(=O)NCCN2CCOCC2)C(O)C1,21,0.767638209,0.080645161,-7.8
CC(=O)Cn1cc(OCCO)c2ccccc21,21,0.853031151,0.101694915,-7.3
CC(=O)Cn1cc(CCCCC2CCCCC2)cc1O,21,0.763136059,0.078125,-8.8
CC(=O)Cn1cc(CCCCC2CCCCC2)cc1C,21,0.662266001,0.078125,-8.9
CC(=O)Cn1cc(CCCCN2CCOCC2)cc1C,21,0.715899001,0.076923077,-8.3
CC(=O)COc1ccccc1C1CCN(CCO)CC1,21,0.861564398,0.15,-7.9
CC1(C)C=CC(=CC(=O)NCCN2CCOCC2)CC1,21,0.796475323,0.107692308,-8.7
C[n+]1ccc(-c2ccccc2OCC(O)CO)cc1,21,0.785725054,0.145454545,-8.4
CCOc1ccc(S(=O)(=O)N=C2C=C(SCC(=O)O)C(=O)c3ccccc32)cc1,22,0.716854435,1,-9.7
CCOc1ccc(S(=O)(=O)N=C2C=C(SCC(=O)O)C=CC2)cc1,22,0.796424305,0.557377049,-9
CCCS(=O)(=O)N=C1C=C(SCC(=O)O)C(=O)c2ccccc21,22,0.840450213,0.625,-7.7
CCCOc1ccc(N=C2CCC(=O)C2=CC(=O)O)c(SCC)c1,22,0.595055745,0.219512195,-7
CCCOc1ccccc1N=C1C=C(SCC(=O)O)CS1(=O)=O,22,0.808063369,0.297297297,-7.8
CCCOc1ccccc1N=C1C=C(SCC(=O)O)C(=O)C=N1,22,0.829194557,0.342465753,-8.5
CCCOc1ccc(N=C(N=C2CCCCC2=O)S(=O)O)cc1,22,0.519056802,0.194805195,-8.3
CCCOc1ccccc1N=CC(=O)NC(CCC)C(=O)SCC,22,0.652769073,0.197530864,-8
CCCOc1ccccc1N=CC(=O)NC(CCC)C(=O)[O-],22,0.694277588,0.205128205,-8.2
CCCCNC1C=CCN(CC(=O)OCC)C1=NS(=O)(=O)CC,22,0.379868278,0.197530864,-7.5
CCCCNC1C=CCN(CC(=O)OCC)C1=NC(=O)C#N,22,0.320698909,0.136363636,-7.5
CCCCNC1C=CCC(=CC(=O)OC)C(=O)N1N=C(C)N,22,0.189553042,0.136363636,-7.1
CCCCNC1CC=CC(C(=O)OC)C(=O)C1N=C(C)C#N,22,0.263312421,0.125,-8.1
CCCCNC1C=CCC(C(=O)OC)N(CC=O)C(=O)C1=N,22,0.304729879,0.112359551,-7.4
CCCCNC1CC=CC(C(=O)OCC)C(=O)C1N=C(C)N,22,0.183983732,0.139534884,-7.5
CCCC(=O)NC(C=C1CC=CCC1C)C(=O)N(C#N)CC,22,0.46531333,0.113636364,-7.8
CCCC(=O)NC(C)(C#N)C=C1SCC(=O)N1CC=C,22,0.757724278,0.090909091,-6.8
CCCC(=O)NC(C)(C#N)C=C1SCC(=O)N1CCCC,22,0.783492795,0.090909091,-6.6
CCOC(=O)C(C)N=C(C#N)N1CCC(C)SCC1=O,22,0.444094776,0.144578313,-7.2
CC=CC(=O)Nc1ccc(CC)cc1,23,0.727680089,1,-7.9
CC=CC(=O)Nc1ccc(CC)cc1CC,23,0.770022942,0.621621622,-7.9
CC=CC(=O)Nc1ccc(CC(C)C)cc1,23,0.769372072,0.685714286,-8.3
CC=CC(=O)Nc1ccc(CC(C)C)cc1CC,23,0.781524248,0.511627907,-8.3
CC=CC(=O)C(C)Nc1ccc(CC(C)C)cc1,23,0.771661602,0.418604651,-8.4
CC=CC(=O)C(N)c1ccc(CC(C)C)c(CC)c1,23,0.793271587,0.3,-8.5
CC=CCCC(=O)Nc1ccc(CC(C)C)c(CC)c1,23,0.714087378,0.34,-8.4
CC=CC(C)C(=O)Nc1ccc(CC(C)C)c(CC)c1,23,0.75409742,0.346938776,-8.7
CC=C(C)C(=O)Nc1ccc(CC(N)C(C)C)cc1C,23,0.808248006,0.259259259,-9.4
CC=C(C)C(=O)Nc1ccc(CC(N)C(C)C)cc1CC,23,0.78453849,0.301886792,-9.4
CC=CC(C)C(=O)Nc1ccc(CC(=O)C(C)C)cc1C,23,0.806181866,0.283018868,-9.5
CC=CC(C)c1ccc(NC(=O)C(N)CC(C)C)cc1C,23,0.777708055,0.272727273,-9.2
CC=CC(C)c1ccc(NC(=O)C(N)C(C)C)cc1C,23,0.806059166,0.264150943,-9
CC=CC(C)C(=O)Nc1ccc(Cc2nc(=O)[nH][nH]2)cc1,23,0.732408704,0.339622642,-9.9
CC=CC(C)c1ccc(NC(=O)C(N)=NC(C)C)cc1,23,0.502706722,0.3,-9.1
CC(C)CC(N)=Nc1ccc(CC(=O)C2CC2)cc1C,23,0.63569296,0.166666667,-9.4
CC(C)CC(N)=NC(=O)c1ccc(CC(C)C)cc1,23,0.651083511,0.2,-9.1
CC(C)CC(N)=NC(=O)Cc1ccc(CC(C)C)cc1,23,0.638538077,0.2,-8.9
CC(C)CC(N)=NC(=O)Cc1ccc(CCCCCO)cc1,23,0.418278863,0.178571429,-8.5
CC(C)CNC(=O)C(N)Cc1ccc(C#CCCO)cc1,23,0.685256932,0.189655172,-9
COCCCNC(=O)C(C)=Cc1ccc(CC(N)CO)cc1,23,0.471110071,0.220338983,-8.2
CCCC=CC1SCC(=O)N1c1nncs1,24,0.774490137,1,-7.2
CCCC=CC1SCC(=O)N1c1nccnn1,24,0.760147822,0.64,-7.3
CCCC=CC1SCC(=O)N1c1ncccn1,24,0.767712097,0.625,-7.3
CCCC=CC1SCC(=O)N1CC(F)F,24,0.68236779,0.52,-7
CCCCSCC=CC(=O)n1nnnc1F,24,0.431352132,0.161764706,-7.2
CCCCSCC=CC(=O)SSc1ncccn1,24,0.314467976,0.147058824,-6.8
CCCCSCC=CC(=O)SCC(F)n1ccnc1,24,0.514459155,0.133333333,-6.8
CCCCSCC(F)(F)C=CC(=O)n1cncn1,24,0.566729214,0.123287671,-7.3
CCCCCSC(F)(F)C=CC(=O)n1cncn1,24,0.56670893,0.125,-7.3
CCCCCSC(C(F)F)CC(=O)n1cnnc1,24,0.685498553,0.134328358,-7
CCCCC(SC(F)F)CC(=O)n1ccnc1,24,0.754778948,0.112676056,-6.8
CCC(CCC(F)(F)I)C1=CC(=O)N=C1,24,0.562381826,0.138461538,-7.6
CCC(CC(C)(F)F)C1C=CC(=O)N1S,24,0.742745024,0.138461538,-7.1
CCC(CC(F)(F)I)C1C=CC=NC1CO,24,0.604080455,0.085714286,-7
CCC(CC(C)(F)I)C1C=CC=NC1CO,24,0.605798832,0.084507042,-7.2
CCC(CCC(C)(O)F)C1C=CC=NC1,24,0.747949656,0.117647059,-7.3
CCC(CCN=C(C)F)CC(=O)NCN=CN,24,0.497386635,0.083333333,-6.9
CCC(CCN(C)C=O)CC(=O)NCN=CN,24,0.337185825,0.068493151,-6.9
CCC(COC#N)C=CCC(=O)N1C=CN=C1,24,0.556309183,0.121621622,-7.2
CCC(COC(C)Cl)C=CC(=O)NCN=CN,24,0.298622841,0.082191781,-6.8
CCC(COC(C)Cl)C=CC(=O)NCNCC#N,24,0.218680541,0.08,-6.9
O=C1C=C(c2ccccc2)C(O)(c2ccccc2)C1=Cc1ccccc1,25,0.70741327,1,-8.6
O=C1C=C(c2ccccc2)C(=Cc2ccccc2)C1(O)c1ccccc1,25,0.756219398,0.609756098,-8.7
O=C1C=C(c2ccccc2)C(O)(CCc2ccccc2)C1=CCCCO,25,0.592239039,0.388888889,-10
O=C1C=C(c2ccccc2)C(O)C1(Cc1ccccc1)C1=CC1,25,0.876677771,0.228070175,-9.5
O=C1C=C(c2ccccc2)C(O)(CCc2ccccc2)C1=CO,25,0.671622611,0.4375,-10
O=C1C=C(c2ccccc2)C(O)(CCCCO)C1=Cc1ccccc1,25,0.626382655,0.565217391,-9.5
O=C1C=C(c2ccccc2)C(O)(NCCCO)C1=Cc1ccccc1,25,0.430678376,0.541666667,-9.2
O=C(C=Cc1ccccc1)C1(O)CCCCC1(O)c1ccccc1,25,0.847630198,0.288461538,-9.3
O=C(C=Cc1ccccc1)C1(OCc2ccccc2)CCCC1=O,25,0.597163699,0.213114754,-9.9
O=C(C=Cc1ccccc1)C1=CC(=O)C=CC1(O)CCO,25,0.802498346,0.267857143,-9.3
O=C(CCc1ccccc1)C1=CC(=O)C=CC1(O)CCCO,25,0.804377984,0.196721311,-9.4
O=C(C=Cc1ccccc1)C1(OCc2ccccc2)CCC1=O,25,0.604909838,0.220338983,-9.6
CC(=O)C1=C(OCc2ccccc2)C(=O)C(C)(O)CCC=C1,25,0.928340832,0.171875,-9.6
CC(=O)C1=C(NOCc2ccccc2)C(=O)C(Br)(Br)CCC1,25,0.569854004,0.149253731,-8.7
O=C(CCc1ccccc1)C1=CC(=O)C=CC1(O)C(F)Br,25,0.828526448,0.196721311,-9.5
O=C1C=CC(Br)=CC1(O)CCN(CCc1ccccc1)C(=O)O,25,0.795794893,0.174603175,-9.2
CC1=C(C(=O)Cc2ccccc2)C(=O)C=CC1(O)CCBr,25,0.657023614,0.196721311,-8.5
CC1=C(C(=O)CC(=O)O)CCCC(Br)(O)C1c1ccccc1,25,0.631968582,0.15625,-7.9
CC1=C(C(=O)C=CC(=O)O)CCCC1(O)c1ccccc1,25,0.83422811,0.228070175,-8.2
O=C1C=CC(CCO)=C(C(=O)c2ccccc2)C1(O)CCBr,25,0.598870617,0.177419355,-8.9
CC(=O)NC1CCC(C=C(C#N)C2CCC(C)CC2)CC1,26,0.799188101,1,-9.2
CC(=O)NC1CCC(CC(C#N)C2=CCC(C)CC2)CC1,26,0.796088293,0.355932203,-8.7
CC(=O)NC1CCC(CC(C#N)=CN2CCC(C)CC2)CC1,26,0.811363661,0.452830189,-8.7
CC(=O)NC1CCC(C=C(C#N)C2=CCC(C)CC2)CC1,26,0.800467802,0.519230769,-9.1
CC(=O)NC1CCC(C=C(C#N)C2=CCC(C)CC2)CCC1,26,0.624897188,0.482142857,-9.2
CC(=O)Nc1ccc(C=C(C#N)C2=CCC(C)CC2)cc1,26,0.839220063,0.26984127,-8.6
CC(=O)Nc1ccc(C=CC2=C(C)C3CCCCC32)cc1,26,0.847227807,0.177419355,-10.2
CC(=O)Nc1ccc(C=CC2CCC3CCCCC3=N2)cc1,26,0.879202979,0.194029851,-9.8
CC(=O)Nc1ccc(C=CC2=CC3CCCCC3CC2)cc1,26,0.817061011,0.166666667,-11
CC(=O)Nc1cccc(C=CC2=CC3CCCCC3CC2)c1,26,0.817061011,0.157142857,-11.1
CC(=O)Nc1ccc(C=CC2=COC3CCCCC3CC2)cc1,26,0.860893782,0.15942029,-10.4
CC(=O)Nc1cccc(C=C2CCC(O)C3CCCCC32)c1,26,0.867211826,0.15942029,-9.4
CC(=O)NCc1ccc(C=C(C#N)C2CCCCC2O)cc1,26,0.839466904,0.26984127,-9.5
CC(=O)NCc1ccc(C=C(C#N)C2CCCCC2)cc1,26,0.853689881,0.327586207,-9.8
CC(=O)NC1CCCCC1COc1ccc2c(c1)CCC2O,26,0.898943079,0.171428571,-9.5
CC(=O)NCC1CCCCC1COc1ccc(C=O)cc1,26,0.819291021,0.169230769,-8.5
CC(=O)NC1CCCCC1COc1ccc(C=O)cc1,26,0.84024981,0.206349206,-8.2
CC(=O)NCC1CCCC1COc1ccc(C=O)cc1,26,0.811210663,0.171875,-8.5
CC(=O)Nc1ccc(COC2CCCCCC2)cc1,26,0.835114008,0.166666667,-9.2
CC(=CCCCC=O)NCc1ccc2c(c1)OCO2,26,0.605375194,0.115942029,-8.6
CC1CCC(CNCc2ccc(CO)cc2)OC1,26,0.839275413,0.14516129,-8.1
CC1CC(=NNC(=O)OC(C)(C)C)CC(C)(C)C1,27,0.725062018,1,-8
CC=CC(=NNC(=O)OC(C)(C)C)C1CC(C)C1,27,0.617162836,0.384615385,-7.9
CCN(C(=O)NN=C1CC(C)(C)C1)C(C)(C)C,27,0.739675945,0.408163265,-8
CCN(C(=O)CC(C)(C)C)C1=CCC(C)(C)C1,27,0.726890769,0.228070175,-7.3
CCN(C(=O)NN=C=O)C1CC(C)(C)CC(C)C1,27,0.47693176,0.293103448,-7.4
CC#CC(=O)NN=C1CC(C)(C)CC(C)(C)C1,27,0.549833236,0.346938776,-7.9
CCN(C=O)CC1CC(C)(C)CC(C)(C)C1,27,0.672125469,0.166666667,-7.4
CC=C(CNC(=O)OC(C)(C)C)C1CCCC1,27,0.763406914,0.36,-7.8
CC=C(C)CNC(=O)C1(C)CCC(C)(C)C1,27,0.73086444,0.2,-7.9
CC=C(C)CNC(=O)C1CCC(C)(C)C1,27,0.711428815,0.236363636,-7.6
CCN(C=C1CCCC1)C(=O)CC(C)(C)C,27,0.713625398,0.157894737,-7.3
CCC(C)C=C1CC(C)(C)CNC1=O,27,0.673886492,0.157894737,-7.1
CC(C)C=C1CC(C)(C)CNC(=O)C1,27,0.639907585,0.140350877,-7.4
CC(C)C(=O)NN=C1CCCC(C)(C)C1,27,0.699468832,0.333333333,-7.6
CCON(C)C(=O)CC1=CCCC(C)(C)C1,27,0.543596067,0.206896552,-7.7
CCON(C)C(=O)C=C1CC(C)CCC1CC,27,0.556835914,0.2,-7.7
CCON(C)C(=O)C=C1CCCC(C)(C)C1,27,0.545712722,0.203389831,-6.7
CCC(C)C(=O)C=C1CCCC(C)(C)C1,27,0.637324216,0.189655172,-8.5
CCC(C)C(=O)C=C1CCCC(C)(CC)N1,27,0.739796557,0.142857143,-7.8
CCOC1(C)CC(=O)NC=C1C=C(C)CCC,27,0.79806509,0.153846154,-7.3
CCOCCC=C1C(=O)NC=C(C)CC1(C)CC,27,0.601770537,0.151515152,-7.3
CCOC1(C)CCCC(=CC(=O)NC=CC)C1,27,0.763408854,0.1875,-7.4
CC(=O)C=CC1OC(n2ccc(=O)[nH]c2=O)C2OC(C)(C)OC12,28,0.792385991,1,-8.6
CC(=O)C=CC1(C)OC(n2ccc(=O)[nH]c2=O)C2OC(C)(C)OC21,28,0.806560353,0.631578947,-8.9
CC(=O)C(C)CC1OC(n2ccc(=O)[nH]c2=O)C2OC(C)(C)OC21,28,0.861450686,0.593220339,-9.3
CC(=O)C(C)CC1OC(C)(n2ccc(=O)[nH]c2=O)C2OC(C)=CC21,28,0.891630564,0.306666667,-9.1
CC(=O)C(C)CC1C(CO)OC(n2ccc(=O)[nH]c2=O)C2(C)OC12,28,0.719770894,0.38028169,-8.6
CC(=O)C(C)CC1C(C)OC(n2ccc(=O)ccc2=O)C2(C)ON12,28,0.766438394,0.233766234,-7.3
CC(C)(C)C(=O)CC1C(C)OC(=O)C1n1ccc(=O)[nH]c1=O,28,0.826464534,0.328358209,-7.5
CC(C)(C)C(=O)CC1C(C)OC(n2ccc(=O)oc2=O)C12CO2,28,0.773932413,0.223684211,-7.3
CC(C)=CC(C)C1CC(=O)OC(n2ccc(=O)cc2)C1(C)CO,28,0.68375217,0.210526316,-8
CC(C)=C(C)C1CC(=O)OC(C(=O)CBr)C1n1cc(C)[nH]c1=O,28,0.4899552,0.223684211,-7.2
CC(C)=C(C)C1CC(=O)OC(C(=O)CBr)C1n1cc(C)[nH]1,28,0.51201148,0.168831169,-7
CC(C)=CC(C)C1CC(=O)OC(n2cc(C)c(=O)[nH]2)C1CO,28,0.655475757,0.2,-8.3
CC(C)=C(C)C(=O)OC(C)(C(=O)C1CO1)C1CC1(C)C,28,0.441173411,0.125,-8
CC(C)=C(C)C(=O)CC(C)(C(=O)[O-])C1CC(C(C)C)C1,28,0.702418444,0.097222222,-8.4
CC(C)=C(C)C(=O)CC(C)(C(=O)OC(C)C)C1CC1C,28,0.546932641,0.109589041,-8.1
CC(C)=C(C)C(C)=CC(=O)OC(C(=O)C(C)C)C1CC1,28,0.421057745,0.112676056,-8.7
CC(C)=C(C)C(=O)CC(C)(C(=O)C(C)C)C1CC1C,28,0.674069409,0.114285714,-7.8
CC(C)=C(C)C(=O)CC(C)OC(=O)C=C(C)C1CC1C,28,0.547485231,0.154929577,-8.4
CC(C)=C(C)C(=O)CC(C)(C(=O)C=C(C)C)C1CC1,28,0.670403777,0.132352941,-7.6
COC1CCC(C=C(C#N)C2CCC(C)CC2)CC1,29,0.702254083,1,-8.6
COC1CCC(C=C(C#N)c2ccc(C)cc2)CC1,29,0.761484419,0.456521739,-8.7
COC1CCN(C=C(C#N)c2ccc(C)cc2)CC1,29,0.780041567,0.301886792,-8.1
COC1CCC(C=C(C#N)CC(C)CCS)CC1,29,0.582891646,0.428571429,-7.4
COC1CCC(C=C(C)Cc2ccc(C)cc2)C1,29,0.717536518,0.283018868,-9.3
COC1CCC(C(C#N)=CC(C)CCCCC)CC1,29,0.485276863,0.489361702,-7.5
COC1CCC(C=C(C)CC(C)CC#N)CC1,29,0.672664663,0.425531915,-8.1
COC1CCC(C=C(C)CC(C)CCS)C(O)C1,29,0.572673819,0.25,-7.2
COC1CCC(C(C)=CC(C)CC#N)CC1,29,0.67824046,0.382978723,-7.6
COC1CCC(C=C(C)CC(C)CCS)CC1,29,0.544208794,0.346938776,-7.7
CC1CCC(C#N)=CC(CC(C)CCO)C1,29,0.791368969,0.186440678,-7.6
CC1CCC(C#N)=C(CC(C)OCCS)C1,29,0.746299385,0.166666667,-6.5
CC1CCC(C=C(C#N)CC(C)O)CC1,29,0.722809486,0.409090909,-7.3
CC1CCC(C(C#N)=CC(C)OCCS)C1,29,0.59009207,0.346153846,-6.4
CC1CCC(C(C#N)=CC(C)O)CC1,29,0.685048176,0.475,-6.7
CC1CCC(C(C#N)=CC(C)O)S1=O,29,0.699072141,0.254901961,-7.1
CC1=C(CC(C)C)C(O)C(N)CC1,29,0.641532177,0.090909091,-7.6
CC(C)COC(N)=C1CCC(O)CC1,29,0.68095388,0.111111111,-7.1
CC(C)COC(N)=C1CCC(C)CC1,29,0.705731372,0.176470588,-7.2
CC(C)COC(N)=C1CCC(C)CS1,29,0.735150562,0.140350877,-6.7
CC(C)COC1=C(N)C=CCC1=O,29,0.714793441,0.050847458,-6.6
CC(C)(C)COC1C(N)=CCCC1=O,29,0.731550415,0.06779661,-6.7
CN(C)S(=O)(=O)C=Cc1ccccc1,30,0.760342266,1,-7.4
CN(C)S(=O)(=O)CCC=Cc1ccccc1,30,0.787626405,0.514285714,-7.8
CN(C)S(=O)(=O)C=CC(=O)c1ccccc1,30,0.587114111,0.529411765,-7.8
CN(C)S(=O)(=O)C=CC(=O)Cc1ccccc1,30,0.740967606,0.486486486,-7.8
CN(C)S(=O)(=O)C=CC(=O)NCc1ccccc1,30,0.799707351,0.45,-7.9
CN(C)S(=O)(=O)C=CC(=O)NCCc1ccccc1,30,0.783019347,0.428571429,-8.3
CN(C)S(=O)(=O)CCCC(=O)C=Cc1ccccc1,30,0.717708292,0.475,-8.2
CN(C)S(=O)(=O)N(C)C=Cc1ccccc1C#N,30,0.823105171,0.325581395,-7.9
CN(C)S(=O)(=O)N(C)C=Cc1ccc(C#N)cc1,30,0.823105171,0.341463415,-7.8
CN(C)S(=O)(=O)NCCCCc1ccc(C#N)cc1,30,0.765065929,0.204081633,-8.2
CC(C)S(=O)(=O)NCCCCc1ccc(C#N)cc1,30,0.77842798,0.134615385,-8.5
CC(C)S(=O)(=O)NCCCCc1ccc(C=N)cc1,30,0.567295347,0.18,-8.7
CCCCS(=O)(=O)NCCCCc1ccc(C=N)cc1,30,0.514627334,0.173076923,-8.1
CC(C)S(=O)(=O)NCCCCC(=O)Cc1cccnc1,30,0.703900542,0.137931034,-8.3
CC(C)S(=O)(=O)NCCCCc1ccc(CCN)cc1,30,0.68329829,0.142857143,-8.3
CC(C)S(=O)NCCCCC(=O)Cc1ccc(CN)cc1,30,0.650006664,0.087719298,-8.3
CS(=O)(=O)N(C)CCCc1ccc(CCN)cc1,30,0.80409195,0.204545455,-8.3
CCCCN(C)C(=S)NCCc1ccc(CC)cc1,30,0.769656226,0.115384615,-7.5
CCCCN(C)C(=O)Cc1ccc(CC)cc1,30,0.739239394,0.152173913,-8.1
CCCCN(C)C(=O)NCCc1ccc(C)cc1,30,0.824420904,0.134615385,-8.1
CCCCN(C)C(=O)Cc1cc(CC)ccc1C,30,0.754564581,0.132075472,-8.3
CCCCN(C)C(=O)NCCc1ccc(CC)cc1,30,0.803612815,0.137254902,-8.3
CCCCN(C)C(=S)NCCc1cc(CC)ccc1C,30,0.771386984,0.101694915,-7.7
CCCCN(C)C(=O)NCCc1ccc2c(c1)CC2,30,0.837808763,0.122807018,-8.7
CC(=O)C=CN(C)c1ccc(O)cc1,31,0.741999957,1,-7.5
CC(=O)C=CN(C)c1ccc(O)cc1F,31,0.774550169,0.567567568,-7.6
CC(=O)C=CN(C)c1ccc(O)cc1C(C)F,31,0.81832759,0.512195122,-7.9
CC(=O)C=CN(C)C=Nc1ccc(O)cc1C(F)F,31,0.507089061,0.404255319,-8.6
CC(=O)C=CN(C)Cc1ccc(O)c2cc(F)ccc12,31,0.869484679,0.346938776,-9.2
CC(=O)C=CN(C)Cc1cc(O)ccc1C(F)(F)F,31,0.857377339,0.431818182,-7.9
CC(=O)C=CN(C)Cc1cc(O)c(C(F)F)cc1,31,0.822352163,0.361702128,-8.5
CC(=O)C=CN(C)Cc1cc(O)c(N)cc1F,31,0.475252979,0.340425532,-7.2
CC(=O)C=CN(C)Cc1cc(O)c(F)cc1N,31,0.475252979,0.340425532,-7.4
CCC(C)=CCN(C)Cc1cc(O)cc(F)c1,31,0.794042166,0.196078431,-7.8
CCC(C)=CCc1cc(O)c(F)cc1CO,31,0.771872082,0.137254902,-8.5
CCC(C)=CCc1cc(O)cc(F)c1CO,31,0.771872082,0.156862745,-8.4
CC=C(C)CN(C)Cc1cc([O-])cs1,31,0.712264947,0.166666667,-6.8
CC=C(C)Cc1cc(O)c(SC)cc1N,31,0.357839389,0.142857143,-7.6
CCOc1c(CO)cc(N)cc1SC=CN,31,0.538656055,0.089285714,-6.6
CCOc1c(CO)cc(N)cc1SC=CO,31,0.418689658,0.089285714,-6.4
CCC(C)(O)c1ccc(N)c(OC)c1,31,0.724085532,0.098039216,-7.3
CCC(C)(O)c1ccc(N)cc1OC,31,0.724085532,0.098039216,-7.3
CCS(C)(=O)=Cc1sc(N)cc1O,31,0.732656979,0.142857143,-5.6
CCS(C)(C)c1cc(N)c(O)cc1F,31,0.590471327,0.102040816,-6.3
CCS(C)(=O)=Cc1c(N)cc(F)cc1O,31,0.593516162,0.14,-6.7
CCOc1c(CCCO)cc(N)cc1SC,31,0.592569855,0.089285714,-6.4
CCOc1c(CCCO)cc(N)cc1SC=CCl,31,0.596078649,0.081967213,-6.4
CCOC(C)(Cc1cc(N)cs1)c1cccs1,31,0.891778371,0.06779661,-6.3
CC(C)=C(Cc1cc(N)cs1)N(C)CCCO,31,0.819716911,0.127272727,-6.4
CCc1c(CCCO)cc(N)cc1C(F)(F)F,31,0.803523131,0.092592593,-7.7
CC=CC(=O)Nc1cccc(C)c1C,32,0.712001314,1,-7.9
CC=CC(=O)Nc1ccc(C)c(C)c1,32,0.712001314,0.5,-8.2
CC=CC(=O)Nc1cc(C)cc(C)c1,32,0.712001314,0.459459459,-7.5
CC=CC(=O)Nc1cc(C)cc(Cl)c1,32,0.745290817,0.404761905,-7.2
CCNCC(=O)c1cc(C)cc(C)c1,32,0.73831256,0.173913043,-7.1
CNC(=O)Cn1cc(C)c(Cl)c1C,32,0.771703608,0.183673469,-6.3
CNC(=O)Cn1cc(C)c(Cl)c1,32,0.740122129,0.1875,-5.9
CNC(=O)c1cc(C)c(Cl)s1,32,0.720275724,0.195652174,-6.5
CNC(=O)c1cc(C)sc1Cl,32,0.720275724,0.173913043,-6.2
CNCCCc1cc(C)ccc1Cl,32,0.732518582,0.14,-6.8
CCNCCc1ccc(C)cc1Cl,32,0.732518582,0.117647059,-7
CCNCCc1ccc(C(C)C)cc1,32,0.705537585,0.102040816,-7.3
CCSCCc1ccc(C(C)C)cc1,32,0.656312989,0.102040816,-7.2
CCCCCc1ccc(C(C)=O)cc1,32,0.511651653,0.14893617,-7.8
CCCCCc1ccc(C(C)=O)cc1F,32,0.531569322,0.132075472,-8
COC(=O)c1ccc(C(C)C)c(F)c1,32,0.67965147,0.16,-7.3
CCC(=O)n1c(C)ccc1C(C)C,32,0.683738496,0.166666667,-7
COC(=O)c1ccc(CC(C)C)c(F)c1,32,0.716929184,0.150943396,-7.5
CNC(=O)C(=Cc1ccccc1)NC(C)=O,33,0.740762769,1,-7.2
CNC(=O)C([N+]#C)=Cc1ccccc1,33,0.702749898,0.526315789,-7.2
CNC(=O)C([NH])=Cc1ccccc1,33,0.671093262,0.571428571,-7.7
CNC(=O)[N+](C)=C(C)NC1C=CCC1,33,0.280432369,0.173076923,-6.7
CNC(=O)[N+](C)=C1C=CC=CCN1,33,0.518541156,0.176470588,-6.8
CNC(=O)[N+](C)=C1C=CC=CN1,33,0.513178127,0.266666667,-6.3
CNC(=O)C(=CC#N)[N-]C1CCCCC1,33,0.565247738,0.196078431,-7
CNC(=O)C([S-])=C1C=CC=N1,33,0.445325342,0.244444444,-5.8
Cc1oncc1C=Cc1ccon1,34,0.702926591,1,-7.6
Cc1oncc1C=Cc1ccccn1,34,0.723017463,0.567567568,-8.3
Cc1oncc1C=Cc1cccc([O-])n1,34,0.740234912,0.525,-8.8
Cc1nocc1C=Cc1cc2ccccc2[nH]1,34,0.721690348,0.25,-9.8
Cc1nocc1C=Cc1cc2ccccc2cn1,34,0.680575687,0.333333333,-10.2
Cc1nocc1C=Cc1cc2ccccn2c1,34,0.66742684,0.245283019,-9.4
Cc1nocc1C=Cc1cccc(C#N)c1,34,0.765017389,0.25,-9.2
Cc1oncc1C=Cc1cccc(C#N)c1,34,0.765017389,0.422222222,-9.2
CC1=NOCC1=Cc1ccnc(Nc2ccccc2)c1,34,0.921654112,0.147540984,-8.7
CC1=NOCC1C=Cc1ccnc(N)n1,34,0.782246883,0.2,-7.7
CC1=NC=CC1=Nc1cccc(C#N)c1,34,0.679017961,0.105263158,-7.6
CC1=NC=CC1=Nc1cccc(CN)c1,34,0.779551493,0.105263158,-7.4
CC1=NC=CC1=Nc1ccnc(CO)n1,34,0.778100243,0.122807018,-6.8
CC1=NC=CC1C=Nc1ccccn1,34,0.651660022,0.127272727,-7.6
CC1=NC=CC(Cn2cccn2)=CCC1,34,0.722920663,0.101694915,-7.5
CC1=NC=CC(Cn2cccn2)=CC1,34,0.697607605,0.105263158,-7.4
CC1=NC=CC(C=Nc2ccccn2)C1,34,0.674670324,0.140350877,-7.7
CC1=C(C=CC=NO)CCC=C1C#N,34,0.411041617,0.105263158,-7.5
CC1=C(C=NCc2ccco2)CCCC1,34,0.686889671,0.166666667,-7.5
CC1=NC=CC(C=NC=CCCCC)=C1,34,0.529524548,0.163636364,-7
CC1=C(C=NC2CCCCC2)C=CC=N1,34,0.676238117,0.150943396,-8.1
CC1=C(C=NCCCCO)C=CC=C1C#N,34,0.604676273,0.120689655,-7.5
CC(=Cc1cc(C#N)ccn1)CCCCO,34,0.769272435,0.137931034,-7.8
CC(=Cc1cc(C=O)ccn1)C#N,34,0.504688909,0.150943396,-6.9
CC(=Cc1ccsc1C#N)C=CCCO,34,0.791103783,0.101694915,-7.3
CC(=Cc1ccsc1C=C=O)CCCCN,34,0.607817335,0.098360656,-7.6
C(=Nc1ccccn1)c1ccc2c(c1)OCO2,35,0.738988444,1,-8.7
C(=Nc1ccccc1)c1ccc2c(c1)OCCO2,35,0.75330813,0.523809524,-9.2
C(=Nc1ccccn1)c1ccc2c(c1)OCCO2,35,0.757711477,0.837837838,-8.8
C(=Nc1ccccn1)c1ccc2c(c1)OCC2,35,0.734973652,0.651162791,-9
C(=Nc1ccccn1)C1=CCc2ccccc2O1,35,0.749622937,0.458333333,-9.1
C(=Nc1ccccn1)C1=CCc2ccccc2C1,35,0.729859816,0.425531915,-9.5
C1=NCc2cccc(N=Cc3ccco3)c2C1,35,0.721851354,0.180327869,-8.7
CC(Cc1ccccn1)Cc1ccc2c(c1)CCO2,35,0.832417713,0.293103448,-9.4
CC(Cc1ccccn1)Cc1ccc2c(c1)CCC2,35,0.800313379,0.203389831,-10.1
CC(Cc1ccccn1)Cc1cccc(C#N)c1,35,0.815634297,0.183333333,-9.3
CC(Cc1ccccn1)C1=CCC(C)(C)CCC1,35,0.695703043,0.177419355,-8.8
CC(CC(=O)O)Cc1cccc(C2CCC2)c1,35,0.841679993,0.092307692,-8.3
CC(CC(=O)N)Cc1cccc(C2CCC2)c1,35,0.831334482,0.090909091,-8.6
CC(CC(N)=O)Cc1cccc(CCCO)c1,35,0.754715746,0.078125,-8.2
CC(CCCN)Cc1cccc(C(=O)O)c1,35,0.774373523,0.095238095,-8.2
CC(CCCN)Cc1cccc(C(=O)O)n1,35,0.767651028,0.09375,-7.9
CC(C)CC(N)Cc1cccc(C(=O)O)n1,35,0.794545289,0.079365079,-8.3
CC(C)CC(=O)NCc1cccc(F)n1,35,0.770868498,0.079365079,-7.5
CC(C)CC(N)CC(=O)c1cccc(F)c1,35,0.779861075,0.079365079,-8.2
CC(C)CC(N)CC(=O)c1cccc(F)n1,35,0.615647805,0.078125,-7.8
CC(C)CCCNCc1cccc(CC(=O)O)n1,35,0.694521284,0.075757576,-7.7
CC(=C(F)C(=O)O)c1ccccc1,36,0.709626654,1,-7.6
CC(=C(F)C(=O)O)c1cccc(Cl)c1,36,0.768399442,0.64516129,-7.7
CC(=C(F)C(=O)O)c1cccc(F)c1,36,0.741383359,0.666666667,-8
CC(C(N)C(=O)O)=C(F)c1ccccc1,36,0.797359801,0.441176471,-7.8
CC(C(N)C(=O)O)c1ccc(F)c(Cl)c1,36,0.836398298,0.2,-7.4
NCCCC(F)(C(=O)O)c1cccc(F)c1,36,0.808951139,0.191489362,-7.7
CC(C(N)C(=O)O)=C(F)c1cccc(Cl)c1,36,0.857199285,0.333333333,-7.5
CC(OS(C)(=O)=O)C(F)c1cccc(Cl)c1,36,0.787268778,0.145833333,-7.8
CC(OS(=O)(=O)Cl)c1ccc(F)c(C)c1,36,0.777154391,0.127659574,-7.7
N#CC1(c2cccc(F)c2)CCC(O)(Cl)O1,36,0.767502087,0.115384615,-7.6
CN(F)C(CS(=O)(=O)O)c1ccc(F)c(Cl)c1,36,0.680678086,0.137254902,-7.8
NCCN(Cc1cccc(F)c1Cl)S(=O)(=O)O,36,0.790646466,0.14,-7.1
CC(F)(F)C(OS(N)(=O)=O)c1cccc(Cl)c1,36,0.922310432,0.14,-8.4
NCCN(Cc1ccc(F)c(O)c1)S(=O)(=O)O,36,0.654019851,0.12,-7.2
N#CC(F)c1ccc(OP(=O)(O)O)c(F)c1,36,0.797175731,0.12,-7.3
O=CNC(c1ccc(F)c(O)c1)C(O)(O)CCl,36,0.347981315,0.113207547,-7.6
O=CNC(c1ccc(F)c(O)c1)C(O)(Cl)CO,36,0.452466753,0.111111111,-7.4
O=CN(CC(F)(F)Cl)c1ccc(O)c(Cl)c1Cl,36,0.68305264,0.12244898,-7.3
O=CN(CC1CCC(F)(F)O1)c1ccc(O)cc1F,36,0.857467685,0.103448276,-8.8
O=CN(CC1CCC(F)(F)O1)c1ccc(O)c(F)c1,36,0.857467685,0.122807018,-8.9
O=CN(CC1CCC(F)(F)C(O)O1)c1ccccc1F,36,0.861576213,0.142857143,-9.5
O=CN(CC1CCC(F)(F)C(O)O1)c1ccccc1O,36,0.823127636,0.142857143,-9.1
O=CN(CC(F)(F)c1ccc2c(c1)CCCO2)C(=O)O,36,0.861480529,0.140350877,-9.3
O=CC1(C(F)(F)c2ccccn2)CCC(C(=O)O)O1,36,0.836945966,0.181818182,-8.2
C=CC(Cc1ccc(OC)c(F)c1)C(=O)C1(C)CC1,36,0.73280975,0.140350877,-8.4
COc1cc(C=CC(N)=O)cc(OC)c1OC,37,0.781275938,1,-6.6
COc1cc(C=CC(N)=O)cc(OC)c1C,37,0.783786623,0.75,-7.6
COc1cc(C=CC(N)=O)cc(Cl)c1OC,37,0.818777811,0.794117647,-7.5
COc1cc(C2C=CC(N)C2)c(Cl)cc1C,37,0.802931845,0.192307692,-8.5
COc1cc(C2C=CC(N)C2=O)cc(C)c1C,37,0.79035921,0.22,-8.2
COc1cc(C2C=CC(N)(O)C2)c(Cl)cc1C,37,0.628424832,0.222222222,-7.8
COc1cc(C=CC(N)=O)c(Cl)cc1C(C)C,37,0.839058287,0.454545455,-7.3
COc1cc(C)c(C=CC(N)=O)c(C)c1COC,37,0.811305765,0.444444444,-7.1
COc1cc(C=CCC(N)=O)c(Cl)c(COC)c1C,37,0.872996716,0.301886792,-7.4
COc1cc(C=CCC(N)C(C)=O)c(OC)cc1C,37,0.855332207,0.3,-8.1
COc1cc(C=CCN(C)C(C)=O)c(Cl)cc1COC,37,0.810087141,0.25,-8.2
COc1cc(C=CCN(C)C(C)=O)c(OC)cc1C=O,37,0.746335866,0.285714286,-8.3
COc1cc(C=CCC(N)CCCO)c(OC)c2ccccc12,37,0.783779741,0.263157895,-9
COC(C)c1cc(N2CCCCC2C=O)c(OC)cc1C,37,0.780517646,0.180327869,-7.7
COC(C)c1cc(N2CCCCC2C=O)c(OC)cc1CO,37,0.818135743,0.19047619,-7
COC(C)c1cc(N=C2CCCCC2O)c(C#N)cc1OC,37,0.925783659,0.153846154,-7.7
COC(C)c1cc(N=CCCCCO)c2c(c1)cc(CO)n2C,37,0.579817345,0.123076923,-7.3
COC(C)c1cc(N2CCCCC2=C([O-])OC)c(C#N)cc1Cl,37,0.790792695,0.1,-7.7
CCc1cc(C)c(N=C(N)NCCCO)c2cc(COC)oc12,37,0.413753253,0.147058824,-7.9
CCCC(=CC1N(C)CCC1O)c1cc(C=O)c(OC)cc1Cl,37,0.808122777,0.179104478,-7.6
COC(C)c1cc(N2CCCCC2=C(C)O)c(C=O)cc1Cl,37,0.647496433,0.136363636,-8.2
CCCc1cc(N(C)C=CCCO)c(OC)cc1C(=O)OCC,37,0.708059304,0.209677419,-7.3
CCCC(=CC(O)CCCCO)c1cc(C#N)c(OC)cc1C,37,0.682732728,0.171875,-8.3
CCCC(=CC(O)CCCCO)c1cc(C)c(C#N)c(C)c1CC,37,0.658098676,0.089552239,-8
CCCC(C)(O)c1cc(NCC)c(C=O)c(C)c1COCCC,37,0.501356036,0.158730159,-7.1
CCOC(=O)c1cc(N(C)CCC)c(C)c(CO)c1C#N,37,0.814241014,0.126984127,-7.3
C=CC(=O)NC(=O)C=Cc1cccnc1,38,0.741387478,1,-7.8
C=CC(=O)NC(=O)C=Cc1cccnc1C,38,0.772980107,0.545454545,-8.3
C=CC(=O)NC(=O)C=Cc1ccc(CO)cc1,38,0.760208289,0.536585366,-8.5
C=CC(=O)NC(=O)C=Cc1ccc(N(C)C)cc1,38,0.818290548,0.511627907,-8.9
C=CC(=O)NC(=O)C=Cc1ccc(COC)cc1,38,0.802812276,0.488888889,-8.7
C=CC(=O)NC(=O)C=Cc1ccc(SC)cc1,38,0.655406739,0.511627907,-8.6
C=CC(=O)NC(=O)C=Cc1ccc(S)cc1,38,0.617623989,0.564102564,-8.4
C=CC(=O)NC(=O)Cc1ccc(S)cc1,38,0.597514633,0.377777778,-7.4
C=CC(=O)OC(=O)c1ccc(CS)cc1,38,0.367903867,0.215686275,-7.1
C=CC(=O)OC(=O)c1cccc(N)c1,38,0.329125181,0.211538462,-7.5
C=CC(=O)OCc1ccc(C(=O)CC)cc1,38,0.433016303,0.20754717,-7.7
C=CC(=O)OC(C)Cc1ccc(N)cc1,38,0.463952619,0.203703704,-7.3
CCCC(=O)OCc1ccc(C(N)=O)s1,38,0.778065719,0.118644068,-6.9
COC1CCC(C(C#N)=CC2CCC3OCOC3C2)CC1,39,0.749367052,1,-8.6
COC1CCC(C(C#N)CCC2CCC3OCOC3=N2)CC1,39,0.782856141,0.25,-9
COc1ccc(C(C#N)CCC2CCC3OCCNC3C2)cc1,39,0.906290321,0.202702703,-9.1
COc1ccc(C(C#N)CCC2CCc3ccncc3O2)cc1,39,0.8410523,0.126582278,-9.2
COc1ccc(C(C#N)CCC2CCc3ccnc(O)c3C2)cc1,39,0.903672012,0.126582278,-9.8
COc1ccc(C(C#N)CCC2CCc3cc4c(cc32)OCO4)cc1,39,0.804682841,0.142857143,-9.4
COC1CCC(C(C#N)CCc2ccc3c(n2)OCCC3)CC1,39,0.831583032,0.205479452,-9.1
CCC1CCC(C(C#N)CCc2ccc3c(n2)OCCC3)CC1,39,0.791669819,0.128205128,-9.4
CCC1CCC(C(O)CCc2ccc3c(n2)NCCC3)CC1,39,0.865402088,0.08974359,-10.1
CCC1CCC(C(C#N)CCc2ccc3c(c2)OCC3)CC1,39,0.773267435,0.118421053,-9.7
CCC1CCC(C(C=O)CCc2ccc3c(c2)OCC3)CC1,39,0.718477352,0.08974359,-9.9
CCC1CCC(CCc2ccc(C(=O)O)c3c2OCC3)CC1,39,0.87264016,0.109589041,-10.4
CCC1CCC(C(C#N)CCc2ccc3c(c2)OCO3)CC1,39,0.790790256,0.138888889,-9.4
CCC1CCC(C(C#N)CCC2=CC=C(C(=O)O)CC2)C1,39,0.783956061,0.133333333,-9.3
CCc1ccc(C(C#N)CCC2CCC(C(=O)O)C2)[nH]1,39,0.833492499,0.164383562,-8.8
CCc1ccc(C(C)CCC2CCC(C(=O)O)C2)[nH]1,39,0.81580588,0.125,-9
CCc1ccc(C(C)CCCC2CC2)c(C(=O)O)n1,39,0.805923999,0.081081081,-7.9
CCc1ccc(C(C)CCC2CC2)c(C(=O)O)n1,39,0.834598879,0.083333333,-7.7
CC=C(C)C(=O)Nc1c(C)cccc1Cl,40,0.763704495,1,-7.7
CC=C(C)C(=O)NC(C)c1c(C)cccc1Cl,40,0.813980877,0.571428571,-9
CC=C(C)C(=O)NC(=O)Cc1c(C)cccc1Cl,40,0.854524043,0.558139535,-8.7
CC=C(C)C(=O)NC(=O)C=Cc1c(C)cccc1Cl,40,0.862111571,0.545454545,-9.3
CC=C(C)C(=O)NC(=O)C=Cc1c(C)cccc1C,40,0.846191817,0.465116279,-9.5
CC=C(C)C(=O)NC(=O)N(C)c1ccccc1C,40,0.815421506,0.422222222,-8.3
CC=C(C)C(=O)NC(=O)C=Cc1ccccc1C,40,0.829388872,0.422222222,-9.2
CC=C(C)C(=O)NC(=O)CCc1ccccc1C,40,0.828503169,0.413043478,-9
CC(=O)NC=CC=CCc1ccccc1[N+](=O)[O-],40,0.492082558,0.189655172,-8.8
CCOC(=O)C(=C)C=CCC1CCCC1O,40,0.442240673,0.098360656,-7.7
CCOC(=O)C(=C)C=CCC1CCCC1C,40,0.404165854,0.098360656,-7.6
CC=C1C(=O)OC=CC1CCC(C)CC,40,0.522238728,0.118644068,-8.3
CC=C1C(=O)OCC1CC=CC(C)CC,40,0.402936378,0.118644068,-8.1
CC=CC1=CCCCC1CC(C)(C)[N+](=O)[O-],40,0.537998953,0.096774194,-8
CCC1=NC=CC1CCC(C)(C)[N+](=O)[O-],40,0.517193784,0.066666667,-7.1
CCCCC=CC1CCC(C)(C)N1[N+](=O)[O-],40,0.312905369,0.046875,-7.2
CCCCC=CC1CCCC1(C)C(=O)OC,40,0.40404564,0.096774194,-7.3
CCCCC=CC1CCCC1(C)C(=O)OCC,40,0.395391625,0.095238095,-7.1
CC=CC(=O)NC(Cc1ccccc1)C(=O)O,41,0.754824924,1,-7.8
CC=CC(=O)NC(Cc1ccc(Br)cc1)C(=O)O,41,0.818718769,0.763157895,-8
CC=CC(=O)NC(Cc1ccc(CBr)cc1)C(=O)O,41,0.622483094,0.763157895,-8.4
CC=CC(=O)NC(C=Cc1ccc(Br)cc1)C(=O)O,41,0.818397614,0.446808511,-8.7
CC=CC(=O)NC(C=Cc1ccccc1Br)C(=O)O,41,0.818397614,0.489361702,-8.3
CC=CC(=O)NC(C=Cc1ccccc1)C(=O)O,41,0.777826404,0.547619048,-8
CC=CC(=O)NC(C=CC(=O)O)c1ccccc1,41,0.780202195,0.523809524,-8.2
CC(=O)NC(C=Cc1ccccc1)C(=O)O,41,0.801426616,0.355555556,-8.4
CC(=O)OC1C=CC(=Cc2ccccc2)C1,41,0.707357264,0.2,-8.8
CC(O)C(=CC(=O)O)C1C=c2ccccc2=1,41,0.70042476,0.235294118,-9
CC(O)C(=CC1CC=CO1)c1ccccc1,41,0.841447995,0.178571429,-8.3
CC=CC(C#N)Nc1ccccc1C(N)=O,42,0.749572412,1,-7.7
CC=CC(C#N)Nc1ccccc1C#N,42,0.756873894,0.595238095,-7.1
CC=CC(C=NCCCC)NC(C)=O,42,0.393507384,0.192982456,-6.2
CC=CC(C=NCCCCC)NC(C)=O,42,0.390918189,0.189655172,-6.8
CC=CC=NC(C=N)C=NC(C)=O,42,0.648663112,0.142857143,-6.6
CCCCCNC(=O)N(C)N=CCCCF,42,0.389261512,0.109375,-6.4
CCCCCCNC(=O)N(C)N=CC=CF,42,0.406942712,0.092307692,-6.5
CCC(=O)C=Cc1ccc(N(C)C)cc1,43,0.701205607,1,-7.7
CCC(=O)C=Cc1ccc(N(C)C(C)C)cc1,43,0.722553279,0.714285714,-8.2
CCC(C=CC(=O)c1ccc(N(C)C)cc1)CC,43,0.558865822,0.43902439,-8.1
CCC(C=O)C=Cc1ccc(N(C)C)c(C)c1,43,0.724643046,0.291666667,-8.3
CCC(C=CC(=O)c1ccc(N(C)C)cc1)=CC,43,0.444592427,0.475,-8.3
CCC(C=CC(=O)c1ccc(N(C)C)cc1)=NO,43,0.285600917,0.452380952,-8.4
CCC(C=CC(=O)N1CCN(C)CC1)c1ccc(F)cc1,43,0.795978828,0.196428571,-8.8
CCC(=O)C=Cc1ccc(N2CCN(C)C2)c(F)c1,43,0.779022873,0.408163265,-8.9
CCC(C=CC(=O)NNCc1ccc(F)cc1)N(C)C,43,0.591155557,0.236363636,-8.4
CC(=O)C=Cc1ccc(N2CCN(C)C2)c(CF)c1,43,0.778789666,0.254545455,-8.5
CCCNn1cccc1C=CC(=O)C(C)(C)CF,43,0.756817748,0.214285714,-7.7
CCCNn1cccc1C=CC(=O)C(C)(C)C,43,0.794396939,0.226415094,-7.7
CC(=O)C=Cc1ccc(CN)c(NCC(C)C)c1,43,0.758833145,0.264150943,-8.3
CC(=O)C=Cc1ccc(CN)c(N(C)C)c1,43,0.783973264,0.377777778,-7.6
CC(=CCCc1cc(C#CCN)ccc1CO)CO,43,0.552334624,0.116666667,-8.2
CC(C=Cc1cc(CN)ccc1N(C)C)CCCO,43,0.793940667,0.192982456,-7.7
CC(C=Cc1ccccc1CO)C(=O)N(C)C,43,0.862741027,0.24,-8
O=C1c2ccccc2C(=Cc2ccccc2)N1Cc1ccncc1,44,0.724667302,1,-8.5
O=C1c2ccccc2C(=CCO)N1Cc1ccccc1,44,0.926540685,0.581395349,-9.2
O=C1c2ccccc2C(O)C1=Cc1ccccc1,44,0.772701429,0.3,-9.8
C=C1c2ccccc2C(O)CN1Cc1ccccc1,44,0.885612214,0.232142857,-8.7
C=C1c2ccccc2C(=O)N1Cc1ccccc1,44,0.781603796,0.465116279,-9.5
O=C1C=Cc2c1cc(O)n2Cc1ccccc1,44,0.852557642,0.307692308,-9.6
C=C1SCc2c1ccc(OC)c2Cn1cccc1,44,0.830782907,0.121212121,-7.7
O=C1C=CC(O)=CC1=Cc1ccccc1,44,0.704170172,0.26,-8.9
C=C1SCc2c1ccn2Cc1ccccc1,44,0.756027082,0.214285714,-8.7
O=C1C=CC(O)CN1Cc1ccccc1,44,0.77692815,0.25,-7.9
O=Cc1nccc2c1CN(Cc1ccccc1)C2,44,0.769818377,0.263157895,-8.8
O=CC=Cc1ccccc1CN1CCCC1,44,0.567868522,0.196428571,-7.8
O=CC1=CC(O)CN1Cc1ccccc1,44,0.743342673,0.240740741,-7.1
O=CCc1ccccc1-c1ccsc1,44,0.698637253,0.181818182,-7.4
N#CC1=CC(=O)CN1Cc1ccccc1,44,0.72254056,0.240740741,-7.6
N#CC1=CC(=O)CC1c1ccccc1,44,0.669199116,0.142857143,-8.2
N#CC1=CC(=O)N(Cc2ccccc2)C=C1,44,0.757867514,0.240740741,-8.6
N#CC1=CC(=O)N(Cc2ccccc2)CCCC1,44,0.79727727,0.24137931,-7.9
Clc1ccc(C=NN2CCCCCC2)cc1Cl,45,0.735775079,1,-8.9
Clc1ccc(C=NN2CCCCCC2)cc1Br,45,0.742451117,0.742857143,-9
Cc1ccc(C=NN2CCCCCC2)cc1Cl,45,0.728141639,0.764705882,-9.3
Cc1ccc(C=NN2CCCCCC2)cc1Br,45,0.753842858,0.578947368,-9.3
Cc1ccc(C=NN2CCCCCC2)cc1OC,45,0.764984174,0.536585366,-9
Cc1ccc(C=NN2CCCCCC2)cc1OCCO,45,0.840732478,0.468085106,-9.1
Cc1ccc(C=NN2CCCNCC2)cc1OC,45,0.824909157,0.408163265,-8.4
Cc1ccc(C=NC2CCCN(C)C2)c(O)c1,45,0.793567467,0.192982456,-8.7
Cc1ccccc1C=NN1CCCN(C)CC1,45,0.724671533,0.319148936,-8
CCCC(C)(C)NCCC=Cc1ccccc1OC,45,0.705702696,0.063492063,-8.3
CCCC(C)(C)N=C(N)c1ccccc1OC,45,0.62862541,0.06779661,-7.6
COC1CCC(C(C#N)=Cc2ccco2)CC1,46,0.74890576,1,-7.7
COC1CCC(C(O)=Cc2ccccc2)CC1,46,0.803320632,0.425531915,-9.2
COC1CCC(C(O)CCc2ccccc2)CC1,46,0.866874375,0.290909091,-8.5
COC1CCC(C(O)Cc2ccccc2F)CC1,46,0.89243831,0.303571429,-8.7
COC1CCC(C(O)c2ccccc2F)CC1,46,0.876565814,0.320754717,-8.2
COC1CCC(C(O)c2cccs2)CC1CCF,46,0.887587989,0.173913043,-7.3
COC1CCC(C(O)CCc2cccs2)CC1F,46,0.891692662,0.208955224,-7.9
COC(C(=O)CCc1ccccc1F)C(C)F,46,0.766285681,0.140625,-7.8
COC(C(=O)CCc1ccccc1F)C(F)F,46,0.770823461,0.142857143,-7.7
COC(C(=O)CCc1ccccc1F)C(O)F,46,0.826910689,0.140625,-7.7
COC(C(=O)CCc1ccccc1O)C(F)F,46,0.833801946,0.125,-7.7
O=CSCc1ccc(F)cc1OCC(F)CCO,46,0.740349265,0.097222222,-7.1
O=CSCc1ccc(F)c(OCCCCCO)c1,46,0.554444241,0.101449275,-7.1
OCC=Cc1cc(S)ccc1OCCCCCO,46,0.501412092,0.090909091,-6.9
CCC(=O)N(CCO)CCCCOCc1ccncc1F,46,0.668479377,0.135135135,-7.5
CCCC(=O)N(CCO)Cc1cc(O)ccc1F,46,0.812219638,0.102941176,-6.9
OCCCCCC(=O)N(CCO)Cc1ccncc1F,46,0.66586159,0.083333333,-7.1
CCCC(=O)N(CCO)Cc1ccncc1F,46,0.816052943,0.1,-6.3
CCCC(=O)N(OCCO)Cc1ccncc1F,46,0.746257555,0.111111111,-6.5
CC1=C(Cl)CC(C(C)=CCl)OC1(O)CCO,47,0.82556649,0.725,-7.2
CC1=C(Cl)CC(C(C)=CCl)OC1(O)CCF,47,0.849493261,0.707317073,-7.5
CC1=C(Cl)CC(C(C)=CCCCCl)OC(O)(F)C1,47,0.477111107,0.41509434,-8.1
CC1=C(Cl)CC(C(C)=CCl)CC(F)(O)O1,47,0.774561818,0.416666667,-7.9
CC1=C(Cl)CC(C(C)=CCCl)CC(C)(O)O1,47,0.607864658,0.320754717,-8.4
CC(Cl)C1CC(C(C)=CCO)CC(C)(O)O1,47,0.593832782,0.228070175,-8.1
CC(Cl)C1CC(CCc2cc(Br)oc2F)C(O)C1,47,0.83686465,0.134328358,-8.4
CC(Cl)C1CC(CCc2ccoc2Br)OC(F)C1,47,0.742364159,0.151515152,-8.7
CC(Cl)(Cl)C1CC(=Cc2ccc(O)cc2F)O1,47,0.831731445,0.14516129,-8.5
CC(Cl)(Cl)C1CC(=Cc2ccc(F)cc2F)OO1,47,0.600512801,0.125,-8.3
CC(Cl)(Cl)C1CC(=Cc2ccc(F)cc2F)O1,47,0.733725334,0.131147541,-8.4
CC1(C(Cl)=CCl)CC(OCc2ccc(F)cc2)O1,47,0.828697683,0.216666667,-8.1
CC(Cl)(C1CC=Cc2cc(Br)oc21)CCO,47,0.858643011,0.142857143,-7.4
CC1(C(Cl)=CCl)CC(Br)=C(OCF)CCO1,47,0.760510534,0.237288136,-6.4
CC1(C(=O)Cl)CC(=Cc2ccccc2F)O1,47,0.742811943,0.131147541,-8.4
CC1(C(Cl)=CCl)CC(OCc2ccccc2F)O1,47,0.828697683,0.209677419,-8.2
CC1(C(=O)CCl)CC(=Cc2ccccc2F)O1,47,0.774851492,0.142857143,-8.2
CC1CC(OC(Cl)=Cc2ccccc2F)CCO1,47,0.774589302,0.121212121,-8.7
CC1=C(C(Cl)CO)CC(=Cc2ccccc2F)O1,47,0.850972097,0.138461538,-8.2
CC1[CH]C(CCCl)CC(=Cc2ccccc2F)O1,47,0.736635754,0.138461538,-8.3
CC1[CH]C(C)CC(=Cc2ccc(Cl)cc2)[O+]1,47,0.6597822,0.160714286,-8.5
CC1[CH]C(C)CC(C(Cl)=Cc2ccccc2)[O+]1,47,0.712227796,0.116666667,-8
CC#[N+]C1CC=C(Cl)C(OCc2ccccc2)C1,47,0.795621228,0.106060606,-8
CC#[N+]C1CC(Cl)=C(OCc2ccccc2)C1,47,0.782885905,0.147540984,-7.5
CC#[N+]C1CC(Cl)=C(C=Cc2ccccc2)C1,47,0.709886802,0.155172414,-8
CCC[P+](CC)c1cc(CC=CCl)ccc1OO,47,0.458058845,0.106060606,-7.7
CC=[C+]C1CC(CC=Cc2ccc(Cl)cc2)C1,47,0.643929644,0.172413793,-8.6
COP(=O)(C=CS(=O)(=O)c1ccc(C)cc1)OC,48,0.779750979,1,-8.3
CCC(C=CS(=O)(=O)c1ccc(C)cc1)OP=O,48,0.752833697,0.431818182,-8.1
CCC(C=CS(=O)(=O)c1ccc(C)cc1)C(=O)OC,48,0.778411378,0.454545455,-8.5
CCC(C)C(=O)C=CP(=O)(O)Oc1ccc(Cl)cc1,48,0.636203744,0.178571429,-7.9
CCC(C)C(C=CS(=O)(=O)C1CCC(=O)N1)OC,48,0.790613145,0.152542373,-7.3
CC(C)CC(C=CS(=O)(=O)C1CC1)c1ccc(Cl)nn1,48,0.807573564,0.15,-8.1
CC(C)CC(C(=O)NC1C=CS(=O)(=O)C1)c1ccsc1,48,0.907035219,0.074626866,-8.1
CC(C)CC(C(=O)O)C1C=CS(=O)(=O)CC1,48,0.818875516,0.051724138,-7.7
CC(C)CC(C(=O)O)C1C=CS(=O)(=O)C1,48,0.79247381,0.053571429,-7.4
CC(C)CC(C(=O)O)C1C=NS(=O)(=O)C1,48,0.776696575,0.052631579,-7.5
CS(=O)(=O)C=Cc1cccc(O)c1,49,0.781229645,1,-7.1
CS(=O)(=O)CC=C1C=CC=C(O)C1,49,0.731854047,0.212765957,-7.4
CC(=O)C=CS(=O)(=O)C1CCCCC1,49,0.676262822,0.155555556,-7.1
CC(=O)C=CS(=O)(=O)C1CCCC1O,49,0.696673891,0.145833333,-7.1
CC(=O)C=CS(=O)(=O)CCCCCCO,49,0.503233604,0.152173913,-6.2
CC(=O)C1CCCC(O)=CS1(=O)=O,49,0.689660769,0.12244898,-6.5
CC(=O)C1CCC=C(Cl)CS1(=O)=O,49,0.671668747,0.098039216,-6.6
CC(=O)C1=CS(=O)(=O)CCCC1Cl,49,0.628319488,0.098039216,-6.6
CC(=O)C1=CS(=O)(=O)CCCC1O,49,0.653721683,0.1,-6.7
CC(=O)C1=C(O)CCCS1(=O)=O,49,0.655166789,0.133333333,-6.5
CCC(C)CC=C(O)S(C)(=O)=O,49,0.691667601,0.159090909,-6.5
CCC(C)CCNC(=O)C(O)CCC=O,49,0.590582981,0.074074074,-6.3
CCC(C)(C)CNC(=O)C(=O)O,49,0.614788422,0.065217391,-6.3
CCC(C)CCNS(C)(=O)=O,49,0.683318469,0.113636364,-5.8
CCC(C)CCNCC(O)C(=O)OC,49,0.468329815,0.076923077,-6
CC(C)NCC1CCCCS1(=O)=O,49,0.745980456,0.039215686,-6.3
CCC(C)CCNCC(C)S(C)(=O)=O,49,0.661817879,0.104166667,-6.5
CCC(C)(O)CNCCC1CCC(=O)O1,49,0.508828644,0.06779661,-7.4
CC(=O)OC(C)C(=O)NCC1CCCC1O,49,0.675896833,0.070175439,-7.2
CC(=O)OC(C)C(=O)NCC1(O)CCC1,49,0.645603524,0.074074074,-7.1
CC(=O)OC(C)C(=O)NCC1CCCC(Cl)C1,49,0.62074618,0.06779661,-7.8
CCC(C)(O)CNCC1CCCC(OC(C)=O)C1,49,0.71309838,0.06557377,-7.6
CCC(C)(O)CNCC1CCC(OC(C)=O)CC1,49,0.71309838,0.070175439,-7.5
CC=C(C)C(=O)Nc1cccc(O)c1,50,0.704492925,1,-7.8
CC=C(C)C(=O)Nc1cccc(O)c1CC,50,0.767851462,0.476190476,-8.3
CC=C(C)C(=O)Nc1cccc(O)c1C=CC,50,0.783783229,0.476190476,-8.5
CC=C(C)C(=O)Nc1cccc(O)c1C1C=CCC1,50,0.639982948,0.4,-9
CC=C(C)C(=O)NC(C=O)Cc1cccc(O)c1,50,0.613007334,0.488888889,-8.2
CC=C(C)C(=O)NC1C=CC(O)=C1c1ccccc1,50,0.815701743,0.361702128,-8.2
CC=C(C)C(=O)NC(C=CC)C(O)Cc1cccc(OC)c1,50,0.601172604,0.321428571,-9.3
CC=C(C)C(=O)Nc1cnn(Cc2cccc(O)c2)c1C,50,0.848796401,0.48,-9.3
CC=C(C)C(=O)NC(C)C(=O)C=Cc1cccc(O)c1OCC,50,0.758295993,0.315789474,-9.4
CC=C(C)C(=O)NC(=O)N1C=CC(O)=C(c2cccc(OC)c2)C1,50,0.836156171,0.322033898,-9
CC=C(C)C(=O)NC(C)C(=O)N1C=CC(c2cccc(O)c2)=CC1,50,0.835727265,0.392857143,-10.1
CC=C(C)C(=O)NCC(=O)N1C=CC(c2cccc(O)c2)=C(C)C1,50,0.835731776,0.4,-9.9
CC=C(C)C(=O)Nc1cc(-c2cccc(O)c2)nn1Cc1ccco1,50,0.694003941,0.421052632,-9.4
CC=C(C)C(=O)OCC(=O)N1C=CC(c2cccc(O)c2)=C(C)C1,50,0.681702887,0.327586207,-9.4
CC=C(C(=O)OCC)C(=O)N1C=CC(c2cccc(O)c2)=C(C)C1,50,0.399418958,0.266666667,-9.4
CC=CC(=O)OCC(=O)N1C=C(c2cccc(O)c2)CC1c1ccccc1,50,0.647642983,0.246153846,-9.1
CC=CC(=O)OCC(=O)N1N=C(c2cccc(O)c2)CC1c1ccccc1,50,0.652713892,0.242424242,-9.2
CC=CC(C(=O)OCC)=C(C)C(=O)N1C=CC(c2cccc(O)c2)=CC1,50,0.499022468,0.257575758,-9.4
CC=CC(COC(=O)C(C)(C)Cc1ccccc1)=C1C=CC(=O)C(O)=C1,50,0.777455665,0.166666667,-9.7
CC=CC(O)(CC)C(=O)OCC(=O)N1C=CC(c2cccc(O)c2)=CC1,50,0.602945219,0.235294118,-9.9
CC=CC(O)(CC)COC(=O)N1C=CC(=O)C(Cc2cccc(O)c2)=C1,50,0.776247322,0.242424242,-9.7
CC=CC(O)(CC)COC(=O)N1C=CC(=O)C(Cc2ccccc2)=C1,50,0.819731594,0.149253731,-9.4
CCOC(=O)C(C)(O)COC(=O)C=Cc1cccc(O)c1CC,50,0.58745213,0.177419355,-8.6
CCOC(=O)C(C)(O)COC(=O)C=Cc1cccc(O)c1C=CC,50,0.58694343,0.19047619,-9
CC=CC(O)(CC)COC(=O)N1C=CC(=O)C(Cc2ccco2)=C1,50,0.823165774,0.14084507,-8.9
CCOC(=O)C(C)(O)CCCc1ccccc1OCc1cc(=O)[nH][nH]1,50,0.600651144,0.144927536,-9.8
CC=CC(O)(CC)COC(=O)N1C=CC(=O)C(CCc2cc(C)on2)C1,50,0.7498962,0.115384615,-9
CC=CC(O)(OCc1cccc(C)c1)C(=O)N1C=CC(=O)CC1,50,0.667252775,0.194029851,-9
CC=CC(O)(CC)C(=O)Nc1c(C)cccc1OCc1cc(=O)[nH]o1,50,0.668280234,0.235294118,-8.8
CC=CC(O)(CCCC)C(=O)N(C)C(=O)OCc1cccc(C)c1,50,0.774468817,0.2,-9
COc1ccc(C=C2CCC3C4(CCCC3(C)C2=O)OCCO4)cc1,51,0.762455808,1,-8.5
COc1ccc(C=C2CCC3C4CCCC4(C)C(=O)C23OCCO)cc1,51,0.875322326,0.394366197,-9.5
COc1ccc(C=C2CCC3C(CCCC34OCCO4)C2(C)C)cc1,51,0.7518604,0.516666667,-8.8
COc1ccc(C=C2CCC3C4CCCC4(c4occc42)OC3C)cc1,51,0.700905546,0.394366197,-7.5
COc1ccc(C=C2CCC3C4(CCCC32OC)OCCO4)cc1Cl,51,0.79336061,0.426470588,-9.1
COc1ccc(C=C2CCC34CCCC3(OCCO4)C2(C)C)cc1,51,0.793466295,0.435483871,-7.4
COc1ccc(C=C2C3CCCC3(C)CCc3occc32)c(Cl)c1,51,0.644576194,0.269230769,-7.5
Cc1ccc(C=C2CCC3C(=C2Cl)CCCC32OCCO2)cc1,51,0.703500584,0.40625,-7.7
COc1ccc(C=C2CCCC3(Cl)C=CC4=C(CCCC42)O3)cc1,51,0.628574704,0.352112676,-9.1
COc1ccc(C=C2CCCC3(C2)OCCc2c3cccc2Cl)cc1,51,0.680715035,0.333333333,-6.2
COc1ccc(CC23CCCC2=C(c2cc(Cl)ccc2Cl)OC3)cc1,51,0.637548756,0.217948718,-9.7
Cc1c(Cl)cc2c(c1C(c1ccc(O)cc1)C13CCCC1C3)OCO2,51,0.799217365,0.126436782,-8.8
CCc1c(Cl)cc2c3c1CCCC3C(Cc1ccc3c(c1)CCO3)O2,51,0.747977443,0.125,-11.2
CC1(C)C=C2CCC(C(c3ccc(Cl)cc3)C34OCCO4)=C2CC13,51,0.694166079,0.189189189,-6.9
Cc1cc2c(c(C(c3ccc(Cl)cc3)N3CCCC3=O)c1)OCCC2,51,0.799240368,0.130952381,-7.2
CC1(C)C=C2CCC(C(c3ccccc3Cl)c3occc3C2)OC1=O,51,0.515195654,0.156626506,-7.7
CC1(C)C=C2CCC(C(c3ccccc3Cl)C3=C2CCCN3)OC1=O,51,0.738040489,0.168674699,-4.9
CC1(C)C=C2CCCC2(C(c2ccccc2Cl)=C2NCCO2)OC1,51,0.79845816,0.154761905,-6.4
CC1(C)C=C2CCCC2=C(C(c2ccccc2Cl)N2CCCC2)O1,51,0.702696386,0.12345679,-8.8
Oc1c(Cl)cc2c(c1C(c1ccco1)N1CCCC1)CCCC2,51,0.88504283,0.084337349,-8.6
Cc1c(Cl)cc2c(c1C(c1ccco1)N1CCCC1)CCCC2,51,0.758790164,0.097560976,-8.1
Cc1c(Cl)cc2c(c1C(c1ccccc1)N1CCCC1)CCO2,51,0.804900211,0.111111111,-8.9
CC1(C)C=C2CCCCN2C(C(O)c2cccc(Cl)c2)=C1,51,0.85816908,0.1125,-9.4
CC1(C)C=C2CCCCN2C(C(O)c2cccc(Cl)c2)=N1,51,0.898241431,0.108433735,-9.1
CC1(C)C=C2CCCCN2C(C(O)c2cccc(Cl)c2)O1,51,0.89980571,0.134146341,-9.2
CC1(C=Cc2ccccc2)OCCO1,52,0.712835819,1,-7.8
CC1(C=Cc2ccccc2)OCCOC1C,52,0.759566635,0.583333333,-8.3
CC1(C=Cc2ccccc2)C=CC2OCCOC21,52,0.742025801,0.463414634,-9.2
CC1(C=Cc2ccccc2)C=CC2=NCCOC2O1,52,0.813261223,0.404255319,-8.8
CC1(C=Cc2cccc(OCc3ccccc3)c2)OCCO1,52,0.833077838,0.585365854,-10
CC1(C=Cc2ccccc2)Oc2cccc(c2)O1,52,0.789889198,0.558823529,-9.2
CC1(C=Cc2ccccc2)OCc2cccc(c2)O1,52,0.803164278,0.525,-9
CCC(C=Cc1ccccc1)Oc1cccc(C2OCCO2)c1,52,0.779990762,0.283018868,-9.3
CCC(C=Cc1ccccc1)Oc1cccc(C2CO2)c1,52,0.719605057,0.264150943,-9.3
CC=C(C=Cc1ccccc1)OC1=NCCO1,52,0.588939051,0.326086957,-7.9
C=CC1(C=Cc2ccccc2)OCC(Cl)=CC1OCC,52,0.757416908,0.36,-8.1
C=CC1(C=Cc2ccccc2)N=C(Cl)OCC1OCC,52,0.775351912,0.320754717,-8.7
C=CC(OCc1ccccc1)=P(Cl)(OCC)OCC1CO1,52,0.507145467,0.206896552,-7.5
C=CC(C=Cc1cccc(Cl)c1)=NCC1COCCO1,52,0.778650605,0.180327869,-8.9
C=CC(CCc1cccc(Cl)c1)=NC1COCCO1,52,0.774699875,0.131147541,-8
C=CC(CCc1cccc(Cl)c1)=NCC1COCO1,52,0.748454087,0.111111111,-8.3
C=CC(CCc1cccc(Cl)c1)=NC1COCO1,52,0.765562189,0.114754098,-8.5
COc1ccc(C(C)=CCCBr)cc1,53,0.741586504,1,-7.3
COc1ccc(C=CCCN=O)cc1Br,53,0.604977832,0.211538462,-7.8
COc1cccc(C=C2CCCC2Br)c1,53,0.735048736,0.211538462,-8.5
COc1ccc(C=C2CCCC2Br)cc1,53,0.735048736,0.282608696,-8.7
COc1ccc(C=C2CCCC2=O)cc1,53,0.689171878,0.266666667,-8.2
COc1ccc(C=C2CCC=C2Br)cc1,53,0.780023148,0.288888889,-7.7
COc1ccc(C2=CCC(=O)C2Br)cc1,53,0.77003127,0.260869565,-8.3
COc1ccc(C2=CCC(=O)N=C2)cc1,53,0.734352498,0.234042553,-8.5
COc1ccc(C2=CCC(=O)C2)cc1,53,0.712133337,0.25,-8
COc1ccc(C2=CC(=O)SC2)cc1,53,0.742644471,0.244444444,-7.6
COc1cccc(C(CF)=NC=O)c1,53,0.540433423,0.265306122,-6.7
COc1ccc(C2=CC(O)SC2=O)cc1,53,0.826465217,0.288888889,-7.6
COc1ccc(C2=CC(O)SC2Br)cc1,53,0.848142372,0.288888889,-7.7
COc1ccc(C2=NCC(Br)S2)cc1,53,0.771975087,0.318181818,-7.1
COc1ccc(C=CBr)c(OC=O)c1,53,0.777490519,0.255319149,-6.6
CC(=O)OC1C(=Cc2ccco2)CCC2CCCCC21C,54,0.747407984,1,-9.6
CC(=O)OC1C(=Cc2ccccc2)CCC2CCCCC21C,54,0.718785301,0.703703704,-10.4
CC(=O)OC1C(=CO)CCCCC1C1CCc2ccccc21,54,0.503555985,0.314285714,-8.6
CC(=O)OC1C(=CO)CCCCC1CCc1ccccc1,54,0.513309915,0.323529412,-9.2
CCC(C)C(=O)C1(CCc2ccccc2)CCCCC1O,54,0.853275539,0.216216216,-8.7
CCC(C)C(=O)C1(CCc2ccccc2)CCCCCN1,54,0.851803318,0.184210526,-9.1
CCC1C(=O)CC(CCc2ccccc2)C1(CC)CO,54,0.859896927,0.12987013,-8.8
CCC1C(=O)CC(CCc2ccccc2)C(O)C1CC,54,0.890078589,0.118421053,-9.1
CCC1C(=O)C(C2CCCCC2)CC(CCSC)C1O,54,0.835829417,0.115384615,-6.6
CC=CC1CC(C2CCCCC2)CC(CC)(C=O)C1O,54,0.620035275,0.146666667,-8.2
CCCCC1=C(C2CCCCC2)CC(CC)(CO)C1=O,54,0.780836238,0.131578947,-7.8
CCCCC1=C(C2CCCCC2)CC(CC)(CO)C1O,54,0.715617938,0.118421053,-7.8
CCC1CC(C2CCCCC2)C(O)C(CCSC)C1=O,54,0.835829417,0.115384615,-6.5
Cc1ccc(S(=O)(=O)C=CCCl)cc1,55,0.748213915,1,-7.4
Cc1ccc(S(=O)(=O)C=CCCl)c(CCl)c1,55,0.792665525,0.567567568,-7.2
Cc1ccc(S(=O)(=O)C=CC=CCl)cc1,55,0.763891474,0.575757576,-7.9
Cc1ccc(S(=O)(=O)C=CCCCCl)cc1,55,0.599896965,0.696969697,-7.7
Cc1ccc(CS(=O)(=O)C=CCCl)cc1,55,0.763512721,0.588235294,-7.5
Cc1ncc(CS(=O)(=O)C=CCCl)cc1,55,0.763218836,0.404761905,-6.9
Cc1ncc(CCBr)cc1S(=O)(=O)CCl,55,0.801535458,0.204081633,-7.1
Cc1ncc(CCBr)cc1S(=O)(=O)Cl,55,0.635040724,0.1875,-7.1
CN(CCBr)S(=O)(=O)c1ccc(Cl)cc1,55,0.800452839,0.255813953,-6.7
CC(c1ccc(Br)cc1)S(=O)(=O)CCl,55,0.803388725,0.238095238,-7.6
CS(=O)(=O)C(CBr)c1ccc(Cl)cc1,55,0.804068651,0.209302326,-7.1
CN(C)S(=O)(=O)Cc1ccc(Br)cc1,55,0.845694968,0.19047619,-7.1
CN(C)C(=O)CS(=O)Cc1ccccc1,55,0.767048745,0.125,-6.8
O=S(CCCBr)C(=O)Cc1ccc(O)cc1,55,0.846578508,0.098039216,-6.8
CCNC(=O)CCC(=O)c1ccc(Br)cc1,55,0.844532954,0.12244898,-7.7
CC(C(=O)O)=C1CCCc2c(C)ccc(C)c21,56,0.749633112,1,-7.5
CC(C(=O)O)=C1CCCc2c(C)cccc21,56,0.73187025,0.621621622,-8.2
CC(C(=O)O)C1=CCc2c(C)ccc(F)c21,56,0.831653598,0.3125,-8.2
CC(C(=O)O)C1=CCc2c(C)cc(F)cc21,56,0.831653598,0.211538462,-8.4
CC(=C1CCCc2c(C)cc(F)cc21)C(C)N,56,0.787796341,0.3125,-7.8
CC(C)C1(C)CCCc2c(C)cc(F)cc2C1N,56,0.743945043,0.185185185,-8.5
CC(C)C1(I)CCCc2c(C)cc(N)cc2C1,56,0.35014089,0.188679245,-7.8
CC(C)C1(C)CCc2c(C)cc(F)cc2C1N,56,0.78803897,0.166666667,-8.6
CCOC1(c2c(C)cc(F)cc2C)CCC(N)C1,56,0.895099338,0.120689655,-7.6
CCOC1(C(N)CC)CCc2cc(F)ccc2C1,56,0.892749094,0.114754098,-8.2
CCOC1(C(N)=CCC)CCCc2cc(F)ccc21,56,0.899643762,0.142857143,-7.5
CCOCC1(C2C=Cc3cc(F)ccc3C2)CC1N,56,0.904201355,0.107692308,-9.2
CCOC1(c2cc(F)c3c(c2)CC(N)CC3)CCC1,56,0.909340169,0.126984127,-8.7
CCOC1CCC(c2cc(F)cc3c(N)ncn23)CC1,56,0.937458885,0.076923077,-9.1
CCCC1(CNc2c(F)cc(COC)cc2N)CCC1,56,0.743746656,0.090909091,-7.7
CCCC1(NC(N)c2cc(F)cc3c2OCC3)CCC1,56,0.813879735,0.104477612,-8.7
CCCC1(CNc2c(F)cc(OCCCN)cc2C)CC1,56,0.679982679,0.107692308,-7.9
CCCC1(CNc2c(F)cc(OCCCN)cc2Cl)CC1,56,0.671549265,0.073529412,-7.4
CCCC1(CNC2CC2)C=Cc2cc(F)cc(OCCCN)c21,56,0.68634942,0.067567568,-7.4
CCCC1(CNC2CC2)C=Cc2cc(F)cc(OCCCCl)c21,56,0.522854372,0.054054054,-7.1
CCCC1(CNC2CC2)C=Cc2cc(OCCCN)cc(Cl)c21,56,0.673542995,0.067567568,-8.1
CCCC1CC1C1C=C(NP(=O)(O)OCC2CC2)C=CC1Cl,56,0.510638113,0.082191781,-8.1
CCC1C=C(C2CC2)C=CC1Nc1ncc(Cl)c(OCP)n1,56,0.795317673,0.054054054,-8.4
CCC1(NC2CC2)C=CC(Oc2c(CN)cccc2Cl)=CC1,56,0.835349497,0.114285714,-8.6
O=C(O)CC=CC(=O)NCc1cccnc1,57,0.716745773,1,-7.7
O=C(O)CC=CC(=O)NCc1ccccc1,57,0.73411344,0.710526316,-8.1
O=C(O)CC=CC(=O)NCc1ccccc1OCF,57,0.736293473,0.470588235,-8.1
O=C(O)CC=CC(=O)NCc1ccc(F)cc1,57,0.761989009,0.581395349,-8.3
O=C(O)CC=CC(=O)NCc1ccc(Br)cc1,57,0.818070379,0.581395349,-8
O=C(O)CC=CC(=O)NCc1ccc(Br)cc1F,57,0.818849862,0.450980392,-8.2
O=C(O)CCN=Cc1ccc(Br)cc1NC(=O)C1CC1,57,0.78238773,0.161764706,-7.5
O=C(O)CN(Cc1ccc(Br)cc1)C(=O)C1CC=N1,57,0.895820579,0.177419355,-8
O=C(O)CN(CC=Cc1ccc(Br)cc1)C(=O)C1CC1,57,0.86776546,0.174603175,-9.3
CCOC(=O)CC(C)=CC(=O)NCc1ccc(Br)cn1,57,0.63712194,0.234375,-8.2
CC(=O)CCNCC=CC(=O)NCc1ccc(Br)cn1,57,0.556894414,0.333333333,-7.9
CC(=O)CCNCC=CC(=O)NCc1cc(Br)ccc1F,57,0.554700242,0.285714286,-8.2
CN(CCO)C(=O)C=Cc1ccccc1,58,0.749002025,1,-7.4
CN(CCO)C(=O)C=CCc1ccccc1,58,0.756774618,0.631578947,-7.7
CN(CCO)C(=O)C=CC=Cc1ccccc1,58,0.618756962,0.8,-8.3
CN(CCO)C(=O)C=CC(O)CCc1ccccc1,58,0.721129487,0.545454545,-7.9
CN(CCO)C(=O)C=CC(O)CCCc1ccccc1,58,0.705694359,0.52173913,-8.1
CCN(CCO)C(=O)C=CC(C)CCCc1ccccc1,58,0.709857278,0.365384615,-8.4
CCN(CCO)C(=O)C(C)CC=CCCCc1ccccc1,58,0.531209593,0.309090909,-8.6
CC(CC=Cc1ccccc1)C(=O)N(C)CCN(C)CCO,58,0.759724846,0.489361702,-8.3
CC(CCO)S(=O)(=O)C(C)CC=Cc1ccccc1,58,0.836220277,0.361702128,-8.1
CC(CCO)CC(=O)N(C)CC=Cc1ccccc1,58,0.819206011,0.446808511,-7.8
CC(CCO)C=CC(=O)N(C)CCc1ccccc1F,58,0.77862474,0.411764706,-8.3
CC(CCO)C=CC(=O)N(C)CCc1ccc(F)cc1,58,0.77862474,0.37254902,-8.4
CC(CCO)CCC(=O)N(C)CCC1=CC(F)CC1F,58,0.697868596,0.216666667,-7.7
CC(C)CCOC1CC(F)C(F)C1C=CC(C)O,58,0.745481497,0.064516129,-7.2
CC(C)CC(F)C(O)CC(=O)C1CCOCC1C,58,0.797193766,0.079365079,-7.7
CC(C)CC(F)CC(O)C(C)C1CCOCC1,58,0.77966574,0.052631579,-8
CCC(CC)CC(O)C(F)C1CC=CCC1[N+]#N,58,0.580835173,0.06557377,-7.7
CCC(C)CC(F)C(O)C1CCOC(C)C1C,58,0.807015141,0.048387097,-7.3
CCC(C)CC(F)C(O)C1CCOCCC1C,58,0.807006017,0.049180328,-7.7
CCC(C)CC(CCO)N(C)C1CCOCC1F,58,0.762617261,0.111111111,-7.1
CCC(C)CC(O)C1CCOCC1[N+](=O)[O-],58,0.574070051,0.064516129,-7.4
CCC(CC(O)C(C)[N+](=O)[O-])N1CCOCC1,58,0.545751788,0.06557377,-6.6
CCC(CCO)CN(C)C1CCCCC1[N+](=O)[O-],58,0.559352078,0.133333333,-7.3
CCC(CCO)CC(O)C1CCCCC1[N+](=O)[O-],58,0.540650879,0.098360656,-7.4
C(=Cc1ccccn1)c1ccncc1,59,0.71311533,1,-7.7
C(=Cc1ccccn1)CCCc1ccncc1,59,0.726180837,0.5,-8.2
C(=Cc1ccccn1)COCc1ccncc1,59,0.735146675,0.486486486,-7.7
C(=Cc1ccccn1)C=Cc1ccncc1,59,0.723717902,0.777777778,-8.5
C(C=Cc1ccncn1)=Cc1ccncc1,59,0.729167974,0.483870968,-8.2
C(C)(Nc1ccncn1)c1ccncc1F,59,0.857437898,0.166666667,-7.7
C(C)(C=Cc1ccncc1)C1CCCCO1,59,0.774657452,0.288888889,-8.1
C(C)(C=Cc1ccncc1)C1CCCO1,59,0.753203526,0.295454545,-7.9
C(C)(C=Cc1ccncc1)CCC1CCO1,59,0.754620226,0.282608696,-7.6
C(C)(C=CC1CCCN1)c1ccncc1F,59,0.792015756,0.145454545,-8.4
C(=Cc1ccncn1)CCCC1CCCO1,59,0.712723142,0.215686275,-7.5
C(=Cc1ccncn1)CNCC1CCCO1,59,0.757284819,0.211538462,-7.2
C(=Cc1ncccn1)COCC1CCO1,59,0.680944589,0.191489362,-6.4
C(=Cc1ncccn1)CNCC1CCCO1,59,0.757284819,0.18,-7.2
C(=Cc1nc(N)ccn1)CC1CCCO1,59,0.814478132,0.150943396,-7.5
O=CNC(Cc1cc(N)ccn1)=CC1CC1,59,0.729165775,0.127272727,-7.1
O=CNC(C)=CC1CCCNc2ccccc21,59,0.783664344,0.127272727,-8
OCC(Cc1cc(N)ccn1)=CC1CC1,59,0.731205067,0.137254902,-7.3
CCCn1cc(CC2C=CO2)c(N)n1,59,0.784452124,0.055555556,-6.5
CC1OC=CC1Cc1cc(N)ccn1,59,0.77253406,0.117647059,-7.3
CC1OC=CC1Cc1ccc(F)cn1,59,0.71864927,0.1,-7.4
COc1ccc(C=C2CS(=O)(=O)CC(=Cc3ccc(OC)cc3)C2=O)cc1,60,0.757570426,1,-8.9
COc1ccc(C=C2CS(=O)(=O)CC(=Cc3ccc(OC)cc3)C2=O)c(C)c1,60,0.737790053,0.75,-4.8
COc1ccc(C=C2CC(=O)C(=Cc3ccc(OC)cc3)CS2(=O)=O)cc1,60,0.754663469,0.585365854,-8.3
COc1ccc(C=C2CC(=Cc3ccc(OC)cc3)S(=O)(=O)CC2=O)cc1,60,0.754663469,0.585365854,-8.6
COc1ccc(C=C2CC(c3ccc(OC)cc3)CCCS2(=O)=O)c(=O)cc1,60,0.781021768,0.327272727,-9.4
COc1ccc(C=C2CC(c3ccc(C(C)C)cc3)CS(=O)(=O)C2)cc1,60,0.775999581,0.423076923,-10.8
COc1ccc(C=C2CCCC(=Cc3ccc(C)cc3)CS2(=O)=O)cc1,60,0.763293283,0.4375,-9.2
COc1ccc(C=C2CCC(=Cc3ccccc3OC)CS2(=O)=O)cc1,60,0.803446226,0.411764706,-8.4
COc1ccc(C=C2CCCC(=Cc3ccccc3)COC2=O)c(=O)cc1,60,0.605009829,0.339285714,-8.9
COc1ccc(C=C2CCCC(=Cc3cccc(C)c3)CS2(=O)=O)cc1,60,0.763293283,0.388888889,-9.8
Cc1ccccc1C=C1CC(c2ccc(OCCO)cc2)CS(=O)(=O)N1,60,0.845049928,0.194029851,-9.4
Cc1ccccc1C=C1CC(c2ccc(OC(C)C)cc2)CS1(=O)=O,60,0.795591424,0.216666667,-9.9
Cc1ccccc1C=C1CC(c2ccc(OC)cc2)CCCS1(=O)=O,60,0.798576004,0.293103448,-9.7
Cc1ccc(N2C(=O)CCC2=CC(=Cc2ccccc2)CO)cc1,60,0.922171499,0.142857143,-10.4
O=C1CC(=Cc2ccc(O)cc2)C(=O)C(=Cc2ccccc2)C1,60,0.858788689,0.340909091,-8.9
O=[N+]([O-])c1ccc(C=C2CCC(c3ccccc3)CC2=O)cc1,60,0.4757903,0.228070175,-10.1
NC1=CC(c2ccc(O)cc2)CC(=Cc2ccccc2)C1=O,60,0.83376966,0.236363636,-8.2
NC1CCC(c2ccc(OCc3ccccc3)cc2)C(=O)C1,60,0.939862762,0.155172414,-10.4
O=C1CCC(=Cc2ccc(O)cc2)C(=Cc2ccccc2)C1,60,0.876434709,0.270833333,-9.1
CCNC1CCC(c2ccc(OCc3ccccc3)cc2)C(=O)C1,60,0.870298149,0.161290323,-10.5
CCNC1CCC(c2ccc(OCc3ccccc3)cc2)C1,60,0.84624135,0.131147541,-10.1
CC(C)c1ccc(C2CCC(=CC3CO3)CC2)c(=O)[nH]1,60,0.676638425,0.15,-9.2
CC1CCC(C2CCC(=Cc3ccccc3)C(=O)O2)CC1,60,0.585694785,0.245283019,-9.8
CC1CCC(C2CNC(=Cc3ccccc3)C(=O)O2)CC1,60,0.668578026,0.192982456,-9.7
CC1CCC(C2CNC(=Cc3ccccc3)C2=O)CC1,60,0.830460593,0.2,-9.8
C(=Cc1cccs1)c1ccnnc1,61,0.723769177,1,-7.6
CC(=Cc1cccs1)c1ccncc1,61,0.721532028,0.365853659,-7.8
CC(=Cc1ccccc1)c1ccns1,61,0.721532028,0.191489362,-8.4
CC(=Cc1ccccc1N)c1ccns1,61,0.782275555,0.153846154,-8.2
C=CC(=Cc1ccccc1N)c1ccns1,61,0.645186808,0.148148148,-8.7
CC(N=Cc1ccccc1N)c1ccns1,61,0.651953879,0.145454545,-7.8
CC(N=Cc1ccccc1N)c1ccncc1,61,0.644700894,0.153846154,-8.2
CC(N=Cc1ccccc1N)c1ccncc1I,61,0.523216878,0.137931034,-8.6
CC=C(SCc1ccccc1N)c1ccncc1,61,0.841552191,0.169811321,-8.4
C=CC(=CN(C)S)c1ccnc2cccnc12,61,0.663553708,0.120689655,-7.3
C=CC(=CN(C)S)c1ccnc2ccccc12,61,0.654328082,0.122807018,-8
C=CC(=Cc1ccccc1S)c1ccncc1,61,0.628311819,0.156862745,-8.1
C=CC(=Cc1ccccc1N)c1ccncc1,61,0.638276278,0.156862745,-9.1
C=CC(=C)C(N)c1cncc2ccncc12,61,0.792831565,0.127272727,-7.6
C=CC(=Cc1ccccc1)C(N)c1ccncc1,61,0.826699985,0.176470588,-8.4
O=C(NCC(Br)=CBr)Nc1c(Cl)cccc1Cl,62,0.752436848,1,-7.7
O=C(NCC(Br)=CCl)Nc1c(Cl)cccc1Cl,62,0.815165066,0.783783784,-7.4
O=C(NC=C(Br)CBr)Nc1c(Cl)cccc1Cl,62,0.703874845,0.571428571,-7.6
O=C(NC=C(Br)CCl)Nc1cccc(Cl)c1,62,0.812761936,0.352941176,-7.9
O=C(NC=C(Br)CCl)Nc1ccc(Cl)cc1,62,0.812761936,0.326530612,-8.1
O=C(NCC(Cl)=CBr)Nc1ccc(Cl)cc1,62,0.868836319,0.444444444,-8.3
O=C(NCc1ccc(Br)cc1)Nc1ccccc1,62,0.890186195,0.285714286,-9
O=C(NCc1ccc(Br)cc1)Nc1ccccc1Cl,62,0.853421866,0.367346939,-9.4
O=C(NCc1ccc(Br)cc1)Nc1cccc(Cl)c1,62,0.853421866,0.326923077,-9.1
O=C(NCc1ccc(Br)cc1Cl)Nc1ccccc1,62,0.853421866,0.333333333,-9.1
O=C(NCc1ccc(Br)c(Cl)c1)Nc1ccccc1Cl,62,0.773463882,0.346153846,-9.6
O=C(NCc1ccc(Br)cc1Cl)Nc1ccccc1Cl,62,0.773463882,0.346153846,-9.4
O=C(NCCCF)Nc1ccc(Cl)cc1-c1ccccc1,62,0.785232396,0.25862069,-8.8
O=C(NCCCF)Nc1ccc(Cl)c2ccccc12,62,0.817512315,0.301886792,-9.2
O=C(NCCCc1ccc(F)cc1)Nc1ccc(Cl)cc1,62,0.797322744,0.254545455,-10
O=C(NCc1ccc(F)cc1)NCc1ccc(Cl)cc1Cl,62,0.870872931,0.236363636,-9.7
O=C(NCc1ccc(F)cc1)NCc1ccc(Cl)cc1,62,0.889840081,0.25,-9.4
N=C(NCc1ccc(F)cc1)C(=O)NCc1ccc(Cl)cc1,62,0.599089695,0.203703704,-9.6
O=NC(CCC(=O)NO)c1ccc2ccc(Cl)cc2c1,62,0.501997223,0.2,-9.7
C=C(F)CNC(=O)NCc1ccc2ccc(Cl)cc2c1,62,0.884581143,0.272727273,-9.7
CNc1c(F)cccc1CNC(=O)NCc1ccc(Cl)cc1,62,0.788931936,0.263157895,-9.5
CCC(=C(CC)c1ccc(C(N)=O)cc1)c1ccc(C(N)=O)cc1,63,0.79586061,1,-9.5
CCC(=C(C)c1ccc(C(=O)OC)cc1)c1ccc(C(N)=O)cc1,63,0.669662937,0.606060606,-9.4
CCC(=C(C)C)c1ccc(C(=O)NC)c(C(N)=O)c1,63,0.871814239,0.435897436,-8.6
CCC(=C(C)C)c1ccc(C(=O)OC)c(C(N)=O)c1,63,0.847141264,0.435897436,-8.2
CCC(CC)c1ccc(C(=O)OC(C)C)c(C(N)=O)c1,63,0.811324376,0.272727273,-8.5
CCC(=O)c1cc(C(C)=O)ccc1C(=O)NC(C)CC,63,0.811628538,0.266666667,-8.5
CCC(=O)C(C)(C)c1ccc(C(=O)NC)cc1CC,63,0.885545682,0.279069767,-8.4
CCC(C)(C)C(=O)Cc1ccc(C(N)=O)cc1CC,63,0.855538693,0.384615385,-8.4
CCC(C)(C)c1ccc(C(=O)NC)cc1CCCC#N,63,0.804664497,0.211538462,-8.2
CCC(C)(C)C(=O)Cc1ccc(C#N)cc1CCCC,63,0.734831999,0.18,-7.5
CCC(C)(C)C(=O)Nc1ccc(C)cc1CCCC#N,63,0.788328372,0.166666667,-8.2
CC(=O)C(C)(C)Cc1ccc(C)cc1C(=O)NCCCN,63,0.756392404,0.169811321,-7.5
CNC(=O)C(C)(C)Cc1ccc(C)cc1CCCC#N,63,0.808713481,0.150943396,-7.4
CC(=O)C(C)(C)Cc1ccc(C)cc1CCCC#N,63,0.722670091,0.156862745,-7.3
CC(=O)C(C)(C)Cc1ccc(Cl)cc1CCCC#N,63,0.725705401,0.153846154,-7.2
CC(=O)C(C)(C)Cc1ccc(C)cc1CCC#N,63,0.792298232,0.163265306,-7.3
CC(=O)C(C)(C)Cc1ccc(Br)cc1C#N,63,0.85008024,0.170212766,-7.6
CC=C(C)C(C)(C#N)Nc1ccccc1,64,0.759391964,1,-7.5
CC=C(C)C(C#N)(CC)Nc1ccccc1,64,0.774934669,0.605263158,-7.5
CC=C(C)C(C#N)Nc1ccccc1C,64,0.760011895,0.304347826,-7.5
C=CC(C)C(C#N)Nc1ccccc1CC,64,0.762649499,0.235294118,-7.1
C=CC(C)C(CC)Nc1ccccc1C#N,64,0.760459869,0.235294118,-7.3
C=C(C)C(C(C)C#N)Nc1ccccc1,64,0.757452966,0.372093023,-7.7
C=C(C)C(C#N)C(C)Nc1ccccc1,64,0.757452966,0.372093023,-7.5
CC(C)(N)C(C#N)Nc1ccccc1C,64,0.789814846,0.255319149,-7.3
CC(C)(N)C(CC=O)Nc1ccccc1C,64,0.74711621,0.192307692,-7.1
CC(C)(N)C(CC=O)Nc1ccccc1,64,0.72212133,0.282608696,-7.1
CCC(C)(N)C(C)Nc1ccccc1C,64,0.794601164,0.18,-7.8
CCC(N)C(C)Nc1ccccc1C,64,0.769009817,0.14,-7.3
C=C(N)C(CC=O)Nc1ccccc1C,64,0.719417669,0.188679245,-7.2
CN=C(N)C(C)Sc1ccccc1C,64,0.470574371,0.208333333,-7.4
CSC(N)=NC(C)c1ccccc1C,64,0.599233493,0.16,-7.4
CSC(N)=NC(C)C(C)c1ccccc1,64,0.630607984,0.1875,-7.5
CSC(C)(N)CC(C)N1C=CC=CCC1,64,0.747131129,0.06779661,-6.7
CSc1ccccc1CN1C=NC(C)CC1,64,0.747073104,0.101694915,-7.1
CSC(N)=NC(C)C(C)Cc1ccccc1,64,0.644567792,0.176470588,-7.6
CSC(N)=NC(C)C(O)Cc1ccccc1,64,0.61927588,0.173076923,-7.5
CCCCCC(=Cc1ccccc1)C1OCCCO1,65,0.705148498,1,-8.5
CCCCCCC(=Cc1ccccc1)C1OCCCO1,65,0.664652863,0.972972973,-8.3
CCCCCC(=Cc1ccc(Cl)cc1)C1OCCCO1,65,0.682247694,0.761904762,-8.4
CCCCCCC(=Cc1ccc(Cl)cc1)C(O)O,65,0.579528298,0.34,-7.8
CCCCCCC(=Cc1ccc(Cl)cc1)CCOC,65,0.524909753,0.314814815,-7.7
CCCCCC(N)Cc1ccc(Cl)cc1C=CO,65,0.570884448,0.19047619,-7.9
CCCCCC([NH3+])Cc1ccc(Cl)cc1OC,65,0.748225212,0.161290323,-7.4
CCCN(CCC=CC)Cc1ccc(Cl)cc1,65,0.644419753,0.152542373,-7.4
CCCN(CC)Cc1ccc(Cl)cc1C=CO,65,0.771885474,0.14516129,-7.3
CCCN(CCC=CC)Cc1ccc(Cl)cc1F,65,0.651072243,0.140625,-7.6
CCCN(CCC=CC)Cc1cc(Cl)ccc1O,65,0.747807803,0.161290323,-7.5
CCCN(CCC=CC)Cc1cc(F)ccc1Cl,65,0.651072243,0.142857143,-7.2
CCCN(CCC=CN)Cc1cc(Cl)ccc1F,65,0.820944457,0.125,-7.6
CCCN(C=C(C)N)Cc1cc(Cl)ccc1F,65,0.873601912,0.14516129,-7.4
CCCN(C=C(CC)OC)C1=CC(Cl)CC=C1,65,0.524536236,0.151515152,-6.6
CCCN(C=C(C)N)C1=CC(Cl)=CCC1OC,65,0.822049773,0.153846154,-6.9
C=CN(C=C(C)C)Cc1cc(C)cn1CCC,65,0.717314746,0.123076923,-7
CCCN(C=CCC(=C)N)C1C=C(C)OC1OC,65,0.755301197,0.164179104,-7
CCCN(C=C(C)C)C1C=C(C)CC(N)C1OC,65,0.764576146,0.151515152,-6.9
CCCN(C=C(C)C)C1C=C(CCN)OC1OC,65,0.756577429,0.166666667,-7
CCCN(C=C(C)C)C1C=C(C)CC(CCN)O1,65,0.73846715,0.184615385,-7.3
CCCN(C=C(C)C)C1C=C(C)CC(C=N)C1,65,0.564796236,0.15625,-6.9
CCCN(C=C(C)C)C1C=C(C)OC(CCN)C1,65,0.789415759,0.166666667,-7.1
CCC=CC(CCN)C1C=C(C)OC(NC=C)C1,65,0.682970017,0.144927536,-7.2
CCCN(C=C(C)CCN)C1C=C(C)OC1CC=C,65,0.684217485,0.176470588,-7
CCCNCC1C=C(C)CN(C=S)C1OCCC=CC,65,0.401266286,0.169014085,-6.9
COC1CCC(C=C(C#N)C2CCC(OC)CC2)CC1,66,0.7330123,1,-8.5
COC1CCC(C=C(C#N)C2CCC(OC)CC2)CC1OC,66,0.729780987,0.75,-8.4
COC1CCC(C=C(C#N)C2CCC(CCO)CC2)CC1OC,66,0.76109977,0.511111111,-8.4
COC1CCC(C=C(Cc2ccc(C#N)cc2)CCO)CC1,66,0.816315877,0.4,-8.2
COC1CCC(C=C(C#N)C2CCC(=CO)CC2)CC1OC,66,0.631820872,0.488888889,-8.6
COC1CCC(C=C(C)C(N)CCc2ccc(OC)cc2)CC1,66,0.769842793,0.320754717,-9.4
COC1C(N)CCC1CC(=NO)c1ccc2c(c1)CCCC2,66,0.51034299,0.125,-9.9
COC1C(N)CCC1CC(=Nc1ccc2c(c1)CCC2)CCO,66,0.793040913,0.119402985,-8.5
CC1CC(N=C(N)C(=O)O)CCC1c1ccc2c(c1)CCC2,66,0.651105548,0.074626866,-10.6
CC1CC(N=C(N)CCC2CCc3cc(CO)ccc32)CCO1,66,0.648119225,0.067567568,-10.2
CC1CC(N=C(N)CCC2CCc3cc(OC=O)ccc32)CCO1,66,0.494263096,0.090909091,-10
CC(CC1OC1c1ccc2c(c1)OCCC2=NO)C(=O)CF,66,0.515538366,0.068493151,-8.8
CC(=O)OC1CCC(C=C(N)c2ccc3c(c2)CCC3)CC1F,66,0.867541835,0.169230769,-10.7
CC(=O)CC1CCC(C(N=O)c2ccc3cc(OC)ccc3c2)C1,66,0.698187072,0.104477612,-9.2
CC(=O)CC1CCC(C(N=O)c2ccc3c(c2)CCC3)CC1Cl,66,0.562835398,0.086956522,-8.8
CC(=O)CC1CCC(N=C(N)c2ccc3c(c2)OCC3)C(F)C1,66,0.68561,0.067567568,-9.3
CC(=O)CC1CCCC(N=C(N)c2ccc3c(c2)CCC3F)C1,66,0.676615568,0.068493151,-10.4
CC(=O)CC1CCCC(N=C(N)Nc2ccc(C)c(F)c2)CC1,66,0.503895828,0.085714286,-8.5
CCC(=CCO)c1ccccc1,67,0.723508897,1,-7
CCC(=CCCO)c1ccccc1,67,0.747528751,0.714285714,-7.5
CCC(=CCCO)c1ccccc1OCCO,67,0.762968073,0.365853659,-7.2
CCC(=CCCO)c1cccc2ccccc12,67,0.834574755,0.384615385,-8.7
CCC(=CCCCO)c1cccc2ccccc12,67,0.767637955,0.365853659,-8.8
CCC(=CCC(O)c1ccccc1)c1ccccc1,67,0.823916443,0.575757576,-8.8
CCC(=CCC(=CCO)c1ccccc1)C(C)CC,67,0.694120207,0.6,-8.2
CCC(=CCC(=CCO)c1ccccc1)C(C)(C)C,67,0.749577672,0.617647059,-8.6
CCC(=CC=C1CCCN1CCO)c1ccc(C)cc1,67,0.881116425,0.285714286,-8.3
CCC(=CC=C1CCCN1CCCO)c1ccc(C)cc1,67,0.848431433,0.274509804,-8.4
CCC(C)C(=CC=CCCCO)c1ccc(C(C)C)cc1,67,0.489160593,0.2,-8.5
CCC(C)C(=CC=CCCCO)c1ccc(C(C)(C)C)cc1,67,0.502456763,0.192307692,-8.9
CCC(C)C(=CC=CCCC(C)CCCO)c1ccc(C)cc1,67,0.51196867,0.185185185,-8.6
CCC(C)C(=CC=CCCC(C)C)c1ccc(C#N)cc1,67,0.563852613,0.169811321,-8.6
CCC(C)C(=CC=CCCC(C)C)N=Cc1ccc(CO)cc1,67,0.472275009,0.160714286,-8.5
CC(C)C(=CC=NN(C)CCCF)c1ccc(C(C)C)cc1,67,0.480174143,0.145454545,-8.6
CC(C)C(=CC=C(C)CCCF)N=Cc1ccc(C#N)cc1,67,0.502336455,0.118644068,-8.4
CC(C=CCCC(C)C)=CC=NN(C)c1ccc(CO)cc1,67,0.434477009,0.145454545,-8.7
CC(C=CCN(C)CCCC(=O)CC(C)C)c1ccccc1,67,0.585126482,0.185185185,-8.5
CC(C=CCN(C)CCc1ccc(C(C)C)cc1)=CCCO,67,0.692023012,0.163636364,-8.7
CC(C=CCC(C)(C)C)=NN(CCO)c1ccccc1,67,0.63145873,0.224489796,-7.7
CC(C(=O)C=Cc1ccc(C(C)C)cc1)=C1CCCN1,67,0.835462576,0.109090909,-9.7
CC(C(=O)CC=C(C)C)N(CCO)CCc1ccccc1,67,0.710694227,0.24,-8.1
CC(C(=O)CC=C(C)C)N(CCO)c1ccccc1,67,0.767265397,0.255319149,-7.5
CC(=CCC(=O)N(C)CCc1ccccc1)C1CCC1,67,0.7201799,0.211538462,-9
CC(=CCC(=O)NCCCCc1ccccc1)C(C)C,67,0.560075163,0.22,-8.7
CC(C)(O)CC=Cc1ccccc1,68,0.75044046,1,-7.7
CC(C)(O)CC=Cc1ccccc1C=O,68,0.765467318,0.575757576,-8.4
CC(C)(O)CC=Cc1ccccc1CC=O,68,0.771240599,0.513513514,-8.5
CC(C)(O)CC=CCc1ccccc1CC=O,68,0.604547078,0.472222222,-8.7
CC(C)(O)CC=CCc1ccccc1C(=O)F,68,0.629866244,0.425,-9.1
CC(C)(O)CC(F)C=Cc1ccccc1C(=O)O,68,0.846731367,0.333333333,-8.9
CC(C)(O)CC(C)C=Cc1ccccc1C(=O)F,68,0.810504912,0.304347826,-9.1
CC(C)(O)C(=O)CC=Cc1ccccc1C(=O)F,68,0.816901167,0.318181818,-9
CC(C)(O)C(=O)CC=Cc1ccccc1C(=O)CF,68,0.80337126,0.304347826,-8.8
CC(C)(O)C(=O)CC=Cc1ccccc1C1CC=CCC1,68,0.820526561,0.264150943,-9.7
CC(C)(O)C(=O)CC=Cc1ccccc1C1CC=CC1,68,0.824787409,0.291666667,-9
CC(C)(C)C(=O)CC=Cc1ccccc1C=CCO,68,0.873797012,0.317073171,-8.8
CC(C)(C)C(=O)CC=Cc1ccccc1C1CC1,68,0.754797037,0.282608696,-8.9
CC(C)(CC=O)CC(=O)c1ccccc1C=CCF,68,0.552100349,0.291666667,-7.5
CC(C)(CC#N)CC(=O)c1ccccc1C=CC,68,0.723583512,0.270833333,-7.5
C#CC(C)(C)C(=O)Cc1ccccc1C=CCC,68,0.713746747,0.270833333,-7.5
C#CC(C)(C)C(=O)CC=Cc1ccccc1C,68,0.716469314,0.282608696,-8.5
C#CC(C)(C)C(=O)CC=Cc1ccccc1,68,0.699640021,0.473684211,-8.1
CC(C)(C#N)CCCC=C1CC=CC=C1CCO,68,0.721130331,0.142857143,-8.2
CC(C)(C#N)CC=Cc1cccc(CCO)c1,68,0.842374106,0.386363636,-8.3
CC(C)(C#N)CC=CC=C1C=CC=C(CCBr)C1,68,0.649734277,0.160714286,-8.6
CC(C)(CC#N)CC=CC=C1C=CCC(S)=C1Br,68,0.697517477,0.185185185,-8.1
CC(C)(CCCC=O)CC1C=CC=C(C#N)CC1Br,68,0.4081044,0.114754098,-7.7
CC1C(c2ccccc2)CC([O-])=C1C=CCCCBr,68,0.590124191,0.235294118,-8.5
CC(C)OC(=O)C1CC([O-])CC1c1ccccc1,68,0.765971083,0.156862745,-8
CC12CC(=O)C3C(CCC4CC(O)CCC43C)C1CCCC2=CCO,69,0.708556811,1,-7.4
CC12CC(=O)C3C(CCC4CC(O)CCC43C)C1=CCC2=O,69,0.699715651,0.409090909,-6.2
CC12CC(=O)C=C(CCC3CCCC3O)C1=CCC2=CCO,69,0.784666893,0.269230769,-9.4
CC12CCC(=O)C(CCC3CCCC3O)=C1CCCC2=CCO,69,0.777185825,0.310810811,-10
CC1CC(=O)C2=C(CCCC2CCC2OCCC2=O)C1=CCO,69,0.865498643,0.227848101,-8.8
CC1CCC2=C(CCCC2C2CCCC2=O)OCCC1=CCO,69,0.777499038,0.24,-4.6
CC1CCC2=C(CCCC2CCC2CCCC2=O)OC1=CCO,69,0.829129162,0.243243243,-9.4
CC1CC(=O)C(CCC2CCCC2=CCO)=CCC1=CCO,69,0.766005031,0.223684211,-9.1
CC1CC(=O)C(CCC2CCCC2=CCO)=CCC1(C)O,69,0.782537456,0.246753247,-8.9
CC1CCC2=C(CCCC2CCCO)C1(C)CCCNC(=O)O,69,0.481993385,0.185185185,-7.5
CC1CCC2=C(CCC(=O)C2CCCO)C1(C)CCCN=CCO,69,0.406036857,0.227848101,-7.1
CC1CCC2=C(CCCC2=O)C1(C)CCC1CCCN1CCO,69,0.839595467,0.2,-8.1
CCCCC1CCC2=C(CCCC2=O)C1(C)CCCN=CCO,69,0.529285711,0.227848101,-8.2
CCOC(=O)CCC1CC(O)CCC1=CC=C1CCCN1CC,69,0.761689588,0.207317073,-7.6
CCCCC1CCC2C(CCCN2CCO)C1(C)CCC(=O)O,69,0.716518185,0.168674699,-7.2
CCCCCCN1C(=O)C(=CC[NH+]2CCCC2=O)CC1(C)O,69,0.535791016,0.170731707,-8.7
CCCCCCN1C(=O)C(=CC[NH+]2CCCC2F)CCC1(C)O,69,0.425410297,0.188235294,-8.1
CCCCCCN1C(=O)C(=CC[NH+]2CCCC2F)CC1(C)O,69,0.423976244,0.178571429,-8.8
CCC1CCC(=O)C(CCC[NH+]2CCCC2F)C1=CC(C)O,69,0.582144894,0.152941176,-8.9
CCC(C)C1C(=O)OC(=CC[NH+]2CCCC2F)C1CCCO,69,0.552349995,0.16091954,-8.4
CCC1CCC(=O)N(CCC[NH+]2CCCC2F)C1=CC(C)O,69,0.725393674,0.136363636,-8.3
CCC(C)C1C(=O)OC(O)C1N1CCCC1CCCF,69,0.760189298,0.129411765,-7.6
CCC(C)C1C(=O)OC(O)C1N1CCCC1(F)F,69,0.620190618,0.151898734,-7.6
CCC(C)C1C(=O)OCC(F)C1CCCN1CCC1,69,0.695577213,0.095238095,-7.6
CCC(C)C1C(=O)OCCN1CCCC(F)=CCO,69,0.719639548,0.144578313,-7.5
CCC(C)N1CC(F)CCC1CCC(=O)[O-],69,0.710502559,0.088607595,-6.9
CCNC(=O)C(=Cc1ccccc1)NC(C)=O,70,0.768670362,1,-7.1
CCCC(=O)C(=Cc1ccccc1)NC(C)=O,70,0.791414186,0.641025641,-8.3
CC(=O)C(=Cc1ccccc1)NC(=O)NC(C)C,70,0.800947016,0.454545455,-7.9
CC(=O)C(=CC1CC1)NC(=O)Nc1ccccc1,70,0.799909052,0.294117647,-8.4
CC(=O)C(=CC1CC1)NC(=O)Nc1ccccc1OC,70,0.811142877,0.24137931,-8.8
CC(=O)C(=CC(C)C)C(NCc1ccccc1)NC(C)=O,70,0.598175534,0.277777778,-8.5
CC(=O)C=CC(C)CCc1ccccc1NC(=O)NC(C)=O,70,0.792949843,0.327272727,-8.8
CC(=O)C=C(C)CCC1NC(=O)c2ccccc2NC1CC(C)C,70,0.777691142,0.1875,-9.5
CC(=O)C1CC=CCC1C(Cc1ccccc1)NC(=O)NC(C)C,70,0.785588759,0.213114754,-8.1
CC(=O)C1=CC=CC1C(NC(=O)Nc1ccccc1)C(C)C,70,0.873299537,0.2,-9.5
CC(=O)C1CC=CC=C1NC(=O)NC(C)c1ccccc1,70,0.892264519,0.196721311,-9.6
CC(=O)C(C)=CC=C(NC(=O)NC1CC1)c1ccccc1,70,0.64474266,0.254545455,-9
CC(=O)C(C)=CC=C(NC(=O)c1ccccc1)C1CC1CC,70,0.639501652,0.280701754,-8.7
CC(=O)C1SC1C=C(NC(=O)Cc1ccccc1)C(C)=O,70,0.643740836,0.296296296,-8.7
CC(=O)C1SC1C=C(NC(=O)c1ccccc1)C(C)=O,70,0.664638833,0.283018868,-8.6
C=C(C)C(=O)SC(C(N)=O)c1ccc(CC2C=CCC2)cc1,70,0.644791021,0.132352941,-10.1
CC(=O)C(S)CC=C(c1ccc(OC)cc1)NC(=O)C=O,70,0.45610481,0.2,-7.1
CC(=O)C1C=CC=C(c2ccc(SC)cc2)NC1=O,70,0.680004671,0.15,-8.6
NC(=O)C1C=CC=C(SC(=O)c2ccccc2)NC1=O,70,0.817543232,0.166666667,-9.6
NC(=O)C(C(=O)c1ccc(-c2ccccc2)cc1)N=O,70,0.511520053,0.176470588,-9.6
NC(=O)C(C(=O)c1ccc(-c2ccccc2)cc1)SN,70,0.499816967,0.173076923,-9.4
NC(=O)CNC(=O)c1ccc(-n2ccccc2=O)cc1,70,0.822436935,0.196428571,-9
NC(=O)CNC(=O)c1ccc(-n2ccnc2CO)cc1,70,0.687307483,0.14516129,-8.2
NC(=O)CNC(=O)c1ccc(-n2cccc2)c(F)c1,70,0.854838076,0.169491525,-8.6
CNC(=O)CNC(=O)c1cccc(C(C)=NO)c1F,70,0.421263436,0.210526316,-9.1
CC(=O)NC(=Cc1ccccc1)C(=O)NCC(C)C,71,0.794806798,1,-7.8
CC(=O)NC(=Cc1ccccc1)C(=O)NCC(C)C(C)C,71,0.790434956,0.8,-8.6
CC(=O)NC(=Cc1ccccc1)C(=O)NCC(Cl)C(C)C,71,0.626570164,0.761904762,-8.5
CC(=O)NC(=Cc1ccccc1)C(=O)Nc1cccc(C)c1,71,0.851235831,0.520833333,-9.7
CC(=O)NC(=Cc1ccccc1)C(=O)Nc1cccc(Cl)c1C(C)C,71,0.77024859,0.529411765,-9.5
CC(=O)NC(=Cc1ccccc1)C(=O)Nc1cccc(Cl)c1C,71,0.83941278,0.5,-9.5
CC(=O)NC(=Cc1ccccc1)C(=O)Nc1cccc(Cl)c1,71,0.849127485,0.510204082,-9.6
CC(=O)NC(=Cc1ccccc1)C(=O)Nc1ccccc1Cl,71,0.849127485,0.543478261,-9
CC(=CC(Cc1ccccc1)C(=O)NO)C(=O)NCC(C)(C)Cl,71,0.309073063,0.278688525,-8.8
CC(=CC(=O)Nc1ccccc1)C(=O)NCC=CC(C)(C)Cl,71,0.479978104,0.271186441,-8.9
CC(=O)C(=Cc1ccccc1)C(=O)NCC=CC(C)(C)C,71,0.390021205,0.384615385,-9
CCC(=Cc1ccccc1)C(=O)NCC(=O)NC(C)(C)C,71,0.817936615,0.358490566,-9.1
CCC(Cc1ccccc1)C(=O)NCC=CC(=O)NC(C)C,71,0.724738407,0.288135593,-8.6
CCC(CC=Cc1ccccc1)C(=O)NCC(=O)NC(C)C,71,0.775528951,0.310344828,-8.9
CCC(CC=Cc1ccccc1Cl)C(=O)NCC=C(C)C,71,0.716683837,0.238095238,-9.5
CCC(CCc1ccccc1Cl)C(=O)NCC=CC(C)=O,71,0.746427284,0.258064516,-8.4
CCC(CCc1ccccc1Cl)C(=O)NCC=CC(C)C,71,0.697180052,0.238095238,-9.1
CCC(CCc1ccccc1Cl)C(=O)NCC=C(C)C,71,0.7426886,0.245901639,-8.7
CCC(=CC=Cc1ccccc1Cl)C(=O)NC(C)C,71,0.63375682,0.254237288,-8.8
CC(C)N(C(=O)C=CC(=O)N(C(C)C)C(C)C)C(C)C,72,0.702878983,1,-7.2
CC(C)N(C(=O)C=CC(=O)N1C(C)CCCC1C)C(C)C,72,0.747926625,0.533333333,-9.1
CC1CCC(C)N(C(=O)C=CC(=O)N(C(C)C)C(C)C)C1,72,0.748097622,0.484848485,-8.4
CCC(C)N(C(=O)C=CC(=O)N(C(C)C)C(C)C)C1CC1,72,0.677303858,0.551724138,-7.6
CCCC1(C(=O)N(C(=O)C(C)C)C(C)C)C=CC(N)S1,72,0.792254287,0.23255814,-6.4
CCCC1(C(=O)N(C(=O)C(C)C)C(C)C)C=CCS1,72,0.726867682,0.209302326,-6.3
CCCC1(C(=O)N(C(=O)C(C)C)C(C)C)CCCS1,72,0.775914418,0.214285714,-6.7
CCCC1(C(=O)N2C(=O)CCCC2C(C)C)CCCS1,72,0.743827955,0.153846154,-6.8
CCC1CCCC(C(=O)N2CCCC(SCC)C(C)C2)N1,72,0.864369456,0.113207547,-6.8
CCC1CCCC(C(=O)N2CCCC(SCC)C2CC)C1,72,0.731603495,0.12,-8.7
CC1CCCC(C(=O)N2C(=O)C=CC2C(C)CS)CC1,72,0.493462801,0.156862745,-9.4
CC1CCCC(C(=O)N2C(=O)C=CC2C(C)CS)CCC1,72,0.640239757,0.163265306,-8.8
CC1CCCN(C(=O)CSC(=O)C(C)C)C=CC(CCN)C1,72,0.843271913,0.148148148,-7.1
CC1CCCC(C(=O)CSC(C(C)C)N(C)C(N)=O)=CC1,72,0.764367071,0.173076923,-8.8
CC1CCSC(CC(=O)N(C(C)C)C(C)(C)CO)=CC=C1,72,0.843166645,0.2,-7.2
CC1CCSC(CC(=O)N(C(C)C)C(C)(C)C(N)=O)=C1,72,0.848056432,0.212765957,-8.3
CC1CCSC(CC(=O)N(C(C)C)C(C)(C)C(N)=O)=CC1,72,0.848687084,0.204081633,-8.1
CC1CCSC(CC(=O)N(C(C)C)C(C)C)(C(C)=O)C=C1,72,0.726891258,0.255813953,-6.6
CC1CCCC(CC(=O)N2C=CC(C(C)C)=CC2)(N(C)C)P1,72,0.734630673,0.163636364,-7.8
CC1CCCC(CC(=O)N(C(C)C)C(C)C)(S(C)=O)C=C1,72,0.728354645,0.25,-6.2
COC1CCC(C(C#N)=CC2CCC(N(C)C)CC2)CC1,73,0.73961848,1,-8.7
COC1CCC(C(C#N)=CC2CCC(C(=O)O)CC2)CC1,73,0.804291373,0.682926829,-9.1
COC1CCC(C(C)=CC2CCC(C(=O)O)CC2)CCC1,73,0.616476952,0.38,-10
COC1CCC(C(C)=CC2CCC(C(=O)O)CC2)CCC1C,73,0.60640898,0.277777778,-9.5
COC1CCC(C(C)=CC2CCC(C(=O)O)CC2)CCC1C1CC1,73,0.564763181,0.267857143,-10.3
COC1CCC(C(N)=CC2CCC(c3ccccc3)CC2)CC1,73,0.847883425,0.358490566,-10.3
COC1CCC(C(N)=CC2CCC(C(=O)O)CC2)CC1(C)C,73,0.832540222,0.263157895,-7.3
COC1CCC(C(C)=CC2CCC(C(=O)O)CC2)CC1(C)C,73,0.767968599,0.267857143,-8
COC1CCC(C(C)(C)CC2CCC(C(=O)O)CC2)CC1,73,0.812242206,0.259259259,-8.7
COC1CCC(C(C)=CC2CCC(C(=O)O)CC2)CC1C,73,0.787374607,0.272727273,-9
COC1CCC(C(C)=CC2CCC(C(=O)O)CC2)CC1,73,0.79083909,0.413043478,-9.8
COC1CCC(N(C)CC2CCC(C(=O)O)CC2)CC1,73,0.84264991,0.36,-8.8
COC1CCC(N(C)CCC2CCC(C(=O)O)CC2)C1,73,0.814102066,0.333333333,-8.4
C=C(CC1CCC(C)(C)CC1)C(=O)NCN(C)C,73,0.602575771,0.131147541,-8.2
C=C(C=C1CCC(C)(C(=O)O)CC1)N(C)C,73,0.799286628,0.101694915,-7.5
C=C(CCC1CCC(C)(O)CC1)C(=S)N(C)C,73,0.616438803,0.13559322,-7
C=C(CC1CCCCC1(C)O)C(=S)N(C)C,73,0.606929866,0.133333333,-7.2
C=C(CCC1CCCCC1(C)O)C(=S)N(C)C,73,0.616438803,0.129032258,-7.3
C=C(CCC1CCC=C(C)C1(C)C)C(=O)[S-],73,0.420348287,0.075757576,-8.4
C=C(CC(O)C(=O)[O-])CCC1CCC(C)N1Cl,73,0.567625715,0.073529412,-7.8
C=C(CCC1CCC=C(C)N1C)C(=O)O,73,0.722711022,0.076923077,-7.6
C=C(CC(=O)[O-])C(Cl)CCC1CCC(C)=N1,73,0.525847019,0.072463768,-7.6
C=C(CC(=O)[O-])C1CCC(C)=CN1C,73,0.620464376,0.078125,-6.7
C=C(CC(=O)[O-])C1CCC(C)=CN1Cl,73,0.523995428,0.076923077,-7.1
C=C(CC(O)C(=O)O)C1CCC=C(C)N1,73,0.60747768,0.075757576,-7.2
C=C(CC(O)C(=O)[O-])C1CCC(C)=N1,73,0.625425407,0.078125,-6.7
C=C(CCC1CCC=C(Cl)C1)C(C)=NN,73,0.444260263,0.074626866,-7.9
CC=CC=CC1=C2C(=O)N(c3ccccc3)N=C2CC(C)O1,74,0.799512315,1,-8.3
CC=CC=CC1=C2C(=O)N(c3ccccc3)NC2CC(C)O1,74,0.87149113,0.525423729,-8.9
CC=CC=CC1=C(C(=O)O)N2N=CC=CC2OC(C)CC1=O,74,0.80683312,0.305555556,-8
CCC=CC1=CC2C(=O)C=C(OCc3ccccc3)N2CC1CC,74,0.784411387,0.192307692,-9.8
CCC=CC1=CC(C(=O)O)N2N=C(CC)CCCC2OC1=O,74,0.807127829,0.205128205,-8.7
CCC(=CC=C1C(=O)N2C=CC=CC2OC1CC)C(=O)OC,74,0.591191786,0.120481928,-8.6
CCC=CC1=CC(C(=O)O)(n2ncccc2=O)CC1CC,74,0.90233963,0.179487179,-8.1
CCC=CC1=CC(C(=O)O)(n2ccccc2=O)CC1CC,74,0.905427972,0.184210526,-8.6
CCC1=CC(=CCOc2ccccc2C=C(CC)CC)C(=O)C1,74,0.621138629,0.126582278,-9.1
CCC1=CC(C=Cc2ccccc2OCCC(=O)[O-])(CC)C1=O,74,0.73947405,0.1375,-9.1
CCC1=CC(=CCOc2ccccc2C=NC2CC2)CC1=O,74,0.746960166,0.135802469,-8.9
CCC1=CC(=CCOc2ccccc2C=NN(C)CC)C(=O)C1,74,0.438834056,0.120481928,-8.6
CCC1=CC(=CCOc2ccccc2C=NS(C)=O)CC1=O,74,0.757892482,0.12345679,-9
CCC=CC(=CC(C(=O)O)N1C(=O)C(CC)(CC)C1)SC,74,0.551785997,0.115384615,-7.7
CCC=CC(=CC(C(=O)O)N1CCCC1)Sc1cccc(C)n1,74,0.606423776,0.134146341,-7.5
CCC=CC(=CC(=O)Oc1ccccc1C1N=NC(C)=N1)SC,74,0.329094744,0.117647059,-8.8
N#Cc1cnn(-c2ccc(Cl)nn2)c1N,75,0.766192824,1,-7.3
N#Cc1cnn(-c2ccc(Cl)nn2)c1C#N,75,0.730459085,0.710526316,-6.8
NCc1cn[nH]c1-c1ccc(Cl)c(I)c1,75,0.830450874,0.13559322,-7.7
NCc1cn[nH]c1-c1ccc(I)c(N)c1,75,0.583110834,0.118644068,-7.6
Cc1cc(CN)c(-c2cnnn2C)cc1I,75,0.856346852,0.096774194,-7.1
Cc1cc(CN)c(-c2cnnn2CCC#N)s1,75,0.891020911,0.138461538,-6.8
Cc1cc(CN)ccc1-c1cnnn1CCC#N,75,0.881636667,0.15625,-7.5
Cc1cc(CN)c(-c2cnnn2CCC(C)C)[nH]1,75,0.849335577,0.089552239,-7.6
Cc1cc(CN)cc(-c2cncn2C(C)C)n1,75,0.879764724,0.095238095,-7.6
Cc1cc(CN)cc(-c2cnnn2C(C)C)n1,75,0.872264008,0.095238095,-7.7
Cc1cc(CN)n(C(C)c2cccs2)c1N,75,0.85848339,0.112903226,-7.5
Cc1cc(CN)n(C(C)c2ccnn2C)n1,75,0.837109673,0.112903226,-7
CC(C)c1cc(Cc2cccs2)n(C(=N)N)n1,75,0.646659747,0.090909091,-8.2
CC(C)c1cc(Cc2cccs2)nnc1N,75,0.88651226,0.116666667,-7.7
CC(C)c1c(CN)nnn1C(=S)NCC1CC1,75,0.783315256,0.075757576,-6.9
CC(C)c1c(CN)nnn1C(=O)CCC1CC1,75,0.843878966,0.09375,-7.5
CC=CCc1n[nH]c(=O)c2c(C)[nH]nc12,76,0.718455609,1,-7.9
CC=CCc1n[nH]c(=O)c2c(C)n[nH]c12,76,0.718455609,0.6,-8
CC=CCSc1n[nH]c(=O)c2c(C)n[nH]c12,76,0.627042588,0.395833333,-7.8
CCSCCc1n[nH]c(=O)c2c(C)noc12,76,0.81880822,0.301886792,-7.3
CC=CCSc1n[nH]c(=O)c2c(C)noc12,76,0.651577685,0.37254902,-7.7
CCC(CC)c1ccc(S)c2c(C)n[nH]c12,76,0.770196686,0.163636364,-7.6
CCC(CC=O)c1ccc(S)c2c(C)n[nH]c12,76,0.644215948,0.183333333,-7.7
CCC=CSc1ccc(C)c2c(CC)n[nH]c12,76,0.807349755,0.232142857,-7.9
CCC=CSc1n[nH]c(=O)c2c(C)coc12,76,0.83236989,0.290909091,-7.9
CCCCCSc1n[nH]c(=O)c2c(C)noc12,76,0.654436333,0.25,-7.6
CCCCCSc1ccc(S(=O)CC)c2ccoc12,76,0.54060796,0.059701493,-7.4
CCSc1ccc(S(=O)(=O)CC)c2cc[nH]c12,76,0.867791588,0.084745763,-7.1
CCC(c1ccccc1)c1c(C)n[nH]c1S(=O)[O-],76,0.861574465,0.152542373,-8.5
CCC(c1ccccc1)c1c(C)n[nH]c1S(=O)CC,76,0.909542913,0.152542373,-7.7
CCSc1cccc(C(CC)=NNC(C)=O)c1CC,76,0.490445462,0.060606061,-7.3
CCNCC(C)c1cccc(S(=O)(=O)CC)c1CC,76,0.836712284,0.080645161,-6.8
CCNCCC(C)S(=O)(=O)c1cccc(OC)c1CC,76,0.749057046,0.058823529,-7.1
CC(C)Cc1ncnc2n[nH]nc12,77,0.741037055,1,-7.2
CC(C)Cc1ncnc2n[nH]c(Br)c12,77,0.895338303,0.512820513,-7.5
CC(C)Cc1ncnc2n[nH]cc12,77,0.75488084,0.540540541,-7.5
CC(C)c1ncnc2n[nH]c(C)c12,77,0.720189176,0.30952381,-7.8
CC(C)c1nccnc1CN1CC=CN1,77,0.808421437,0.196078431,-7.1
Cc1ccncc1Cc1ncn(C)n1,77,0.708685093,0.111111111,-7
Cc1ccnc(C#N)c1CC(C)C,77,0.690166096,0.239130435,-7
Cc1cnc(C#N)cc1CC(C)C,77,0.690166096,0.239130435,-7.2
Cc1cnc(CC(C)C)cc1C#N,77,0.690166096,0.239130435,-7.1
CC(C)Cc1ncc(CCN)cc1Br,77,0.899762446,0.311111111,-7.1
Cc1cnc(C#N)cc1CC(C)C(C)C,77,0.75480547,0.204081633,-7.7
Cc1cnc(C#N)cc1Cc1cnccn1,77,0.755523121,0.109090909,-7.2
Cc1cnc(C#N)cc1Cc1cnccc1C,77,0.785729736,0.107142857,-8.2
Cc1ccc(C#N)cc1Cc1cnccc1C,77,0.782182023,0.090909091,-8.7
CC(C)Oc1nc(N)nc2n[nH]nc12,78,0.703260455,1,-7.7
CC(C)Oc1nc(N)nc2n[nH]cc12,78,0.733072644,0.552631579,-7.8
CCOc1nc(N)nc2n[nH]cc12,78,0.693062291,0.340909091,-7.3
CCOc1nc(NN)nc2n[nH]cc12,78,0.470583529,0.192307692,-7.1
Cc1cc(OCCN)nc2n[nH]cc12,78,0.746306367,0.192307692,-7.1
Cc1cc(OCCN)nc2n[nH]c(Cl)c12,78,0.826161716,0.181818182,-7.5
CCOCCOc1nc(N)nc(CC)c1Cl,78,0.772656082,0.22,-6.6
CC(CCO)CNc1nc(Cl)nc(CON)n1,78,0.607998113,0.13559322,-7
CC(CCO)CNc1nc(Cl)nc(CON)c1,78,0.49928269,0.131147541,-7.5
CCOCCOc1nc(Cl)cc(C(C)C)n1,78,0.570135354,0.148148148,-6.6
CCOCCOc1nc(Cl)nc2cn[nH]c12,78,0.634177446,0.120689655,-6.5
CCOCCOc1nc(Cl)nc(C(C)C)c1,78,0.570135354,0.127272727,-6.6
CC(C)(CO)COCCNC(=O)c1cn[nH]c1,78,0.593997829,0.080645161,-7
CCOCCOc1nc(Cl)nc(C(=N)N)n1,78,0.421899453,0.145454545,-6.5
CC(C)(CO)Cn1cc(Cl)c2ccoc21,78,0.875791009,0.05,-6.9
CC(C)(CO)C(=O)NOCCn1cc(Cl)cn1,78,0.580894717,0.078125,-6.7
CC(C)(CO)CCn1cc(Cl)c(C=O)n1,78,0.784627336,0.05,-6.6
CC(C)(CO)COCCn1cc(Cl)c(CO)n1,78,0.721474276,0.06557377,-6.6
CC(C)(CO)CCn1cc(Cl)c(CO)n1,78,0.807834702,0.052631579,-6.6
CCCCOc1nc(N)nc2n[nH]nc12,79,0.709396093,1,-7.7
CCCCOc1nc(N)nc2n[nH]c(C)c12,79,0.761938867,0.581395349,-8.3
CCCCOc1nc(N)nc2n[nH]cc12,79,0.732887622,0.609756098,-7.8
CCCCCCOc1nc(N)nc(F)c1CC,79,0.588663652,0.434782609,-7.7
CCCCCCOc1nc(F)nc(N)c1C,79,0.598709656,0.354166667,-7.6
CCCCCCOc1nc(N)ncc1F,79,0.735400149,0.454545455,-7.1
CCCCCCOCc1ncc(F)nc1,79,0.651698004,0.230769231,-6.2
CCCCC1CCC(O)CN1F,79,0.661986193,0.111111111,-6.3
CCOCc1nnc(N)nc1C(F)F,79,0.789111684,0.188679245,-6.6
CCOCc1nnc(N)nc1N(C)C,79,0.734877407,0.192307692,-6.6
CC(C)(C)c1cnc(N)nc1OCF,79,0.786448179,0.265306122,-7
CCCCC(C)c1cnc(N)nc1OCC,79,0.805140832,0.354166667,-7.1
CCOCc1cnc(N)nc1OCC(C)C,79,0.796383639,0.264150943,-7.3
CCCCC1CC1c1cnc(OCC)nc1,79,0.738247686,0.203703704,-6.9
c1nc(N2CCCCC2)c2n[nH]nc2n1,80,0.741381277,1,-7.7
Cc1nc(N2CCCCC2)c2n[nH]nc2n1,80,0.77418779,0.567567568,-7.4
C=NN(CC1CCCCC1)c1n[nH]nc1C,80,0.625517862,0.169811321,-7.7
C=NC(CC1CCCCC1)c1n[nH]nc1C,80,0.793147101,0.169811321,-7.8
CN(CC1CCOCC1)Cc1n[nH]nc1C,80,0.827750829,0.127272727,-7.2
C=C(CC1CCOCC1)c1n[nH]nc1C,80,0.823692921,0.12962963,-7.9
C=C(CN1CCOCC1)c1n[nH]nc1C,80,0.783676717,0.173076923,-7.1
C=C(CC1CCOCC1)c1n[nH]cc1C,80,0.824917231,0.105263158,-7.9
C=C(CC1CCOCC1)c1c[nH]nc1C,80,0.824917231,0.105263158,-8.1
CNC(CC1CCOCC1)c1c[nH]cc1Br,80,0.893172178,0.066666667,-7
C=C(CC1CCOCC1)c1c[nH]cc1C,80,0.805254267,0.070175439,-8
CN(CC1CCOCC1)C1CCNCC1CBr,80,0.800544322,0.05,-6.5
CN(CC1CCOCC1)Cc1c[nH]cc1Br,80,0.921788154,0.06779661,-7.1
CC(CC1CCOCC1)C1=CNC=C(Br)C1,80,0.856303345,0.06779661,-8
CN(CC1CCOCC1)CC1CC[NH2+]CCC1,80,0.785221066,0.056603774,-7.7
CN(CC1=CCCCC1)CC1CC[NH2+]CC1,80,0.714095238,0.087719298,-7.4
CN(CC1CCOCC1)C1CC[NH2+]C(C(C)C)C1,80,0.81478973,0.016129032,-6.7
CN(CC1CCOCC1)C(=O)Cc1c[nH]cc1Br,80,0.92575006,0.063492063,-7.2
CC(C)CNc1ncnc2n[nH]nc12,81,0.75205042,1,-7.5
CC(C)CNc1ncnc2n[nH]c(Cl)c12,81,0.839473811,0.547619048,-8.3
CC(C)CNc1ncnc2n[nH]c(N)c12,81,0.696381442,0.547619048,-8.1
CC(C)CNc1ncnc(NNc2ccccc2)n1,81,0.690718991,0.333333333,-8.7
CC(C)CNc1ncnc(NNc2ccccc2)c1,81,0.694394691,0.333333333,-8.5
CCOc1ncncc1CNc1n[nH]c(Cl)n1,81,0.835071753,0.186440678,-7.4
CCOc1nccnc1CNc1n[nH]c(Cl)n1,81,0.835071753,0.175438596,-7.3
CC(C)CNc1nccc(-n2cncn2)n1,81,0.832566319,0.283018868,-7.5
CC(C1CC1)c1ncnc2n[nH]c(N)c12,81,0.773623267,0.25,-8.3
CC(C)CNc1ncnc2n[nH]c(Br)c12,81,0.896664324,0.547619048,-8
Cc1cc(CNC(N)c2nc[nH]n2)ccn1,81,0.639840673,0.169491525,-7.2
Cc1cc(CN)cc(NC(C)c2nc[nH]n2)c1,81,0.748525535,0.189655172,-8
O=C(O)CC=CCc1ccccc1,82,0.714288755,0.551724138,-7.7
O=C(O)CC=Cc1ccccc1,82,0.739108441,1,-7.3
O=C(O)CC=CCc1cccnc1,82,0.711293892,0.405405405,-7.1
O=C(CCCCO)Cc1cccnc1,82,0.693787124,0.177777778,-6.7
O=C(CCCCO)C1=NCCC(Cl)=CN1,82,0.69785083,0.12,-6.9
O=C1CC(Cl)=C(C2=CCCCC2)OC1,82,0.668232569,0.0625,-8.2
O=C1CC(Cl)=C(C2=CCCCC2)OCN1,82,0.747366397,0.056603774,-8.7
CCCCCCC1=NN(Cc2cccnc2)CO1,82,0.694550289,0.086206897,-7.5
O=C(NCCCCCO)C1=NOC(Cl)(Cl)C1,82,0.561403571,0.096153846,-7.1
O=C(NCCCCCO)C1=NCC(Cl)(Cl)C1,82,0.562285437,0.098039216,-6.9
CCCCCCC1=NN(CCO)CC1=CN=O,82,0.521699618,0.089285714,-7.4
CCCC1(C)CC(=O)N=C1NCC=CCCl,82,0.594631142,0.092592593,-7
CCCC1(C)CC(NCc2cccnc2)=NO1,82,0.86859536,0.086206897,-8.1
CCCC1(C)COC(c2cccnc2)=NN1,82,0.844466091,0.090909091,-7.5
CCOC(=O)Cc1csc(NC(=O)CN2CCOCC2)n1,83,0.771278039,1,-7.7
CCOC(=O)Cc1csc(NC(=O)CN2CCOCC2)c1C#N,83,0.778672969,0.580645161,-7.4
CCOC(=O)Cc1csc(NC(=O)CN2CCOCC2)c1C(C)C,83,0.760843727,0.590163934,-7.8
CCOC(=O)c1csc(NC(=O)CN2CCOCC2C(C)C)n1,83,0.792027885,0.507462687,-8.3
CCOC(=O)c1csc(NC(=O)CN2CCOCC2)c1C(C)C,83,0.805104316,0.507936508,-7.7
CCOC(=O)c1csc(NC(=O)CN(C)C2CCOCC2)n1,83,0.794943473,0.432835821,-8.3
CCOC(=O)c1csc(NC(=O)CN2CCOCC2)c1C#N,83,0.814976288,0.5,-7.2
CCOC(=O)c1ncsc1NC(=O)CN(C)C1CCOCC1,83,0.794943473,0.319444444,-7.6
CCOC(=O)c1ncsc1NC(=O)CN(C)C1CCOC1,83,0.788592686,0.293333333,-7.3
CCOC(=O)Cc1nc(NC(=O)C(C)C)sc1C1CC1,83,0.819543973,0.323529412,-7.8
CCOC(=O)Cc1ncsc1C(=O)NCC(C)N1CCOCC1,83,0.735494996,0.4,-7.6
CCCC(O)CNC(=O)Cc1ncsc1C(=O)N1CCOCC1,83,0.750573337,0.293333333,-8
CCCC(O)CNC(=O)Cc1scnc1C(=O)N1CCOCC1,83,0.750573337,0.293333333,-7.9
CCCC(O)CNC(=O)Nc1sccc1C(=O)N1CCOCC1,83,0.731262438,0.263157895,-8
CCCC(O)CNC(=O)Nc1sccc1C(=O)NCCC#N,83,0.544539419,0.146341463,-7.5
CCCC(C)(S)CC(=O)NCCNC(=O)N1CCOCC1C,83,0.487899427,0.194805195,-7.8
CCCC(C)CNC(=O)Cn1cnc2c(c1=O)CCNCC2,83,0.8015764,0.185185185,-8.4
CCCC(CS)NC(=O)Cn1cnc2c1C(=O)CCC2N,83,0.685739995,0.180722892,-7.2
CCCC(CS)NC(=O)Cn1cnc2c1CCC(C)C2=O,83,0.788506045,0.185185185,-7.7
CCCC(=O)NCCNC(=O)C1CCCc2c1ncn2CC,83,0.746776439,0.1625,-8.2
CCCC(=O)NCC(=O)N1CCCc2c1nc(CC)n2C,83,0.885825916,0.181818182,-8.2
CCCC(=O)NC1(C(=O)NCC(C)CC)CCCC1C#N,83,0.754075382,0.108433735,-7.5
CCCC(=O)NC1(C(=O)NCC(C)CC)CCCCCC1,83,0.709006903,0.121621622,-8.1
CCCC(=O)NC1(CC(=O)SCC)CCCC(CCN)C1,83,0.722403243,0.108433735,-7.2
CCCC(=O)NC1(CC(=O)SCC)CCCC(C#N)CC1,83,0.763181438,0.109756098,-7.1
NC1=CN(CCCO)C2=NC(=Cc3ccco3)C(=O)N12,84,0.768567097,1,-7.4
NC1=CN(CCCO)C2=NC(=Cc3ccco3)C(=O)N21,84,0.768567097,1,-7.5
NC1=CN2CCCOC2=CN2C(=Cc3ccco3)C(=O)N12,84,0.810878819,0.287671233,-8.4
NC1=CN2CCCOC2=NC(=Cc2ccco2)C(=O)N1,84,0.73087947,0.357142857,-7.9
NC1=CN2CCC(=Cc3ccco3)C(=O)N2C(CCCO)=N1,84,0.810716479,0.455882353,-8.3
NC1=C2CCCOC2=NC(=Cc2ccc(F)cc2)C(=O)N1CCO,84,0.819219323,0.272727273,-8.2
CCC1(CCCO)C(=O)N2C=C(c3ccco3)C(N)=NC21,84,0.799781956,0.293333333,-7.8
CCC1(CCCO)C(=O)N2CCC(c3ccccc3)=NC2=N1,84,0.903433603,0.207792208,-8.8
CCC1(CCCO)C(=O)N2CCC(c3ccccc3)=CC2=N1,84,0.908267007,0.194805195,-9
CC1=C(N)C(=Cc2ccc(Br)cc2)C(=O)N2CCCOC12,84,0.793432023,0.151898734,-9.6
O=C1C(=Cc2ccc(Br)cc2)N=C2C(O)=CCCN2C1,84,0.804266389,0.157894737,-9.4
O=C1C(=Cc2ccc(Br)cc2)C(=O)N2CCCCC2=N1,84,0.586117867,0.164383562,-9
O=C1C(=Cc2ccc(Br)cc2)C(=O)N2CCCCC12,84,0.589341201,0.121621622,-8.7
O=C1C(=Cc2cccc(Br)c2)C(=O)N2CCCCC12,84,0.589341201,0.12987013,-8.8
O=C1C(=Cc2cccc(Br)c2)C(=O)N2CCCC12,84,0.590064246,0.131578947,-8.5
O=C1C(Br)=CC2=CCCCC2N1CCCC(=O)O,84,0.866989147,0.128205128,-7.7
O=C1C(=CCCC(=O)O)NCC2C(Br)=CCCC12,84,0.78399226,0.086419753,-7.8
O=C1C(Br)=CC2=CCCC(=O)C2C1=C(O)Cl,84,0.552843428,0.08,-7.2
OC1=CCN2C(=O)C(CCC(=O)O)C(Br)=CC12,84,0.826115071,0.08974359,-7.1
OC1=CCN2C(=O)C(Br)=CC(=C(Cl)Cl)C2=N1,84,0.779381555,0.108108108,-7.4
OC1=CCN(c2cccc(Br)c2)C(=O)N1CCCO,84,0.892924715,0.222222222,-7.4
OC1=NN(c2cccc(Br)c2)C(=O)C1CCCCl,84,0.860687839,0.142857143,-7.9
OC1=NC(c2cccc(Br)c2)C2C(=O)NCC12,84,0.829929074,0.116883117,-8.4
CC(CCO)=CC(=O)NCc1ccc(Br)c(Cl)n1,84,0.642490968,0.12987013,-7.6
NC1=NC2CCCC(Br)C2C(=O)N1CCC(=O)Cl,84,0.621965501,0.144736842,-7.5
NC1=NC2(CCCC2)C(Br)=CN1C(=O)CCCCl,84,0.806777274,0.175675676,-7.8
OC1=CC(c2cccc(Br)c2)C(=O)N1CCCO,84,0.895471761,0.211267606,-7.9
NC1=NC2(CCCC2)C(Br)=CN1CCC(=O)Cl,84,0.811940201,0.197183099,-7.1
OC(=O)CC(c1cccc(Br)c1)N1CCOCC1,84,0.926349814,0.118421053,-8.1
OC1=NCC(c2cccc(Br)c2)C2C(Cl)CCN12,84,0.803538449,0.086419753,-8.7
CC(CC(=O)[O-])c1cc2n(c1)C(Br)CCC2Cl,84,0.804150521,0.073170732,-7.5
CC1NC(C(=Cc2ccccc2O)NC(=O)c2ccccc2)OC1=O,85,0.742593877,1,-8.7
CC1NC(C(=Cc2ccccc2O)NC(=O)c2ccccc2)SC1=O,85,0.78684775,0.636363636,-8.7
CC1NC(C(=Cc2ccccc2O)NC(=O)c2ccccc2)NC1=O,85,0.682027859,0.648148148,-9.9
CC1NC(C(Cc2ccccc2O)NC(=O)O)=Nc2ccccc21,85,0.695003022,0.246575342,-9.7
CC(O)C(C=Cc1ccccc1F)NC(=O)c1ccccc1O,85,0.794403844,0.246376812,-9.5
CC(O)C(C=Cc1ccccc1)NC(=O)c1ccccc1O,85,0.794216599,0.242424242,-9.2
OC(CC(=O)O)NC(=NC1CCc2ccccc21)c1cccs1,85,0.446971895,0.13253012,-9.5
OC(NC(=O)c1ccccc1O)C1=Nc2ccccc2S1,85,0.6487606,0.185714286,-9.8
OC(CC(=O)C=C1Oc2ccccc21)c1ccccc1F,85,0.87659944,0.135135135,-9.6
OC(NC(=O)C=C1OC(O)c2ccccc21)c1ccccc1,85,0.596618434,0.2,-10
OC(CC(F)(F)c1ccccc1)C1CCc2ccccc2O1,85,0.927337576,0.135135135,-9.9
O=C(CC(=NO)c1ccccc1)C1Cc2ccccc2S1,85,0.533277422,0.185714286,-9.9
CC(F)(F)C1Cc2ccccc2C(=O)c2ccccc2O1,85,0.795791353,0.15942029,-8.8
NC1(C(F)(F)c2ccccc2)CC(=O)c2ccccc2O1,85,0.923911398,0.126760563,-10.1
NC1(C(F)(F)c2ccccc2)C(=O)Cc2ccccc21,85,0.913908766,0.132352941,-9.5
NC1c2ccccc2C(=O)C(c2ccccc2F)O1,85,0.85419097,0.134328358,-9.2
OC(c1ccccc1F)C1C=C(O)c2ccccc21,85,0.862155758,0.115942029,-9.9
OC(c1ccccc1F)C1C=C(F)c2ccccc2O1,85,0.905748572,0.128571429,-10.1
OC(c1ccccc1)C1C=C(F)c2ccccc2O1,85,0.890808411,0.149253731,-10.2
CC(NC(CO)c1ccccc1F)c1ccco1,85,0.856093686,0.125,-8.1
O=C(O)C=C(Cl)c1ccccc1,86,0.713343588,1,-7
O=C(O)C=C(Cl)c1ccccc1Cl,86,0.772708194,0.586206897,-7.2
CC(=CC(=O)[O-])c1ccccc1Cl,86,0.671292332,0.305555556,-7.2
CC(C)(C(=O)O)c1ccccc1Cl,86,0.793597506,0.285714286,-7.3
CC(C=CC(=O)[O-])c1ccccc1Cl,86,0.712010097,0.243902439,-7.7
CC(C)(C(=O)O)C(Cl)=Cc1ccccc1,86,0.85483655,0.342857143,-7.7
CC(C)(C(=O)OCC=O)c1ccccc1Cl,86,0.599481314,0.227272727,-7.3
CCC(C)(C(=O)OCC=O)c1ccccc1Cl,86,0.599456588,0.212765957,-7.2
COc1ccc(C(=O)C(N)=O)c(OCC=CCl)c1,86,0.626857562,0.156862745,-7.3
CCc1ccc(C(=O)C(N)=O)c(OCC=CCl)c1,86,0.633422055,0.153846154,-7.7
CCCCc1cc(C=CC(=O)[O-])c(Cl)c(OC)c1,86,0.744130995,0.12962963,-7.5
CCCCc1cc(OCC(=O)O)c(OC)c(Cl)c1,86,0.828338729,0.134615385,-7.4
CCCCc1cc(C=CC(=O)[O-])c(Cl)c(O)c1,86,0.818276249,0.137254902,-8.3
CCCCc1cc(OCC(=O)[O-])c(Cl)c(OC)c1,86,0.758984575,0.115384615,-7
CN(Cc1ccccc1Cl)C(=O)C=CC(=O)[O-],86,0.737772088,0.222222222,-8.1
CCOC(=O)OCC=Cc1ccccc1,87,0.710412498,1,-7.4
CCOC(=O)NCC=Cc1ccccc1,87,0.819475891,0.58974359,-7.5
CCOC(=O)NCC=Cc1ccc(Cl)cc1,87,0.876948542,0.422222222,-7.9
CCOC(=O)N=CC=Cc1ccc(Cl)cc1,87,0.75401891,0.361702128,-8.1
CCOC(=O)N=CCc1ccc(Cl)cc1,87,0.741789897,0.291666667,-7.7
CCOC(=O)C=CCNc1ccc(Cl)cc1,87,0.634374268,0.306122449,-7.6
CC[NH2+]CCN(C=O)CCc1ccccc1Cl,87,0.544533571,0.178571429,-7.3
CCC(=CN1CCCC1)c1ccc(Cl)o1,87,0.778611016,0.188679245,-6.9
CCC(=CN1CCCC1)c1ccccc1ON,87,0.811202586,0.230769231,-7.8
CCC(O)CNCCC1=CC(=O)C=CC=C1,87,0.703149934,0.185185185,-7.8
CCC(O)CNc1ccccc1N1CC1,87,0.719565682,0.169811321,-6.9
CCC(O)CN1CCCCc2cccc1c2,87,0.844368528,0.157894737,-7.4
CC1CCC(COc2ccccc2N)CN1,87,0.766251369,0.140350877,-7.8
NC1=CC(=CN2CCCC2)C(=O)C=C1,87,0.626038438,0.117647059,-7.2
NC1CCC1CN(CO)c1ccccc1,87,0.727267007,0.156862745,-7.1
NC1=CC(=CN2CCC2)COC1=O,87,0.575876811,0.113207547,-7
CC1=CC(=CN2CCC2)COC(=O)CN1,87,0.641590127,0.122807018,-6.8
NCC1=CN(CO)CCc2cccc1c2,87,0.748661671,0.105263158,-7.5
O[CH]C1CCC[CH]1n1cnc2c(=S)nc[nH]c21,88,0.80177431,0.704545455,-6.9
[OH+]1CCC[CH]C1n1cnc2c(=S)nc[nH]c21,88,0.602882803,0.530612245,-6.8
OC[CH]CC1C=Nc2c(nc[nH]c2=S)N1,88,0.673618709,0.196721311,-6.8
OC[CH]CC(NF)n1c2c(nc[nH]c1=S)C2,88,0.475742573,0.130434783,-6.6
OC[CH]CCN1CCCc2c1nc[nH]c2=S,88,0.616023579,0.225806452,-7.3
OCN1CCNC1c1c2c(ncc1F)C2,88,0.729409378,0.15625,-6.8
OCN1CCNC1=C1C=CC=NC1=S,88,0.472023541,0.163934426,-6.4
OCc1[nH]cnc2ncnc1-2,88,0.58977331,0.173076923,-5.7
OCON=CCOc1ccnc2c1N2,88,0.313239369,0.109375,-6.2
OCCN=CCOc1ccnc2c1N2,88,0.537595464,0.109375,-6.2
OCc1nc2c(ccn2P)o1,88,0.642521155,0.084745763,-5.8
OCCNC(CCF)c1ccnc2c1O2,88,0.705582889,0.073529412,-6.6
C(=POCCCN)c1ccnc2[nH]ccc12,88,0.614526619,0.086956522,-7.5
CCc1cccc2n[nH]c(=O)n12,88,0.668303745,0.083333333,-7.5
OCCCN(CCCF)c1ccnc2c1C2,88,0.774579431,0.126984127,-6.6
CCc1ccnc2c1CCN2CCCO,88,0.808414634,0.107692308,-7.1
CCN1CCC1c1ccnc2c1CCN2,88,0.794318724,0.142857143,-7.7
CCN(CCC(C)O)c1ccnc2c1C2,88,0.806621808,0.125,-7.1
CCCNC(CCO)c1ccnc2c1CCN2,88,0.698697248,0.115942029,-7.3
CCON=C(N)CCn1ccc2c1CCCN2,88,0.462886991,0.112676056,-7.6
CCCNCCCNC(=O)c1ccnc2cc[nH]c12,88,0.663375818,0.098591549,-7.8
CCCNCCCNC(=O)c1ccnc2c1CC2,88,0.714092754,0.085714286,-7.7
CCCNCCCNC(=O)c1ccnc2c1CCN2,88,0.645371375,0.097222222,-8.3
CCCNCCCNC(=O)c1ccn2c1CCCC2,88,0.738578325,0.083333333,-7.7
CC(=O)C(C)=Cc1ccc(O)cc1,89,0.702283959,1,-7.4
CC(=O)C(C)=CC=Cc1ccc(O)cc1,89,0.604053928,0.6,-8.3
CC(=O)C(C)=CC(=O)c1ccc(O)cc1,89,0.605627376,0.533333333,-8.3
CC(=O)C(C)=CC=Cc1ccc(O)cc1CC=O,89,0.491935608,0.348837209,-9
CC(C(=O)C=CC#Cc1ccc(O)cc1)C(C)=O,89,0.501403684,0.30952381,-8.6
CC(=O)C(C)=CC(=Cc1ccc(O)cc1)C(C)=O,89,0.654133214,0.689655172,-8
CC(=O)C(C)=CC1=Cc2ccc(O)cc2S(=O)CC1,89,0.845040858,0.386363636,-9.5
CC(=O)C(C)=CC1=Cc2ccc(O)cc2S(=O)(=O)C1,89,0.840875885,0.404761905,-9.5
CC(=O)C(C=CCC)=CC1(c2ccc(O)cc2)CC1=O,89,0.660480109,0.304347826,-8.8
CC(=O)C(C)=CC1(Cc2ccc(O)cc2)CC1=O,89,0.827482705,0.41025641,-9.3
CC(=CCCC(C)=O)CC1(Cc2ccc(O)cc2)CC1,89,0.745934709,0.282608696,-8.1
CC(=CCCC(C)=O)CC1(c2ccc(O)cc2)CC1,89,0.778913348,0.295454545,-9.2
CC(C(=O)C1CC1C=Cc1ccc(O)cc1)=CCl,89,0.839313805,0.380952381,-8.8
CC(C#CC1=CCCC1)(C(=O)O)c1ccc(O)cc1,89,0.799865813,0.229166667,-8.7
CC(C=CCC(C)=O)CC1(c2ccc(O)cc2)CC1,89,0.783414047,0.282608696,-8.8
CC(C=CCC(C)=O)CC1CCC(O)c2ccccc21,89,0.817191584,0.173076923,-9.2
CC(C(=O)CC=CC1CC1)c1ccc(O)c(Cl)c1,89,0.814088711,0.169811321,-8.7
CC(C(C)=O)C1=CC(c2ccc(O)cc2)CC1Cl,89,0.668521576,0.266666667,-9.5
CC(C(C)=O)C1=CC(c2ccc(O)c(Cl)c2)CC1F,89,0.850265253,0.169811321,-9.7
CC(C)=C(C=O)C1CCC(c2ccc(O)cc2)CC1Cl,89,0.508597399,0.260869565,-8.5
CC(C(C)=O)C1=CC(c2cccc(O)c2)OCC1Cl,89,0.68297667,0.185185185,-8.9
CC(C(=O)OCC=O)C1=Cc2cccc(O)c2CC1Cl,89,0.525731464,0.155172414,-8.8
CC(=Cc1cccc([N+](=O)[O-])c1)C1CCC(O)CC1,89,0.668149079,0.2,-9
CC(=O)C1=CC(c2cccc([N+](=O)[O-])c2)OCC1C,89,0.619330424,0.142857143,-8.9
O[CH][C]1CCC[CH]N1n1cnc2c(=S)nc[nH]c21,90,0.808105076,0.418181818,-7.8
O[CH][C]1CCC[CH]1n1cnc2c(=S)nc[nH]c21,90,0.800355166,0.571428571,-7.4
O[CH]N1CCC[CH]C1n1cnc2c(=S)nc[nH]c21,90,0.808201979,0.519230769,-7.4
[OH2+][CH]CC(=O)n1cncc1-c1ccnc(=S)[pH]1,90,0.625552182,0.134328358,-6.7
[NH3+][C]1CC(=O)C1n1cnc2c(=S)[nH]cnc21,90,0.668223359,0.345454545,-6.8
[NH3+][P+]2C(=O)C2NNc1cccc2c(=S)nc[nH]c12,90,0.377081251,0.241935484,-8.2
[NH+]=[PH2+]CC(=O)C2NC=CC=C2n1cncnc1=S,90,0.54858406,0.157142857,-6.5
[NH+]=[PH2+]CC(=O)C2NC=CC=C2n1ccnc1P(=O)=O,90,0.658540515,0.109589041,-7
[NH2+][P+](O)(OC)C(=C)c1cccc2c(=S)nc[nH]c12,90,0.590683073,0.225806452,-7.2
[NH2+][P+]([O-])(OC)C(=S)c1cccc2c1ncn2C(=O)C=S,90,0.634640286,0.157142857,-7.1
C[NH2+]CC(C(=O)CC)[P+](c1cccc2c1ncn2C(=O)O)NN,90,0.308728786,0.118421053,-7.1
C[NH2+]CC(C=O)P(=S)(Nc1cccc2c(=O)nc[nH]1)n2,90,0.440525383,0.063291139,-7.4
C[NH2+]CC(C=O)P(=S)(Cc1cccc2c(=O)nc[nH]c12)NO,90,0.308538949,0.128205128,-8.6
C[NH2+]C(C=O)C(=S)N(c1cccc2c1ncn2C(=O)[O-])C1CC1,90,0.573769872,0.173333333,-7.2
C[NH2+]C(C=O)C(=S)c1ccccc1-n1cc(C(=O)[O-])nn1,90,0.379988572,0.078947368,-7.3
C[NH+]CC(C=O)P(=S)(Cc1ccccc1-n1ccnc1)C(C)=O,90,0.56905624,0.088607595,-6.6
C[C+]C(C(=O)[O-])P(=S)(Cc1ccccc1-n1cncn1)C1CC1,90,0.562858929,0.12987013,-7.6
C[NH2+]C(C(=O)[O-])P(=S)(Cc1ccccc1-n1ccnn1)N(C)C,90,0.641880219,0.075949367,-7.9
C[NH2+]C(C=O)(C(=S)c1ccccc1-n1ccnc1)N1CCCC1,90,0.483272675,0.12,-6.9
C[NH2+]C(C=O)(C(=S)c1ccccc1-n1ccnc1)N(C)C,90,0.359445948,0.095890411,-5.6
CC([PH+]=P(C)=S)C(=O)c1ccccc1-n1cc(C)nn1,90,0.639347659,0.082191781,-6.9
CC([N+]2=CC=C=C2c2ncccn2)(C(=O)O)N(C)C=O,90,0.461888617,0.069444444,-7.6
CC([NH2+])C(C=O)P(=S)(c1ccccn1)n1cc(F)cn1,90,0.621448641,0.08,-7
CC([NH2+]N=C=S)(Cc1ccccn1)n1cc(F)cn1,90,0.382701865,0.08,-7.4
CC([NH2+]N)C(=O)c1ccccc1-n1cc(C(F)(F)F)nn1,90,0.48239732,0.067567568,-8.4
CC([NH2+]N)C(=O)c1cccnc1CCCc1cc(F)ccn1,90,0.449938314,0.064102564,-9.3
[NH2+]CC(O)(C=O)c1ccccc1CCCc1cc(F)ccn1,90,0.743261834,0.065789474,-9.2
[NH2+]CC(O)(C=O)c1cncn1CCCc1cc(F)ccn1,90,0.670539459,0.08974359,-8.3
CN(C)C(=O)OCC=Cc1ccccc1,91,0.757918406,1,-7.4
CN(C)C(=O)OCC=CC=Cc1ccccc1,91,0.745507838,0.8,-8.3
CN(C)C(=O)OCC=CC=Cc1ccccc1C=N,91,0.651786192,0.558139535,-8.9
CN(C)C(=O)OCC=CC=Cc1ccccc1CN,91,0.827101553,0.533333333,-8.7
CN(C)C(=O)OCC=CC=Cc1ccccc1C#N,91,0.778253988,0.52173913,-8.7
CN(C)C(=O)OCC=CC=CC(CCl)c1ccccc1,91,0.589320306,0.52173913,-8.4
CN(C)C(=O)CCC=CC=CC(CCl)c1ccccc1,91,0.549347326,0.301886792,-8.7
CN(C)C(=O)NCC=CC=Cc1c(Cl)cccc1,91,0.832627838,0.31372549,-9
CC1(C)CC1=CC=CC(=O)c1ccccc1,91,0.550139482,0.224489796,-9
CC1(C)C=CC=CC1C(=O)c1ccccc1,91,0.683946414,0.204081633,-9.6
CC1(C)CC1C=CC=CC(=O)c1ccccc1,91,0.430180749,0.215686275,-9
CN(C)CC=CC=CCSc1c(C=O)cccc1Cl,91,0.43192924,0.196428571,-8.1
CN(C)C(=O)SCC=CC=CC(CCl)c1ccccc1,91,0.567920026,0.296296296,-8.5
CC1(C)CC(C=CC=CC=O)=CC=C1C=CCl,91,0.411115981,0.125,-8.5
CN(C)C(=O)SC1=CC=CC(C=CC=CCl)=C1,91,0.603481378,0.294117647,-8.1
CC1(C)CC1C=CC=CCSc1c(CN)cccc1Cl,91,0.587691906,0.123076923,-9.1
CN(C)C(=O)SC1=CC=CC(C=CC=CCCl)C1,91,0.568859832,0.2,-7.6
CN(C)C1=CC=CC(C(N)CCl)=CC=CC=C1,91,0.835649453,0.208333333,-7.6
CN(C)C1=CC=CC(C(=O)SN)=CC=CC=C1,91,0.817253199,0.260869565,-8.1
C=C(C)C1C=CC=C(CC2C=CC=CC2Cl)[N+]1=O,91,0.429033446,0.1,-9
CN(C)C(=O)NCC=CC1CCC(C(=O)Cl)C=C1,91,0.628657717,0.192982456,-8.6
CN(C)C(=O)NCC=CC(CCl)C1C=CC=CC1,91,0.603544135,0.180327869,-7.9
CN(C)CC=CC(C1CCC1CCl)c1ccco1,91,0.576604757,0.163934426,-7.5
CN(C)C(=O)NCCCC1C=CC=CC1(Cl)Cl,91,0.621573949,0.157894737,-8.2
CN(C)CC=CC(C1CCC1CCl)c1ccc[nH]1,91,0.616994556,0.161290323,-7.4
CN(C)C(=O)NCCCCC(CCl)c1ccc[nH]1,91,0.581421692,0.203389831,-7.3
CN(C)CC(=O)N1CCCC1c1cccnc1Cl,91,0.785858079,0.180327869,-7.7
CN(C)CC(=O)NCCCC1CC=CC=C1Cl,91,0.738888912,0.147540984,-7.7
CN(C)CC(=O)NCCCC1CCC1c1cccs1,91,0.778914015,0.174603175,-7.7
CC(=Cc1ccc(Cl)cc1)C(=O)O,92,0.738993503,1,-7.3
CC(CCc1ccc(Cl)cc1)=CC(=O)O,92,0.797201708,0.394736842,-8.2
CC(C=C(Cl)c1ccc(Cl)cc1)CCC(=O)O,92,0.861681278,0.325581395,-8.7
CC(C=C(Cl)c1ccc(Cl)cc1)C(=O)O,92,0.882037686,0.368421053,-8.3
CC(CSc1ccc(Cl)cc1)=CC(=O)C(=O)O,92,0.507589205,0.4,-8.3
CC(CSc1ccc(Cl)cc1)=CC(=O)O,92,0.649050512,0.384615385,-7.5
CC(SCc1ccc(Cl)cc1)=CC(=O)O,92,0.820684662,0.384615385,-7.7
CC(C)(CCCc1ccc(Cl)cc1)C(=O)O,92,0.850713511,0.325,-8.6
CC(C)(C=CC(=O)O)c1ccc(Cl)cc1,92,0.80064357,0.378378378,-7.8
CC(C)(CCC(=O)O)c1ccc(Cl)cc1,92,0.853610037,0.342105263,-8.1
CC(C)(CCC(=O)O)C1C=C(Cl)CC1C,92,0.800529064,0.191489362,-7.7
CC(F)(C(=O)O)C1C=C(Cl)CCC1C,92,0.777019179,0.191489362,-7.7
CC(C)(CCC1C=C(Cl)CCC1)C(=O)Cl,92,0.671071142,0.163265306,-7.8
CC(C)(CCn1ccc(Br)c1)C(=O)O,92,0.903915653,0.195652174,-6.8
CCS(C)=CC(=O)C1CCC(Br)CC1C,92,0.574964325,0.12,-6.4
CCCCCCCCC(C)(CCCCBr)C=CC,92,0.208862333,0.063829787,-6.9
CC(C)=CC(C)(CCCCC(=O)O)CCCC,92,0.464313017,0.152173913,-7.3
CC(C)=CC(=O)C1CCC(C)CCC1C,92,0.495235662,0.139534884,-8.4
CC(C)=CC(=O)C1CCC(C)CCC1CC,92,0.511535334,0.127659574,-8
CCCCCC=CC(C)(O)CCCCCCCCC,92,0.319960354,0.065217391,-7.4
CCCCCC=CC(C)(O)CCCCCCCC,92,0.353588991,0.065217391,-7.1
CCCCCC=CC(=O)C(C)(CC)CCC,92,0.401596908,0.104166667,-7.1
CCCCCC=CC(=O)C1(CCC)CC1C,92,0.435752825,0.098039216,-6.8
CCCCCC=CC(=O)C1(CCC)CC1CC,92,0.410506796,0.094339623,-7.3
CCCCCC=CC(=O)C1(C)CCC1CCO,92,0.518935292,0.089285714,-7.1
COc1ccc(C=C(C)C(=O)O)cc1OC,93,0.793232184,1,-7.4
COc1cc(C=C(C)C(=O)O)ccc1OC,93,0.793232184,1,-7.6
COc1cc(C=C(C)C(=O)O)ccc1SC,93,0.646868742,0.722222222,-7
COc1cc(C=C(C)C(=O)O)ccc1S,93,0.612150741,0.742857143,-7.3
COc1cc(C=C(C)C(=O)O)ccc1N=O,93,0.625788392,0.702702703,-8.1
COc1cc(C=C(C)C(=O)O)ccc1N(C)C,93,0.813103154,0.702702703,-7.2
COc1c(C=C(C)C(=O)O)cccc1CO,93,0.760401986,0.4,-7.7
COc1c(C=C(C)C(=O)O)cccc1SC,93,0.646868742,0.4,-6.8
COC1C(N)CC1c1ccc(C(=O)OC)cc1,93,0.802160149,0.169811321,-8
COc1c(N)cc(Cn2cc(C)cn2)cc1OC,93,0.837304758,0.157894737,-7.6
CC(=O)Oc1cc(C)c(-c2cccs2)cc1C,93,0.591986147,0.211538462,-7.5
CC(=O)Oc1ccc(C2CC2(C)C)c(Cl)c1,93,0.579064797,0.188679245,-7.9
CC(=O)Oc1ccc(C2CC2(C)C)c(C)c1,93,0.561209443,0.192307692,-7.8
CC(=O)Oc1ccc(C2CC(C)CN2)c(C)c1,93,0.630012951,0.175438596,-8
COC1(C)C(=O)NC1c1ccc(OC)c(C)c1,93,0.809076993,0.254901961,-7.7
CC(=O)Oc1ccc(C2CC2(C)CO)c(C)c1,93,0.644991865,0.175438596,-7.8
CC=CC(=O)NCCN1CCN(C(=O)C=CC)CC1,94,0.732108937,1,-7.4
CC=CC(=O)NCCN1CCN(C(=O)C=CC)CC1C,94,0.757011043,0.627906977,-7.6
CC=CC(=O)NCC(=O)N1CCN(C(=O)C=CC)CC1,94,0.732155523,0.631578947,-7.5
CC=CC(=O)NCC1CCN(C(=O)C=CC(=C)C)CC1C,94,0.623691235,0.388888889,-9
CC=CC(=O)NCC1CCN(C(=O)C=CC)CC=C1CCCC,94,0.578618122,0.385964912,-7.5
CC=CC(=O)NCC1CCN(C(=O)C=CC)C=CC=C1C,94,0.808284575,0.363636364,-7.6
CC=CC(=O)NCC1CCN(C(=O)Cc2cccc(C)c2)CC1,94,0.848895212,0.316666667,-9.9
CC=CC(=O)NCC1CCN(C(=O)c2cccc(C)c2)CC1,94,0.868781439,0.327586207,-9.6
CC=CC(=O)NCC1CCN(C(=O)c2ccccc2)C(C)C1,94,0.869041744,0.305084746,-8.1
CC=CC(=O)NCC1CCN(C(=O)c2ccccc2)CC1C,94,0.868518642,0.327586207,-8.8
CC=CC(=O)N1CCC(CNC(=O)c2ccccc2)CC1,94,0.862936079,0.384615385,-9.2
CCNCc1cccc(NC(=O)C2CCC(C)CC2=O)c1,94,0.819094999,0.101449275,-9.1
CC=CC1CCC(CNC(=O)c2ccccc2)C(CC)C1,94,0.796401814,0.174603175,-9
CC=CCN1CCC(CNC(=O)c2ccco2)C(C)C1,94,0.8406471,0.208955224,-8.2
CCNCC1CCC(CNC(=O)c2ccco2)C(C)C1,94,0.840889653,0.117647059,-8.2
CCNCC1CCC(CNC(=O)c2ccco2)CC1,94,0.829396688,0.133333333,-8
CC(C)CC1(NC(=O)c2ccc(F)cc2)CC1,94,0.853098746,0.120689655,-8.4
CC(=O)NCC1CCC(C)CC1NC(=O)C1CC1,94,0.795426459,0.137931034,-7.5
CC(C)CC1(NC(=O)c2ccco2)CCNCC1,94,0.860840207,0.107692308,-7.6
CC(C)CC1(NC(=O)c2cccs2)CCCC1,94,0.865260439,0.114754098,-7.5
C=CNCC1CCC(C)CC1NC(=O)c1cccs1,94,0.869026993,0.114285714,-6.8
C=COc1ccc(F)c(C(=O)NCc2cccs2)c1,94,0.851198048,0.117647059,-8.1
C=COc1cccc(C(C)CNCc2cccs2)c1,94,0.764682792,0.071428571,-8.6
C=COc1ccccc1C(=O)NCc1ccsc1,94,0.83732596,0.107692308,-8.1
C=COc1ccccc1C(=O)CNCc1cccs1,94,0.621442483,0.089552239,-7.8
CCS(=O)(=O)C=Cc1ccccc1,95,0.74146648,1,-7.2
CCS(=O)(=O)C=Cc1ccccc1O,95,0.830747785,0.5625,-7.2
CCS(=O)(=O)C=Cc1cccc(O)c1,95,0.830747785,0.625,-7.4
CC=CS(=O)(=O)C=Cc1ccccc1,95,0.764773871,0.566666667,-8
CCC(=O)C=CC(=O)C=Cc1ccccc1,95,0.706148719,0.428571429,-8.1
CC(=O)C=CC(=O)C=Cc1ccccc1,95,0.699282381,0.371428571,-8.4
CCCS(=O)(=O)C=Cc1ccc(C=O)cc1,95,0.739459728,0.515151515,-8
CCC=CS(=O)(=O)C=Cc1ccc(C=O)cc1,95,0.754949628,0.416666667,-7.8
CCCC(=O)C=CC(=O)C=Cc1ccccc1,95,0.700580275,0.405405405,-8.1
CCCS(=O)(=O)C=Cc1cccc(C=O)c1,95,0.739459728,0.5,-7.8
CCCS(=O)(=O)C=Cc1ccc(C(=O)O)cc1,95,0.873784912,0.5,-8.2
CCCC(=O)C(C=Cc1ccccc1)C(=O)O,95,0.767137343,0.384615385,-8.7
CCCC(=O)C(C=CC(=O)O)c1cccc(Br)c1,95,0.817567909,0.196078431,-8.7
CCCC(=O)C(C=CC(=O)O)Cc1ccc(Br)cc1,95,0.779198648,0.18,-8.6
CCCC(=O)C(C=CC(=O)O)Cc1cccc(Br)c1,95,0.779198648,0.188679245,-9.1
CCCC(=O)C(C=CC(=O)O)CC(=O)C(C)C,95,0.660254384,0.130434783,-7.7
CCCC(=O)C(CC(=O)O)C=CS(=O)C(C)C,95,0.725284574,0.125,-6.8
CCCC(=O)C(CC(=O)O)C=CC(C)(C)C,95,0.708088801,0.130434783,-7.2
CCCC(CC(=O)O)(CC=CC(C)C)C(=O)O,95,0.641613377,0.125,-7.4
CCCC(CC(=O)O)C(=O)C=CCC(C)C,95,0.647069658,0.127659574,-7.6
CCCC(CC(=O)O)C(=O)CCCC(C)C,95,0.658594273,0.108695652,-6.9
CCCC(C)C(CC=O)CC(=O)C=CC(C)C,95,0.452071116,0.1,-7.4
CC=Cc1cc(OCCCC)c2c(c1)OCO2,96,0.728043334,1,-7.6
CC=Cc1cc(OCCCC)c2c(c1)OCC=C2,96,0.71869501,0.604166667,-8
CC=Cc1cc(OCCCC)c2c(c1)OC(=O)CO2,96,0.464164741,0.680851064,-7.7
CC=Cc1cc(OCCCC)c2c(c1)C(=O)OCC2,96,0.598990641,0.519230769,-7.7
CC=Cc1cc(OCCCC)c2c(c1)OC(=O)C=C2,96,0.600664656,0.490196078,-8.2
CC=Cc1cc2c(c(OCCCC)c1)OC(=O)C=C2,96,0.600664656,0.480769231,-8.6
CC=Cc1cc(OCCCCO)c2c(c1)C(=O)C=CO2,96,0.822615292,0.355932203,-8.1
CC=Cc1cc(S(=O)CCC)c2c(c1)OCC=CO2,96,0.844999384,0.379310345,-8.2
CC=Cc1cc(S(=O)CCC)c2c(c1)OC(F)C=C2,96,0.834757033,0.290322581,-8.2
CC=Cc1cc(S(=O)CCC)c2c(c1)OCC2CO,96,0.90177329,0.333333333,-7.8
CC=C(F)C(=O)Oc1ccc(CO)cc1C1C=CCO1,96,0.397896495,0.185714286,-8.2
CC=C(F)c1ccc(OCCCCO)c(CS(=O)CC)c1,96,0.710315623,0.230769231,-7.4
CC=C(F)C(=O)Oc1ccc(CO)cc1C1C=NCC1,96,0.522401551,0.169014085,-8.1
CC=C(F)C(=O)C=COc1ccc(CO)cc1CSCC,96,0.586349416,0.171428571,-8
CC=C(F)c1ccc(OCOCC2CC2)c(C=CCC)c1,96,0.48351677,0.205882353,-7.9
CC=C(F)C(=O)COc1ccc(CO)cc1C1CC1,96,0.803552518,0.164179104,-7.8
CC=C(F)C(=O)COc1c(CO)cccc1C1CC1,96,0.803552518,0.147058824,-8.4
CC=C(F)C(=O)COc1c(C)cccc1C1CO1,96,0.595481988,0.147058824,-8.2
CCCNC(=O)C=Cc1ccccc1,97,0.722887983,1,-7.5
CCNC(=O)C=Cc1ccccc1,97,0.697613784,0.75,-7.3
CNC(=O)C=Cc1ccccc1C,97,0.681605644,0.365853659,-7.6
CC(CCCc1ccccc1)NCCO,97,0.716300048,0.229166667,-7.2
CC(CCCc1ccccc1)NC(N)=O,97,0.760916977,0.25,-8
CCOC(=O)C=CC(C)c1ccccc1,97,0.556503514,0.304347826,-7.6
CCNC(=O)C=Cc1ccc(CCC)cc1,97,0.754899135,0.552631579,-7.9
CCNC(=O)C=Cc1ccc(OCCF)cc1,97,0.770061421,0.444444444,-7.4
CCNC(=O)C=CC(C)c1ccccc1,97,0.748296168,0.43902439,-8
CCOCCCS(=O)C(C)c1ccccc1,97,0.684975702,0.196078431,-7
CCCCOCCCc1ccc(C(=O)[O-])s1,97,0.652686539,0.188679245,-6.6
CCCCCCC(F)(C(=O)[O-])c1cccs1,97,0.690604824,0.226415094,-7.5
CCOCCCCC(F)c1ccc(CO)o1,97,0.697977775,0.142857143,-6.8
CCCCOCC(F)(CO)c1ccccc1,97,0.724204346,0.224489796,-6.9
CC=CCN(C(=O)OC(C)C)c1ccccc1,98,0.743326121,1,-7.5
CC=CCN(C(=O)OC(C)(C)C)c1ccccc1,98,0.755343585,0.658536585,-8
CCC=CN(C(=O)OC(C)(C)C)c1ccccc1,98,0.794215965,0.36,-7.8
CCC=CCN(C(=O)OC(C)C)c1ccccc1,98,0.73580593,0.769230769,-7.6
CCC=CC1CC(C)OCN1C(=O)Oc1ccccc1,98,0.791267466,0.225806452,-8.4
CCC=CC1COC(C)N1OC(=O)c1ccccc1,98,0.78119249,0.225806452,-8.3
CCC=CC1CCC(O)N1OC(C)c1ccccc1,98,0.824247812,0.233333333,-8.4
CCC=CC1COCCN1OC(C)c1ccccc1,98,0.758728069,0.206349206,-8.2
CC(C=CCN1CCOCC1O)c1ccc(F)cc1,98,0.846610232,0.169230769,-8.6
CC(C=C1COCCN1CCO)c1ccc(F)cc1,98,0.905035554,0.136363636,-8.4
CC(C=O)N1CCOCCC1Oc1ccc(F)cc1,98,0.780302383,0.153846154,-8.3
CC(C)OC1COCCN1CC(O)c1ccccc1,98,0.881304792,0.216666667,-7.8
CC(C)OC1COCCN1CC(O)c1ccc(F)cc1,98,0.896530688,0.153846154,-8.1
O=C(C=NN1CCOc2cc(F)ccc21)C(O)O,98,0.580672001,0.121212121,-7.5
O=C(C=NN1CCOc2cc(F)ccc21)C(O)CO,98,0.747097877,0.130434783,-7.8
OC(C=NN1CCOc2cc(F)ccc21)C(O)CO,98,0.655454231,0.1,-7.8
OC(C=S)N1CCOCCOc2cc(F)ccc2CC1,98,0.836173855,0.084507042,-7
CC(C=O)N1CCOc2cc(F)ccc2C(C)CC1,98,0.769797264,0.115942029,-7.7
CC(C=O)N1CCOc2cc(F)ccc2C(CO)C1,98,0.835630978,0.142857143,-7.9
CC(C=O)N1CCOc2cc(C(C)C)ccc2CC1,98,0.783396465,0.125,-7.9
CC(CN1CCOc2cc(F)ccc21)C(O)C(C)C,98,0.910086954,0.138461538,-8.1
CC(CN1CCOCC1)Oc1ccc(F)cc1C(C)O,98,0.896983579,0.138461538,-7.9
COc1cc(C=CC(=O)NC(C)CO)cc(OC)c1OC,99,0.7397243,1,-7.6
COc1cc(C=CC(=O)NC(C)CO)cc(OC)c1,99,0.758748191,0.714285714,-8
COc1cc(C=CC(=O)NC(C)C)cc(OC)c1,99,0.814061609,0.511111111,-7.9
COc1cc(C=CC(=O)NC(C)C)cc(OC)c1C,99,0.830464423,0.590909091,-8
COc1cc(C=CC(=O)NC2CC2)cc(OC)c1C,99,0.827322684,0.44,-8.2
COc1cc(C=CC(=O)NC2CCOC2)cc(C)c1C,99,0.857208911,0.366666667,-8.8
COc1cc(C=CC(=O)NC2CCCC2)cc(C)c1C,99,0.854007372,0.4,-9.4
COc1cc(C=CC(=O)NC2CCCC2)cc(C)c1OC,99,0.847382095,0.471698113,-9.2
COc1c(C=CC(=O)NC2CCCC2)cc(C)n1C,99,0.846796619,0.258064516,-8.4
COc1c(C=CC(=O)NC2CCCC2)ccc(C)c1C,99,0.854007372,0.283333333,-9.5
COc1c(C=C2CN(C)CCN2)ccc(C)c1OC,99,0.90168554,0.138461538,-7.5
COc1cc(C=C2CCCNC2C)cc(C)c1OC,99,0.906258282,0.245901639,-8.2
COc1cc(C=C2CCCNC2C)cc(C)c1,99,0.843869053,0.138461538,-8.5
COc1cc(C=C2CCCNC2C)cc(C)n1,99,0.850581135,0.134328358,-8.2
COc1cc(C=C2CCCNC2C)ccc1C,99,0.843869053,0.19047619,-8.4
COC1=C(c2cccc(C)c2)C(C)NC1,99,0.796274038,0.111111111,-8
C=C1NC(Cc2cccc(C)c2)C(C)CO1,99,0.821936904,0.104477612,-9
COc1c(C)ccc(N2CCNC2=N)c1C,99,0.794900468,0.129032258,-7.1
