SMILES,mol_id,qed,sim,gsk3,sa
CC1=C(CN2CCCCC2)C(=O)N(CCO)C(=O)C1C#N,400,0.752557007,1,0,0.732751429
CC1=C(CN2CCCCC2)C(=O)N(CCO)C1C#N,400,0.802489307,0.632653061,0,0.728344019
CC1=C(CN2CCCCC2)C(=O)N(CCO)C1C,400,0.811937924,0.551020408,0.01,0.755750389
CC1=C(CN2CCCCCC2)C(=N)C(C#N)=N1,400,0.789484779,0.345454545,0.01,0.768759162
CC1=C(CN2CCCCCC2)C(=N)C(C#N)=CN1,400,0.835775433,0.283333333,0.04,0.793970533
CC1=C(C#N)C(=O)N(CCN2CCCCC2)C(C)=N1,400,0.819448867,0.310344828,0,0.84746068
CC1=C(C#N)C(=O)N(CCN2CCCCC2)C(C)=CN1,400,0.848280892,0.362068966,0.02,0.790987317
CC1=C(C#N)C(=O)N(CCN2CCCCC2)C=C1C,400,0.8316783,0.305084746,0.01,0.843994788
CC1=C(C#N)C(=O)N(CCCN2CCCCC2)C=N1,400,0.81833038,0.290322581,0,0.847433593
CC1=C(CN2CCCCCC2)C(Cl)=NC(=O)C1=N,400,0.835105694,0.315789474,0.01,0.769731619
CC1=C(C#N)C(=O)N(CCCN2CCCCC2)C=C1Cl,400,0.85706521,0.285714286,0.01,0.834999954
CC1=C(C#N)C(=O)N=C(O)C1=CN1CCCCC1,400,0.762280661,0.241935484,0.02,0.751626081
CC1=C(C#N)C(=O)N=C(O)C1=CN1CCCCCC1,400,0.781778869,0.241935484,0.02,0.759076936
CC1=C(C#N)C(=O)N=C([O-])C1=CN1CCCCCC1,400,0.69912875,0.222222222,0.02,0.724567502
CC1=C(C#N)C(=O)N(CCCN2CCCCCC2)C(Cl)=N1,400,0.801020725,0.290322581,0,0.835269063
CC1=C(C#N)N=C(SCN2CCCCCC2)C(C)=C1Cl,400,0.786416462,0.258064516,0.02,0.780120559
CC(C(=O)N1CCCCCC1)=C(Cl)n1nc(C)ccc1=O,400,0.788200017,0.179104478,0,0.797405115
CC(C(=O)c1c(Cl)ncnn1)N1CCCCCC1(C)C,400,0.802781365,0.152777778,0.01,0.713316878
CC(C(=O)c1c(Cl)ncn1C)N1CCCCCN1CCO,400,0.831108013,0.235294118,0.02,0.689696256
CC(C(=O)N1CCCCCN1)c1c(Cl)nc(C)n(C)c1=O,400,0.837451388,0.214285714,0.04,0.711139706
CC(C(N)N1CCCCCC1)c1c(Cl)ncn(C)c1=O,400,0.862786969,0.179104478,0.11,0.705447454
CC(C(N)c1nc(C)nn1C)N1CCCCCC1=O,400,0.881101176,0.194029851,0.03,0.703258912
CC(C(N)N1CCCCCC1Cl)n1cnc(C)cc1=O,400,0.682991635,0.164383562,0.09,0.653158417
CC(C(N)N1CCCCCC1)c1c(Cl)cnn(C)c1=O,400,0.922312698,0.161764706,0.13,0.711732489
CC(N1CCCCCC1=O)C(N)c1nn(C)cc1Cl,400,0.92140993,0.188405797,0.05,0.698556249
CC(N)=C(Cl)CN1CCCCCC1CCn1ccnc1C,400,0.907802301,0.173333333,0.06,0.740329116
CC1=C(C#N)C=CN(CCCl)C1=C(N)N1CCCCC1,400,0.812203202,0.220588235,0.08,0.714829625
CC(C)(C#N)CN1CCCCCC1CCn1nccc1C,400,0.83409394,0.208333333,0.03,0.75014085
CC(C)(C#N)C(=O)N1CCCCC1CCn1ccnc1C,400,0.854906916,0.222222222,0.02,0.75229493
CC(C)C(NCN1CCCCC1=O)c1cccc(C#N)c1,400,0.904743761,0.208333333,0.05,0.778338764
CC(C)(NC#N)c1cccc(=O)n1CCN1CCCCC1,400,0.660756221,0.261538462,0.01,0.788135556
CC(C)(C#N)C(NCCN1CCCCC1)c1cccc(O)c1,400,0.847587189,0.228571429,0.03,0.779405969
CC(C)(NC#N)c1cccc(=O)n1CCCN1CCCCC1,400,0.645023186,0.253731343,0.02,0.792099666
CC(C)(C#N)C(NCCCN1CCCCC1)c1cccc(=O)[nH]1,400,0.757930232,0.236111111,0.09,0.747523077
CC(C)(C#CC(=O)NCCN1CCCCC1)c1ccccc1,400,0.866592813,0.223880597,0.03,0.833228296
CC(C)(C#N)C(CCCN1CCCCC1)Nn1ccccc1=O,400,0.839680587,0.23943662,0.02,0.730904378
CC(C)(C#Cc1ccccc1)C(=O)NCCN1CCCCC1,400,0.866856008,0.242424242,0,0.843445634
Cc1ccccc1C(=O)NCCN1CCCCCC1(C)C#N,400,0.929788162,0.222222222,0,0.78080448
Cc1ccccc1C(=O)NCCN1CCCCC1(C)C#N,400,0.924402146,0.208333333,0,0.779007864
Cc1ccccc1C(=O)N1CCCCCC1(C)CNC#N,400,0.686043592,0.211267606,0.03,0.756048803
Cc1ccccc1C(=O)N1CCCCCC1CNC(=O)O,400,0.898792575,0.191176471,0,0.839565622
Cc1ccccc1C(=O)N1CCCCC1CNC(=O)Cl,400,0.688153236,0.171428571,0,0.8174349
CC(=CCC(=O)Cl)c1ccccc1CN1CCCC(C)CC1,400,0.72175078,0.191780822,0,0.780758823
CC(=CCC(=O)NCl)c1ccccc1CN1CCCCC1C,400,0.827485303,0.155844156,0.01,0.755571478
CC(=CCC(=O)NCl)c1ccccc1CN1CCC(C)CC1,400,0.832184529,0.162162162,0,0.812594951
OC1CCNC(=S)N1c1ccccc1,401,0.677227183,1,0.01,0.768563397
OCC1CCNC(=S)N1c1ccccc1,401,0.735429858,0.648648649,0.02,0.775928795
OC1CC=CSC1=NC(O)c1ccccc1,401,0.82491413,0.192307692,0.01,0.653779675
OCC1CC=CSC1=NCCc1ccccc1,401,0.887040711,0.160714286,0.02,0.724860124
OCC1CC=CSC1=NCCc1ccccc1O,401,0.877602696,0.133333333,0.02,0.701313395
O=C1NCC(O)N1c1cccc2ccccc12,401,0.779965938,0.29787234,0.01,0.802896796
OC1CCc2ccccc2N1CCNCc1cccs1,401,0.83027139,0.2,0.02,0.792313593
O=C1NCC(n2cccc2)c2ccccc21,401,0.768308141,0.204081633,0.13,0.774312658
O=C1NCC(n2ccnc2)c2ccccc21,401,0.77372761,0.185185185,0.16,0.771717568
OC1CCSc2ccccc2N1c1cccnc1,401,0.852664122,0.34,0.04,0.776377803
OC1CCN(c2cccnc2)c2ncccc21,401,0.809674873,0.25,0.07,0.785627509
OC1CCNCC1NC1CCCc2cccnc21,401,0.722402713,0.203389831,0.11,0.704410343
OC1CCNc2cccnc2N1c1cccs1,401,0.812189488,0.36,0.1,0.719428124
OC1CCN(c2nccs2)c2ccccc21,401,0.820926123,0.230769231,0.06,0.789051774
OC1CCN(c2nccs2)c2ccccc2N1,401,0.812189488,0.236363636,0.03,0.758286278
O=C1NC(n2cccn2)CCN1c1ccccc1,401,0.875276035,0.274509804,0.04,0.765702331
O=C1NC(n2cccn2)CCN1c1ccccc1Br,401,0.924575225,0.189655172,0.07,0.742880918
O=C1NC(n2cccn2)CCN1Cc1ccccc1Br,401,0.937720428,0.180327869,0.1,0.742379159
O=C(NC1CCC(n2cccn2)CC1)c1ccccc1,401,0.931006007,0.222222222,0,0.885920815
O=C(Nn1cc(Br)cn1)c1ccccc1-n1cccc1,401,0.802353551,0.116666667,0.02,0.809683243
CCc1ccccc1C(=O)NC(C)CCCn1cc(Br)cn1,401,0.812300553,0.101449275,0,0.814808699
CCC(O)NC(=O)c1ccc(OC)nc1-c1ccccc1,401,0.826709488,0.111111111,0.06,0.815473575
CCC(O)NC(=O)CCCc1cc(-n2cccn2)ccc1Br,401,0.740903922,0.128571429,0.01,0.776933512
CCC(O)NC(=O)CCCc1cc(Br)ccc1-n1cccn1,401,0.740903922,0.112676056,0.01,0.780126565
CCC(C)NC(=O)c1ccc(Br)c(-n2cccn2)c1,401,0.939771303,0.123076923,0.01,0.821956211
CCC(C)NC(=O)CCCc1cc(Br)ccc1-n1cccn1,401,0.810780682,0.128571429,0.01,0.811025076
CCCC(=O)NC(CC)c1cc(Br)ccc1-n1cccn1,401,0.855957843,0.117647059,0.02,0.798139025
CCCC(CC)NC(=O)c1cc(Br)ccc1-n1cccn1,401,0.857736316,0.117647059,0,0.809129898
CCCC(=O)Nc1cc(Br)ccc1-n1cccn1,401,0.941040532,0.126984127,0.03,0.881284862
CCCC(CC)NC(=O)c1cc(Br)ccc1NC(C)C,401,0.762249999,0.061538462,0,0.819874542
CCCC(CC)NC(=O)c1cc(Br)ccc1N=CC,401,0.769909879,0.059701493,0.01,0.768869106
CCCC(CO)NC(=O)c1ccccc1NC(C)C,401,0.708411833,0.118644068,0.01,0.836672656
CCCC(CO)Nc1cc(C)nc2ccccc12,401,0.849078478,0.116666667,0.02,0.826543596
CCCCC(CO)NC(C)c1ccccc1NC(C)C,401,0.645000401,0.1,0.01,0.776484936
CCC(C)NC(=O)c1ccccc1NC1CC1,401,0.819278072,0.181818182,0.03,0.865829813
CCCCC(CO)NC(=NC)c1ccccn1,401,0.581400596,0.114754098,0.03,0.768653265
CCCCC(CO)NC1=Nc2ccccc2CC1,401,0.838777573,0.114754098,0.01,0.76501665
CCCCC(CO)NC1=Nc2ccccc2NC1,401,0.747922588,0.147540984,0.11,0.738830555
CCCCC(C)NC1=Nc2ccccc2NC1,401,0.833723756,0.13559322,0.12,0.751677016
CCCC(CO)NC1=Nc2ccccc2NC1,401,0.744090168,0.152542373,0.1,0.733590046
CCCC(CN)CCNC1=Nc2ccccc2C1,401,0.809154731,0.116666667,0.04,0.752941206
CCCC(CN)CCNC1=Nc2ccccc2CC1,401,0.824768526,0.095238095,0.04,0.753594485
CCCC(CO)NC1=C(Nc2cccnc2)CC1,401,0.691450019,0.112903226,0.02,0.737896235
CCCC(CN)C(=O)NC1CCc2ccccc21,401,0.836227566,0.147540984,0.02,0.794560325
CCCC(NC(=O)c1ccncc1)C1CCNC1,401,0.830503741,0.169491525,0.05,0.764291367
CCCC(NC(=O)c1ccncc1)C1CCNCC1,401,0.85188589,0.172413793,0.05,0.79828959
Cc1ccccc1NC(=O)C1=C(NC2CC2)CCN1,401,0.771818686,0.210526316,0.06,0.830540716
CC1CCNC(C(=O)c2ccncc2NC2CC2)C1,401,0.814157337,0.183333333,0.22,0.72336793
Cc1ccccc1NC(=O)C1=CCN(C)CC1,401,0.844372228,0.140350877,0.02,0.874321021
CC(C)C(=O)Nc1ccncc1C1CCNC1,401,0.835998872,0.166666667,0.23,0.791985637
CC1CCNC(C(=O)Nc2ccncc2)CC1,401,0.818625647,0.181818182,0.13,0.786952144
O=C(N=C1C(=O)c2ccccc2C(O)C1=Nc1ccc(Cl)cc1)c1ccccc1,402,0.678581477,1,0.01,0.772956043
O=C(N=C1C(=O)C=CC(O)C1=Nc1ccccc1)c1ccccc1,402,0.923858622,0.490566038,0.07,0.760390031
O=C(N=C1C(=O)C=CCC1(O)c1ccc(Cl)cc1)c1ccccc1,402,0.91209993,0.360655738,0.02,0.756330529
O=C(N=C1C(=O)CC(O)CC1=Nc1ccccc1)c1ccc(Cl)cc1,402,0.8969598,0.5,0.03,0.756367807
CC(=NC1=C(O)CC(=O)CC1Oc1ccccc1)c1ccccc1CCl,402,0.607101,0.155844156,0.03,0.727411559
CC(=NC1CCCCC1OS(=O)c1ccc(Cl)cc1)c1ccccc1,402,0.673472749,0.264705882,0,0.709151958
CC1=C(N=S(=O)(Cl)c2ccccc2)C(OC2CCCC2)OC(CO)C1,402,0.777382511,0.15,0.04,0.635590278
CC(C)(C=NC1(O)CCCCOc2ccc(Cl)cc21)c1ccccc1,402,0.776578186,0.171052632,0.02,0.733578858
CC(C)(O)NC1=C(c2ccccc2)C(CP(=O)(O)CCCCO)OC1,402,0.302466245,0.109756098,0.02,0.659383902
CC(C)(O)C1=C2CCCCC2OP(=O)(c2ccccc2)CC(N)CC1,402,0.62016578,0.128205128,0.06,0.562574749
CC(C)(O)C1CCCCC(NS(=O)c2ccccc2)c2cc(Cl)ccc2O1,402,0.765813579,0.194805195,0.02,0.650502277
CC(C)(O)C1CCCCC1P(=O)(Cc1ccccc1)OC1CCNC1,402,0.742972962,0.1125,0.04,0.645096647
CC(C)(O)C1CCCCC1=NS(=O)c1ccccc1CC1CCCO1,402,0.864722385,0.120481928,0.01,0.647191578
CC(C)(O)C1CCCCC1CP(=O)(c1ccccc1)c1ccco1,402,0.826819691,0.12,0.01,0.671378403
CC(C)(O)C1CCCCC1CP(=O)(c1ccccc1)n1cccc1,402,0.809883342,0.138888889,0.01,0.65074424
CC(C)(O)C1CCCCC1CP(=O)(O)Oc1ccccc1CN,402,0.690558871,0.102564103,0.02,0.682711504
CC(C)(O)C1CCCCC1=NC(=O)Cc1ccccc1OC1CC1,402,0.895867737,0.141025641,0,0.746027689
CC(C)NC(=NCc1ccccc1)OC1CCCCc2cccnc21,402,0.510222096,0.108433735,0.1,0.766622148
CC(C)=NCc1ccccc1C(=O)NC1CCCCC1On1cccc1,402,0.806280837,0.12345679,0.01,0.701643778
CC(O)C1CCCCC1=NC(=O)Oc1ccccc1-n1cccc1,402,0.927373461,0.141025641,0,0.711256482
CC(C)NC(=NCc1ccccc1)OC1CCCCC1CCO,402,0.623335297,0.131578947,0.01,0.737458045
CC(O)C1CCCCC1=NC(=O)Oc1ccccc1C1CC1,402,0.914973955,0.178082192,0,0.718594162
CC(O)C1CCCCC1=NC(=O)Oc1ccccc1CCl,402,0.860416438,0.157894737,0.01,0.70947518
CC(O)CC(CNC(=O)Oc1ccccc1)C1CCCCC1,402,0.84139282,0.135135135,0,0.7680956
CC(O)C1CCCCC1CN(C)Oc1ccccc1C#N,402,0.846308141,0.088607595,0.02,0.684125544
CC(O)C(=NCc1ccccc1)OC1CCCCC1CCl,402,0.510744417,0.150684932,0,0.695336522
CC(O)(CN=C(N)Oc1ccccc1)C1CCCCC1,402,0.656036485,0.126760563,0.01,0.758518821
CC(O)(CN)Cc1ccccc1OCCn1ccnc1,402,0.796457469,0.116883117,0.13,0.792691831
CC(O)(CN)Cc1ccccc1C(=O)Oc1ccccc1,402,0.652000879,0.166666667,0.01,0.831820641
CC(CN)CC(=O)Nc1ccccc1COc1ccccc1,402,0.824806192,0.123287671,0.02,0.854057137
CC(CN)CC(=O)Nc1ccccc1Cn1ccnc1,402,0.842614417,0.101265823,0.07,0.809772263
CC(CN)(CNC(=O)C1CCOCC1)c1ccccc1,402,0.855197747,0.138888889,0,0.801172803
CC(CN)(CS(=O)c1ccccc1)Oc1ccccc1,402,0.889019915,0.121212121,0.04,0.751916118
CC(CN)(CS(=O)c1ccncc1)Oc1ccccc1,402,0.883286659,0.112676056,0.15,0.722227319
O=C(COc1ccccc1)N=C1SC2CS(O)(O)N=C2N1c1ccccc1,403,0.809226617,0.462686567,0.04,0.720762586
O=C(CCOc1ccccc1)N=C1SC2CS(O)(O)=NC2N1c1ccccc1,403,0.643881978,0.378378378,0.02,0.65925667
O=C(COc1ccccc1)NCC1CC2C(S(=O)(=O)O)=CC=CC2S1,403,0.7325656,0.259259259,0.01,0.666833615
O=C(COc1ccccc1)NCC1CC2C(=CS1(=O)=O)CCN2CCO,403,0.707307601,0.238095238,0.01,0.68972122
CCCOc1ccc2c(c1)SN(CC(=Nc1ccccc1)S(C)(=O)=O)C2,403,0.422649306,0.197674419,0.07,0.761566485
CCCOCCN=C1SC2CC(N)(S(=O)(=O)O)CN2c2ccccc21,403,0.566862132,0.152173913,0.04,0.627899828
CCCOCCN=C1SC2CC(N)=CC=C2N1Cc1ccccc1,403,0.769797098,0.174418605,0.05,0.706457284
CCCN1CC(CNc2ccccc2)S(=O)(=O)C2=CC=CCC=C21,403,0.88998359,0.123595506,0.06,0.684332952
CCCN1CC(CNc2ccccc2)S(=O)(=O)C2=CC=CCC2=N1,403,0.891300304,0.123595506,0.02,0.674132283
CCCN1CC(CNc2ccccc2)S(=O)(=O)C2=CC=CCC21,403,0.900680119,0.126436782,0.02,0.671161775
CCCN1CC(CNc2ccccc2)S(=O)(=O)C2CC=CC=C21,403,0.900680119,0.139534884,0.04,0.666244059
CCCN1CC(CNc2ccccc2)S(=O)(=O)c2ccccc21,403,0.914692757,0.135802469,0,0.773870686
CCCN1CC(COc2ccccc2)S(=O)(=O)c2ccccc21,403,0.84432821,0.210526316,0.01,0.778965791
CCCNc1ccc(C(=O)OCC2CC2)c2ccccc12,403,0.80626368,0.164556962,0.04,0.890825495
CCCN1CC(COc2ccccc2)S(=O)(=O)c2cccn21,403,0.846167588,0.207792208,0.01,0.702760189
CCCN1CC(CNc2ccccc2)S(=O)(=O)c2cccn21,403,0.916889688,0.134146341,0,0.69742246
CCCN1CC2CCC(CNc3ccccc3)N2C1=O,403,0.895118885,0.12195122,0.02,0.754289788
CCCN1CC2C(COc3ccccc3)NCC2C(=O)N1,403,0.84984277,0.185185185,0.01,0.668784971
CC1=Nc2ccccc2CN1CCOc1ccccc1,403,0.843809734,0.175675676,0.01,0.859554452
CCCN1CC(COc2ccccc2)=NNC1=NC=O,403,0.792810678,0.202531646,0.03,0.746964411
CCCN1CC(COc2ccccc2)N2CCNC2=N1,403,0.879328602,0.172839506,0.02,0.735125327
CCCN1CC(COc2ccccc2)N=C1NC=O,403,0.784393613,0.189873418,0.02,0.74456959
CCCN1CC(COc2ccccc2)=NNC1=O,403,0.863012438,0.202702703,0.01,0.812299075
CCCC1NC(=O)N(CCOc2ccccc2)N=C1N,403,0.826575178,0.192307692,0.06,0.763201952
CCCC1NC(=O)N(CCOc2ccccc2)C=C1C,403,0.865404242,0.197368421,0.01,0.777039469
CCCC1NC(=O)N(CCOc2ccccc2)C=C1I,403,0.760480131,0.197368421,0.01,0.758130427
CCCC1CC(=O)N(CCOc2ccccc2)C=C1I,403,0.693499543,0.194805195,0,0.755669159
CCCC1CC(=O)N(CCOc2ccccc2)C=CC1,403,0.791989304,0.192307692,0,0.787310459
CCCC1CC(=O)N(CCOc2ccccc2)C=N1,403,0.788267752,0.210526316,0.02,0.755627492
CCCC1CN=C(COc2ccccc2)NC1=O,403,0.863643651,0.184210526,0.05,0.771317537
CCCC1CN=C(OCc2ccccc2)NC1=O,403,0.884164916,0.139240506,0.03,0.762021679
CCCC1CN=C(OCc2ccccc2)N(CCC)C1=O,403,0.806194206,0.148148148,0.03,0.76424088
CCCC1CCN(CCOc2ccc(F)cc2)S1(=O)=O,403,0.810391383,0.243243243,0.01,0.758068691
CCCC1CCN(CCOc2ccc(F)cc2)S(=O)(=O)C1,403,0.8106073,0.220779221,0,0.781985439
CCCC1CCN(C(=O)Oc2ccccc2F)CCS1=O,403,0.861722484,0.185185185,0.01,0.721441804
CCCC1CCN(C(=O)Oc2ccccc2F)CCS1(=O)=O,403,0.854967137,0.197530864,0,0.762076705
CCCC1CCN(C(=O)Oc2ccc3ccccc3c2)S1(=O)=O,403,0.86160471,0.172839506,0.01,0.750575148
CCCC1CCN(C(=O)Oc2ccc3ncccc3c2)S1(=O)=O,403,0.862327567,0.159090909,0.03,0.734905798
CCCC1CCN(C(=O)Oc2ccc3ncccc3c2F)CC1=O,403,0.863156216,0.166666667,0.01,0.77356356
CCCC1CCN(C(=O)O)c2ccc3ccccc3c2OC1F,403,0.863721984,0.166666667,0,0.727330812
CCCC1CCN(C(=O)O)c2ccc3ccccc3c2OCCC1F,403,0.808409527,0.162790698,0.01,0.686181222
CCCC1CCC(C(=O)N2CC(=O)c3ccccc3C2F)CC1O,403,0.863956328,0.137931034,0.03,0.674196735
Cc1noc(C(=O)N2CC(C)(C)CC3CC(C)(C3)C2)c1Cl,404,0.789380335,0.576923077,0.04,0.674734679
Cc1noc(C(=O)N2CC3(C)CC2CC(C)(C)C3)c1Cl,404,0.794013457,1,0,0.623984298
Cc1noc(C(=O)N2CC3(C)CC2CC(C)(C)C3)n1,404,0.780397757,0.62,0,0.628920435
Cc1noc(C(=O)C2CC(C)(C)CC(C)(C)C2)n1,404,0.754626396,0.327272727,0,0.765293799
Cc1noc(C(=O)C2CCC(C)(C)CC2(C)C)n1,404,0.754626396,0.262295082,0,0.704426043
Cc1noc(C(=O)C2CCC(C)(O)CC2(C)C)c1Cl,404,0.846064322,0.410714286,0.04,0.659524557
Cc1nc(C(C)C2CCC(C)(O)CC2)c(Cl)n1C,404,0.894144158,0.184615385,0.01,0.696019633
Cc1nc(C(C)C2CCC(C)(O)CC2)c(Cl)cn1,404,0.89317365,0.164179104,0.02,0.71471633
Cc1nc(C(C)C2CCC(C)(O)CC2)ccc1Cl,404,0.875569481,0.184615385,0.02,0.731098433
Cc1nc(C(Cl)=CO)cc2c1CC(C)(C)CC2,404,0.765637378,0.164179104,0.03,0.744266812
Cc1nc(N(O)C2CCC(C)(C)CC2)ccc1Cl,404,0.816601859,0.209677419,0.04,0.772775575
Cc1ccc2c(c1)C(Cl)=CCC(C(C)(C)O)CC2,404,0.801930403,0.114285714,0.01,0.765548983
Cc1ccc2c(c1)CCN(C(C)=NO)CC(C)(C)C2,404,0.336326264,0.144927536,0.01,0.799881708
Cc1ccc(C(C)C2CCC(O)=C(C)CC2)cc1,404,0.765110225,0.092307692,0.02,0.751814196
Cc1ccc2c(c1)C(O)CCN(CCC(C)(C)O)C2,404,0.87981651,0.094594595,0.03,0.785587449
CCC(C)(C)C1CC=Cc2nc(S(C)=O)oc2C1,404,0.842409684,0.093333333,0.03,0.593818145
CCC(C)(C)C1CCC=C(I)c2nc(CO)oc2C1,404,0.800304524,0.090909091,0.06,0.67058094
CCC(C)(C)C1CCC=C(I)c2nc(CCO)oc2C1,404,0.778178987,0.088607595,0.06,0.678628766
CCC(C)(C)CCCCC1CCc2nc(CO)oc2C1,404,0.75817077,0.090909091,0.07,0.719793417
CCC(C)(C)CCN1CCc2nc(C(O)CC)[nH]c2C1,404,0.841280269,0.077922078,0.05,0.714406109
CCC(C)(C)CCN1CCc2nc(C(O)CC)sc2C1,404,0.867825333,0.076923077,0,0.732008347
CCC(C)(C)C1CCN(C(=O)c2ccc(CC)o2)CC1,404,0.828766949,0.142857143,0,0.848458835
CCC(C)(C)N1CCC(=NCc2ccc(C)c(O)c2)CC1,404,0.91102257,0.094594595,0.01,0.791960553
CCC(C)(C)N1CCC(C(=O)c2ccc(CC)cc2)CC1,404,0.751168253,0.115942029,0,0.86980989
Cc1ccc(C(O)C(=O)N2CCC(=NOC(C)C)CC2)cc1,404,0.869060631,0.111111111,0,0.775219202
Cc1ccc(C(O)C(=O)N2CCC(C)(C(C)C)CC2)cn1,404,0.930940414,0.157142857,0.04,0.755853337
Cc1ccc(C(O)C(=O)N2CCC(=NOC(C)C)CC2)cn1,404,0.861139865,0.118421053,0.02,0.746379353
Cc1ccc(C(O)C(=O)N2CCC(=O)C(C)(C)C2)cn1,404,0.882257852,0.169014085,0.02,0.756067704
Cc1ccc(C(O)C(=O)N2CCC(C)(C)CC2)c(C)n1,404,0.902014449,0.2,0.02,0.779319841
Cc1ccc(C(O)C(=O)N2CCC(C)(C)CC2)cn1,404,0.887412971,0.181818182,0.03,0.790660822
Cc1ccc(C(=O)N(C)C2CCC(O)CC2)c(C)n1,404,0.887433298,0.169230769,0.03,0.853766028
Cc1ccc(C(=O)N(C)CC(C)(C)O)c(CC)n1,404,0.886135379,0.101449275,0.02,0.820763371
Cc1ccc(C(=O)N(C)CC(C)(C)O)c(C)n1,404,0.86579514,0.121212121,0,0.839687396
Cc1ccc(C(=O)N2CCC(C(C)O)CC2)c(C)n1,404,0.885764403,0.181818182,0,0.815585082
Cc1ccc(C(=O)N2CCC(C(C)(C)O)C2)cn1,404,0.865018811,0.15942029,0,0.810203614
Cc1ccc(C(=O)N2CCC(C(=O)O)C(C)C2)cn1,404,0.877936456,0.157142857,0.02,0.788794711
Cc1ccc(C(=O)N2CCC(C(C)(C)O)CC2)cn1,404,0.886761168,0.164179104,0,0.863509815
Cc1ccc(C(=O)C2CCN(C(C)(C)C)CC2)cn1,404,0.766149551,0.149253731,0.01,0.857889992
Cc1ccc(C(=O)N2CCC(C(C)(C)C)CC2)cn1,404,0.776009374,0.166666667,0,0.880427271
Cc1ccc(C(=O)N2CCC(C(C)(C)N)CC2)cn1,404,0.885249737,0.161764706,0.06,0.855300052
Cc1ccc(C(=O)N2CCNC(C(C)(C)C)C2)cn1,404,0.838886435,0.171428571,0.09,0.794719993
Brc1ccc2nc(-c3cccs3)c(NCC3CCCO3)n2c1,405,0.730753337,1,0,0.774368714
Brc1ccc2nc(-c3cccs3)c(NCC3CC3)n2c1,405,0.743839566,0.732142857,0.02,0.829043456
Oc1ccc2nc(-c3cccs3)cn2c1NCC1CC1,405,0.769889158,0.46969697,0.05,0.814361758
O=c1ccc2nc(-c3cccs3)cn2cc1Br,405,0.69178847,0.294117647,0.06,0.806886968
CC(O)c1ncc2nc(-c3cccs3)cn2c1Br,405,0.786990709,0.27027027,0.05,0.731611469
CC(=O)c1ncc(-c2ccc(Br)cc2)n1CC1CS1,405,0.63121446,0.207792208,0.04,0.752405267
CC(=O)c1ncc(-c2ccc(SC)cc2)n1CCO,405,0.673046184,0.111111111,0.06,0.826315833
CCc1nc(-c2ccc(SC)cc2)cn1CC(C)=O,405,0.783553019,0.097560976,0.03,0.840222074
CCC(=O)c1nc(-c2ccc(OC)cc2)cn1CBr,405,0.624718098,0.109756098,0.02,0.831715252
CCc1nc(-c2ccc(OC(C)=O)cc2)c(C)n1S,405,0.532177582,0.097560976,0.04,0.823736738
CCc1nc(-c2ccc(OC(C)C)cc2)c(CBr)n1C,405,0.759486517,0.125,0.09,0.837871982
CCc1nc(-c2ccc(OC(C)C)cc2)c(Br)n1C,405,0.843083334,0.142857143,0.06,0.844595318
COc1nc(-c2ccc(C(C)C)cc2)c(Br)n1CO,405,0.937191052,0.141025641,0.03,0.820711886
CCc1nc(-c2ccc(OC(C)C)cc2)c(C)n1Br,405,0.835467363,0.128205128,0.06,0.827769578
CNC(=O)c1nc(C)n(Cc2ccc(OC)cc2)c1Br,405,0.931244849,0.134146341,0.01,0.858110024
CCc1nc(C(=O)C2CC2)c(C)n1Cc1ccco1,405,0.774512255,0.170731707,0.04,0.821234555
CCS(=O)c1nc(C)c(-c2ccc(OC)cc2)n1C,405,0.862950501,0.085365854,0.01,0.775007567
CCC(=O)Nc1nc(C)cn1Cc1ccc(OC)cc1,405,0.910644104,0.120481928,0.02,0.869682921
CCc1nc(NCC(C)O)c(-c2ccc(OC)cc2)n1C,405,0.857345743,0.105882353,0.06,0.788366548
CCOc1nc(-c2ccc(CCO)cc2)c(C)cc1Br,405,0.904156412,0.12345679,0.1,0.862409295
CCOc1ncc(-c2ccc(CCO)cc2)n1CCBr,405,0.789371765,0.096385542,0.05,0.819420602
CCOc1ncc(-c2ccc(CCO)cc2)c(C)n1,405,0.894292716,0.074074074,0.07,0.868918493
CCOc1ccccc1C1CC(c2ccccc2)Nc2nc(N)nn21,406,0.763830391,1,0,0.731370805
CCOc1ccccc1C1CC(c2ccccc2)Nc2ncnn21,406,0.793724465,0.690909091,0.02,0.742915103
CCOc1ccccc1C1CC(c2ccccc2)NC(N)=N1,406,0.910481179,0.561403509,0.04,0.763185214
CCOc1ccccc1C1CC(c2ccccc2)NC1NC,406,0.88640377,0.442622951,0,0.729716514
CCOc1ccccc1C1CC(c2ccccc2)NC1N,406,0.905086223,0.482758621,0.01,0.743504013
CCOc1ccccc1-c1cc(CC)cc(NCC)n1,406,0.856190881,0.246376812,0.04,0.881475393
CCOc1ccccc1C1CC(c2ccncc2)NC1,406,0.92352256,0.426229508,0.07,0.774245837
CCOc1ccccc1C1CC(c2ccnc(N)n2)N1,406,0.890957593,0.459016393,0.15,0.74713879
CCOc1ccccc1-c1cc(C(CC)CC)n[nH]1,406,0.834611924,0.253731343,0.2,0.835404533
CCOc1c(-c2ccccc2)cc2nc(NC)[nH]n12,406,0.75434803,0.242857143,0.06,0.79445896
CCOc1cc(-c2ccccc2)cc(C2CC2NC)n1,406,0.903745375,0.264705882,0.03,0.76796008
CCOc1c(-c2ccccc2)cc2c(n1)NC(CC)C2,406,0.912976741,0.271428571,0.09,0.770531944
CCOc1c(CC)c(-c2ccccc2)cc2nc(N)[nH]c12,406,0.764714942,0.253521127,0.17,0.83249088
CCOC1C(CC)CC(c2ccccc2)Nc2nc(N)nn21,406,0.907418842,0.593220339,0.07,0.655852522
CCOC1CC(c2ccccc2)Cc2nc(N)[nH]c21,406,0.888295018,0.308823529,0.06,0.713203382
CCOC1CC(CC)c2cc(-c3ccccc3)[nH]c21,406,0.844315427,0.228571429,0.1,0.713864361
CCOc1ccccc1-c1ccc2nc(N)[nH]c2c1,406,0.752938313,0.318181818,0.23,0.890521897
CCOc1ccccc1-c1cc(OCC)c2nc(N)[nH]c2c1,406,0.754223656,0.318181818,0.25,0.862514987
CCOc1ccccc1-c1cc(OCOCC)c2nc[nH]c2c1,406,0.528995425,0.267605634,0.14,0.842162477
CCOc1ccccc1-c1c(CCCC)cnc2nc[nH]c12,406,0.734493699,0.232876712,0.11,0.838443051
CCOc1ccccc1-c1nc(N)c2nc[nH]c2n1,406,0.74668996,0.298507463,0.18,0.842733645
CCOc1ccccc1-c1nc(N)c2ncn(CC)c2n1,406,0.795468127,0.289855072,0.08,0.863676008
CCOc1ccccc1-c1nc(N)nc2c(CC)c[nH]c12,406,0.770218287,0.304347826,0.32,0.839306777
CCOc1ccccc1-c1nc(N)nc2cnn(CC)c12,406,0.795468127,0.304347826,0.09,0.835809598
CCCOc1ccccc1-c1nc(N)nc2ccnn12,406,0.78486016,0.253521127,0.04,0.845402872
CCCOc1ccccc1-c1nc(N)nc(CC)c1CF,406,0.883118124,0.236111111,0.04,0.837451593
CCCOc1cccc(-c2nc(N)[nH]c2C2CC2C)c1,406,0.87338671,0.223684211,0.24,0.754974432
CCCOc1cc(-c2n[nH]c(=O)n2CC)ccc1N,406,0.801781147,0.184210526,0.13,0.8542392
CCCOc1cc(-c2n[nH]c(=O)n2CC)ccn1,406,0.868608227,0.142857143,0.18,0.841379885
CCCOc1cccc(-c2n[nH]c(CC)c2CN)c1,406,0.838041808,0.157894737,0.4,0.84331422
CCCOc1cc(-c2n[nH]cc2CC)cc(N)n1,406,0.848902142,0.162162162,0.28,0.775401303
CCCOc1cc(-c2n[nH]c(CC)c2CN)ccn1,406,0.835015862,0.141025641,0.48,0.808445844
CCCOc1c(-c2n[nH]cc2CC)ccnc1N,406,0.848902142,0.162162162,0.33,0.775837502
CCCOc1c(-c2cn[nH]c2N)cccc1CC,406,0.850678818,0.178082192,0.1,0.834499342
CCCOc1ccccc1-c1n[nH]c(CC)c1CN,406,0.838041808,0.208333333,0.23,0.84085724
CCOc1ccccc1-c1n[nH]c(CC)c1CCCN,406,0.814923724,0.253521127,0.22,0.839957174
CCOc1ccc(-c2n[nH]cc2N)cc1CC(F)F,406,0.875110548,0.219178082,0.34,0.787815107
CCOc1ccc(-c2n[nH]cc2NCCF)cc1N,406,0.700357402,0.213333333,0.36,0.790864932
CCOc1ccc(-c2n[nH]cc2CNCCF)cc1N,406,0.535395237,0.207792208,0.35,0.787555555
CCOc1ccc(-c2n[nH]cc2CNCCO)cc1N,406,0.44905722,0.207792208,0.31,0.805824111
C=S(O)(O)=Cc1ccc(C(=O)NCC2(N3CCCCC3)CCCC2)cc1,407,0.685330901,1,0,0.785683325
C=S(O)c1ccc(C(=O)NCC2(N3CCCCC3)CCCCC2)cc1,407,0.774236903,0.647058824,0.02,0.753051658
C=S(O)c1ccc(C(=O)NCC2(N3CCCCC3)CCCC2)cc1,407,0.797004636,0.647058824,0.02,0.751290365
C=S(O)c1ccccc1C(=O)NCC1(N2CCCCC2)CCCCC1,407,0.774236903,0.5,0.01,0.74736341
C=P(O)c1cccc(C(=O)NCC2(N3CCCCC3)CCCC2)c1,407,0.803662666,0.534482759,0.03,0.721181335
C=C(S)c1ccccc1C(=O)NCC1(N2CCCCC2)CCCC1,407,0.787833637,0.517857143,0.02,0.815217388
C=C(Cl)c1cccc(C(=O)NCC2(N3CCCCC3)CCCC2)c1,407,0.855219591,0.553571429,0,0.825119283
C=C(Cl)c1cccc(C(=O)N2CCCCCC2C(O)CC)c1,407,0.908416125,0.2,0.01,0.750694695
C=C(Cl)c1cccc(C(=O)N2CCCCCC2C=CCO)c1,407,0.856815413,0.216216216,0.01,0.755247904
C=C(Cl)c1cccc(C(=O)N2CCCCCC2C=CC)c1,407,0.730443635,0.205479452,0,0.761622467
C=C(Cl)Cc1cccc(C(=O)N2CCCCCC2CC)c1,407,0.783905319,0.2,0.01,0.816369533
C=C(Cl)c1cccc(C(=O)N2CCCCCC2CCO)c1,407,0.921862214,0.208333333,0.01,0.802341111
C=C(N)Cc1cccc(C(=O)N2CCCCCC2Cl)c1,407,0.686300209,0.205479452,0.01,0.775802208
C=C(Cl)Cc1cccc(C(=O)N2CCCCC2CC)c1,407,0.805674405,0.186666667,0.01,0.816006054
C=C(N)Cc1cccc(C(=O)N2CCCCC2CC)c1,407,0.915116491,0.186666667,0.03,0.811735724
C=C(N)c1ccc(C(=O)N2CCCCC2CC)cc1,407,0.90549984,0.227272727,0.02,0.826602945
C=C(N)c1ccc(Cl)cc1C(=O)N1CCCCCC1,407,0.902278781,0.2,0,0.868219751
C=C(N)c1ccc(C(=O)N2CCCCC2CO)cc1,407,0.867228735,0.234375,0,0.822330086
C=C(N)c1ccc(C(=O)N2CCCCC2)cc1,407,0.846577224,0.267857143,0,0.899992175
CCC(=O)N1CCc2cc(C(N)CCO)ccc2C1,407,0.860792444,0.131578947,0.05,0.804746341
C=C(N)c1ccc(C(=O)N2CCC(O)CC2)cc1,407,0.824020525,0.193548387,0.02,0.877678696
CCC(N)c1ccc(C(=O)N2CCC(O)CC2)cc1,407,0.870869221,0.176470588,0.02,0.84334547
CCC(=O)N1CCc2cc(C(N)CC3CCCCC3)ccc21,407,0.914663445,0.168831169,0.03,0.804436624
C=CC(=O)N1CCc2ccc(C3(N)CCCCC3)cc2C1,407,0.848844917,0.246376812,0.03,0.814021649
C=CC(=O)N1CCc2ccc(C(N)CCC)cc2CC1,407,0.856391273,0.162162162,0.02,0.796706878
C=CC(=O)N1CCc2ccc(C(N)CC)cc2CC1,407,0.844925676,0.166666667,0.03,0.797440971
C=CC(N)c1ccc(C(=O)N2CCC(N)CC2)cc1,407,0.80666604,0.194029851,0.03,0.802428489
C=CC(N)c1ccc(C(=O)N2CCC(CO)CC2)cc1,407,0.821521881,0.202898551,0.03,0.807392043
C=CC(N)c1ccc(C(=O)N2CCC(CC)CC2)cn1,407,0.857559646,0.186666667,0.09,0.778889845
C=CC(N)c1ccc(C(=O)N2CCC(CO)CC2)cn1,407,0.806804948,0.189189189,0.1,0.77278023
C=C(C)c1ccc(C(=O)N2CCC(N)CC2)cn1,407,0.862006565,0.171428571,0.1,0.848691619
C=C(C)c1ccc(C(=O)N2CCC(N)(CC)CC2)cn1,407,0.919961175,0.228571429,0.09,0.809988905
CC1=CC(=C2CC(c3ccco3)=Nc3ccccc3N2)C(=O)C1,408,0.794949793,0.709090909,0.1,0.770928493
CC1=CC(=C2C=C(c3ccco3)Nc3ccccc32)C(=O)C1,408,0.790178464,0.384615385,0.14,0.775289445
CC1=CC(=C2C=C(c3ccco3)Nc3ccccc32)C(=O)C=C1,408,0.783603482,0.534482759,0.12,0.795962247
CN1CCC(C2=CC(=O)C=C(c3cc4ccccc4o3)N2)C=C1,408,0.784734131,0.142857143,0.09,0.704901376
CN1CCC(C2=CC(=O)C=C(Oc3cccc4ccccc34)N2)C1,408,0.799418847,0.130952381,0.05,0.765296405
CCC1CCC(C2=CC(=O)c3ccccc3Oc3ccc(F)cc32)N1,408,0.86093985,0.156626506,0.07,0.72270108
CCC1=CC(=C2C=C(c3ccccc3C#N)ON2)C(C)=CC1=O,408,0.907259381,0.175,0.09,0.749045088
CCC1=C(CCOc2cc(F)cc3ccccc23)NC(=C2CCC2)O1,408,0.792616726,0.113636364,0.04,0.78023341
CCC1CCC(C(C)C2=CC(=O)c3ccccc3O2)=CC(C)N1,408,0.855709432,0.129411765,0.06,0.663078698
CCC1=C(CCOc2cc(C)cc3ccccc23)NC(=O)CC1,408,0.883356579,0.146341463,0.03,0.826461082
CCCCC1OCC(C(N)=Nc2cc3ccccc3cc2F)N1,408,0.655881966,0.103448276,0.08,0.686860143
CCCCC1=C(CC)C(=O)NC(c2cc3ccccc3cn2)O1,408,0.898624071,0.13253012,0.16,0.73460029
CCCCC1OCC(C(=O)Nc2cc3ccccc3cc2F)N1C,408,0.907337502,0.102272727,0,0.743778706
CCCCC1OCC(C(=O)Nc2cc3ccccc3cc2F)C1C,408,0.858759035,0.103448276,0.01,0.734182475
CCCCCCC1OCC(=O)N=C1c1cc(F)cc2ccccc12,408,0.723599611,0.142857143,0.07,0.75370954
CCCCCCC1=NC(=O)C(CC)(c2cc3ccccc3cn2)N1,408,0.771223706,0.148148148,0.14,0.736047556
CCC1=C(C2=NC(CC)CO2)C(=O)Nc2ccc(F)cc21,408,0.943853865,0.117647059,0.08,0.750301997
CCC1C(C2=NC(CC)CO2)C(=O)Nc2ccc(F)cc21,408,0.929651381,0.146341463,0.1,0.659807683
CCC1C(C2=NC(=O)CO2)Nc2ccccc2C(C)=C1C,408,0.906580836,0.213333333,0.11,0.662741413
CCC1NC(=O)C(CCOC)=C1c1cc2ccccc2cn1,408,0.922661509,0.120481928,0.27,0.754143095
CCC1NC(=O)C(CCOC)=NC1c1cc2ccccc2cn1,408,0.92306833,0.117647059,0.24,0.685498371
CC1=NC(=O)C(CCOCCNc2cc3ccccc3cn2)C1,408,0.798256492,0.158536585,0.12,0.75392273
CC1=NC(=O)C(CCOc2cc3ccccc3cn2)C1C,408,0.86453611,0.141025641,0.08,0.720762225
CC1=C(CCOCCO)C(=O)N(c2ccccc2C#N)N1,408,0.77212001,0.120481928,0.03,0.818356677
CCC1Oc2ccc(C)cc2N(CC(=O)NCCCN2CCCCC2C)C1=O,409,0.7310495,0.846153846,0,0.762723967
CCC1Oc2ccc(C)cc2N(CC(=O)NCCC2CCCC2)C1=O,409,0.862039558,0.696969697,0,0.801650797
CCC1Oc2ccc(C)cc2N(CCC2CCCCN2)C1=O,409,0.929281275,0.493150685,0,0.749519776
CCC1Oc2ccc(C)cc2N(CCC2CCCC2)C1=O,409,0.834808024,0.537313433,0.01,0.80449165
CCC1Oc2ccc(NC)cc2N(CCC2CCCC2)C1=O,409,0.898914936,0.458333333,0.01,0.788171667
CCC1Oc2ccc(NC)cc2N2CCCCC2C1=O,409,0.900141835,0.4,0.02,0.735435956
CCC1Oc2ccc(C(C)C)cc2N2CCCCC12,409,0.783062043,0.282051282,0,0.76232605
CCCCc1cc2ccccc2n1CCC1CCCCN1,409,0.825191429,0.179775281,0.03,0.798189574
CCCCc1nc(=O)c2ccccc2n1CCC1CCCN1,409,0.891929034,0.172043011,0.08,0.800356706
CCCCc1cc(=O)c2ccccc2n1CCC1CCCN1,409,0.885565322,0.186813187,0.09,0.792043965
CCCCC(=O)N1CCCN2CCc3ccccc3C21,409,0.844321358,0.186046512,0.01,0.803696931
CCCCC(=O)N1CCCN2CCc3ccccc3C2C1,409,0.852544046,0.195402299,0.01,0.825269535
CCCCC(=O)N1CCCC1CC1CCc2ccccc2N1,409,0.891638963,0.213483146,0,0.760227041
CCCC(=O)N1CCc2ccccc2C1CC1CCCCN1,409,0.923516587,0.186813187,0.01,0.756073916
CCCCC1NCCc2ccc(N(C)C3CCCCC3)cc21,409,0.837369505,0.142857143,0.01,0.783345648
CCCC(=O)N1CCCc2ccc(CCN3CCCC3)cc21,409,0.831809119,0.197674419,0,0.873782474
CCCNC1=Nc2ccccc2C1CCN1CCCCC1CO,409,0.848046703,0.294117647,0.02,0.723904328
CCC(=O)N1CCCCC1CCN1CCc2ccccc2C1=O,409,0.857220998,0.258823529,0.02,0.811576514
CCCNC1CCc2ccccc2N(CCC2CCCCN2C)C1=O,409,0.8614182,0.294117647,0.04,0.767613046
CCCNC1=Cc2ccccc2N(CCC2CCCCN2C)CC1=O,409,0.861158535,0.261363636,0.03,0.749703154
CCCC(=O)N1CCCCC1CCn1ccc2ccccc2c1=O,409,0.842720931,0.255813953,0.02,0.817709986
CCC(=O)N1CCCCC1CCn1ccc2ccccc2c1=O,409,0.869917505,0.258823529,0.04,0.817889567
CCC(=O)N1CCCCC1CCNCc1nc2ccccc2[nH]1,409,0.806073258,0.244444444,0.04,0.806899079
CCC(=O)N1CCCCC1CCCc1nc2ccccc2[nH]1,409,0.915309141,0.238636364,0.02,0.814662715
COCC(=O)N1CCCCC1CCCc1nc2ccccc2[nH]1,409,0.891452263,0.230769231,0.02,0.81149839
CCC(=O)N1CCCCC1CCCc1nc2ccccc2n1CCO,409,0.840073717,0.241758242,0.03,0.806018325
CCC(=O)N1CCCCC1CCNCc1nc2ccccc2s1,409,0.823213959,0.244444444,0.04,0.807627897
CCC(=O)N1CCCCC1CNCCc1nc2ccccc2s1,409,0.826787823,0.244444444,0.01,0.80774707
CCC(=O)NCC1CCCCN1Cc1nc2ccccc2s1,409,0.921031105,0.294117647,0.01,0.814471369
CCC(=O)NCC1CCCCN1Cc1nc2cccc(C)c2s1,409,0.912083948,0.298850575,0,0.794722668
CCC(C)CN1CCCCC1CNc1nc2ccccc2s1,409,0.843098238,0.224719101,0.02,0.777303964
CCC(=O)N1CCCCC1CCNc1nc2ccc(F)cc2s1,409,0.897155606,0.239130435,0.01,0.803142481
CCC(C)(C)N1CCCCC1c1nc2ccccc2s1,409,0.78875111,0.186046512,0.02,0.785016797
CCC(=O)N1CCCCC1c1nc2ccc(F)cc2[nH]1,409,0.914810112,0.215909091,0.07,0.817244058
C#CCOc1ccc(C2C3C(=O)CC(C)(C)C=C3N(CC(=O)O)C3=CC(C)(C)CC32)cc1,410,0.687063175,0.857142857,0.02,0.62131163
C#CCOc1ccc(C2C3C(=O)CC(C)(C)CC3=NC(CC(=O)O)CC(=O)C2)cc1,410,0.752266418,0.478873239,0.03,0.651559519
C#CCOc1ccc(C2C3C(=O)CC(C)(C)CC3=NC(CC(=O)O)C2=O)cc1,410,0.791728575,0.5,0.03,0.658835953
C#CCOc1ccc(C2C3C(=O)CC(C)(C)C=C3NC(=O)CC2=O)cc1,410,0.670269232,0.557377049,0.04,0.692514821
C#CCOc1ccc(C2C3=C(CC(C)(C)CC3=O)N=CC(=O)N2)cc1,410,0.862828686,0.385714286,0.17,0.712925077
C#CCOc1ccc(C2C3=C(CC(C)(C)CC3=O)NC(=O)CS2)cc1,410,0.84592257,0.4,0.14,0.74317255
C#CCOc1ccc(C2C3=C(CC(C)CC3=O)NC(=O)CS2)cc1,410,0.859169401,0.361111111,0.12,0.713253819
C#CCOc1ccc(C2C3=C(CC(C)CC3=O)NC(=O)N2)cc1,410,0.84192401,0.362318841,0.08,0.73690667
C#CCOc1ccc(C2C3=C(CC(C)CC3=O)NCCSC2=O)cc1,410,0.845181125,0.315789474,0.11,0.68902224
C#CCOc1ccc(C2C3=C(CC(C)CC3=O)NC(=C)C2=O)cc1,410,0.686879589,0.347222222,0.13,0.697272202
C#CCOc1ccc(C2C3=C(CC(C)(C)CC3=O)NCCSC2=O)cc1,410,0.828861512,0.364864865,0.2,0.719847067
C#CCOc1ccc(C2C3=C(CC(C)(C)CC3=O)NC(=C)C2=O)cc1,410,0.681088178,0.385714286,0.17,0.727742424
C#CCOc1ccc(C2C3=C(CC(C)(C)CC3)NC3=C2C(=O)CCC3)cc1,410,0.781764582,0.364864865,0.11,0.732068946
CCCOc1ccc(C2C3=C(CC(C)(C)CC3=O)Nc3ccccc32)cc1,410,0.761642897,0.243589744,0.18,0.80092489
C#CCOc1ccc(C2C3=C(CCCC3)Nc3ccccc3C2=O)cc1,410,0.804130249,0.328767123,0.14,0.768613791
C#CCOc1ccc(C2C3=C(CCCC3)Nc3cccc(=O)n32)cc1,410,0.871659579,0.347222222,0.02,0.731973254
C#CCOc1ccc(C2CC(=O)Nc3c2c(=O)[nH]n3CC=C)cc1,410,0.651126663,0.351351351,0.04,0.722754058
C#CCOc1ccc(C2CC(=O)Nc3c2c(=O)[nH]n3CCOC)cc1,410,0.775972327,0.346666667,0.12,0.734252314
C#CCOc1ccc(C2CC(=O)Nc3ncn(CCC)c32)cc1,410,0.86412611,0.356164384,0.05,0.746591199
C#CCOc1ccc(C(C)(C)Cn2c(C)cccc2=O)cc1,410,0.793526769,0.304347826,0.06,0.827571357
C#CCOc1ccc(C(C)(C)c2c(C)nc3n2CCO3)cc1,410,0.813977435,0.27027027,0.03,0.764958723
C#CCOc1ccc(C2CC(=O)Nc3c2c(Cl)nn3CC)cc1,410,0.87712063,0.351351351,0.04,0.73424284
C#CCOc1ccc(C2CC(=O)NC2=C2CCCN2)cc1Cl,410,0.842663587,0.25,0.04,0.719435891
C#CCOc1ccc(C(C)(C)C2CC(=O)NC2=O)cc1,410,0.668787251,0.348484848,0.03,0.756858417
C#CCOc1ccc(C(=O)NC2CCCC2)cc1C(=O)NCCN,410,0.652158558,0.227848101,0.06,0.859571569
C#CCOc1ccc(C(=O)NC(C)C)c2c1NC(=O)CS2,410,0.833573695,0.266666667,0.07,0.784786813
C#CCOc1ccc(C(=O)NC(C)C)cc1C(=O)NCCCl,410,0.594028362,0.220779221,0.01,0.854789285
C#CCOc1ccc(C2C(=O)NC(=O)C2=C(C)Cl)cc1,410,0.525605942,0.40625,0.2,0.743751563
C#CCOc1ccc(C(=O)C2CCC(=O)N2)c(NC(C)C)c1,410,0.622536005,0.298701299,0.06,0.756095116
C#CCOc1ccc(C(=O)N2CCCC2CC(C)C)cc1,410,0.776473103,0.342857143,0.03,0.81445454
C#CCOc1ccc(C2CC(=O)NC2=C2CCCN2)cc1,410,0.832537001,0.347826087,0.04,0.731277858
C#CCOc1ccc(NC(=O)N2CCCC2CC(C)C)cc1,410,0.841638283,0.328767123,0.02,0.808912172
C#CCOc1ccc(NC(=O)Cn2cnc3c2CCCC3)cc1,410,0.863025978,0.338028169,0.01,0.836644681
C#CCOc1ccc(NC2CC(=O)Nc3ccccc32)cc1,410,0.850881823,0.309859155,0.06,0.800080744
C#CCOc1ccc(N2CC(=O)Nc3c2cccc3CC)cc1,410,0.880821204,0.357142857,0.06,0.828670173
c1cn(C23CC4CC(CC(C4)C2)C3)cn1,411,0.68441215,1,0.05,0.658358029
Cc1cc(C23CC4CC(CC(C4)C2)C3)cnn1,411,0.737051926,0.238095238,0.01,0.667867507
Cc1cc(CC23CC4CC(CC(C4)C2)C3)cnn1,411,0.792371485,0.222222222,0.02,0.666317076
Cc1cc(CC23CC(CC(C)(C)C2)C3)ccn1,411,0.742122255,0.156862745,0.06,0.70981741
Cc1cc(CC2(C)CC3CCC(C3)C2)ccn1,411,0.742122255,0.208333333,0.05,0.638225169
COC1(CC2Cc3ccc(C(C)C)cc3C2)CC1,411,0.77472013,0.074074074,0,0.760346082
COC1(CC2CCN(C(C)=O)C2)Cc2ccccc21,411,0.833594492,0.080645161,0.01,0.720445138
COCC(CC)C1CCN(c2ccc(OC)cc2)CC1,411,0.792986696,0.072727273,0.02,0.819239469
COCC(CC)n1cc(Cc2ccc(C)cc2)cn1,411,0.793921116,0.051724138,0.04,0.800834107
COCC(=O)n1cc(CC2(c3ccc(C)cc3)CC2)[nH]1,411,0.909320049,0.066666667,0.01,0.788237017
COC(C)(C)C1(CCn2cc(O)c3ccccc32)CC1,411,0.894958147,0.066666667,0.05,0.777589465
COC(C)(C)C1(CCn2cc(O)c3cccnc32)CC1,411,0.909312076,0.096774194,0.04,0.749852122
COC(C)(C)C1(CCn2cc(C)c3cccnc32)CC1,411,0.824019483,0.116666667,0.06,0.767066388
COC(CN)C1(CCn2cc(O)c3ccccc32)CC1,411,0.850483834,0.081967213,0.07,0.719545614
COC(=O)C1(CCn2cc(OC)c3cccnc32)CC1,411,0.785532828,0.095238095,0.01,0.812209844
COC(=O)C1(CCn2cc(OC)c3ccccc32)CC1,411,0.786258142,0.06557377,0.02,0.838855724
COC(=O)C1(CCn2cc(O)c3ccccc32)CC1,411,0.858787494,0.066666667,0.02,0.826493772
COCC1(N)CCN(CCn2ccc3ccccc32)CC1,411,0.91541907,0.103448276,0.03,0.827544264
COCC1(Cn2cc(C)cn2)CCc2ccccc2O1,411,0.858077922,0.079365079,0.01,0.735923987
COCC1(N)CCN(CCn2cc(C)c3ccccc32)C1,411,0.914483435,0.079365079,0.05,0.763989855
COCC1(N)CCN(CCn2ccc(C)cc2=O)CC1,411,0.85708746,0.101694915,0.02,0.80547935
COCC1(Cn2ccc(C)c2)CCc2ccccc2O1,411,0.85215399,0.080645161,0.02,0.726382873
COCC1(Cn2ccc(C)c2)CCc2ccccc2C1,411,0.826639611,0.084745763,0.02,0.748295605
COCC1(Cn2ccc(C)c2)CCc2cccnc2C1,411,0.853651854,0.111111111,0.04,0.712833536
COC1(Cn2ccnc2)CCc2cccc(C)c2C1,411,0.844041765,0.192982456,0.05,0.738547492
COC1(Cn2ccc(C)c2)CCc2ccccc2C1,411,0.81990661,0.087719298,0,0.742847911
Cc1ccc(CCN(C)C)cc1Cn1ccnc1CN,411,0.872062573,0.1,0.09,0.850635394
Cc1cc(CCn2cncc2C)c2c(c1)CCCC2,411,0.817686278,0.127272727,0.08,0.827600218
CCC1(Cn2cc(C)cn2)CCc2ccccc2C1,411,0.814821117,0.086206897,0.03,0.768941618
Cc1ccc(C)c(CCC2CCN(C(C)C)CC2)c1,411,0.776464694,0.072727273,0.01,0.888383757
Cc1ccc(CN)cc1CCC1CCC(C(C)C)CC1,411,0.815188045,0.070175439,0.03,0.864322482
CCC(c1nnnn1Cc1ccco1)N1CCN(c2cc(Cl)ccc2C)CC1,412,0.630126217,1,0,0.788708887
CCC(c1nnnn1Cc1ccco1)N1CCN(c2cc(Cl)ccc2)CC1,412,0.647661345,0.746031746,0.01,0.794977322
CCC(c1nnnn1CC1CC1)N(C)Cc1cc(Cl)ccc1C,412,0.775931606,0.381578947,0.02,0.780310758
CCC(c1nnnn1CC1CC1)N(C)Cc1cc(Cl)ccc1Cl,412,0.754794302,0.333333333,0.02,0.778852585
CCC(c1nnnn1CC1CC1)N(C)Cc1cc(C)ccc1C,412,0.786783257,0.303797468,0.02,0.781797537
CCC(c1nnnn1CC1CC1)N(C)Cc1cc(C)oc1C,412,0.786857211,0.268292683,0.04,0.750988432
CCC(c1nnnn1CC1CC1)N(C)Cc1cc(C)ccn1,412,0.785403204,0.280487805,0.01,0.762264282
CCC(c1nnnn1CC1CC1)N(C)Cc1cc(C)on1,412,0.775882226,0.271604938,0.01,0.75257866
CCC(c1nnnn1CC1CC1)N(C)Cc1cc(C)co1,412,0.78371283,0.3,0.02,0.734665491
CCC(c1nnnn1CC(C)C)N1CCc2cc(Br)ccc21,412,0.813366747,0.320512821,0.01,0.764601999
CCC(c1nnnn1CC(C)C)N1CCc2cc(C)oc21,412,0.846708519,0.324675325,0.02,0.705216469
CCC(c1nnnn1CC(C)C)N1CCc2cc(Cl)oc21,412,0.849101878,0.337662338,0.02,0.690300954
CCC(c1nnnn1CC(C)=O)Nc1cc(Cl)ccc1C,412,0.888085146,0.355263158,0,0.785659121
CCC(C)N(CCn1ccnc1)Cc1cc(Cl)ccc1O,412,0.85035144,0.186046512,0.05,0.785198477
CCC(C)N1CCN(Cc2ccccc2Cl)c2ccoc21,412,0.825417135,0.243589744,0.01,0.764321393
CCC(C)CN1CCN(Cc2ccccc2Cl)CC1=COC,412,0.736444471,0.188235294,0,0.755430038
CCC(C)CN1CCN(Cc2cc(Cl)ccc2Cl)CCO1,412,0.8082218,0.253164557,0.02,0.773704344
CCC(C)C1(C)COCCN1Cc1cccc(Cl)c1,412,0.82774589,0.256410256,0,0.72966728
CCC(C)C1(C)COc2cc(Cl)ccc2NC1=O,412,0.886797256,0.217948718,0.02,0.713553467
CCC(C)C1(C)COc2cc(Cl)ccc2NC1,412,0.85314722,0.217948718,0.01,0.701547688
CCC(C)C1(C)COc2cc(Cl)ccc2N1,412,0.843970094,0.223684211,0.12,0.698247249
CCC(NC1=NCCOC1)c1cc(Cl)ccc1Br,412,0.918369445,0.207317073,0.01,0.73359337
CCC(C)C1(C)COc2cc(Cl)cnc2NC1,412,0.875855389,0.182926829,0.05,0.658174202
CCC(C)CN1CCN=C1Nc1cc(Cl)ccc1O,412,0.833570577,0.234567901,0.01,0.758691479
CCc1cc(Cl)cnc1NCc1cccc(O)c1,412,0.884682994,0.144578313,0.05,0.877369628
CCCN1CCN(Cc2cc(Cl)cc(Cl)c2)CCOCC1,412,0.83931616,0.186666667,0.01,0.843531137
C=C(Cl)CN1CCNC(Cc2cccc(Cl)c2)COCC1,412,0.919224226,0.168539326,0.03,0.732220368
CCc1cc(Cl)cnc1NCCc1cccc(O)c1,412,0.875990653,0.141176471,0.06,0.873138436
C=C(Cl)CN1CCN=C1NCCc1cccc(O)c1,412,0.866072895,0.123595506,0.02,0.788846983
CC1(C)COCCN1CC(=O)Nc1cccc(Cl)c1,412,0.925500448,0.178571429,0,0.866431072
CC(C)CN1CCN=C1NCCc1cccc(Cl)c1,412,0.897522242,0.192771084,0.02,0.833488864
CC(C)CN1CCN=C1NC(=O)c1cccc(Cl)c1,412,0.923354336,0.192771084,0.01,0.84421859
CC(C)CN1CCCN=C1NC(=O)c1ccnc(Cl)c1,412,0.869468,0.159090909,0.03,0.814636768
CC(C)CN1CCN(CC(=O)Nc2ccnc(Cl)c2)C1,412,0.843358952,0.162790698,0.04,0.842750229
CCOC(=O)C1C(=O)Nc2nc3ccccc3n2C1C(C)C,413,0.697477211,1,0.03,0.729346398
CCCC(=O)C1C(=O)Nc2nc3ccccc3n2C1C(C)C,413,0.881915875,0.716981132,0.06,0.714637192
CCCC(=O)C1CNc2nc3ccccc3n2C1C(C)C,413,0.932501436,0.508196721,0.05,0.700066836
CCCC(=O)NC1CSc2nc3ccccc3n2C1C(C)C,413,0.936558102,0.397058824,0.01,0.726198381
CCOC(=O)NC1CSc2nc3ccccc3n2C1C(C)C,413,0.941161684,0.476923077,0,0.723693666
CCCC(=O)NC1CNc2nc3ccccc3n2C1C(C)C,413,0.912434743,0.484375,0.11,0.713345775
CCOC(=O)NC1CNc2nc3ccccc3n2C1C(C)C,413,0.914556647,0.573770492,0.05,0.710841061
CCOCC1CNC(=O)Nc2nc3ccccc3n2C1C(C)C,413,0.910808157,0.548387097,0.11,0.697078741
CCOCC1NC(=O)Nc2nc3ccccc3n2C1C(C)C,413,0.912231965,0.576271186,0.07,0.703249994
CCOCC1NC(=O)Cc2nc3ccccc3n2C1C(C)C,413,0.942574271,0.446153846,0.03,0.698873319
CCOCC1NC(=O)C(C(C)C)n2c1nc1ccccc12,413,0.939377629,0.444444444,0.05,0.729390174
CCCCc1nc(C(C)C)n(C2CNc3ccccc32)n1,413,0.908759446,0.2,0.1,0.749516009
CCC1CNC(=O)C(C(C)C)N1c1nc2ccccn2n1,413,0.928304829,0.256756757,0.03,0.692117162
CCN1CNC(C(C)C)C(n2cnc3ccccc32)=NC1=O,413,0.9253133,0.291666667,0.12,0.714734009
CCN1CNC(C(C)C)C(=O)N=C1Cn1ccc2ccccc21,413,0.943359135,0.287671233,0.1,0.716852544
CC(C)C1CNC(=O)C(Cn2cnc3ccccc32)N=N1,413,0.93664648,0.3,0.06,0.677834789
CCC1N=C(Cn2cnc3ccccc32)C(=O)NC1C(C)C,413,0.942014492,0.31884058,0.14,0.689027165
CCN1CNC(=O)C(C(C)C)n2nc(Cc3ccccc3)nc21,413,0.937313145,0.256756757,0.15,0.731058698
CCN1CNC(C(C)C)c2nc3ccccc3c(=O)n2C1,413,0.916327561,0.281690141,0,0.745625074
CCN1CNC(=O)C(C(C)C)n2c1nc1ccccc12,413,0.91100806,0.412698413,0.16,0.743721164
CCN1CC(=O)N(C(C)C)c2nc3ccccc3cc21,413,0.84084669,0.246376812,0.02,0.823348855
CCN1CC(=O)NC(C(C)C)c2cc3ccccc3nc21,413,0.921466514,0.289855072,0.01,0.770342936
CCN1CC(=O)NC(C(C)C)c2cc3ccccc3cc21,413,0.914124341,0.25,0.02,0.773183353
CCC1CNC(=O)C(C(C)C)Nc2cc3ccccc3cc21,413,0.882191407,0.246376812,0.03,0.738723691
CCC1NC(=O)C(C(C)C)Nc2cc3ccccc3cc21,413,0.877927404,0.257575758,0.01,0.746214685
CC(C)C(=O)C(CN)c1cc2ccccc2c(=O)[nH]1,413,0.87752148,0.235294118,0.11,0.775789816
CC(C)C(=O)C(CN)c1cc2ccccc2nc1O,413,0.881134506,0.276923077,0.1,0.768294845
CC(C)C1CNC(=O)C(Cc2ccnc3ccccc23)N1,413,0.904222725,0.257142857,0.04,0.737849661
CC(C)C1CNC(Cc2ccnc3ccc(O)cc23)CO1,413,0.91000461,0.1625,0.09,0.718222994
CC(C)C1CNC(Cc2ccnc3ccccc23)C(=O)N1,413,0.904222725,0.253521127,0.06,0.743045302
CC(C)C(=O)C(Cc1ccnc(Cl)c1)c1cccnc1,413,0.788311335,0.157894737,0.05,0.786405779
CC(C)C(=O)C(Cc1cccc(F)c1)c1cncnc1,413,0.839284217,0.166666667,0.06,0.790081329
CC(C)C(=O)Nc1cnccc1-c1ccc(F)c(Cl)c1,413,0.923741906,0.128205128,0.37,0.882736038
CC(C)C(=O)c1cnccc1Nc1ccc(F)c(Cl)c1,413,0.84621068,0.128205128,0.11,0.863541633
COc1ccc(NC(=O)C(NC(=O)N2CC3CC(C2)c2cccc(=O)n2C3)C(C)C)cc1,414,0.750717906,1,0,0.667644914
COC(NC(=O)N(CC(=O)N1CC2CC(C1)c1ccccc1C2=O)C(C)C)C(C)C,414,0.724898256,0.269662921,0.03,0.606701393
COc1ccc(NC(C(=O)N2CC3CC(C2)c2cccc(=O)n2C3)C(C)C)cc1,414,0.845544636,0.723076923,0.01,0.66282444
COc1ccc(NC(C(=O)N2CC3CC(C2)C(=O)O)C3(C)C)cc1C(C)C,414,0.827478989,0.230769231,0.01,0.600946979
COc1ccc(NC(C(=O)N2CC(C(=O)O)c3ccccc3C2)C(C)C)cc1,414,0.801083554,0.35443038,0.04,0.777608515
COc1ccc(NC(=O)N(CC(=O)O)c2cccc3c2CC(C)C3)cc1CCl,414,0.706177138,0.1875,0,0.774593955
COc1ccc(C(CC(=O)O)c2cccc3c2CC(C)N3C(C)C)cc1CCl,414,0.647572813,0.1875,0,0.72439436
COc1ccc(C(CC(=O)O)c2cccc3c2CC(C)N3C(=O)O)cc1,414,0.853227254,0.25,0,0.756813325
Cn1nc(C(Cc2ccccc2)C(=O)NCC(=O)O)c2c1CCCC2=O,414,0.816958469,0.186813187,0.03,0.772326098
Cc1cccc(C(CC(=O)O)C(=O)N2CC(CF)c3c2ccn3C)c1,414,0.906899136,0.157894737,0.01,0.695666176
CC(=O)N(Cc1cccc(CF)c1)C(=O)N1CC(C)n2c(C)ccc21,414,0.850470158,0.163043478,0.01,0.713421576
CC(=O)N(Cc1cccc(CF)c1)C(=O)N1CC(C)NCC1C(C)C,414,0.909233172,0.186813187,0.02,0.700190358
CC(=O)N(Cc1ccccc1)C(CF)C(=O)NCc1cc(C)no1,414,0.840626615,0.139784946,0,0.782528493
CC(C)CC(C(=O)NCCc1ccccc1)n1c(CF)n[nH]c1=O,414,0.774624737,0.163043478,0.05,0.780079813
CC(=O)C(Cc1ccccc1F)C(=O)Nc1cc(C)no1,414,0.858735774,0.134831461,0,0.793444267
CC(=O)C(Cc1ccccc1F)C(=O)n1c(C)n[nH]c1=O,414,0.855008132,0.122222222,0.09,0.755897601
CC(=O)C(Cc1ccccc1F)N1CC(C)NCC1(C)C,414,0.924664629,0.144444444,0.04,0.717536193
CC(=O)C(Cc1ccccc1F)N1CC(C)NCC1C(C)C,414,0.907497829,0.155555556,0.04,0.710122107
CC(=O)C(Cc1ccccc1F)n1c(C)n[nH]c1=O,414,0.906001202,0.125,0.05,0.776278869
CC(=O)C(Cc1ccccc1F)N1CC(C)NCC1C,414,0.914160605,0.149425287,0.04,0.719578837
CC(=O)N(Cc1ccccc1F)C1CC(C)NCC1C,414,0.921341467,0.137931034,0.03,0.718870865
CC1CC(C)N(S(=O)(=O)Cc2cc(N)ncc2F)C1,414,0.910466329,0.098901099,0.12,0.711971483
CC1CCCC(NS(=O)(=O)c2cc(N)ccc2F)C1C,414,0.842502192,0.113636364,0.04,0.757817221
CC1CCCC(C)N1NS(=O)(=O)c1cc(N)ccc1F,414,0.83570785,0.129411765,0.02,0.734942553
Cc1ccccc1CS(=O)(=O)N1CC(C)NCC1C,414,0.913960076,0.11627907,0.06,0.757450036
Cc1ccccc1C(=O)NC1C(F)(F)CNCC1C,414,0.860706327,0.126436782,0.04,0.729247373
CC1CCC(C)N(C(=O)Cc2cc(N)n[nH]2)C1CF,414,0.872400887,0.108695652,0.17,0.653628988
Cc1ccc(OC(F)F)cc1C(=O)NC1C(C)C1N,414,0.874411553,0.154761905,0.03,0.745165674
Cc1ccc(OC(F)F)cc1C(=O)NC1C(C)CC1C,414,0.919704431,0.182926829,0,0.758147397
Cc1ccc(OC(F)F)cc1NC(=O)C1CC(C)NN1,414,0.789037599,0.188235294,0.02,0.736126335
Cc1ccc(OC(F)F)cc1NC(=O)C1CC(C)CN1,414,0.893006886,0.2,0.02,0.768385076
Cc1ccc(OC(F)F)cc1NC(=O)n1nccc1C,414,0.939638374,0.178571429,0.03,0.834877577
COc1ccc(C(F)F)c(NC(=O)n2ccnc2C)c1,414,0.939384337,0.21686747,0.01,0.819365129
COc1ccc(C(F)F)cc1NC(=O)NC1CCCCC1C,414,0.868977444,0.211764706,0,0.791218529
Cc1ccc(OC(F)F)cc1NC(=O)n1ccnc1C,414,0.939638374,0.178571429,0.02,0.840749185
COc1ccc(C2CC2)c(NC(=O)n2ccnc2C)c1,414,0.932517323,0.259259259,0.01,0.840953251
CC(=N)C(C#N)C(=O)CSc1nnc(-c2cccs2)[nH]1,415,0.629169834,1,0.01,0.701109076
CC(=N)C(C#N)C(=O)CSc1ccc(-c2ccccc2)[nH]1,415,0.632007099,0.483870968,0.08,0.734759885
CC(=N)C(C#N)C(=O)CSc1ccc(-c2cccnc2)o1,415,0.653095276,0.426470588,0.12,0.735724944
CC(=N)C(C)CC(=O)Sc1ccc(-c2cccnc2)[nH]1,415,0.649488453,0.253333333,0.26,0.695917043
CC(=N)C(C)CSC(=O)c1ccc(-c2cccnc2)[nH]1,415,0.825019245,0.253333333,0.26,0.718944515
CC(=O)C(C#N)CSc1ccc(-c2cccnc2)cn1,415,0.789137671,0.243243243,0.13,0.762970103
CC(=O)C(C#N)CSc1ccc(-c2cccnc2)nn1,415,0.784081991,0.256756757,0.01,0.752305056
CC(=O)C(C#N)CSc1ccc(-c2cccnc2)o1,415,0.781992177,0.256756757,0.07,0.728942939
CC(=O)C(C#N)CC1CSC(c2cccnc2)=N1,415,0.829778218,0.233766234,0.1,0.679157912
CC(=N)C(C)CSc1ncc(-c2ccc(F)cc2)[nH]1,415,0.641197545,0.23943662,0.08,0.765505412
CC(=N)C(C)Cc1ncc(-c2ccc(F)cc2)n1C,415,0.83949039,0.16,0.03,0.763631532
CC(=N)C(C)Cc1ccc(-c2cccnc2)n1C1CC1,415,0.813979134,0.1625,0.03,0.734677482
CC(=N)C(C)Cc1nc(-c2cccnc2)cn1C1CC1,415,0.843728463,0.172839506,0.11,0.738243691
CC(=O)N(C)CC1CC(c2ccc3c(c2)CCC3)=NC=N1,415,0.83880302,0.13253012,0.04,0.720123701
CC(=O)N(C)CCc1nc(-c2ccc3c(c2)CCO3)cs1,415,0.871924196,0.166666667,0.05,0.837992931
CC(=O)N(C)CCc1nc(-c2cccnc2)ccc1OCCO,415,0.838513573,0.142857143,0.06,0.835753963
CC(=O)N(C)Cc1nc(-c2cccnc2)ccc1OCCO,415,0.874669319,0.146341463,0.06,0.840886762
CC(=O)N(C)Cc1nc(-c2ccncc2)ccc1OCCO,415,0.874669319,0.151898734,0.17,0.840392966
CC(=O)C(C)=CCc1ncc(-c2ccncc2)cc1C#N,415,0.805313907,0.197368421,0.29,0.795366064
CC(=O)N(C)Cc1cc(-c2cccnc2)ccc1OCCO,415,0.887150544,0.148148148,0.21,0.871448053
CC(=O)N(CC=Cc1ccc(-c2ccncc2)nc1)CCC,415,0.820075315,0.135802469,0.22,0.839061019
CC(=O)N(C)Cc1ccc(-c2ccncc2)cc1C#N,415,0.856720042,0.189189189,0.42,0.862655449
CC(=O)C(C)=CCc1ccc(-c2ccncc2)nc1,415,0.784549551,0.164383562,0.28,0.832973479
CC(CN)C(=O)Nc1ccc(-c2ccncc2)cn1,415,0.871639937,0.175675676,0.38,0.82482328
CC(CN)C(=O)Nc1ccc(-c2ccncc2)cc1C=O,415,0.822791624,0.166666667,0.53,0.806901737
CC(CN)C(=O)Nc1ccc(-c2ccncc2)cc1,415,0.88031792,0.188405797,0.42,0.857031827
NC(CCCc1ccc(-c2ccncc2)cc1)C(=O)O,415,0.845125273,0.138888889,0.43,0.855509105
CC(C)CNc1ncnc2c1sc1nc(N3CCOCC3)c3c(c12)CC(C)(C)OC3,416,0.674705269,1,0.02,0.778408669
CC(C)CNc1ncnc2c1sc1nc(N3CCOCC3)c3c(c12)CC(C)OC3,416,0.700445611,0.714285714,0.03,0.725024436
CC(C)CNc1ncnc2c1sc1nc(N3CCOCC3)c3c(c12)CC(C)O3,416,0.720081159,0.652777778,0.03,0.725702239
CC(C)CNc1ncnc2c1sc1nc(N3CCNCC3)c3c(c12)CC(C)O3,416,0.699530053,0.538461538,0.12,0.716797776
CCCCNc1ncnc2c1sc1nc(N3CCNCC3)c3c(c12)CC(C)O3,416,0.639426814,0.406976744,0.09,0.72347591
CCC=C(C)CNc1ncnc2c1sc1nc(N3CCOCC3)c(CC)cc12,416,0.621910089,0.43373494,0.08,0.773712932
CCC=C(C)CNc1ncnc2c1sc1nc(CCCC)c(C3CC3)cc12,416,0.470775506,0.258064516,0.13,0.765917118
CCC=C(C)CNc1nc2cc3c(cc2nc1C1CC1)CC(C)CC3,416,0.743394593,0.113402062,0.04,0.729571924
CCCNCCNc1ncnc2c1sc1nc(C3CC3)c(CC)cc12,416,0.595965434,0.261363636,0.04,0.794437897
CCCNCCNc1ncnc2c3c(cc(C4CC4)c12)OCCC(C)C3,416,0.739102748,0.20212766,0.04,0.739303562
CCCNCCNc1ncnc2c3c(cc(C4CC4)c12)OCC(C)C3,416,0.755724622,0.191489362,0.04,0.73434418
CCCNCCNc1ncnc2c3c(cc(C4CC4)c12)OCCC3C,416,0.750808274,0.193548387,0.09,0.737091188
CCC=C(C)CNc1nc2cc(C3CC3)c(N)cc2[nH]c1=O,416,0.584606335,0.111111111,0.24,0.768966818
CCCNc1ncnc2c3c(cc(N=CC4CC4)c12)OC(C)C3,416,0.851234168,0.193548387,0.08,0.696044812
CCC=C(C)CNc1ncnc2cc3c(cc12)CC(C)CC3,416,0.842521778,0.14893617,0.18,0.756119652
CC(C)=CCNc1nc2cc(C3CC3)c(N)cc2[nH]c1=O,416,0.595174471,0.114583333,0.25,0.7805892
CC(C)=CNc1nc2c(cc1N=CC1CC1)CC(C)CC2,416,0.816322166,0.09375,0.1,0.680438894
CC(C)=CCNc1ncnc2c1OCC1CC(O)CN1CC2,416,0.818496269,0.182795699,0.1,0.678068005
CC(C)=CCn1c(N)nc2cc(C3CC3)c(NCCO)cc21,416,0.717013445,0.114583333,0.12,0.793781193
CC(C)=Nc1c(C2CC2)cnc2cc(N)c(C3CC3)cc12,416,0.654552317,0.077777778,0.09,0.767915725
CC(C)=CCn1c(N)nc2cc(C3CC3)c(C3CC3)cc21,416,0.847163051,0.101123596,0.07,0.800182038
CC(C)=Nc1ncnc2c1CC1CC(O)C(C)CN1CC2,416,0.799925186,0.129032258,0.06,0.637646796
CC(C)=CCn1cnc2c(N3CCNCC3)nc(N)nc21,416,0.811727488,0.168539326,0.25,0.797572931
CC(C)=CCn1cnc2c(N3CCOCC3)nc(N)nc21,416,0.854926308,0.253012048,0.18,0.809593957
CC(C)=CCNc1ncnc2cc3c(cc12)CC(C)O3,416,0.868176793,0.166666667,0.14,0.762703977
CC(C)Nc1ncnc2cc(N3CCNCC3)c(F)cc12,416,0.904921778,0.186046512,0.22,0.837828828
CC(C)Nc1ncnc2cc(N3CCOCC3)ccc12,416,0.928707669,0.282051282,0.09,0.864102342
CC(C)Nc1ncnc2cc(N3CCNCC3)ccc12,416,0.89218727,0.19047619,0.19,0.851666798
CC(C)CNc1ncnc2cc(N3CCNCC3)ccc12,416,0.900859348,0.2875,0.13,0.851915764
CC(C)Nc1ncnc2cc(N3CCNCC3)c(Cl)cc12,416,0.912393867,0.186046512,0.22,0.834903957
CCOc1ccc(NC(=O)C2CCCN(c3nn4c(=O)cc(C)nc4s3)C2)cc1,417,0.691887669,1,0,0.799030001
CCOc1ccc(NC(=O)C2CCCN(c3nn4cc(C)nc4c(=O)s3)C2)cc1,417,0.691887669,0.739130435,0.04,0.770833152
CCOc1ccc(NC(=O)C2CCCN(c3nn4cc(C)nc4s3)C2=O)cc1,417,0.666635937,0.552631579,0.04,0.768320765
CCOCC1CCC(=O)C(C2CCCN2c2nn3c(=O)cc(C)nc3s2)C1,417,0.780485272,0.43373494,0.01,0.677283113
CCOCC1=CC(C(=O)Nc2nn3c(=O)cc(C)nc3s2)CCC1,417,0.837049266,0.4375,0.01,0.717051569
CCOCC1CCC(=O)C(c2cn(-c3ncc(CC)s3)ccc2=O)C1,417,0.792539492,0.195876289,0.01,0.670129715
CCOC1(C)CCC(=O)C(c2nnc(Nc3cc(C)ns3)s2)C1,417,0.884380159,0.1875,0.06,0.648762764
CCOCC1CCCN1S(=O)Cc1nnc2cc(C)ccn2c1=O,417,0.778586734,0.210526316,0.04,0.664183231
CCOC1CCC(=O)C(c2nnc(Nc3cc(C)on3)s2)C1,417,0.904752782,0.191489362,0.03,0.700377895
CCOC1CCC(=O)C(c2nnc3cc(CC)sc3n2)CC1,417,0.809179692,0.202247191,0.03,0.691778384
CCOC1CCC(=O)C(c2nnc3cc(CC)sc3n2)C1,417,0.868706373,0.2,0.02,0.682404276
CCOC1CCC(=O)C(c2nn3c(NC)ncc3s2)CC1,417,0.87878919,0.224719101,0.03,0.647653507
CCOC1CCC(=O)C(c2nn3c(NC)ncc3s2)C1,417,0.934657357,0.222222222,0.04,0.635093715
CCCC1CC(=O)c2sc(-n3cc(C)nn3)cc2C1,417,0.864009515,0.195402299,0.01,0.694307896
CCOCC(C)CNC1CCC(=O)N1c1nc(CC)cs1,417,0.800907935,0.195652174,0.01,0.691182612
CCCC(C)CNC(=O)C1CCCN1c1nc(CC)cs1,417,0.840867581,0.247191011,0,0.75263372
CCCC(C)CNC(=O)C1CCCN1c1nc(CC)ns1,417,0.840871164,0.235955056,0.01,0.737891869
CCCC(C)CNC(=O)C1CCCN1c1nc(COC)cs1,417,0.798373915,0.25,0,0.750303095
CCC(C)CNC(=O)C1CCCN1c1nc(COC)cs1,417,0.840051002,0.241758242,0,0.752041543
CCC1CCC(=O)c2sc(-n3cnc(CO)c3)cc2C1,417,0.884186968,0.184782609,0,0.699880765
CCC1CCC(=O)c2sc(-n3cnc(CO)c3)cc2CN1,417,0.912665537,0.180851064,0.05,0.680325752
CCC1CCC(=O)c2sc(-c3ccc(NC)nc3)cc2C1,417,0.854407675,0.186813187,0.13,0.756927291
CCC1CNC(=O)c2sc(-c3ccc(NC)nc3)cc2C1,417,0.915336162,0.172043011,0.36,0.736795496
CCC1CNC(=O)c2sc(-c3ccc(NC)nc3)cc2CO1,417,0.913512723,0.178947368,0.33,0.726859579
COC1CNC(=O)c2sc(-c3ccc(NC)nc3)cc2C1,417,0.911816627,0.159574468,0.36,0.728035496
CCC1(C)CNC(=O)c2cc(-c3ncc(F)s3)ccc2O1,417,0.926423198,0.145833333,0.27,0.721391697
CCC1CNC(=O)c2cc(-c3ccc(OC)nc3)ccc2S1,417,0.943489148,0.186813187,0.32,0.760637601
CCC1CNC(=O)c2cc(-c3ccc(OC)nc3)ccc2SC1,417,0.934816187,0.182795699,0.35,0.764242947
CCC1CNC(=O)c2cc(-c3ccc(OC)nc3)ccc2SCC1,417,0.915559583,0.191489362,0.4,0.721440489
CCC1CNC(=O)c2cc(-c3ccc(OC4CCC4)nc3)ccc2S1,417,0.889579329,0.204301075,0.3,0.749855291
CCN1C(=O)N(CN2CCOCC2)C2C1N(CN1CCOCC1)C(=O)N2CC,418,0.615771478,1,0,0.69077384
CCN1C(=O)N(CN2CCOCC2)C2C1N(Cc1ccco1)C(=O)N2CC,418,0.745789904,0.674418605,0,0.697539222
CCN1C(=O)N(CN2CCOCC2)C2C1N(Cc1ccccc1)C=N2,418,0.806933041,0.54,0,0.700214852
CCN1C(=O)N(CN2CCOCC2)C2C1N2Cc1ccccc1OCC,418,0.691535435,0.571428571,0.01,0.70499228
CCN1C(=O)N(CN2CCOCC2)C2C1N2Cc1ccccc1,418,0.765445945,0.666666667,0.01,0.715671732
CCN1C(=O)N(Cc2ccccc2)C2C1C=CCN2CCOC,418,0.754859631,0.25,0,0.715883919
CCN1C(=O)N(CN2CCOCC2)C1Cc1ccccc1,418,0.825906214,0.581395349,0.01,0.780316194
CCN1C(=O)N(CN2CCCCC2)C1c1ccccc1,418,0.843091974,0.422222222,0,0.792233536
CCN1C(=O)N(CN2CCOCC2)C1c1ccccc1,418,0.839391962,0.609756098,0,0.783547329
CCN1C(=O)N(Cc2ccccc2)C2C=CC=CC21,418,0.813297367,0.276595745,0,0.733444501
CCN1C(c2ccccc2)C(CN2CCOCC2)N=C1,418,0.837048393,0.307692308,0.02,0.723908418
CCN1c2ccccc2C(Cn2ccnc2)N=C1[O-],418,0.827208022,0.111111111,0.04,0.704645114
CCC1c2ccccc2C(Cn2ccnc2)=CN1O,418,0.915975875,0.095238095,0.1,0.73063924
CCC1c2ccccc2C(Cn2ccnc2)N=C1[O-],418,0.839517841,0.096774194,0.06,0.66376534
CCC1c2ccccc2C(Cn2ccnc2)=CC1[N],418,0.826421605,0.09375,0.09,0.681451214
CCC1C(Cc2ccccc2)C(CN2CCOCC2)=CN1,418,0.899602351,0.277777778,0.05,0.732539305
CCC1c2ccccc2C(Cn2ccnc2)NC1=O,418,0.914005485,0.133333333,0.03,0.724278627
CCC1C2CCC1N(Cc1ccccc1)C(=O)C2=C[O-],418,0.623200031,0.169491525,0.01,0.60127315
CCCN1C(=O)C(Cc2ccccc2)C(CO)=CC1NC,418,0.781199018,0.14516129,0.02,0.708085089
CCC1N(Cc2ccccc2)C(=O)C(CBr)=CC1NC,418,0.838244748,0.15,0,0.699418937
CCC1N(Cc2ccccc2)C(=O)C(CBr)=C1NCCOC,418,0.567542006,0.140625,0.02,0.752961552
CCC1NC(=O)C(CN2CCOCC2)c2ccccc21,418,0.911623641,0.34,0.04,0.749037798
CCC1NC(=O)c2ccccc2N(CC2CCOCC2)C1,418,0.928611297,0.220338983,0.03,0.772158564
CCC1NC(=O)c2ccccc2C1CN1CCOCC1,418,0.910528738,0.320754717,0.09,0.7474126
CCC1NC(=O)c2ccccc2N(CN2CCOCC2)C1=O,418,0.89835192,0.358490566,0.06,0.798446392
CCC1NC(=O)c2ccccc2C1CN1CCOCC1=O,418,0.90748541,0.233333333,0.09,0.71448043
CCN1C(=O)C(=CN(C(C)=O)c2ccccc2)OC1=S,419,0.631261961,1,0,0.786395619
CCN1C(=O)C(=CN(C(C)=O)c2ccccc2)OC1,419,0.777430268,0.6,0.01,0.780868518
CCN1C=C(OCN(C(C)=O)C(C)=O)Oc2ccccc21,419,0.79452063,0.290322581,0.01,0.747249147
CCN1C=CC(=CN(C(C)=O)c2ccccc2)OC1=S,419,0.800427455,0.576923077,0.03,0.735446383
CCN1C(=O)C(=CN(C(C)=O)c2ccccc2)OC1C,419,0.793132543,0.6,0.01,0.719947368
CCN1C(=O)CN(C(C(C)=O)c2ccccc2)OC1C,419,0.840535492,0.285714286,0,0.700199342
CCN1CC(N(C(C)=O)C(C)=O)OC1c1ccccc1,419,0.843808369,0.305084746,0,0.708055286
CCN1CC(N(C(C)=O)CCOC)N=C1c1ccccc1,419,0.798675233,0.25,0.02,0.746318425
CCN1CC(N(C(C)=O)CCc2ccccc2)OC=C1CO,419,0.866983707,0.264705882,0.02,0.721364033
CCN1CC(N(C(C)=O)c2ccccc2)OC1=NCCCN,419,0.806978055,0.298507463,0,0.703698029
CCN1CN(C(C(C)=O)c2ccccc2)N=C1OC,419,0.829191404,0.25,0,0.728254614
CCN1CC(N(C(C)=O)c2ccccc2)=NC1=S,419,0.764511666,0.368421053,0.01,0.783503312
CC1CN(C(=O)c2ccccc2)CC2=C1SCCN2,419,0.852812631,0.157142857,0.01,0.746644555
CC1CN(C(=O)c2ccccc2)CC(C2CCCN2)S1,419,0.907478711,0.154929577,0.03,0.723473218
CC1CN(C(=O)CCc2ccccc2)CC(C)(C)S1,419,0.844117525,0.179104478,0,0.787061871
CC1CN(C(=O)CCc2ccccc2)CC(CN)S1,419,0.914924854,0.176470588,0,0.751557959
CC1CN(C(=O)CCc2ccccc2)CC(CO)S1,419,0.915518845,0.179104478,0,0.756976762
CC(=O)N(CCCc1ccccc1)C1=NC(C)CS1,419,0.846703672,0.227272727,0.01,0.776167155
CC(=O)N(CCCc1ccccc1)C1=NCCS1,419,0.835161823,0.258064516,0,0.834281619
CC(=O)N(CCCc1ccccc1)c1csc(Cl)n1,419,0.840563924,0.25,0.01,0.835104818
CC(=O)N(CCCc1ccccc1)Cc1cscn1,419,0.810567745,0.234375,0,0.869357141
CC(=O)N(CCCc1ccccc1)Cc1csc(Br)n1,419,0.789519561,0.230769231,0,0.850414664
CC(=O)N(Cc1ccccc1)c1nc(CCl)cs1,419,0.804046002,0.21875,0.02,0.868475511
CC(=O)N(CCCc1ccccc1)C1=NCC(C)S1,419,0.846703672,0.230769231,0,0.778951486
CC(=O)N(Cc1cc(-c2ccccc2)no1)CCCN,419,0.873804944,0.223880597,0.08,0.867137471
CC(=O)N(Cc1cc(-c2ccccc2)no1)CC(C)C,419,0.838215767,0.230769231,0.01,0.87289446
CC(=O)N(Cc1cc(-c2ccccc2)no1)CC=C(C)C,419,0.787168671,0.246153846,0.04,0.843518085
CC(=O)N(Cc1cc(-c2ccccc2)no1)C(C)(C)CN,419,0.916341951,0.223880597,0.08,0.824839598
CC(=O)N(Cc1cc(-c2ccccc2)no1)C1CCCC1CN,419,0.921004298,0.202702703,0.12,0.760783919
Cc1coc2c1c(C)cc1oc(=O)c(CC(=O)NC(C(=O)O)C(C)C)c(C)c12,420,0.65267451,1,0,0.760483778
Cc1coc2c(C)c3oc(=O)c(CC(NC(=O)O)C(C)C)c(C)c3cc12,420,0.679218544,0.411764706,0,0.737401877
CC(C)c1coc2c(=O)n(CC(NC(=O)O)C(=O)C(C)C)c(O)cc12,420,0.734588511,0.276315789,0.02,0.702000648
CC(C)c1ccc2c(=O)n(CC(NCC(=O)O)C(C)C)c(=O)oc2c1C,420,0.78192484,0.240506329,0.04,0.741552569
CC(C)c1ccc2c(=O)n(CCC(NC(=O)O)C(C)CO)c(C)nc2c1,420,0.702670863,0.176470588,0.03,0.737736408
CC(C)c1ccc2c(=O)n(CC(NCC(=O)O)C(C)O)c(C)nc2c1,420,0.696274935,0.178571429,0.02,0.741772438
CC(C)c1ccc2c(=O)n(CC(O)C(C)C(=O)O)c(C)cc2c1,420,0.887828159,0.179487179,0,0.753996304
CC(C)C1CSc2cc(=O)c(CC(C(=O)O)C(C)O)ccc2N1,420,0.763605977,0.170731707,0.06,0.651898676
CC(C)c1ccc2c(O)c(CC(CO)NCC(=O)O)c(=O)oc2c1,420,0.561139926,0.256410256,0.04,0.764149558
CC(=O)N(CCC1COc2c(ccc(C)c2C)C1=O)C(C)C,420,0.858198718,0.172839506,0.03,0.746050924
CC(=O)N(CCC1COCC1n1ccc(C)cc1=O)C(C)C,420,0.835757767,0.152941176,0.02,0.694831143
CC(=O)N(CCC1COCC1n1ccc(C)c1C)C(C)=O,420,0.853465342,0.12345679,0,0.661331065
CCCC(C(=O)O)N(C=O)C(=O)CC1C=CC(C)=CC1C,420,0.731279841,0.134146341,0.01,0.618269654
CC(=O)CC(C(=O)NO)C(C)C1C=CC(C)=CC1C,420,0.592596768,0.141025641,0.04,0.616805365
CC(=O)CC(C(=O)NO)C(C)c1cc(C)ccc1C,420,0.633343445,0.194444444,0.02,0.748365172
CC(=O)N(C)C1COc2cc(C)cc(C)c2C(=O)C1C,420,0.790157918,0.141025641,0.01,0.718427599
CC(=O)N(C)C(CO)CC(=O)c1cc(C)ccc1C,420,0.822829321,0.146666667,0.01,0.788040751
CC(=O)N(CCCO)C(=O)CCc1cccc(C)c1C,420,0.864860275,0.128205128,0.02,0.845419897
CC(=O)C(C)CC(=O)NCC(O)c1cccc(C)c1C,420,0.83620872,0.189189189,0.01,0.775258949
CC(=O)N(CC(=O)NCC(C)O)c1cc(C)cc(C)c1,420,0.848694601,0.180555556,0,0.806898242
CC(=O)N(CC(=O)NCC(C)c1cccc(C)c1)C(C)C,420,0.874717461,0.171052632,0.01,0.817213554
CCCC(C)NC(=O)C1CCN(C(O)c2cc(C)n(-c3ccc(O)cc3)c2)CC1,421,0.665927782,0.770491803,0,0.732440989
CCCC(C)NC(=O)C1CCN(c2cc(O)n(-c3ccc(C)cc3)c2)CC1,421,0.808719716,0.733333333,0,0.785477701
CCCC(C)NC(=O)C1CCN(c2cc(O)n(-c3cccc(C)c3)c2)C1,421,0.831959181,0.565217391,0.01,0.746741563
CCCC(C)NC(=O)C1CCN(c2cc(O)nc(-n3cccc3)c2)C1,421,0.846716041,0.413333333,0.02,0.731507397
CCCC(C)NC(=O)C1CCN(c2cc(O)nc(C)c2)CCCC1,421,0.866619653,0.478873239,0.02,0.767669217
CCCC(C)NC(=O)c1cc(O)n(-c2cccc(C)c2)c1,421,0.88466647,0.441176471,0,0.798476893
CCCC(C)NC(=O)C1COc2cc(C)cc(O)c2C1,421,0.888925872,0.394366197,0.01,0.759818922
CCCC(N)CCS(=O)c1ccc(O)c(-n2cccc2)c1,421,0.826243584,0.2,0.05,0.705324203
CC=CC(C)N1C(=O)CSC1c1ccc(O)c(C)c1,421,0.862276914,0.168674699,0.04,0.697245007
CCCC(C)N1C(=O)CSC1c1ccc(O)c(C)c1,421,0.917231331,0.243589744,0.05,0.740507433
CCCC(C)N1C(=O)CSC1c1ccc(O)c(Cl)c1,421,0.918890443,0.225,0.05,0.74007548
CCCC(CCN)N1C(=O)CSC1c1ccc(O)c(Cl)c1,421,0.841561084,0.2,0.08,0.72046975
CCCC(CCN)N1C(=O)CSc2ccc(C#N)cc21,421,0.903883987,0.176470588,0.07,0.742867043
CCCC(C)NC1C(=O)NCC1c1ccc(O)c(Cl)c1,421,0.781795269,0.265822785,0.05,0.702349466
CCCC(C)NC1C(=O)N=CC(c2ccc(O)cc2)S1,421,0.875743809,0.230769231,0.05,0.653971769
CCCC(C)NC1CCN(CCc2ccc(O)c(Cl)c2)C1=O,421,0.81045237,0.283950617,0,0.763816511
CCCC(C)NC1CCC(=O)N(c2ccc(CCN)cc2)C1,421,0.813297469,0.269230769,0.02,0.78200384
CCCC(C)NC(=O)C1CSC(=O)c2ccc(Cl)cc2N1,421,0.890883936,0.320512821,0.01,0.734863649
CCCC(C)NC(=O)C1CCNC(=O)C1c1ccc(O)cc1,421,0.777383381,0.337837838,0.01,0.733719505
CCCC(C)NC(=O)C1CCC(=O)NC1c1ccc(O)cc1,421,0.780542469,0.356164384,0.01,0.740763389
CCCC(C)NC(=O)C1CCC(=O)N1c1ccc(O)cc1,421,0.873062096,0.405797101,0.01,0.784786726
CCCC(C)NC(=O)C1CCC(=O)c2ccc(N)cc21,421,0.82897697,0.356164384,0.06,0.759590111
CCCC(C)NC(=O)C1CCC(=O)N(c2ccc(N)cc2)C1,421,0.819669417,0.420289855,0,0.797397343
CCCC(C)NC(=O)C1CCC(=O)C(c2ccc(N)cc2)C1,421,0.821189853,0.356164384,0.04,0.74646755
CCn1c(C)[n+](CC(O)COCC2CC=CCC2)c2ccccc21,422,0.626331405,1,0.01,0.696633516
CCn1c(N)[n+](CC(O)COCC2CC=CCC2)c2ccccc21,422,0.604509194,0.810344828,0.05,0.700242435
CCN1C(N)=[N+](CC(O)COCC2CC=CCC2)C2=CC=CCC21,422,0.549018297,0.472222222,0.08,0.588920533
CCN1CC(O)[N+](CCOCC2CCCCC2)=C2C=CC=CC21,422,0.602038276,0.209876543,0.02,0.634955763
CCNC1(C)[N+](CC(=O)OCC2CCCCC2)CC=CC=C1Cl,422,0.595889026,0.172413793,0.02,0.66080355
CCNC1C[N+](CC(=O)OCC2CCCCC2)c2ccccc21,422,0.647069025,0.192771084,0,0.722160388
CCNCC(=O)[N+]1=C([O-])OC2(CCCCC2)CC1C=CC=O,422,0.442402629,0.101123596,0.03,0.556610784
CCNC1CC(OC(=O)CCCC2CC2)c2cccc(Br)[n+]21,422,0.455689277,0.172413793,0.01,0.646487214
CCNCC(=O)[N+]1=C([O-])OC2(CCCCC2)C(CC=O)C1,422,0.560632085,0.08988764,0.01,0.572691646
CCNC1CC(OC=O)c2cccc(C3CCCCC3)c2[NH2+]1,422,0.648881254,0.141176471,0,0.628896752
CCNC1=[N+](CC(=O)OCC2CCCCC2)CC(C)C=C1,422,0.624679989,0.154761905,0.01,0.684723701
CCNC1CC(OC(=O)C=CC2CCCCC2)C(C)=[N+]1C,422,0.480861703,0.129411765,0.01,0.639698649
CCNC1=[N+](CC(=O)OCC2CCCCC2)CC(C)=C1,422,0.618717536,0.172839506,0,0.740525325
CCNC1CC(OC(=O)C=CC2CCCCC2)C(C)=N1,422,0.621228668,0.130952381,0.02,0.662043783
CCNC1=NC(=O)C(C2CCCCC2)C(C)=CC=CO1,422,0.842506165,0.119047619,0.03,0.649578984
CCNCC(=O)C1OC(C)CN(CC2CCCCC2)C1O,422,0.770192766,0.105882353,0,0.682795166
CCNCC(=O)C1OC(C)=NC12CCN(CC1CC1)C2,422,0.782537084,0.137931034,0.01,0.593599762
CCNCC(=O)C1OC(C)CN(CC2CCCC2)C1=O,422,0.73761396,0.120481928,0.01,0.701555201
CCNC1=NC(=O)C(CC2CCCC2)C(C)=CC=N1,422,0.848895533,0.12345679,0.02,0.688194221
CCNC1=NC(=O)C(CC2CCCC2)C(C)=CC=C1,422,0.846094438,0.12345679,0.04,0.699760033
CCN1CC(C2CC2)c2cccc(C)c2NC1=O,422,0.849718926,0.168831169,0.07,0.770680543
CCNC1=NC(=O)C(C2CC2)c2cccc(C)c2O1,422,0.885677092,0.13253012,0.06,0.727101348
CCNC1=NC(=O)C(C2CC2)c2cc(C)ccc2N1,422,0.855108842,0.119047619,0.19,0.749634295
CCNC(=O)C1CC(OCC2CC2)c2cccc(C)c2O1,422,0.906403037,0.178571429,0.03,0.72156123
CCNC(=O)C1CN(CC2CC2)c2cc(C)ccc2O1,422,0.914026013,0.168674699,0.01,0.802181878
CCNC(=O)C1CN(CC2CC2)c2ccc(C)cc2O1,422,0.914026013,0.154761905,0.01,0.796537922
CCNC(=O)C1CCN(Cc2cccc(C)n2)CC1=O,422,0.829972116,0.152941176,0.01,0.790410724
CCNC(=O)C1CCN(Cc2cccc(C)n2)CC1,422,0.897658781,0.1625,0.01,0.894606813
COc1cc2nc3c(O)n4c(nc-3c2cc1OC)SCCC4,423,0.733005302,1,0,0.795186294
COc1cc2nc(O)n3c4c(nc3c2cc1OC)SCCC4,423,0.783452688,0.440677966,0.06,0.769922313
COc1cc2nc(O)n3c4c(nc3c2cc1OC)CCC4,423,0.780526232,0.372881356,0.05,0.806653187
COc1cc2cc(O)c3cc4n(c3c2cc1OC)CCC4,423,0.782923824,0.362068966,0,0.815303187
COc1cc2cc(O)c3cc4n(c3c2cc1O)CCCC4,423,0.717785799,0.306451613,0.01,0.800718059
COc1cc2cc(O)c3cc4c(nc3c2cc1O)SCC4,423,0.67380677,0.28125,0.09,0.781451649
COc1cc2cc3c(O)c4c(cc3sc2c1)CCCC4,423,0.707400521,0.191176471,0.07,0.827607116
COc1cc2cc3c(cc2c(O)c1CSC)CCCC3,423,0.913006023,0.234375,0.01,0.83051264
COPCCc1cc2cc3c(cc2c(O)c1)SCCC3,423,0.671801754,0.231884058,0.02,0.686115499
COP=Cc1cc2cc3c(cc2cc1O)SCCC3,423,0.838784627,0.223880597,0.04,0.704665673
COP=Cc1cc2cc3c(c(O)c2cc1C)CS3,423,0.83669184,0.188405797,0.01,0.680059221
COc1ccc2cc3c(cc2c1)C(O)CCCCS3,423,0.846479191,0.230769231,0.01,0.790792806
COc1cc2cc3c(cc2cc1C)CSCC3O,423,0.851435496,0.2,0.03,0.750681454
COCc1cc2cc3c(c(O)c2cc1C)CS3,423,0.877467851,0.196969697,0.04,0.793646982
COCc1cc2cccc(C)c2nc1CSC,423,0.824541875,0.130434783,0.02,0.833212687
COCc1cc2c(C)ccc(CO)c2nc1SC,423,0.861283208,0.142857143,0.07,0.817697158
COCc1ccc2c(c1)CC(CO)(CC)CS2,423,0.893233182,0.14084507,0,0.740461598
COCc1ccc2cc(CSC)c(O)nc2c1,423,0.904287302,0.164179104,0.03,0.825831277
COCc1ccc2cc(CSC)c(O)nc2c1C,423,0.919080192,0.144927536,0,0.799355312
COCc1ccc2c(C)c(CSC)c(C)nc2c1,423,0.834033441,0.161764706,0.01,0.850823004
COCc1ccc2c(C)c(CSC)c(O)nc2c1,423,0.919080192,0.191176471,0.04,0.827058696
COCc1ccc2c(C)c(C(O)CO)sc2n1,423,0.871501491,0.15942029,0.01,0.749202645
COCc1ccc2c(C)c(CSC)cnc2c1,423,0.824541875,0.128571429,0.05,0.840924867
COCc1ccc2c(O)c(CSC)cnc2c1,423,0.904287302,0.15942029,0.03,0.829706918
C=CCN(c1ccccc1)S(=O)(=O)c1cccc(C(=O)N2CC(C)CC2C)c1,424,0.692771955,0.793103448,0,0.771206937
C=CCN(c1ccccc1)S(=O)(=O)c1cccc(C(=O)N2CCCC2)c1,424,0.733267312,0.732142857,0,0.880860872
C=CCN(c1ccccc1)S(=O)(=O)c1cccc(CN2CC(C)C2)c1,424,0.7128802,0.606557377,0,0.865478703
C=CCN(c1ccccc1)S(=O)(=O)c1cccc(C2CC2C)c1,424,0.746052714,0.593220339,0,0.784608256
C=CCN(C(=O)c1cccc(C(=O)N2CC(C)CC2C)c1)CC,424,0.783115199,0.441176471,0.03,0.770629551
C=CCN(C(=O)c1cccc(C(=O)N2CC(C)CC2)c1)CC,424,0.784595974,0.462686567,0.02,0.82525905
C=CCN(C(=O)c1cccc(C(=O)N2CCC(C)C2)c1)CC,424,0.784595974,0.462686567,0.02,0.82525905
C=CCN(C(=O)c1cccc(CN2CCC(C)C2)c1)C(=O)O,424,0.849664601,0.369863014,0.02,0.796905709
C=CCN(C(=O)N1CCC(C)C1)c1cccc(C(=O)O)c1,424,0.866592875,0.476923077,0,0.800030739
C=CCN(CC(=O)N1CCC(C)C1)c1cccc(C(=O)O)c1,424,0.818781766,0.455882353,0.01,0.801925633
C=CC(N)c1cccc(C(=O)N2CCC(C)CC2C(=O)O)c1,424,0.835154979,0.32,0,0.735303133
C=CC(C)NC(=O)c1cccc(CN2CCC(C)C2)c1C(=O)O,424,0.791360711,0.259259259,0,0.750013678
C=CCN(C(=O)N(C)c1ccccc1)C1CCC(C(=O)O)C1,424,0.850593749,0.328571429,0.01,0.753617268
C=CC(C)NC(=O)c1cccc(CN2CCC2)c1CC(=O)O,424,0.753914054,0.195121951,0,0.778730055
C=CCN(C(=O)N(C)c1ccccc1)C1CC(C(=O)O)C1C,424,0.85080303,0.347826087,0.01,0.696638004
C=CCN(C(=O)c1cccc(N2CCC2)c1)C(=O)OC(C)C,424,0.784381253,0.306666667,0.02,0.835628516
C=CCN(C(=O)c1cccc(N2CCC2)c1)CC(=O)OCC,424,0.571479643,0.285714286,0.01,0.872954964
C=CCN(C(=O)c1cccc(N2CCC2)c1C(=O)O)C(C)C,424,0.820661122,0.297297297,0.01,0.842698303
C=CCN(C(=O)c1cccc(N2CCC(=O)O2)c1)C(C)C,424,0.780646813,0.32,0.02,0.779196892
C=CCN(C(=O)c1cccc(NC(=O)O)c1)C1CC1C,424,0.811069409,0.357142857,0,0.767518907
C=CCN(C(=O)c1cccc(C(=O)O)c1)C1CCC(C)C1,424,0.846016526,0.402985075,0.01,0.781966301
CC1CCN(C(=O)c2cccc(C(=O)O)c2)CC1C,424,0.889496821,0.365079365,0,0.815615421
CCCCN(C(=O)c1cccc(C(=O)O)c1)C1CCC(C)C1,424,0.868920872,0.287671233,0,0.799789777
CCCCN(C(=O)c1cccc(C(=O)O)c1)C(C)(C)CC,424,0.830585866,0.222222222,0,0.858689598
CCCCN(C(=O)c1cccc(C(=O)O)c1)C(C)CC(C)C,424,0.787577891,0.216216216,0,0.830138799
CCCCN(C(=O)c1cccc(C(=O)O)c1)C1CCN(C)CC1,424,0.875895774,0.253333333,0,0.879507921
CCC(C)CN(C(=O)c1cccc(C(=O)O)c1)C(C)C,424,0.86773795,0.246376812,0,0.829671247
CCCC(C)(C)N(C)C(=O)c1cccc(C(=O)O)c1,424,0.887919748,0.231884058,0.01,0.855522904
CCCC(C)N(CCC)C(=O)c1cccc(C(=O)O)c1,424,0.830369442,0.242857143,0,0.839982234
CCC(C)N(CCC)C(=O)c1cccc(C(=O)O)c1,424,0.857838223,0.228571429,0,0.847183411
CC(C)CC(C)N(C)Cc1cccc(C(=O)O)c1,424,0.840975544,0.228571429,0.01,0.845729248
CC(C)CCSc1nc(O)c2cnnc2[nH]1,425,0.630276224,1,0.02,0.754131879
CC(C)CCSc1nc(O)c2cnnc-2[nH]1,425,0.630276224,1,0.02,0.754131879
CC(C)CCSc1nc(O)c2cn[nH]c2n1,425,0.63058779,0.403846154,0.13,0.791469998
CC(C)CCSc1nc(Cl)cc(=O)[nH]1,425,0.493138951,0.428571429,0.03,0.809103822
CC(C)CCSC1CC(O)=CC(=O)N=C1[O-],425,0.805285545,0.293103448,0.04,0.633578292
CC(C)CSCC1CC(O)=CC(=O)NC1=O,425,0.733957663,0.220338983,0.03,0.682132853
CC(C)CSC1CC(O)=CC(=O)N=C1[O-],425,0.777737798,0.220338983,0.05,0.620588885
CC(C)CSC1CC([O-])=NC(=O)C(C(C)C)N1,425,0.815955396,0.158730159,0.07,0.585847794
CC(C)CSC1CC(O)=CC(=O)NC(C(C)C)=N1,425,0.825381179,0.233333333,0.03,0.64110521
CC(C)CSCc1nc(=O)cc(CCC(F)F)[nH]1,425,0.832632163,0.206349206,0.08,0.780355481
CC(C)CSCc1sc(COC(C)C)nc(=O)c1F,425,0.773187131,0.151515152,0,0.757391042
CC(C)CSCc1nc(=O)cc(CCC(C)C)[nH]1,425,0.825404328,0.237288136,0.03,0.811580599
CC(C)CSCc1cc(=O)nc(CCC(C)C)[nH]1,425,0.825404328,0.237288136,0.03,0.809508385
CC(C)CSCc1cc(=O)nc(CSC(C)(C)C)[nH]1,425,0.870042857,0.193548387,0.04,0.782462837
CCC(CO)NCc1sccc1C,426,0.759062506,1,0,0.79558584
CCC(C)NCc1sccc1C,426,0.756490998,0.638888889,0.01,0.813366292
CCC(C)NCc1sccc1Br,426,0.860632092,0.428571429,0,0.795059066
CCCC(CN)NCc1sccc1Br,426,0.838717142,0.413043478,0.03,0.766690705
CCCC(CN)Nc1ccccc1F,426,0.758345972,0.173076923,0.04,0.838351849
CCCC(C)NCc1sccc1N,426,0.762952568,0.377777778,0.05,0.791439259
CCCC(C)NCc1cc(N)ccc1F,426,0.733208413,0.185185185,0.02,0.833688078
CCCC(CN)Nc1cc(Br)ccc1F,426,0.86601072,0.160714286,0.07,0.81305093
CCC(CN)NCc1cc(Br)ccc1F,426,0.865677373,0.274509804,0.03,0.811769879
CCC(CN)Nc1cc(Br)cc(Br)c1,426,0.892034574,0.212765957,0.08,0.787474915
CCC(CN)Nc1cc(Br)ccc1Br,426,0.892034574,0.22,0.05,0.799952648
CCC(CN)C(=O)Nc1cc(Br)ccn1,426,0.877238713,0.172413793,0.18,0.796420536
CCC(CN)C(=O)Nc1cc(Br)ccc1,426,0.882878753,0.178571429,0.04,0.847229542
CCN(CCO)C(=O)c1cc(Br)ccn1,426,0.899175858,0.137931034,0.07,0.852036032
CCN(CCO)Cc1cc(Br)ccc1Br,426,0.892978042,0.150943396,0,0.865786126
CCN(CCO)C(=O)c1cc(Br)ccc1,426,0.909048945,0.145454545,0,0.901821398
CCC(CO)Nc1ccc(Br)cc1Br,426,0.890182559,0.326086957,0.01,0.818995563
CCC(CO)Nc1ccc(C#N)cc1Br,426,0.882518664,0.294117647,0.05,0.803075695
CCC(CO)Nc1ccc(Br)cc1,426,0.852804736,0.357142857,0.03,0.850068319
CCC(CO)Nc1ccc(Br)cn1,426,0.85254284,0.319148936,0.05,0.807908063
CCC(CO)Nc1ccc(C#N)cn1,426,0.748286876,0.3,0.12,0.796847312
CC(C)(C)C1CCC2(CC1)SCC(=O)N2c1ccccc1,427,0.74929323,1,0.01,0.771085309
CC(C)(C)C1CCC2(CC1)NCC(=O)N2c1ccccc1,427,0.855917815,0.6,0.02,0.746242023
CC(C)(C)C1CCC2(CC1)NCC(=O)N2c1ccccc1SC,427,0.820635637,0.436363636,0.03,0.715358354
CC(C)(C)C1CCC2(CC1)NCC(=O)N2c1ccccc1CS,427,0.802894854,0.428571429,0.03,0.704676863
CC(C)(C)C1CCC2(CC1)NC(=O)N(c1ccccc1)CCS2,427,0.794523127,0.509803922,0.07,0.746305088
CC(C)(C)C1CCC2(CC1)NC(=O)N(c1ccccc1)CCSC2,427,0.782205924,0.462962963,0.03,0.741269217
CC(C)(C)C1CCC2(CC1)NC(=O)N(c1ccccc1)C21CC1,427,0.798987191,0.553191489,0.03,0.697989506
CC(C)(C)C1CCC2(CC1)NC(=O)N(CCNc1ccccc1)CS2,427,0.81345525,0.413793103,0.03,0.72404213
CC(C)(C)C1CCC2(CC1)NC(=O)N(CCCc1ccccc1)CS2,427,0.793316006,0.413793103,0.03,0.733335521
CC(C)(C)C1CCCC2(CC1)NC(=O)N(CCCl)c1ccccc12,427,0.724635526,0.344262295,0.01,0.686347725
CC(C)(C)c1cccc2c1NC(=O)N2CCCc1cc(Cl)cs1,427,0.70936885,0.150684932,0.05,0.802819699
CC(C)(C)c1ccc2c(c1)NCCCN(c1cc(Cl)ccn1)C2=O,427,0.829036964,0.152777778,0.16,0.825969158
CC(C)(C)c1ccc2c(c1)NCCCN2C(=O)c1ccccc1,427,0.844050903,0.2,0.05,0.872825443
CC(C)(C)c1ccc2c(c1)CCCN2C(=O)n1cc(Cl)cn1,427,0.728025211,0.125,0,0.80984248
CC(C)(C)c1ccc2c(c1)CCCN2c1ncccc1CCCCl,427,0.668725345,0.135135135,0.03,0.838700981
CC(C)(C)c1ccc2c(c1)CCC(=O)N2CCCn1cccc1,427,0.83235407,0.1875,0.01,0.841991123
CC(C)(C)c1ccc2c(c1)CCC(=O)N2CCCn1ccnc1,427,0.865809707,0.191176471,0.04,0.845059289
CC(C)(C)c1ccc2c(c1)C(=O)N2CCCc1cccc(Cl)c1,427,0.752514489,0.144927536,0.01,0.883636286
CC(C)(C)c1ccc2c(c1)C(=O)NCCCn1cc(Cl)cc1-2,427,0.774700269,0.161764706,0.17,0.755885028
CC(C)(C)c1ccc2c(c1)CCC(=O)N2Cc1cccnc1,427,0.842387055,0.196969697,0.04,0.872479814
CC(C)(C)c1cccc(C2NCCCc3cc(N)ccc32)c1,427,0.773902706,0.134328358,0.11,0.805152371
CC(C)(C)c1cccc(C(=O)N2CCc3cc(N)ccc32)c1,427,0.8137963,0.147058824,0.02,0.882076528
CC(C)(C)c1cccc(C(=O)N2CCc3cc(F)cnc32)c1,427,0.803622433,0.14084507,0.01,0.854146893
CC(C)(C)c1cccc(C(=O)N2CCc3cc(F)ccc32)c1,427,0.767098014,0.147058824,0,0.891245758
CC(C)(C)c1cccc(C(=O)N2CCC(C#N)CC2)c1F,427,0.793554959,0.203125,0.03,0.839135414
COc1ccccc1NC(=O)N1CCC(C(C)(C)C#N)CC1,427,0.929045327,0.230769231,0.02,0.849561269
CC(C)(C)c1ccc(C(=O)N2CCC(C#N)CC2)c(F)c1,427,0.793554959,0.184615385,0,0.852897088
CC(C)(C#N)c1ccccc1C(=O)N1CCC(N)(F)CC1,427,0.849547189,0.222222222,0,0.792927857
CC(C)(C#N)c1ccccc1C(=O)N1CCC(N)CC1,427,0.894593067,0.229508197,0.05,0.849149185
CC(C)(C)c1ccccc1C(=O)N1CCC(N)(CF)CC1,427,0.910769674,0.209677419,0.03,0.822903565
CC(C)(C)c1ccccc1C(=O)N1CCC(N)C(F)C1,427,0.857620417,0.206349206,0.02,0.770488137
CC(C)(C)c1ccccc1C(=O)N1CCC(N)CC1CN,427,0.87280439,0.2,0.07,0.760328905
CC(C)(C)c1ccccc1C(=O)N1CCC(N)CC1,427,0.843180572,0.228070175,0.06,0.885285555
CCc1cc(CNC(=O)CC2C(=O)NCCN2CC2CCCC2)on1,428,0.77388997,0.982142857,0.01,0.769931573
CCc1cc(CNC(=O)CC2CNCCN2CC2CCCC2)on1,428,0.794243288,0.692307692,0.03,0.762765635
CCc1cc(CNCCC2C(=O)NCCN2CC2CCCC2)on1,428,0.708363027,0.73015873,0.08,0.752587394
CCc1cc(CNCCC2C(=O)NCCN2C2CCCCC2)on1,428,0.744853893,0.565217391,0.07,0.749524756
CCc1cc(CNCCC2CN(C3CCCCC3)CCC2=O)on1,428,0.777572375,0.407894737,0.03,0.757364976
CCc1oc(CN)cc1CC1CN(C2CCCCC2)CCO1,428,0.908595715,0.21686747,0.07,0.749290359
Cc1cccc(CNCCC2C(=O)NCN2C2CCCCC2)c1,428,0.793136471,0.268292683,0.11,0.772253614
Cc1cccc(CNCCC2CN(C=O)CC23CCCC3)c1,428,0.646490826,0.144444444,0,0.692991514
CCc1oncc1CNCC1CN(C2CCCCC2)CCO1,428,0.874144204,0.240963855,0.03,0.746025282
Cc1cccc(CN2CCC(CN=O)C2CN2CCCC2)c1,428,0.757709577,0.16091954,0.04,0.730372714
Cc1cccc(CN2CCC(C(=O)NCCN)C2)c1C1CC1,428,0.841715797,0.155555556,0,0.806454604
Cc1oncc1CNCC1CN(C2CCCCC2)CCC1=O,428,0.904306224,0.238095238,0.03,0.739493965
Cc1oncc1CNCC1CN(C2CCCCC2)CCC1CO,428,0.841937032,0.223529412,0.05,0.717582399
Cc1sncc1CNCC1CN(C2CCCCC2)CCC1C=O,428,0.811870658,0.193181818,0.06,0.677359207
Cc1sncc1CNCC1CN(c2cccc(O)c2)C(=O)N1,428,0.786054384,0.175824176,0.06,0.705194866
Cc1sncc1CC1CCN(c2ccc(F)cc2)C1C(N)=O,428,0.941815712,0.155555556,0.1,0.699449497
Cc1oncc1CC1CCN(c2ccc(F)cc2)C(C(N)=O)C1,428,0.939827651,0.191011236,0.07,0.735347143
CCc1oncc1CC1CCN(c2ccc(F)cc2)C1C(N)=O,428,0.918201207,0.204545455,0.05,0.707062646
CCc1oncc1CC1CCN(c2ccc(F)cc2)C(C(N)=O)C1,428,0.914134108,0.213483146,0.07,0.723563095
CCc1oncc1CC1CCN(c2ccc(F)cc2)C(CO)N1,428,0.883680278,0.191011236,0.15,0.677290446
CCc1oncc1CC(=O)C(CN)c1ccc(F)cc1OC,428,0.848447651,0.139784946,0.11,0.73401441
CCc1oncc1CC(=O)CSc1ccc(F)cc1C(=O)NC,428,0.787099422,0.152173913,0.06,0.796077151
CCc1oncc1CSC1=NC(c2ccc(F)cc2)C(=O)N1,428,0.940750721,0.170454545,0.08,0.716737234
CC1=C(CC(=O)CN)CCC(c2ccncc2)NC(=O)S1,428,0.892641933,0.172413793,0.15,0.695459494
CC1=C(CC(=O)CN)CCC(c2ccncc2)N(C)C1=O,428,0.912437123,0.162790698,0.12,0.725030739
Cc1oc(CC(=O)NCc2ccncc2)cc1CCCN,428,0.81236856,0.202380952,0.19,0.846459854
CCc1oc(CC(=O)NC)cc1CSc1ccncc1,428,0.831199586,0.192771084,0.05,0.808518848
Cc1cc(CC(=O)NCc2ccncc2)c(CCN)o1,428,0.83196559,0.197530864,0.15,0.827037606
Cc1cc(CC(=O)NCc2ccncc2)c(CN)o1,428,0.847689729,0.2,0.15,0.833826756
CC1CC(CC(=O)NCc2ccncc2)CC(CN)O1,428,0.848368605,0.25,0.13,0.732064004
CCn1cc(CC(=O)NCc2ccncc2)c(C)n1,428,0.88303459,0.202531646,0.03,0.863859519
CCn1cc(CC(=O)NCc2ccnc(F)c2)c(C)n1,428,0.843902357,0.202380952,0,0.839694735
CCn1cc(CC(=O)NCc2ccnc(C)c2)c(CN)n1,428,0.827111299,0.211764706,0.08,0.821929037
CC1CC(CC(=O)c2cnn(-c3ccncc3)c2)CCN1,428,0.874659125,0.21686747,0.18,0.728592192
CCN1CC(CC(=O)NCc2ccnc(C#N)c2)CCC1C,428,0.903663528,0.301204819,0.03,0.752963145
CCN1CC(CC(=O)NCc2ccncc2C)CCC1CCCN,428,0.765712173,0.261363636,0.16,0.743298389
CCN1CCC(CC(=O)NCc2ccncc2C)CC1CCCN,428,0.765712173,0.275862069,0.19,0.740752914
CCN(CC)C(=O)Cc1ncccc1-c1cc(F)cc(CNC)c1,428,0.849167317,0.155555556,0.11,0.839892005
CCN(CC)C(=O)Cc1ncccc1-c1cc(F)cc(CN)c1,428,0.891475971,0.133333333,0.18,0.840409122
COC(=O)N(CCc1ccncc1CN)c1ccc(F)c(C)c1,428,0.920486555,0.129032258,0.22,0.826536767
CON(C(=O)Cc1ccncc1CCCN)c1ccc(F)cc1,428,0.795357163,0.108695652,0.19,0.813011952
CON(CCc1ccccc1CN)C(=O)c1ccnc(F)c1,428,0.653766243,0.122222222,0.08,0.821504628
Cc1cc(F)ccc1N(CCc1ccncc1)C(=O)CCCN,428,0.854484035,0.120879121,0.14,0.857975975
Cc1c(F)cccc1N(CCc1ccnnc1)C(=O)CCCN,428,0.850079317,0.106382979,0.12,0.81602923
Cc1ccccc1N(CCc1cnnc(C(=O)O)c1)CCCN,428,0.772673034,0.096774194,0.1,0.826657869
COc1cc(NC(=O)C2C3C=CC(C3)C2C(=O)O)ccc1Nc1ccccc1,429,0.663759165,0.769230769,0.02,0.67383384
COc1cc(NC(=O)C2C3C=CC(C3)C2C(=O)O)ccc1-c1ccccc1,429,0.792004074,0.75,0.08,0.678840141
CC=C1CC(C(=O)C2C3C=CC(C3)C2C(=O)O)C1c1ccc(OC)cc1,429,0.818045234,0.333333333,0,0.558151559
CC=C1CC(C(=O)C2C3C=CC(C3)C2C(=O)O)CC1c1ccccc1,429,0.837723671,0.338461538,0.03,0.550246377
CC1C=C(NC(=O)C2C3C=CC(C3)C2C(=O)O)C(c2ccccc2)CC1,429,0.812589196,0.428571429,0.02,0.572693455
CC1C=C(NC(=O)C2C3C=CC(C3)C2C(=O)O)C(c2ccccc2)C1,429,0.828316833,0.442622951,0.03,0.571832942
CC1C=C(NC(=O)c2ccc(OC)cc2)C(C(N)=O)C2C=CC1C2,429,0.83275938,0.338235294,0.04,0.611173947
CC1C=C(NC(=O)c2ccc(OC)cc2)C(=O)C2C=CC=CC12,429,0.933820909,0.253521127,0.03,0.703117988
CC1C=C(C(=O)O)C(=O)C(c2ccc3ccccc3c2)C1,429,0.855920231,0.197183099,0.06,0.745666836
CC1C=C(c2ccc3ccccc3c2)C(=O)C(C(N)=O)C1,429,0.859128781,0.178082192,0.07,0.743519509
CC1C=C(C(=O)O)C(c2ccc3ccccc3c2)C(=O)C1,429,0.914972207,0.180555556,0.07,0.752218596
CC1CCC(C(=O)O)C(c2ccc3ccccc3c2)C1=O,429,0.914838013,0.217391304,0.01,0.747190994
CC1CCC(C(=O)O)C(c2ccc3ccccc3c2)C1,429,0.873624953,0.227272727,0.01,0.786758741
CC1CCC(C(N)=O)C(c2ccc3ccccc3c2)C1,429,0.882149869,0.188405797,0.02,0.777746865
CC1CNC(C(N)=O)C(c2ccc3ccccc3c2)C1,429,0.878470496,0.178082192,0.03,0.737141197
CC1CC(C(N)=O)C(c2ccc3ccccc3c2)C1,429,0.874768259,0.208955224,0.02,0.77571952
CC1CNC(C(N)=O)C(c2ccc3ccccc3c2)O1,429,0.873396056,0.178082192,0.06,0.723698012
CC(NC(=O)C1CCC(C(N)=O)CC1)c1ccccc1,429,0.882720252,0.212121212,0,0.860541768
NC(=O)C1CCC(c2ccc3ccccc3c2)C(C)C1,429,0.882149869,0.183098592,0,0.777659686
CC(C)CNC(=O)C1CCC(C(N)=O)C(c2ccccc2)C1,429,0.876600013,0.205479452,0.05,0.771491258
NC(=O)C1CCC(c2ccc3ccccc3c2)C(C=O)C1,429,0.879031706,0.162162162,0,0.74626524
NC(=O)C1CCCCN1Cc1ccc2ncccc2c1,429,0.927665977,0.12195122,0.03,0.840151573
NC(=O)C1CCCCN1Cc1ccc(-c2ccccc2)s1,429,0.941814655,0.141025641,0.05,0.833059951
NC(=O)C1CCCCC1C(=O)OCc1ccc(C#N)cc1,429,0.855217063,0.118421053,0.02,0.791377397
NC(=O)C1CCCCN1C(=O)OCc1ccc(C#N)cc1,429,0.911360348,0.111111111,0.01,0.834513471
NC(=O)C1CCCCN1C(=O)CCc1ccc(C#N)cc1,429,0.905603739,0.098765432,0.03,0.837027682
NC(=O)C1CCCCN1Cc1ccc(-c2ccccc2)cn1,429,0.942856722,0.153846154,0.08,0.841518725
Nc1ncc(-c2ccccc2C=O)cc1NC(=O)C1CCCN1,429,0.748623745,0.195121951,0.31,0.785951572
Nc1ncc(C2CC2c2ccccc2)cc1C(=O)NC#N,429,0.664323418,0.202702703,0.12,0.740384276
Nc1nc(NC(=O)C2CC2c2ccccc2)ccc1C#N,429,0.900491458,0.2,0.15,0.782025815
Nc1nc(NC(=O)C2CC2c2cccnc2)ccc1C#N,429,0.888786908,0.158536585,0.16,0.756526071
Nc1ncc(-c2cc(C(F)F)ccn2)cc1NC(=O)C1CC1,429,0.909490107,0.17721519,0.25,0.829513602
CC(=Cc1ccccc1)C(=O)N1CC(C)OC(C)C1,430,0.764275509,1,0,0.780839123
CC(Cc1ccccc1)C(=O)N1CC(C)OC(C)C1,430,0.836401268,0.468085106,0,0.786146081
CC(CCc1ccccc1)C(=O)N1CC(C)OC(C)C1,430,0.845344139,0.458333333,0.01,0.780234132
CC(=Cc1ccccc1)C(C)N1CC(C)OC(C)C1,430,0.822278948,0.581395349,0.02,0.741101088
CC(=O)N(c1ccccc1C)C1CC(C)OC(C)C1,430,0.817153666,0.333333333,0,0.749778438
CC(=O)CCc1ccccc1C(C)N1CC(C)OC1C,430,0.825182338,0.339285714,0.03,0.709622753
CC(=O)CCc1ccccc1C(C)N1CC(C)OC(C)C1,430,0.832010715,0.37037037,0.01,0.743818697
CC(=O)CCc1ccccc1NC(C)C1CC(C)OC1N,430,0.845256367,0.25,0.03,0.68431583
CC(=O)CCc1ccccc1NC(C)C1CC(C)N(C)C1,430,0.871014842,0.234375,0.01,0.72531127
CC(=O)CCc1ccccc1NC(C)C1CC(C)N(C)C1C,430,0.868624768,0.21875,0,0.684275182
CC(=O)CC1CCCN(C(C)c2cccc(N)c2C)C1C,430,0.858949629,0.196969697,0.04,0.707557224
CC(=O)NC1CCN(C(C)c2cccc(N)c2)C(C)C1,430,0.832341789,0.196969697,0.1,0.742549746
CC(=O)NC1CCCN(C(C)c2cccc(N)c2C)C1,430,0.831778168,0.196969697,0.04,0.775913747
CCC1CCC(N2C(N)=NC(C)C2c2ccccc2)O1,430,0.920822253,0.209677419,0.04,0.66624492
CCC(=O)N1CCC(N)C(c2ccc(N)c(C)c2)C1,430,0.794755628,0.206349206,0.02,0.76692903
CCC(=O)N1CCC(N)C(c2ccccc2)C(C)SC1,430,0.911487057,0.245901639,0.01,0.70612589
CCC(=O)N1CCC(N)C(c2ccc(N)cc2)C1C,430,0.796031021,0.183333333,0,0.723825438
CCC(=O)N1CCC(N)C(c2ccccc2)N(C)CC1,430,0.892231524,0.237288136,0.01,0.79246097
CCC(=O)N1CCCN(C)C(c2ccc(N)cc2)C1C,430,0.842400959,0.177419355,0,0.760615845
CCC(=O)N1CCCN(C)C(c2ccc(N)cc2)C1,430,0.827035512,0.2,0,0.817117894
CCC(=O)N1CCC(N)C1c1ccc(OC)cc1,430,0.885543815,0.161290323,0,0.789610196
CCC(=O)N1CCC(N)C1c1ccccc1OC,430,0.885543815,0.193548387,0.02,0.784236965
CCC(=O)N1CCC(Nc2ccccc2)C1C,430,0.868077165,0.25,0.01,0.780587623
CCC(=O)N1CCC(Nc2ccccc2)CC1,430,0.868084103,0.264150943,0.01,0.915698585
CCC(=O)N1CCN(c2ccccc2)C(C)C1,430,0.779619316,0.307692308,0.01,0.848616406
Oc1cc(C(O)N2CCc3ccccc32)cn1-c1ccc(F)cc1,431,0.776413691,1,0,0.762584457
Oc1cc(C(O)N2CCc3ccccc32)ccc1-c1ccc(F)cc1,431,0.751845531,0.634615385,0.07,0.805333068
Oc1cc(C(O)N2CCc3ccccc32)ccc1-n1cccc1,431,0.780804089,0.490909091,0.01,0.77416521
Oc1cc(C(O)N2CCc3ccccc32)ccc1C1CC1,431,0.906716132,0.482142857,0.02,0.789189598
Oc1cc(C(O)N2CCc3ccccc32)ccc1CNC(F)F,431,0.741662478,0.491525424,0.04,0.74824781
Oc1cc(C(O)N2CCc3ccccc32)ccc1C(F)F,431,0.910790165,0.518518519,0.01,0.767953366
Oc1ccc(C(O)N2CCc3ccccc32)cc1C(F)F,431,0.910790165,0.518518519,0.01,0.770159364
Cc1ccc(C(C)N2CCc3ccccc32)cc1C(C)O,431,0.912330634,0.389830508,0,0.785457188
Cc1ccccc1N1CCN(c2ccc(O)cc2)CC1C(F)F,431,0.935414397,0.23880597,0.01,0.803036686
Cc1ccc(N2CCc3ccccc32)cc1C(C)C(F)F,431,0.762545385,0.327868852,0.01,0.794346065
Cc1ccc(N2CCc3ccccc32)cc1C(C)O,431,0.880902327,0.355932203,0.01,0.831988523
Cc1ccc(N2CCc3ccncc32)cc1C(C)O,431,0.894084307,0.272727273,0.07,0.794028694
Cc1ccc(N2CCc3cccnc32)cc1C(C)O,431,0.894084307,0.253731343,0.04,0.801934392
Cc1ccc(N2CCc3cccnc32)cc1C(F)F,431,0.810292262,0.23880597,0.05,0.837430459
Cc1ccc(C(O)N2CCc3ccccc32)cc1OC(F)F,431,0.935649894,0.457627119,0.02,0.790576689
Cc1ccc(C(O)N2CCc3ccncc32)c(OC(F)F)c1,431,0.942834699,0.285714286,0.07,0.75061912
Cc1ccc(C(O)N2CCc3ccncc32)c(O)c1F,431,0.881883116,0.328125,0.11,0.737661548
Cc1ccc(C(O)N2CCc3ccncc32)c(O)c1,431,0.864102456,0.3125,0.15,0.758763736
Cc1ccc(C(O)C(F)(F)c2ccncc2)c(O)c1,431,0.896746275,0.132352941,0.14,0.77606378
Cc1ccc(C(O)C(F)(F)F)c2ccncc12,431,0.831539038,0.119402985,0.09,0.783868552
Cc1ccc(N2C=Cc3ccncc3C2O)c(O)c1,431,0.820885394,0.106666667,0.19,0.739021856
Cc1ccc(N2C=Cc3ccncc3C2O)c(CCF)c1,431,0.938311447,0.098765432,0.13,0.719454983
Cc1ccc(N2Cc3ccncc3CN2)c(OC(F)F)c1,431,0.942991605,0.128205128,0.23,0.779109085
Cc1ccc(N2C=Cc3ccncc3C2N)c(OCO)c1,431,0.844666801,0.084337349,0.24,0.727464214
Cc1ccc(N2C(=O)Cc3ccncc32)c(OCCF)c1,431,0.86748577,0.113924051,0.19,0.823553187
Cc1ccc(N2C=Nc3ccncc3C2O)c(CCN)c1,431,0.903327312,0.085365854,0.25,0.723124983
Cc1ccc(N2CCc3ccncc3C2N)c(OCCF)c1,431,0.943200828,0.148148148,0.31,0.754898407
CCC(O)c1ccccc1N1CCc2cc(OC)cnc21,431,0.935993543,0.236111111,0.04,0.791076521
Oc1ncnc2scc(-c3ccsc3)c12,432,0.703280629,1,0.09,0.799036646
Oc1ccnc2scc(Cc3ccsc3)c12,432,0.749435852,0.382978723,0.07,0.803153934
Oc1cc(NCCc2ccsc2)nc2sccc12,432,0.763121068,0.24137931,0.05,0.809781837
Oc1cc2cccc(CC(=O)C3CCC3)c2s1,432,0.899322124,0.112903226,0.01,0.80721429
Oc1cc2cccc(CC(=O)C3CCCC3)c2s1,432,0.908132865,0.112903226,0.01,0.813094933
Oc1cc(NC(=O)CC2CCC2)cc2sccc12,432,0.883956481,0.125,0.02,0.855282751
Cc1cc(O)ccc1CNC(=O)Cc1ccsc1,432,0.888524287,0.183333333,0.01,0.878827849
Cc1cc(O)ccc1NC(=O)CCCc1ccsc1,432,0.81694128,0.177419355,0.01,0.889526186
Cc1cc(O)cc2cccc(CNC(=O)c3ccsc3)c12,432,0.771285247,0.1875,0.02,0.856226264
Cc1cc(O)cc2ccn(CCNC(=O)c3cccs3)c12,432,0.777452343,0.114285714,0,0.841656264
Cc1cc(O)cc2[nH]cc(CCNC(=O)c3ccsc3)c12,432,0.692425734,0.179104478,0.04,0.835190367
Cc1cc(O)ccc1NC(=O)CN(C)Cc1ccsc1C,432,0.834440904,0.119402985,0.03,0.854857635
Cc1cc(OC(=O)[O-])cc2sc(NCCC3CCCCC3)nc12,432,0.666737819,0.065789474,0.01,0.80068649
Cc1cc(OC(=O)CCN)cc2c1Nc1ncccc1S2,432,0.571989296,0.097222222,0.08,0.785951136
Cc1cc(OC(=O)CCN)ccc1NC(=O)c1ccccc1,432,0.656159544,0.058823529,0.01,0.911263934
Cc1cc(O)ccc1NC(=O)CNC(=O)c1cccc(C)c1,432,0.758294479,0.074626866,0.01,0.918416502
Cc1cc(O)ccc1CNC(=O)Cc1sccc1-c1cccs1,432,0.723446594,0.130434783,0.02,0.841090453
Cc1cc(O)ccc1NC(=O)C1CC1c1ccccc1,432,0.836829536,0.076923077,0.01,0.827999788
Cc1cc(O)ccc1CNC(=O)C=Cc1sccc1C#N,432,0.85227991,0.112676056,0.02,0.821442205
CCc1ccc(O)cc1CNC(=O)C=Cc1sccc1C,432,0.828142346,0.119402985,0.01,0.838333991
CCc1ccc(O)cc1CNC(=O)Cc1scnc1C,432,0.889392047,0.138461538,0,0.837865064
CCc1ccc(O)cc1CNC(=O)c1scnc1C,432,0.902095851,0.142857143,0.01,0.85127084
CCCOc1ccc(C)cc1CNC(=O)c1scnc1C,432,0.888643566,0.115942029,0,0.871869063
CCCCC(NC(=O)Cc1scnc1C)c1ccccc1,432,0.838347984,0.117647059,0,0.814753188
CCCCC(NC(=O)Cc1scnc1C)c1cccs1,432,0.836323753,0.130434783,0,0.780914233
CCOc1cc(C)cc2c(NC=O)c(C)cnc12,432,0.841263391,0.09375,0.02,0.827858696
Cc1cc(O)cc2c(NC(=O)C3CC3)ncnc12,432,0.845403115,0.129032258,0.22,0.856993158
CCOCc1c(C)ccc2c(NC=O)ncnc12,432,0.818642739,0.125,0.07,0.808968422
CCOCc1c(C)ncnc1NCCc1sccc1C,432,0.849593989,0.174603175,0.07,0.812441115
CCCCc1c(C)ncnc1NCCc1nc[nH]c1C,432,0.813775071,0.09375,0.14,0.809780116
CCOC(=O)c1c(C)cccc1NCCc1nc[nH]n1,432,0.786893014,0.086956522,0.03,0.799721277
CCOc1c(C)cccc1CNCc1nc[nH]c1C,432,0.838305323,0.075757576,0,0.850725046
CCOc1c(C)cccc1NCCc1nc[nH]c1C,432,0.837846011,0.074626866,0.01,0.839094562
CCOCc1c(C)cccc1NCCc1nc[nH]c1C,432,0.814080219,0.086956522,0.01,0.825841115
Cc1ccccc1-c1nc[nH]c1NCCc1ccsc1,432,0.739801246,0.193548387,0.12,0.825683266
Cc1ccccc1-c1ncnc(NC2CCCC2)c1O,432,0.894847019,0.166666667,0.03,0.857438416
Cc1ccccc1-c1ncnc(NC2CCCC2)c1N,432,0.895272438,0.129032258,0.16,0.866561228
Cc1ccccc1Nc1ncnc(C2CCCCC2)c1N,432,0.886942423,0.109375,0.11,0.861555108
CN1C(=O)CC(=NC(=O)c2ccc(Br)o2)N(C)C1=O,433,0.781949047,1,0,0.762739157
CN1C(=O)CC(=NC(=O)c2ccc(Br)o2)N1C,433,0.783612147,0.720930233,0.03,0.735828351
CN1C(=O)CC(=Nc2ccc(Br)o2)N(C)C1=O,433,0.796272043,0.6,0,0.72144708
CN1C(=O)CC(=Nc2ccco2)N(C)C1=O,433,0.715731518,0.42,0.02,0.733236883
CN1C(=O)CCC(=Nc2ccco2)N(C)CC1=O,433,0.696871796,0.233333333,0.01,0.743478081
CN1C(=O)CC1=Nc1cc(CO)ccc1N=O,433,0.633468339,0.339285714,0.03,0.735992857
CN1C(=O)CC=C(N=O)C1C(=O)c1cccs1,433,0.606620241,0.2,0,0.681365983
CN1C(=O)CC1=Nc1cc(CO)ccc1OCO,433,0.598278082,0.322033898,0.05,0.763147004
CN1C(=O)CC1=Nc1cc(Cl)ccc1C(=O)OC,433,0.607746788,0.3,0,0.798323142
CN(C(=O)CO)C(C)c1ccc(Cl)c(N=O)c1,433,0.84022841,0.119402985,0.05,0.761077218
CN(CCO)C(=O)c1ccc(Cl)cc1N=O,433,0.818820269,0.140625,0.04,0.832756431
CN(CCO)C(=O)c1ccc(Cl)c(N=O)c1,433,0.818820269,0.123076923,0.05,0.838453389
CN(CCO)C(=O)CCC(=O)c1ccc(Cl)cc1,433,0.800770693,0.129032258,0.01,0.899997553
CN(CCO)C(=O)CCN=Cc1cc(Cl)ccc1OC,433,0.777997534,0.121621622,0.02,0.833756458
CN(CCO)C(=O)Cc1nc2cc(Cl)ccc2o1,433,0.91196737,0.128571429,0.01,0.843247004
CN(CCO)Cc1nc2cc(Cl)ccc2cc1C=O,433,0.851497772,0.082191781,0.03,0.828561406
CN(CCO)Cc1nc(-c2cccs2)ccc1Cl,433,0.916038987,0.068493151,0.05,0.847013067
CC1CCNCCN1C(=O)Cc1ccc(Cl)cc1,433,0.889129111,0.171875,0.01,0.839057321
CC(=O)Cc1nc(-c2cccs2)ccc1Cl,433,0.834446272,0.104477612,0.02,0.848025896
CC(=O)CCNc1nc(-c2cccs2)ccc1Cl,433,0.904310571,0.128571429,0.08,0.851412766
CC(=O)Cc1nc(-c2cccnc2)ccc1Cl,433,0.836364313,0.104477612,0.06,0.859655636
CC(=O)Cc1nc(-c2cccnc2)c(Cl)o1,433,0.82178986,0.134328358,0.02,0.806434785
CC(=O)Cc1ncoc1-c1ccc(NCl)cc1,433,0.847738303,0.121212121,0.18,0.789356277
NNC(=O)c1cccnc1Nc1ccc(N)cc1,433,0.278469226,0.092307692,0.04,0.886193459
CC(=O)CCc1nc(-c2cccnc2)c(Cl)o1,433,0.837231109,0.147058824,0.04,0.817537046
CC(=O)CCc1ncncc1-c1ccc(Cl)cc1,433,0.846952757,0.121212121,0.22,0.860834485
CC(=O)Cc1cccnc1Nc1ccc(F)cc1,433,0.898142145,0.104477612,0.03,0.889473701
CC(=O)CCNc1ncccc1-c1ccc(F)cc1,433,0.894478569,0.134328358,0.18,0.885382311
CC(=O)CCNc1ncncc1-c1ccc(F)cc1,433,0.896513855,0.132352941,0.23,0.868643565
CC(=O)CCNc1ncccc1-c1ccc(F)o1,433,0.883506365,0.161764706,0.09,0.810423625
CNC(=O)C1CCCCN1C(=O)c1cccnc1,433,0.841353826,0.128571429,0.01,0.844979192
CC(=O)CCNc1ncccc1-c1ccc(Cl)o1,433,0.899376546,0.161764706,0.07,0.830797079
COc1cc(O)c(C(CCN2CCCC(C)C2)c2ccc(N(C)C)cc2)c(OC)c1,434,0.679122985,1,0,0.760724157
COc1cc(O)c(C(CCN2CCCC(C)C2)c2ccc(OC)cc2)cc1,434,0.770455929,0.619047619,0.01,0.791218343
COc1cc(O)c(C(CCN2CCCC(C)C2)c2ccc(C)cc2)cc1,434,0.7962791,0.590909091,0.01,0.791230991
COc1cc(O)c(C(CCN2CCCC(C)C2)c2ccccc2)cc1,434,0.831013419,0.584615385,0.01,0.79743655
COc1cc(O)ccc1C(CCN1CCCC(C)C1)c1ccn(C)c1,434,0.862297985,0.507042254,0.01,0.739830907
COc1cc(Cl)ccc1C(CCN1CCCC(O)C1)c1ccn(C)c1,434,0.851599283,0.367088608,0.02,0.740218556
COc1cc(Cl)ccc1C(O)CCN1CCCC(c2c(C)noc2C)C1,434,0.813483647,0.305882353,0.03,0.746886557
Cc1cc(C(O)c2cc(Cl)ccc2CCN2CCC2)c(C)nn1,434,0.91439972,0.176470588,0.01,0.772040325
Cc1cc(C(O)c2cc(Cl)ccc2OCCCN(C)C)c(C)nn1,434,0.77797733,0.136363636,0.01,0.776941313
Cc1cc(C(O)c2cc(Cl)ccc2OCCCN(C)C)ccn1,434,0.787638933,0.149425287,0.04,0.804990085
Cc1cc(C(O)c2cc(Cl)ccc2OCCN2CCC2)ccn1,434,0.881975026,0.211764706,0.01,0.809398343
Cc1cc(C(CCN2CCC2)c2ccc(O)cc2)c(C)nn1,434,0.921358706,0.333333333,0.01,0.785833016
Cc1cc(C(C)NCCc2ccc(O)cc2)c(Cl)nn1,434,0.888865689,0.119047619,0.03,0.79346457
Cc1cc(Cl)ccc1C(C)c1cc[nH]c1CCN1CCC1,434,0.868363065,0.166666667,0.05,0.769159364
Cc1cc(Cl)ccc1C(C)c1cc[nH]c1OCCN1CC1,434,0.821691749,0.164705882,0.11,0.762622206
CC(c1ccc(Cl)cc1)C1CCCN1CCc1c(O)n[nH]c1,434,0.885353236,0.226190476,0.13,0.705345173
CC(c1ccc(Cl)cc1)c1c(O)n[nH]c1CN1CCC1,434,0.90982783,0.215189873,0.1,0.774359076
CCCC(c1ccc(Cl)cc1)N1CCC(O)N=C1C,434,0.914230372,0.189873418,0.04,0.725644348
CC(c1ccc(Cl)cc1)N1CCC(O)N=C1C,434,0.878692345,0.2,0.07,0.733399079
CC(c1ccc(Cl)cc1)c1cc(O)nn1C,434,0.870790414,0.178082192,0,0.762085065
CC(c1ccc(Cl)cc1)c1cc(O)nn1CCN,434,0.891949574,0.179487179,0.06,0.75055562
CC(c1ccc(Cl)cc1)c1cc(O)nn1CCN=O,434,0.854967908,0.175,0,0.71464997
CC(c1ccc(Cl)cc1)c1cc(O)nn1CCN1CC1,434,0.861334605,0.220779221,0,0.766692592
CC(c1cc(Cl)ccc1O)c1cc(C)n(C)n1,434,0.888673532,0.153846154,0.01,0.774572231
Cc1cc(Cl)ccc1N1CCc2[nH]nc(O)c2CC1,434,0.842593529,0.117647059,0.11,0.825537297
COCc1cc(Cl)ccc1N1CCc2[nH]c(C)nc2CC1,434,0.947012147,0.136363636,0.02,0.824192675
COCc1cc(Cl)ccc1N1CCc2[nH]c(C)nc2C1,434,0.944706497,0.134831461,0.01,0.810444624
CC(C)(c1cc(Cl)ccc1O)N1CCc2[nH]cnc2C1,434,0.893968264,0.125,0.1,0.769323306
CC(c1cc(Cl)ccc1O)N1CCc2[nH]cnc2C1,434,0.887418004,0.137931034,0.1,0.75099536
Cc1cc(N2CCc3[nH]ccc3C2)nc(C)c1CCO,434,0.898841117,0.111111111,0.06,0.781302384
Cc1cc(OCCN2CCc3[nH]cnc3C2)nc(Cl)n1,434,0.867426344,0.122222222,0.07,0.789147434
O=C1CCCN1CCc1nc(Cl)ccc1-c1ccoc1,434,0.81269072,0.098901099,0.08,0.814870246
Cc1cc(OCCN2CCc3[nH]ccc3C2)nc(Cl)n1,434,0.87797613,0.133333333,0.12,0.789065472
Cc1cc(N2CCc3occc3C2)nc(Cl)n1,434,0.728884829,0.105882353,0.01,0.795365147
CN1CCCN(c2cc(O)ccc2-c2ncc[nH]2)CC1,434,0.876790581,0.158536585,0.16,0.833566267
CN1CCC(c2cc(O)ccc2-c2ncc[nH]2)CC1,434,0.869126116,0.175,0.2,0.829654204
CN1CCCC(c2cc(O)ccc2-c2ncc[nH]2)CC1,434,0.882570113,0.195121951,0.2,0.784324252
Cn1ccc(-c2cc(O)ccc2CCc2ncc[nH]2)c1,434,0.763341857,0.126436782,0.26,0.807374755
Oc1ccc(N2CCN(C(c3ccncc3)c3nnnn3C3CCCC3)CC2)cc1,435,0.698738777,1,0.03,0.787438
Oc1ccc(N2CCN(C(c3ccsc3)c3nnnn3C3CCCC3)CC2)cc1,435,0.69457795,0.736842105,0.02,0.779158416
Oc1ccc(N2CCN(C(Cc3ccsc3)C3CCCC3)CC2)cc1,435,0.861263693,0.358208955,0.04,0.793878674
Oc1ccc(CN2CCN(C3CCCC3)c3nnsc3C2)cc1,435,0.93741468,0.260273973,0.02,0.817064736
Oc1ccc(CN2CCN(C(C)C)CC2c2ncsn2)cc1,435,0.938567527,0.207792208,0.07,0.740465928
Oc1ccc(CN2CCN(C(C)C)CC2c2nn[nH]n2)cc1,435,0.882265747,0.223684211,0.08,0.76945152
Oc1ccc(N2CCN(C(C)C)CC2Cc2nn[nH]n2)cc1,435,0.878340562,0.256756757,0.12,0.7637387
Oc1ccc(CN2CCN(C(C)(C)C)CC2C2CC2)cc1,435,0.925674328,0.197183099,0.02,0.797094134
Oc1ccc(N2CCN(C(C)(C)C)CC2C2CC2)cc1,435,0.897501476,0.261538462,0.02,0.790615619
Oc1cnc(N2CCN(C(C)(C)C)CC2C2CC2)nc1,435,0.893595155,0.183098592,0.02,0.743837158
Oc1cnc(N2CCN(CC(C)C)CC2C2CC2)nc1,435,0.90754978,0.178082192,0.03,0.764663746
Oc1ccc(N2CCN(CC(C)C)CC2C2CC2)cc1,435,0.914207909,0.253731343,0.01,0.810606878
Oc1ccc(NC2CN(C(C)C)CC2C2CC2)cc1,435,0.817102259,0.202898551,0.04,0.759718658
Oc1ccc(CN2CCN(C(C)C)CC2CC)cc1,435,0.903523001,0.217391304,0.02,0.823188431
Oc1ccc(CN2CCN(CC(C)C)CC2O)cc1,435,0.864653703,0.2,0.02,0.801223845
Oc1cnc(CN2CCN(CC(C)C)CC2CC)nc1,435,0.888793585,0.157894737,0.01,0.764221988
Oc1cnc(SC2CCN(CC(C)C)C2CCO)nc1,435,0.779785894,0.155844156,0.01,0.669711245
Oc1cnc(CN2CCN(CC(C)C)CC2CCO)nc1,435,0.804776581,0.153846154,0,0.759729116
Oc1cnc(CN2CCN(CC(C)C)C2CCO)nc1,435,0.797537106,0.146666667,0.02,0.716716493
Oc1cnc(CC2CCN(CC(C)C)C2CCO)nc1,435,0.824672113,0.157894737,0.03,0.679012893
Oc1cnc(CN2CCN(CC3CC3C=CC)C2)nc1,435,0.824078861,0.141025641,0.05,0.667316048
Oc1cnc(CN2CCN(CC3CC=CC3)C2C)nc1,435,0.845461754,0.135135135,0.02,0.697942554
Oc1cnc(CN2CCN(CC3CC=CC3)CC2)nc1,435,0.83793809,0.142857143,0,0.810156278
Oc1ccc(CN2CC3CC2CN3CC(C)C)cc1,435,0.899679169,0.191176471,0.03,0.696417652
Oc1ccc(CN2CC3CC2CN3CC(O)CO)cc1,435,0.707536958,0.185714286,0.03,0.660316605
Oc1ccc(CN2CC3CC2CN3CC2CC2)cc1,435,0.895281145,0.194029851,0.04,0.69537214
Oc1ccc(CN2CC3CC3C2c2ncc[nH]2)cc1,435,0.88455361,0.171052632,0.14,0.704536553
Cc1ccc(-c2nnn[n-]2)cc1CN1CCC(O)C1,435,0.856926091,0.148148148,0.05,0.682225813
Cc1ccc(-c2nnco2)cc1CN1CCC(O)CC1,435,0.926427731,0.1375,0.02,0.847994649
Cc1ccc(-c2cc[nH]c2)c(CN2CCN(CC)CC2)c1,435,0.931091639,0.075,0.14,0.854021691
Cc1ccc(-c2cc[nH]c2)cc1CN1CCN(CC)CC1,435,0.931091639,0.075949367,0.12,0.857559648
Cc1ccc(-c2ncc[nH]2)cc1CN1CCC(O)C1,435,0.88337052,0.134146341,0.27,0.799072527
Cc1ccc(-c2ncc[nH]2)cc1CN1CCN(CCO)CC1,435,0.878396871,0.109756098,0.25,0.855074061
Cc1ccc(-c2ncc[nH]2)c(CN2CCC(O)CC2)c1,435,0.900647155,0.141025641,0.17,0.847253801
Cc1ccc(-c2ncn[nH]2)cc1CN1CCC(C(C)O)CC1,435,0.909623378,0.144578313,0.18,0.784755305
Cc1ccc(CN2CCN(C(c3ncc[nH]3)C(C)O)CC2)cc1,435,0.885679919,0.151898734,0.07,0.76352984
Cc1ccc(C(O)C2CC2)nc1CN1CCN(CC)CC1,435,0.899447033,0.144736842,0,0.78896484
COc1ccc(C)nc1CN1CCN(CC(O)C2CC2)CC1,435,0.858015588,0.141025641,0.01,0.799613909
COc1cc(CN2CCC(C(O)C3CC3)CC2)nn1C(C)C,435,0.876907761,0.126582278,0.01,0.740774813
CCOC(=O)C1=CC2C(=O)CCC=C2N(c2ccc(C)cc2)C1=O,436,0.633014783,1,0,0.73270002
CCOC(=O)C1=CC2C(=O)CCC=C2N(c2ccc(C)cc2)N1,436,0.86956301,0.631578947,0.01,0.725302721
CCOC(=O)C1=CC2CCC=C2N(c2ccc(C)cc2)C1=O,436,0.63588363,0.698113208,0.03,0.743635746
CCOC(=O)C1=CC2CCCC2N(c2ccccc2)C1=O,436,0.633413387,0.396825397,0,0.742848379
CCOC(=O)C1=CCCC(=O)N(c2ccccc2)CCC1,436,0.802587398,0.359375,0,0.820974983
CCOC(=O)C1=CN(CCCO)CCc2ccccc2C1,436,0.841417497,0.257142857,0.02,0.824690111
CCOC(=O)C1=CN(CCCO)CCc2ccccc21,436,0.832980011,0.294117647,0.01,0.828634367
CCOC(=O)N1CCCN=C(c2ccccc2)CCC1,436,0.831178908,0.25,0,0.828873854
CCOC(=O)C1=CN(CCCO)c2ccccc2CC1,436,0.837519161,0.257142857,0.01,0.827694826
CCOC(=O)C1=CN(CCCO)c2ccccc2C1,436,0.822186186,0.242857143,0.01,0.825112795
CCOCC(=O)N1CCCC1c1cccc(CO)c1,436,0.882110044,0.184210526,0.01,0.827859178
CCOCC(=O)N1CCCN=C1c1ccccc1,436,0.811142432,0.180555556,0.02,0.855603513
CCOCC(=O)N1CCCC1c1ccccc1,436,0.798801253,0.202898551,0,0.857337612
CCOCC(=O)C1=Cc2ccccc2C1OCC,436,0.773901617,0.188405797,0.02,0.756747517
CCOCC1=C(c2ccccc2)C(=O)CCC1C,436,0.810238168,0.188405797,0.05,0.782357171
CCOCC1=C(c2ccccc2)C(=O)CCC1N,436,0.884087491,0.185714286,0.08,0.777733038
CCOCC1=C(c2ccccc2)C(=O)C(CC)O1,436,0.801054163,0.157142857,0.08,0.770093822
CCOCCC1=C(c2ccccc2)C(N)OC1=O,436,0.635271081,0.154929577,0.05,0.759482359
CCOCCC1=C(c2ccccc2)C(N)CCC1=O,436,0.826763827,0.180555556,0.05,0.778103907
CCOCC1=C(c2ccccc2)C(N)=NC(CC)O1,436,0.884806615,0.12,0.05,0.720852625
CCOC(=O)C1=C(c2ccccc2)CCC(N)=N1,436,0.828083665,0.301587302,0.03,0.821526491
CCOC(=O)C1=C(c2ccccc2)CCC(CN)O1,436,0.843073161,0.260869565,0.03,0.776525845
CCOC(=O)C1=C(c2ccccc2)CCC(CN)=N1,436,0.841535857,0.292307692,0.07,0.808391713
CCOC(=O)C1(N)CC1c1ccc2c(c1)CCC2,436,0.827733154,0.246376812,0.02,0.748803161
CCOC(=O)C1(N)CC1c1ccc2c(c1)CCCN2,436,0.813293439,0.226666667,0.08,0.724652545
CCOC(=O)C1(N)CCc2cc(CO)ccc2N1,436,0.689485028,0.208333333,0.04,0.740723928
CCOC(=O)C1CC(c2ccc3ccccc3c2)=NC1,436,0.800888257,0.225352113,0.01,0.801807276
CCOC(=O)C1=CC(N)C(c2ccccc2CO)CC1,436,0.822841989,0.271428571,0,0.729321959
CCOC(=O)C1=C(CCN)CCC(c2ccccc2)=N1,436,0.837207942,0.279411765,0.08,0.812322896
CCOC(=O)C1(N)CCc2cc(-c3cccnc3)ccc21,436,0.87798321,0.192307692,0.18,0.786497034
CCOC(=O)C1=CC(N)C(c2ccccc2CO)=CC1,436,0.82023199,0.271428571,0.01,0.737746439
CCOC(=O)C1(N)CCc2cc(-c3ccccc3)ccc21,436,0.879841186,0.208333333,0.06,0.810421137
CCOC(=O)C1=CC(c2ccccc2)C2=CCNC2=N1,436,0.854627912,0.285714286,0.01,0.708333005
CCOC(=O)C1CNC(c2ccc3ccccc3c2)=N1,436,0.867484987,0.222222222,0.11,0.772363509
C1OC(=O)C(N)=Cc2cc(-c3ccccc3)ccc2O1,436,0.806495881,0.095890411,0.04,0.847371042
CCOC(=O)C1CC(N)=Nc2cc(-c3ccccc3)ccc21,436,0.882392581,0.202702703,0.14,0.787840531
CCOC(=O)C1CNc2cc(-c3ccccc3)ccc2O1,436,0.87935817,0.202702703,0.14,0.824258186
CCOC(=O)N1CCNc2cc(-c3ccccc3)ccc21,436,0.91191255,0.208333333,0.11,0.878093822
CCOC(=O)N1CCNc2cc(-c3ccccc3OC)ccc21,436,0.937528097,0.207792208,0.14,0.867221688
CCOC(=O)N1CCNc2cc(-c3ccccc3CN)ccc21,436,0.91318894,0.189873418,0.19,0.850665744
CCOC(=O)N1CCN=C1c1cc(-c2ccccc2)ccc1OC,436,0.863539323,0.194805195,0.04,0.860150276
CCOC(=O)N1CCN=C(c2ccccc2)c2cc(CN)ccc21,436,0.944005658,0.189873418,0.09,0.850395984
CCOC(=O)N1CCN(c2ccccc2)Cc2cc(CN)ccc21,436,0.941747795,0.210526316,0.03,0.870139573
Cc1ccc(OCCNc2cc(CO)cc3ccccc23)c(=O)[nH]1,436,0.609630035,0.119047619,0.07,0.847617611
Cc1ccc(OCCNc2cc(CO)cc3ccccc23)c(N)n1,436,0.60740388,0.094117647,0.14,0.858766775
Cc1ccc(OCCNc2nc(CN)cc3ccccc23)c(F)c1,436,0.679497584,0.107142857,0.11,0.864043029
COC(=O)C(Cc1ccc(O)cc1)NC(=O)NC12CC3CC(CC(C3)C1)C2,437,0.693734047,1,0,0.67435488
COC(=O)C(Cc1ccc(O)cc1)NC(=O)C12CC3CC(CC(C3)C1)C2,437,0.794780461,0.729166667,0,0.680766485
CC(C(=O)NCc1ccc(CO)cc1)C12CC3CC(CC(C3)C1)C2,437,0.867130692,0.333333333,0.01,0.665406909
CC(C(=O)NCc1ccc(CO)o1)C12CC3CC(CC(C3)C1)C2,437,0.876121194,0.276923077,0.01,0.630218658
CC(C(=O)NCc1ccccc1CN)C12CC3CC(CC(C3)C1)C2,437,0.86819083,0.276923077,0.02,0.65411148
CC(C(=O)NCc1ccccc1CN)C1CC2(CCCCC2)C(=O)N1,437,0.766426259,0.194805195,0.04,0.669097582
CCC(C(=O)NCc1ccccc1CN)N1CC2(CCCCC2)OC1=O,437,0.817751874,0.175,0.03,0.716243535
CCCC(CC)C(=O)NC(CC)c1nc2cc3c(cc2[nH]1)CCCC3,437,0.75718558,0.153846154,0.04,0.745605555
CCCC(CC)(CNC(=O)OC)C(=O)c1cc2ccccc2[nH]1,437,0.760929116,0.142857143,0.04,0.764502104
CCCC(CC)(CNC(=O)OC)C(=O)c1cc2ccccc2s1,437,0.751223139,0.142857143,0,0.76135571
CCCC(CC)C(=O)NC(CC)CCCc1cc2ccccc2[nH]1,437,0.617462173,0.157894737,0.02,0.765937756
CCCC(C(=O)NCc1cccnc1)C1CC2(CCCCC2)OC1CN,437,0.783730629,0.188235294,0.12,0.635586845
CCCC(C(=O)NCc1cccnc1)n1c(CC)nc2c1CCCC2,437,0.840427857,0.154761905,0.02,0.769006359
CCC1(C(=O)NCc2cccnc2)Cc2cccc(CO)c2O1,437,0.885332113,0.1625,0.01,0.760562761
CCCC(C(=O)NCc1cccnc1)n1c(CC)nc2c1CCC2,437,0.850719208,0.141176471,0.02,0.768749005
CCC1(C(=O)NCc2cccnc2)Cc2cccc(CN)c2O1,437,0.884454279,0.158536585,0.11,0.757145045
CCC1(C(=O)NCc2cccnc2)Cc2ccccc2CO1,437,0.943314614,0.171052632,0.02,0.776758629
CCC1(C(=O)NCc2cccnc2)Nc2ccccc2C1,437,0.905124268,0.171052632,0.1,0.770963356
CCC(C(=O)NCc1ccccc1-n1cncn1)C1CCNCC1,437,0.850029842,0.144578313,0.03,0.772142998
COCC(C(=O)C1CCCCC1)c1cccc2[nH]c(C)nc12,437,0.914596954,0.168831169,0.05,0.766820018
COCC(C(=O)C1CCc2ccccc2C1)c1ccn[nH]1,437,0.917554699,0.171052632,0.04,0.726095596
COCC(=O)N1c2ccccc2CCC1c1ccncn1,437,0.865745324,0.153846154,0.1,0.78781405
COCC(=O)N1CCC(c2ccnc3[nH]ccc23)CC1CN,437,0.889792456,0.170731707,0.5,0.725251644
COC(=O)C(c1cnc[nH]1)C1CCc2ccccc2C1,437,0.871671503,0.211267606,0.04,0.735738859
CNC(=O)C(c1ccncc1)C1CCc2[nH]c(C)cc2C1,437,0.908180202,0.141025641,0.14,0.706119405
COC(=O)C(c1cnc[nH]1)C1CCc2cccnc2C1,437,0.865253742,0.197368421,0.04,0.699845226
CNC(=O)C(c1ccncc1)C1CCc2[nH]ccc2C1,437,0.89559616,0.144736842,0.14,0.69955504
CNC1CCC(c2ccncc2)CC1C(=O)c1ccc[nH]1,437,0.848299785,0.16,0.07,0.699913849
COC(=O)C1CC2(CCCC2)CC1c1ccncc1C#N,437,0.782406554,0.202702703,0.18,0.660849405
COC(=O)C1CCCCC1c1ccnc2[nH]c(C)cc12,437,0.853182666,0.162162162,0.23,0.742204107
COC(=O)C1CCCCC1c1ncnc2[nH]c(C)cc12,437,0.854180297,0.148648649,0.16,0.723192771
COC(=O)C1CCCCC1c1ccnc2[nH]ccc12,437,0.842346669,0.166666667,0.36,0.754288697
COC(=O)C1CCCCC1c1ncnc2[nH]ccc12,437,0.840822843,0.166666667,0.45,0.734360305
COC(=O)C(C1CCCC1)c1ncnc2[nH]ccc12,437,0.859355849,0.217391304,0.46,0.752254904
CN(C(=O)C1CCNC1)c1ncnc2[nH]ccc12,437,0.809101388,0.146666667,0.54,0.74614949
CC(=O)c1cc(CC=C(C)C)c(O)c(CC=C(C)C)c1O,438,0.626445929,1,0.01,0.797376381
CC(=O)c1cc(CC=C(C)C)c(O)c(CC=C(C)C)c1,438,0.62738105,0.6,0.01,0.812810259
CC(=O)c1ccc(CC=C(C)C)c(CC=C(C)C)c1O,438,0.62738105,0.666666667,0.04,0.811703438
CC(C)=CCC(=O)c1ccc(O)c(CC=C(C)C)c1,438,0.625909942,0.409090909,0.03,0.816800092
CC(C)=CCC(C)(C)c1ccc(O)c(C=O)c1O,438,0.632568083,0.291666667,0.07,0.773339148
CC(C)CC=CCc1ccc(O)c(C(C)C)c1O,438,0.759718773,0.196078431,0.03,0.803987389
CC(C)=CCc1ccc(O)c(C(C)C)c1CC=O,438,0.634070386,0.361702128,0.02,0.785480978
CC(C)CC=CCc1cccc(C(C)C)c1O,438,0.731938344,0.196078431,0,0.831767816
Cc1cc(C(=O)CC(C)C)cc(CC=CC)c1O,438,0.628367396,0.269230769,0.01,0.827758542
CC=CCC(O)c1ccc(O)c(CC(C)C)c1,438,0.764275386,0.163636364,0.02,0.77929397
CC=CCc1ccc(O)c(C(C)C)c1CC=C,438,0.744947387,0.185185185,0.06,0.780942732
CC=CCc1ccc(O)c(C(C)C)c1CC=CC,438,0.740801128,0.2,0.06,0.7680076
CC=CCc1ccc(O)c(C(C)C)c1OCC,438,0.779241728,0.160714286,0.07,0.812310625
CC(C)=CCc1ccc(O)c(C(C)C)c1O,438,0.761879125,0.372093023,0.05,0.823698887
CC=C(C)c1ccc(O)c(CC(C)C)c1O,438,0.814642702,0.255319149,0.04,0.814317935
CC=C(CC(C)C)c1ccc(O)c(CC)c1,438,0.793585976,0.196078431,0.01,0.828358935
CC(C)=CCc1ccc(O)c(C(C)C)c1,438,0.737065552,0.311111111,0.02,0.858576961
CC=C(C)c1ccc(O)c(CC(C)C)c1C,438,0.800594175,0.2,0.02,0.815132587
Cc1cc(C(C)C)cc(CC(C)C)c1O,438,0.791512048,0.191489362,0.01,0.870441093
CC(C)Cc1ccc(O)c(CC=C(C)C)c1S,438,0.599688166,0.340425532,0.05,0.792171064
CCCc1ccc(CSC(C)C)c(O)c1C(C)C,438,0.771797251,0.150943396,0.03,0.817408542
CCCc1ccc(CSC(C)C)c(O)c1C(F)F,438,0.793850492,0.145454545,0.03,0.793483542
CCCc1ccc(CC=S)c(C(C)(C)C)c1O,438,0.808778212,0.196078431,0.03,0.774789525
CCCc1cc(CC=C(C)C)c(O)c(CSC)n1,438,0.785702821,0.36,0.01,0.779423927
CCSCc1ccc(CC=C(C)C)c(O)c1C(C)C,438,0.714579048,0.326530612,0.06,0.796154843
CCSCc1ccc(CC=C(C)C)c(O)c1C(F)F,438,0.734829196,0.32,0.07,0.773637196
CCSCc1ccc(CC=C(C)C)c(O)c1CC,438,0.750429582,0.4,0.08,0.797808856
CCc1ccc(C2CCCC2CC(F)F)c(O)c1,438,0.838724953,0.114754098,0.01,0.735888657
CCc1ccc(CCC(C)(C)C)c(O)c1CC,438,0.81315891,0.239130435,0.04,0.839100978
CCc1ccc(C(F)=CC(C)C)c(O)c1,438,0.797752719,0.173076923,0.01,0.816085038
CCc1ccc(C(F)=C(C)C)c(O)c1,438,0.761060043,0.1875,0.01,0.827263303
CCc1ccc(COC(C)(C)C)c(O)c1,438,0.82570376,0.16,0.01,0.866118115
CCc1ccc(COC(F)F)c(O)c1CC,438,0.840861605,0.229166667,0.03,0.809761797
CC=C(C)c1ccc(COC(F)F)c(O)c1,438,0.853384486,0.188679245,0.02,0.799576824
CC=C(C)c1ccc(COC(C)C)c(O)c1,438,0.837167272,0.215686275,0.01,0.829590062
CCc1cc(COC(F)F)c(O)cc1CC,438,0.840861605,0.1875,0.02,0.814300974
CCc1cc(COC(F)F)c(O)cc1OC,438,0.847821727,0.169811321,0.01,0.827741762
CCc1cc(COCC(F)F)ccc1OC,438,0.747433158,0.145454545,0.01,0.871266603
CCc1ccc(COCC(F)F)c(OC)c1,438,0.747433158,0.125,0.01,0.867519051
CCc1ccc(CCCC(C)C)c(OC)c1,438,0.696583489,0.107142857,0,0.912531288
CCc1ccc(COCC(C)C)c(OC)c1,438,0.733836539,0.127272727,0,0.899318002
CC(=O)Nc1ccc(S(=O)(=O)NC(CC(=O)N2CCC3(CC2)OCC3)C(C)C)cc1,439,0.679875077,0.821428571,0.02,0.728366201
CC(=O)Nc1ccc(S(=O)(=O)NC(CC(=O)N2CCC3OCC23)C(C)C)cc1,439,0.707083856,0.6,0.01,0.721846542
CC(=O)Nc1ccc(S(=O)(=O)N2CCC(C3OCCO3)CC2)c(C)c1,439,0.874781651,0.301369863,0,0.844399362
CC(=O)Nc1ccc(S(=O)(=O)N2CCC(C3OCCO3)CC2)cc1,439,0.883831594,0.384615385,0,0.861403017
CC(=O)Nc1ccc(S(=O)(=O)N2CCC(C3CCCO3)CC2)cc1,439,0.90147678,0.367647059,0.01,0.823503832
CC(=O)Nc1ccc(S(=O)(=O)N2CCC(C3CC3)CC2)cc1,439,0.925741806,0.37704918,0,0.8962619
CC(=O)Nc1ccc(S(=O)(=O)N2CCC(C(C)C)CC2)cc1,439,0.925782024,0.390625,0,0.89464749
CC(=O)Nc1ccc(N2CCC(C(=O)N3CCCC3)CC2)cc1,439,0.932149488,0.294117647,0,0.907375534
CC(=O)Nc1ccc(N2CCC(S(=O)CC(C)C)CC2)cc1,439,0.906359456,0.314285714,0,0.790469139
CC(=O)Nc1ccc(N2CCC(S(=O)CC(C)C)=N2)cc1,439,0.929697812,0.305555556,0,0.740056203
CC(=O)Nc1ccc(CNS(=O)(=O)CC2CCCCN2)cc1,439,0.733448153,0.27027027,0.05,0.813450138
CC(=O)Nc1ccc(CNS(=O)(=O)CC2CCCCN2C)cc1,439,0.824129355,0.297297297,0.02,0.811473017
CC(=O)Nc1ccc(S(=O)(=O)NCC2CCCCN2C)cc1,439,0.857788772,0.382352941,0.02,0.837642153
CC(=O)Nc1ccc(S(=O)(=O)N2CCCNCC2C)cc1,439,0.873343849,0.347826087,0.04,0.828457264
CC(=O)Nc1ccc(S(=O)(=O)N2CCCNCC2)cc1,439,0.857508979,0.348484848,0.04,0.898244735
CC(=O)Nc1ccc(CN(CC(F)F)C2=NCCC2)nc1,439,0.906757384,0.240506329,0.03,0.777896182
CC(=O)Nc1ccc(CN(CC(F)F)C2=NCCC2)cc1,439,0.907494079,0.27027027,0,0.811369715
CC(=O)Nc1ccc(CN(CC(F)F)C2=NCCCN2)cc1,439,0.875110757,0.25974026,0.07,0.807607358
CC(=O)Nc1ccc(S(=O)(=O)Cc2ncc[nH]2)cc1,439,0.883068715,0.313432836,0.06,0.860814817
CC(=O)Nc1ccc(C2=NS(=O)(=O)CCN2CCF)cc1,439,0.899465102,0.27027027,0.06,0.807158696
CC(=O)Nc1cnn(CCS(=O)(=O)c2ccc(F)cc2)c1,439,0.847577042,0.277777778,0.01,0.871841454
CC(=O)Cc1cnc(-c2ccc(S(=O)(=O)F)cc2)[nH]1,439,0.868012794,0.173333333,0.16,0.822093247
Cc1ncc(-c2ccc(S(=O)(=O)CC[NH3+])cc2)[nH]1,439,0.838942354,0.162162162,0.1,0.787402696
Cc1ncc(-c2ccc(S(C)(=O)=O)cc2)[nH]c1=NO,439,0.634825583,0.146666667,0.19,0.807908336
Cc1ncc(-c2ccc(S(C)(=O)=O)cc2)[nH]1,439,0.864218709,0.142857143,0.15,0.879798072
Cc1ncc(-c2ccc(S(C)(=O)=O)cc2)[nH]c1=O,439,0.881945535,0.136986301,0.18,0.868693629
Cc1ccc2[nH]c(-c3ccc(S(C)(=O)=O)cc3)nc2c1,439,0.78749182,0.116883117,0.12,0.894898306
CC(C)Sc1cnc(-c2ccc(S(C)(=O)=O)cc2)cn1,439,0.812476824,0.148648649,0.13,0.850959255
CC(C)S(=O)(=O)Cc1ccc(-c2ncc(F)cn2)cc1,439,0.869366517,0.150684932,0.09,0.860317856
CC(C)S(=O)Cc1ccc(-c2nc3ccncc3[nH]2)cc1,439,0.803981013,0.095238095,0.41,0.779659086
CC(C)S(=O)(=O)Cc1ccc(-c2cnccn2)cc1,439,0.860369846,0.148648649,0.21,0.869329476
CC(C)S(=N)(=O)Cc1ccc(-c2ccncc2)cc1,439,0.923760559,0.157142857,0.38,0.795848809
CC(C)C(=N)Cc1ccc(-c2ccncc2)c(F)c1,439,0.821175653,0.101265823,0.25,0.841564889
CC(C)CC(=N)Cc1ccc(-c2ccncc2)cc1,439,0.7886958,0.125,0.43,0.861218493
CCOC(=O)C(N)Cc1ccc(-c2ccncc2)cc1,439,0.845702532,0.133333333,0.33,0.856573072
COc1cc(C2c3[nH]c4ccccc4c3CC3C(=O)N(C4CC4)CC(=O)N32)ccc1OC(C)C,440,0.629709466,1,0.02,0.739971587
COc1cc(C2c3[nH]c4ccccc4c3CC3C(=O)N(C)CC(=O)N32)ccc1OC(C)C,440,0.685328765,0.808823529,0.02,0.748325938
COc1cc(C2c3[nH]c4ccccc4c3CC3C(=O)N(C)CC3N2C)ccc1OC1CC1,440,0.683631336,0.50617284,0.03,0.697426805
COc1ccc(C2c3[nH]c4ccccc4c3CC(=O)N2C(C)CN)cc1OC1CC1,440,0.657357416,0.475609756,0.08,0.72918589
COc1ccc(C2c3[nH]c4ccccc4c3CC(=O)N2C2CC2)cc1OC(C)C,440,0.692670624,0.661971831,0.02,0.785166658
COc1ccc(C2c3[nH]c4ccccc4c3CC(=O)N2C2CC2)CN(C)C1C,440,0.88996893,0.388235294,0.1,0.669388037
COc1ccc(C2c3[nH]c4ccccc4c3CC(=O)N2C2CC2)c(Cl)c1OC,440,0.707205598,0.432098765,0.05,0.77280753
COc1ccc(C2c3[nH]c4ccccc4c3CC(C(=O)NO)N2C)cc1Cl,440,0.477346614,0.43373494,0.05,0.746973175
COc1ccc(C2c3[nH]c4ccccc4c3CC(C(=O)N(C)C)C2)cc1Cl,440,0.718358562,0.360465116,0.04,0.755793013
COc1ccc(C2c3[nH]ccc3CC(C(=O)N3CCCC3)C2C)cc1Cl,440,0.875370055,0.208333333,0.03,0.706165572
COc1ccc(C2c3cc(Cl)ccc3CC(C(=O)NO)N2C)cc1OC,440,0.633908459,0.258426966,0.01,0.763187257
COc1ccc(C2c3ccc(Cl)cc3CC(C(=O)NO)N2C)cc1,440,0.662420433,0.182795699,0,0.766408138
COc1ccc(C2c3ccc(Cl)cc3CCNC(C)CN2C)cc1,440,0.893692185,0.161290323,0.02,0.724057123
COc1ccc(C2c3ccc(Cl)cc3CC(C#N)N2C)cc1,440,0.845559499,0.177777778,0.04,0.761443046
COc1ccc(C2c3cccnc3CC(Cl)N2C)cc1OC,440,0.642572735,0.277108434,0.04,0.743576296
COc1ccc(C2c3cccnc3CC(Cl)C2NC)cc1Cl,440,0.868837994,0.182795699,0.03,0.69847654
COc1ccc(C2c3cccnc3CC(Cl)C(CO)N2)cc1Cl,440,0.8335077,0.191489362,0.13,0.690493136
COc1ccc(C2NC(C(=O)NCCO)Cc3ccccc32)cc1Cl,440,0.763003516,0.223404255,0.06,0.77326666
COc1ccc(C2NC(C(=O)c3ccccn3)CC2C)cc1Cl,440,0.869059829,0.22826087,0.12,0.724645326
COc1ccc(N2CCc3c(Cl)cccc3C(CO)NC2C)cn1,440,0.893764732,0.137254902,0.11,0.711112643
COc1ccc(N2CCNC(c3ccccn3)C2CO)cc1Cl,440,0.898501675,0.20212766,0.15,0.74547949
COc1ccc(C(CN)N2CCc3ccccc3C2=O)cc1Cl,440,0.937053123,0.206521739,0.07,0.818508402
COc1ccc(C(CN)N2CCc3ccccc3C2=O)cc1N,440,0.845961563,0.208791209,0.09,0.806367337
COc1ccc(C2NCCc3ccccc3C(=O)C2CN)cc1OC,440,0.893675743,0.26744186,0.12,0.76146861
CSc1nc(N)nc(SCC(=O)C23CC4CC(CC(C4)C2)C3)c1C#N,441,0.622257991,1,0,0.658586571
CSc1nc(N)nc(SCC(=O)C23CC4CC(CC2C4)C3)c1C#N,441,0.636654149,0.784313725,0.07,0.562536941
COc1cc(N)nc(SCC(=O)C23CCCCC(C2)C3)c1C#N,441,0.833605566,0.484848485,0.03,0.692868833
COc1nc(N)nc(SCC(=O)C23CCC(CC2)C3)c1C#N,441,0.655370757,0.603448276,0.09,0.679728406
COc1cc(N)nc(SCC(=O)C23CCC(CC2)C3)c1C#N,441,0.839979684,0.507936508,0.04,0.68040781
COc1cc(N)nc(SCC(=O)N2CCC3(CC2)CC3)c1C#N,441,0.848317639,0.342857143,0.06,0.753382633
COc1cc(N)nc(C(=O)N2CCC3(CC2)CC3)c1C#N,441,0.890274718,0.242857143,0.05,0.752894134
COc1cc(N)nc(C(=O)N2CCC3(CC2)CC3C#N)n1,441,0.863452319,0.213333333,0.05,0.656769612
COc1cc(N)nc(C(=O)N2CCC3(CC2)CC3C#N)c1,441,0.887652273,0.213333333,0.1,0.684399599
CCc1cc(CN2CCC(C(=O)OC)CC2)nc(N)c1C#N,441,0.846980084,0.260273973,0.02,0.832232139
CCc1cc(CN2CCC(C(=O)OC)CC2)nc(N)n1,441,0.827692061,0.197183099,0.04,0.851027702
CCCc1cnc(N)nc1CN1CCC(COC)CC1,441,0.860325472,0.144736842,0.09,0.828357174
CCCc1cnc(N)nc1CN1CCC(OCCO)CC1,441,0.779768504,0.141025641,0.1,0.815642418
COCC1CCN(Cc2cnc(N)nc2C(=O)OC)C1,441,0.776256027,0.186666667,0.07,0.778683801
CCCc1cnc(N)nc1N1CCC(CC(=O)O)CC1,441,0.851343066,0.175675676,0.11,0.842825779
COCCCc1cnc(N)nc1N1CCC(C)(C)CC1,441,0.837007746,0.133333333,0.1,0.82473924
COCCCc1cnc(N)c(CN2CCC(O)CC2)c1,441,0.765641612,0.113924051,0.18,0.850885919
CCCCCc1cnc(N)c(CN2CCC(OC)CC2)c1,441,0.784644434,0.1,0.16,0.855951136
CCCCCc1cnc(N)c(CN2CCC(C)CC2)c1,441,0.80614166,0.103896104,0.11,0.868423301
CCCCNc1ncc(Br)c(N2CCC(OC)CC2)n1,441,0.804808964,0.086419753,0.14,0.83574044
CCCCNc1ncc(Br)c(N2CCC(N)CC2)n1,441,0.812561692,0.116883117,0.21,0.832032169
CCCCNc1ncc(Br)c(N2CCC(N)C2)n1,441,0.813723605,0.113924051,0.2,0.779897744
COCCCc1cnc(N)nc1N1CCC(C)C1,441,0.801968361,0.12987013,0.11,0.791874818
CCCCNc1ncc(Br)c2nc(C)[nH]c12,441,0.84685056,0.08,0.15,0.808353759
CCCCNc1ncc(Br)c2nc(N)[nH]c12,441,0.753593493,0.093333333,0.23,0.802932221
Nc1ncc(CC2CC2)c2nc(N)oc12,441,0.769763725,0.115942029,0.17,0.765175807
NCCCc1cnc(N)c2nc(C3CC3)oc12,441,0.834541023,0.108108108,0.24,0.785495059
Nc1ncc(CCC2CC2)c2nc(Br)[nH]c12,441,0.908370613,0.109589041,0.21,0.770241281
Nc1cncc(OC2CCc3cc[nH]c32)c1N,441,0.73114319,0.093333333,0.16,0.696285179
Nc1ncc(Br)c(N2CCc3ccccc3C2)n1,441,0.878706953,0.095890411,0.07,0.851117122
Nc1ncc(-c2cnc3c(c2)NCC3CC2CC2)[nH]1,441,0.786256149,0.08974359,0.38,0.699524275
Nc1cncc(-c2ncc3c(n2)NC2CCC3C2)c1,441,0.814221886,0.118421053,0.34,0.61512743
Nc1cncc(-c2ncc3c(n2)NCC3CC2CC2)c1,441,0.892775088,0.115384615,0.48,0.720263244
Nc1ncc(Br)cc1-n1cnc2cc(CC3CC3)ncc21,441,0.792625902,0.0875,0.14,0.783957803
Nc1cnccc1-c1ncc2c(n1)NC(CC1CC1)C=C2,441,0.903021411,0.125,0.24,0.684637757
Nc1ccc(Br)cc1-n1cnc2cc(CC3CC3)[nH]c21,441,0.719869798,0.101265823,0.19,0.780237876
Nc1ccc(Br)cc1-n1cnc(CC2CC2)c1-c1cn[nH]c1,441,0.700751252,0.094117647,0.29,0.767481043
Nc1cnc(-c2ccc(Br)c(F)c2)nc1NC1CC2CCC1C2,441,0.84053994,0.107142857,0.23,0.64223483
Cc1cnc(-c2ccc(Br)c(N)c2)nc1NC1CC2CCC1C2,441,0.783289307,0.134146341,0.21,0.644259771
Nc1ncc(-c2ccc(Br)c(F)c2)nc1NC1CC2CCC1C2,441,0.84053994,0.107142857,0.4,0.64092737
COC(=O)c1scc(C)c1NC(=O)CC1NCCNC1=O,442,0.69319469,1,0,0.751425434
COC(=O)c1ccc(C)cc1NC(=O)CC1NCCNC1,442,0.710701083,0.338235294,0.03,0.800893914
COC(=O)c1ccc(C)cc1NC(=O)CC1NCCNC1=O,442,0.690518185,0.559322034,0.02,0.804539
COC(=O)c1cccc(C)c1NC(=O)CC1NCCNC1=O,442,0.690518185,0.672727273,0.01,0.798876957
COC(=O)c1cccc(C)c1NC(=O)CC1NCCSC1,442,0.830540686,0.409090909,0.04,0.791583875
COC(=O)c1cccc(C)c1NC(=O)CC1NCCS1,442,0.828512155,0.421875,0.01,0.766457153
COC(=O)c1cccc(C)c1NC(=O)C1CSCCN1,442,0.825465898,0.328358209,0.02,0.796177757
COC(=O)c1cc(C)cc(OC)c1NCC1CSCCN1,442,0.810298141,0.273972603,0.06,0.759349194
COC(=O)c1cc(C)cc(OCCCC2CSCCN2)c1N,442,0.474801189,0.246753247,0.1,0.761178426
COC(=O)c1cc(C)cc(OCC2CCCNC2=S)c1N,442,0.503820787,0.253333333,0.11,0.745164161
COC(=O)c1cc(C)cc(OCCCC(=O)N2CCSC2)n1,442,0.587640562,0.189873418,0.04,0.819785274
CCOC(=O)c1cc(C)cc(OCCCC(=O)N2CCSC2)n1,442,0.561007807,0.144578313,0.03,0.821879407
CN(C)C(=O)c1cc(O)cc(C(C)CNC2CSCN2)c1,442,0.76736545,0.1625,0.06,0.680041102
CN(C)C(=O)c1cc(O)cc(OCCNC(=O)C2CSCN2)c1,442,0.643896041,0.185185185,0.03,0.768453787
CN(C)C(=O)c1cc(O)cc(CNC2CCCNC2=S)c1,442,0.731110301,0.164556962,0.01,0.753003418
CN(C(=O)CNc1cc(C)ccc1O)C1CCCNC(=O)C1,442,0.731086721,0.1875,0.03,0.783418697
CN(C)C(=O)c1cc(C)cc(OCCCN2CCNC2=S)c1,442,0.637585766,0.17721519,0.03,0.83466997
CN(C(=O)CNc1cc(C)ccc1O)C1CCCNC1=S,442,0.583009193,0.175,0,0.749089094
CN(C(=O)CNc1cc(C)ccc1C(=O)[O-])C1CCCNC1,442,0.798549714,0.160493827,0.05,0.75157784
CN(C)C(=O)c1cc(C)cc(C(=O)N2CCCNC2)c1,442,0.878805166,0.135135135,0.01,0.841486528
CN(Cc1cc(C(=O)O)ccc1O)C(=O)CNC1CSC1,442,0.718402244,0.141025641,0,0.828647695
CN(C(=O)CNc1ccccc1C(=O)[O-])C1CCCNC1,442,0.775696654,0.151898734,0.04,0.76129939
CN(Cc1ccccc1C(=O)[O-])C(=O)CN1CCNCC1,442,0.745926099,0.131578947,0.01,0.825004135
CN(Cc1ccccc1C(=O)[O-])C(=O)CN1CCNC1,442,0.736417551,0.128205128,0.01,0.798713691
CN(Cc1ccccc1C(=O)[O-])C(=S)N1CCOC1,442,0.729195108,0.1,0,0.758093481
CC(=O)c1cc(C)ccc1N(C)CC(=O)N1CCNC1,442,0.833752854,0.141025641,0.02,0.817906947
CC(=O)c1cc(C)ccc1N(C)CC(=O)N1CCCN1,442,0.843317343,0.155844156,0.03,0.799301912
CC(=O)c1cc(C)ccc1N(C)CN1CCCNCC1,442,0.851263241,0.141025641,0.01,0.825496108
CC(=O)c1cc(C)ccc1N(C)CN1CCCNC1,442,0.839042365,0.141025641,0.02,0.803817429
CC(=O)c1cc(C)ccc1N(C)CN1CCNCC1,442,0.833200483,0.148648649,0.01,0.825209011
CCOC(=O)c1cc(C)ccc1NCN1CCCCN1,442,0.807662039,0.181818182,0.01,0.816910481
CCOC(=O)c1cc(C)ccc1NCN1CCNCC1,442,0.797845573,0.189189189,0.01,0.858217363
CN(C)C(=O)CNCc1cc(C)ccc1N1CC1,442,0.788275057,0.150684932,0,0.881051557
CN(C)C(=O)CNc1cc(C)ccc1N1CCNC1,442,0.844838312,0.155844156,0.01,0.83206097
CN(C)C(=O)c1cc(C)ccc1OCN1CCNC1,442,0.876273645,0.171052632,0.03,0.834584047
CN(C)C(=O)CN1CNC(NCc2ccco2)CC1,442,0.787592855,0.148148148,0,0.733458038
Oc1nc(O)c(C=Nc2ccc(F)c(Cl)c2)c(O)n1,443,0.733407449,1,0.01,0.762250052
Oc1cc(O)c(C=Nc2ccc(F)c(Cl)c2)c(O)n1,443,0.739339496,0.731707317,0.04,0.772726679
OCCC(O)C1(C=Nc2cccc(F)c2Cl)CCCCN1,443,0.73142078,0.171428571,0.05,0.644018857
CC(O)C(=O)Nc1cc2cccc(F)c2nc1O,443,0.751967864,0.2,0.02,0.778034383
CC(O)C(O)CC(C)N=Cc1cccc(F)c1[O-],443,0.764374398,0.163934426,0,0.625747069
CC(O)CC(O)C1(C=Nc2cccc(F)c2Cl)CC1,443,0.816966163,0.209677419,0,0.656441166
CC(O)CC(O)C1(C)C=Nc2cccc(F)c2[N-]1,443,0.865984411,0.140625,0.04,0.567423489
CC(O)CC(O)C1(C)C=Nc2cccc(F)c2N1,443,0.768792865,0.123076923,0.06,0.621044211
CC(O)CC(C)C1(C=Nc2cccc(F)c2Cl)CC1,443,0.79983832,0.209677419,0,0.659739205
CC(O)CC(C)CC1(C)C=Nc2cccc(F)c2[N+]1=O,443,0.857426738,0.117647059,0.01,0.596711238
CC(O)CC(C)CCC1(C)Nc2cccc(F)c2[N+]1=O,443,0.811273109,0.115942029,0.01,0.62021893
CC(O)CC(C)CC1(C)Nc2cccc(F)c2N1C,443,0.878170222,0.104477612,0.02,0.658890712
CCOC(=O)CC(C)C1(C)C=Nc2cccc(F)c21,443,0.780938715,0.117647059,0.01,0.696723409
CCOC(=O)CC(C)C1(C)Nc2cccc(F)c2N1C,443,0.860903522,0.112676056,0.02,0.700703237
CCOC(=O)CC(N)C1(C)Nc2cccc(F)c2N1C,443,0.821980657,0.095890411,0.02,0.694226884
CCOC(=O)CC(N)C1=Cc2cccc(F)c2NC1C,443,0.829502436,0.095890411,0.08,0.688884936
CCOC(=O)CC1(C)Nc2cccc(F)c2N=C1C,443,0.853543082,0.117647059,0.01,0.7225481
CCOC(=O)CC1(C)Sc2cccc(F)c2N=C1C,443,0.792250636,0.117647059,0.01,0.716061413
CCOC(=O)CC1(C)Sc2cccc(F)c2N=N1,443,0.785539715,0.117647059,0.01,0.694621466
CCOC(=O)CC1(C)Nc2cccc(F)c2N=N1,443,0.83973297,0.134328358,0,0.700350082
CC(C)CC(O)CC1(C)C=Nc2cccc(F)c21,443,0.868514214,0.126984127,0.03,0.682114221
CC(C)NC(CCCO)c1cc(F)cc(F)c1O,443,0.735345846,0.15,0.01,0.771710338
CC(C)CC(C)(O)CC1NCCc2cccc(F)c21,443,0.875945084,0.101449275,0.04,0.714069859
CC(C)CC(C)(O)c1cnnc2cccc(F)c12,443,0.907744213,0.125,0.02,0.741410835
CC(C)CC(N)c1cc2cnccc2cc1F,443,0.880218682,0.15,0.22,0.797468438
CC(C)CC(CCO)NCc1cncc(F)c1Cl,443,0.803623118,0.140625,0.05,0.755402672
CC(C)CC(CCCN)NCc1cncc(F)c1O,443,0.67613429,0.138461538,0.15,0.748894253
CC(C)CC(CCCN)NCc1cncc(F)c1Cl,443,0.772287487,0.121212121,0.14,0.755454313
O=C(c1ccc(COc2ccc(Br)cc2)o1)N1N=C(C(F)F)CC1(O)C(F)F,444,0.654142746,1,0,0.735322486
O=C(c1ccc(COc2ccc(Br)cc2)o1)N1N=CCC1(O)C(F)F,444,0.812622369,0.704918033,0.01,0.732917165
O=C(c1ccc(COc2ccccc2)o1)N1N=CCC1(O)C(F)F,444,0.910702768,0.569230769,0.01,0.742166502
O=C(c1ccc(COc2ccccc2)o1)N1N=CC1(O)C(F)F,444,0.915983791,0.523076923,0,0.742757396
O=C(OCc1ccc(CO)cc1)N1N=CCC1(O)C(F)(F)F,444,0.889481061,0.236842105,0.03,0.752594927
O=C(OCc1ccc(CO)cc1)N1N=CCC1(O)C(F)F,444,0.881678028,0.323943662,0.02,0.733940023
O=C(O)N1N=CC(O)CC1c1ccc(COC(F)F)cc1,444,0.892711409,0.217948718,0.02,0.682148264
O=C(O)N1N=CC(O)(C(F)F)C1c1ccc(CO)cc1,444,0.777869013,0.226666667,0.01,0.669799533
O=C(O)N1N=CC1(O)c1ccc(COC(F)F)cc1Cl,444,0.893152563,0.25974026,0,0.689160867
O=C(O)N1N=CC1(O)COc1ccc(C(F)F)cc1,444,0.87302258,0.3,0.01,0.70860165
CC1(O)CC1C(=O)ON=Cc1ccc(C(F)F)nc1,444,0.512909469,0.2125,0.05,0.674585058
CC1(C(F)F)CC1C(=O)Oc1ccc(COCl)cc1,444,0.614342179,0.273972603,0.01,0.694610983
CC1(C(F)F)CC1C(=O)ON=Cc1ccc(O)cc1,444,0.518903493,0.17721519,0,0.684647078
CC1(C(F)F)N=NN1C(=O)Oc1ccc(CCO)cc1,444,0.922513643,0.27027027,0.02,0.718859535
O=C(NOc1ccccc1O)C1C=CC1(O)C(F)F,444,0.563276134,0.164556962,0.03,0.650280214
O=C(N)N1N=CC=C1COc1ccc(C(F)(F)F)nc1,444,0.93220011,0.220779221,0.06,0.802191703
O=C(N)c1ccccc1OCC1CCC1(O)C(F)(F)F,444,0.888399198,0.160493827,0.08,0.738090132
O=C(N)N1N=CC=CC1(O)c1ccc(OCC(F)F)cc1,444,0.880415564,0.263157895,0.09,0.704020925
O=C(N)c1ccc(O)cc1OCc1ccc(C(F)F)nc1,444,0.886325337,0.236842105,0.04,0.84765737
O=C(Cl)c1ccc(O)cc1OCc1ccc(C(F)F)nc1,444,0.855379214,0.236842105,0.05,0.831975937
CC(F)c1ccc(OCc2ncccc2C(=O)O)cc1,444,0.908229817,0.243243243,0.03,0.818750559
C=C(C)c1ccc(O)cc1OCc1ccc(C)nc1,444,0.905204335,0.153846154,0.08,0.860802335
C=C(C)c1ccc(O)cc1OCc1ccc(N)nc1,444,0.881991122,0.151898734,0.06,0.850552407
C=C(C)c1ccc(O)c(OCc2ccc(N)cc2)n1,444,0.825067733,0.141025641,0.1,0.83391293
C=C(C)c1ccc(OCc2ccc(O)cc2)c(N)n1,444,0.881991122,0.142857143,0.13,0.85718724
C=C(C)c1ccc(OCc2ccc(C#N)cc2)nc1,444,0.832955369,0.153846154,0.07,0.870158379
C=C(C)c1ccc(OCc2ccc(C#N)cc2)nc1N,444,0.92128442,0.148148148,0.08,0.846571383
C=C(C)c1ccc(OCc2ccc(C#N)cc2)c(N)n1,444,0.92128442,0.148148148,0.09,0.849382921
C=C(C)c1ccc(OCc2ccc(C#N)cc2F)nc1,444,0.848837931,0.129411765,0.06,0.848046108
C=C(F)c1ccc(OCc2ccc(C#N)cc2F)nc1,444,0.853653298,0.130952381,0.04,0.828041438
C=C(C)c1ccc(OCc2cccnc2)c(C(N)C#N)n1,444,0.909534204,0.123595506,0.12,0.746521293
C=C(C)c1ccc(OCc2cccnc2)c(C(N)C#N)c1,444,0.911729378,0.122222222,0.14,0.772686352
COc1ccccc1CNC(=O)C1CCC(CN=C2C(=O)C(=O)C2N2CCC(C)CC2)C1,445,0.659500125,0.904761905,0,0.702835089
COc1ccccc1CNC1CCC(CN=C2C(=O)C(=O)C2N2CCC(C)CC2)CC1,445,0.680193084,0.753846154,0.04,0.75421275
COc1ccccc1CNC(=O)C1CCC(N=C2C(=O)C(=O)C2N2CCCCC2)CC1,445,0.706970198,0.666666667,0,0.764451816
COc1ccccc1CNC(=O)C1CCC(N=C2C(=O)C(=O)N2C2CCCCC2)CC1,445,0.719807562,0.461538462,0.01,0.805899819
COc1ccccc1CNC(=O)C1CCC(CN=C2C(=O)C(N3CCCCC3)CN2)C1,445,0.698173147,0.544303797,0.03,0.684734633
COc1ccccc1CNC(=O)C1CCC(N=C2C(=O)C(N3CCCCC3)CN2)CC1,445,0.729382922,0.493670886,0.02,0.741157538
COc1ccccc1CNC(=O)C1CCC(N=C2C(=O)CNC2N2CCCCC2)CC1,445,0.729382922,0.5,0.02,0.737819589
COc1ccccc1CNC(=O)C1CCC(N=C2C(=O)C(OC)=CN2C)CC1,445,0.812573888,0.506849315,0.01,0.786290626
COc1ccccc1CNC(=O)C1CCC(CNC(=O)C2CCC(C)CC2)CC1,445,0.725221898,0.59375,0,0.871606441
COc1ccccc1CNC(=O)C1CCC(CNC(C)=O)(N2CCCCC2)CC1,445,0.737075085,0.441558442,0,0.837563068
COc1ccccc1CNC(=O)C1CCC(NC(C)=O)(N2CCCCC2)CC1,445,0.787452801,0.447368421,0,0.814390187
COc1ccccc1CNC(=O)C1CCC(CNC2CCC(OC)CC2)CC1,445,0.713427684,0.486111111,0,0.859281213
COc1ccccc1CNC1CCC(NC(=O)C2(N)CCCCC2)CC1,445,0.729891317,0.3125,0.04,0.852372792
COc1ccccc1CNC1CCC(NC(=O)C2CCC(C)CC2)CC1,445,0.806836021,0.457142857,0,0.876439664
COc1ccccc1CNC1CCC(N2CCCCCC2=O)(C(N)=O)C1,445,0.813138334,0.32183908,0.03,0.744649286
COc1ccccc1CNC1CCC(N2CCCCC2=O)(C(N)=O)C1,445,0.819604176,0.325581395,0.03,0.743989737
COc1ccccc1CNC1CCC(N2CCCCC2=O)(CC)CC1,445,0.851125678,0.313253012,0,0.826311401
COc1ccccc1CNC1CCC(N2CCCCC2=O)CC1,445,0.907340258,0.333333333,0.01,0.87891196
COc1ccccc1CNC1CCC(N2CCC(=O)CC2)CC1,445,0.906806468,0.364864865,0.01,0.868107827
COc1ccccc1CNC1CCN(C2CCC(N)CC2)C1=O,445,0.866491474,0.333333333,0.08,0.806201689
COc1ccccc1CNC1CCC(N2CCC(N)CC2)C(=O)C1,445,0.85946604,0.358974359,0.11,0.760951242
COc1ccccc1CNC(=O)C1CCC(N2CCC(N)CC2)CC1,445,0.859163567,0.544117647,0.07,0.872363324
COc1ccccc1CNC(=O)C1(N2CCC(N)CC2)CCCCC1,445,0.860040435,0.371794872,0.07,0.832251572
COc1ccccc1CNC1CCC(N2CCC(N)CC2)C(=O)CC1,445,0.800041693,0.35443038,0.14,0.768523088
CC(C)OP(=O)(OC(C)C)C(Nc1ccccc1)c1cccnc1,446,0.661504716,1,0.01,0.780316782
CC(C)OP(=O)(C(C)C)C(Nc1ccccc1)c1cccnc1,446,0.698692306,0.790697674,0.1,0.734806574
CC(C)OC(C(C)C)C(Nc1ccccc1)c1cccnc1,446,0.805275273,0.530612245,0.08,0.762252475
CC(C)C(Nc1cccnc1)c1cccnc1NC(C)C,446,0.837966324,0.345454545,0.08,0.781396652
CC(C)C(Nc1cccnc1)c1cccnc1C(C)C,446,0.873348517,0.333333333,0.04,0.785428307
CC(C)C(Nc1cccnc1)c1cccnc1OC(C)C,446,0.868653309,0.357142857,0.12,0.784104344
CC(N)C(Nc1cccnc1)c1ccccc1C(C)C,446,0.869735565,0.358490566,0.05,0.766369487
CC(N)C(Nc1ccccc1)c1cccnc1N(C)C,446,0.876736587,0.298245614,0.04,0.763333223
CC(N)C(NC(C)C)c1cccnc1-c1cccs1,446,0.880774061,0.169230769,0.11,0.732984261
CCC(NC(C)C)c1cccnc1NC(C)c1cccs1,446,0.773666007,0.176470588,0.03,0.745673877
CCC(NC(C)C)c1ccccc1NC(C)c1cccs1,446,0.718152102,0.151515152,0.02,0.768646237
CC(O)C(NC(C)C)c1ccccc1-c1ccsc1,446,0.868794625,0.158730159,0.05,0.750943912
CC(C)C(NC(C)C)c1ccccc1-c1ccsc1,446,0.797883001,0.163934426,0.08,0.790625006
CC(C)NC(CCN(C)C)c1ccccc1-c1ccsc1,446,0.814947326,0.147058824,0.1,0.787837069
CC(C)NC(CCN(C)C)c1ccccc1-c1cc[nH]c1,446,0.812961323,0.130434783,0.12,0.764135635
CC(C)Nc1ncncc1C(C)NC(C)c1cccs1,446,0.850002715,0.203125,0.1,0.733235146
CC(C)C(NC(C)C)c1cnc(-c2ccccc2)[nH]1,446,0.855653713,0.206896552,0.22,0.783712379
CC(C)C(Nc1ncncc1-c1ccccc1)CCN,446,0.846808152,0.222222222,0.26,0.794903437
CC(C)C(Nc1ncncc1C)c1ccccc1,446,0.888446825,0.290909091,0.09,0.821440127
CC(C)C(NC1=NC=NC1C)c1ccccc1,446,0.849789782,0.254545455,0.05,0.712361982
CN(C)c1ccccc1NC(C)c1ncncc1,446,0.894669212,0.216666667,0.17,0.810209056
CN(C)c1ccccc1NC(C)c1ncn[nH]1,446,0.845147795,0.177419355,0.05,0.78881865
CC(C)(Nc1ncncc1-c1ccsc1)CCN,446,0.869351785,0.130434783,0.36,0.78735545
CC(C)(Nc1ncncc1-c1ccsc1)NN,446,0.437572377,0.134328358,0.28,0.753586085
CC(C)NC(C#N)c1ccncc1-c1ccsc1,446,0.913146358,0.2,0.26,0.736998196
CC(C)Nc1c(C)cncc1-c1ncn[nH]1,446,0.824762827,0.161290323,0.2,0.786420084
CC(C)Nc1ncncc1-c1ccncc1,446,0.851715244,0.236363636,0.3,0.855314718
CC(C)Nc1ncncc1-c1ccnc(CN)c1,446,0.856136338,0.203125,0.35,0.827989236
CC(C)Nc1cnccc1-c1ccnc(CCN)c1,446,0.862251127,0.2,0.32,0.838723337
CC(C)Nc1cnccc1-c1cc(-c2ccncc2)[nH]n1,446,0.768235244,0.209677419,0.44,0.828423456
CC(C)Nc1cnccc1-c1cc(-c2ccncc2)n[nH]1,446,0.768235244,0.206349206,0.45,0.830160657
CC1C(=O)CCCCCCCCCC2=S(O)(O)=CCCC21N1CCOCC1,447,0.64323913,0.615384615,0.03,0.588036705
CC1C(=O)CCCCCCCCC=C2S(O)(O)C=CC21N1CCOCC1,447,0.6945688,0.592592593,0.01,0.592283341
CC1C=CCCCCCCCCC2=S(O)(O)=CCC2C1N1CCOCC1,447,0.506278955,0.35483871,0.01,0.567625614
CC1CCCCCCCCCC2=CS(O)(O)C=CC2=CCN1O,447,0.530262958,0.215384615,0.01,0.621310888
CC1CCCCCCCCCCC2=CS(O)(O)C=CC2N1OCCO,447,0.645735877,0.220588235,0.03,0.588990973
CC1CCCCCCCCCCC2=S(O)(O)=CCCC2N1OCCO,447,0.637584505,0.227272727,0.02,0.581929218
CC1CCCCCCCCCCC2C=CCS(O)(O)C2=NC1O,447,0.529862796,0.171875,0.03,0.578960711
CC1CCCCCCCCCCC2C=CCS(O)(O)CCCC12O,447,0.466399586,0.171875,0,0.599150937
CC1CCCCCCCCCCC2C=CCS(O)(O)C2=CC1O,447,0.493457809,0.174603175,0.01,0.590413965
CC1(O)CCCCCCCCCC=C2C(=O)OSC2n2cccc21,447,0.680318812,0.197183099,0.04,0.602996794
CC1CCCCCCCCCC(O)(O)c2ccc(s2)C1=C=O,447,0.554044995,0.164179104,0.04,0.58277997
CC1CCCCCCCCCC=CC2=C(SOOO)CCCC2C1O,447,0.352364965,0.152777778,0.05,0.617575548
CC1CCCC(N2CCCCCC2)C1=C1C=CC(O)CC1O,447,0.782429153,0.164179104,0.02,0.649054156
CC1CCCC(N2CCCCCC2)C1=CC=C1C=COS1(O)O,447,0.73720252,0.208955224,0.06,0.604186716
CC1CC(N2CCCCCC2)=C2C=CC=C(O)C2=CCC1O,447,0.83308905,0.161764706,0.02,0.69193223
CC1CC(N2CCCCCC2)c2ccc(O)c(OP=O)c2O1,447,0.849923636,0.183098592,0.1,0.688917334
CC1CC(N2CCCCCC2)=C2C=CC=C(O)C2=C1OCCO,447,0.884276921,0.152777778,0.06,0.72138374
CC1CC(NCCC2CCCCC2)=c2ccc(O)cc2=C1O,447,0.801346035,0.125,0.02,0.72484688
CC1CC(NCCC2CCCCC2)=C2C=CC=C(O)C2=C1O,447,0.801346035,0.125,0.02,0.725301337
CC1C=CCCCCCCCCCC1=C1C=CC=C(O)C1=C=O,447,0.740614509,0.2,0.04,0.665601037
CC1C=CCCCCCCCCC1=C1C=CC=C(O)C1=C=O,447,0.745648203,0.2,0.04,0.661026393
CN(CCC1CCCCC1)c1ccc(O)c2ccccc12,447,0.857639346,0.117647059,0.01,0.872651199
CN(CCC1CCCCC1)C1C=Cc2ccc(O)c(O)c2C1,447,0.827959174,0.108108108,0.01,0.730852497
CN(CCC1CCCCC1)c1ccc(O)c(P(=O)(O)O)c1,447,0.728084403,0.126760563,0.04,0.80644172
CN(CCC1CCCCC1)c1ccc(O)c(N)c1SCCO,447,0.406937371,0.105263158,0.04,0.794602643
CN(CCC1CCCCC1)c1ccc(O)c(N)c1SCCCCO,447,0.268248451,0.101265823,0.04,0.798914781
CC1(C(=O)O)CCCCCC1NC1CCCc2ccc(O)cc21,447,0.742036822,0.162162162,0.02,0.715355148
CC1C=Cc2ccc(O)cc2CC1N(C)CC1CCCCC1,447,0.889334516,0.125,0.01,0.722223073
CC1C=Cc2ccc(O)cc2CC1N(C)CC1CCOCC1,447,0.929342926,0.152777778,0.02,0.706079239
C=C1CN(c2ccc(O)cc2)CC1NCCC1CCCCC1,447,0.814014205,0.126760563,0.03,0.764788436
CC1CN(CC2CCCC2)CC1c1ccc(O)cc1OCCO,447,0.846218559,0.116883117,0.08,0.750735667
CC1C=Cc2ccc(O)c(N)c2C1CC1CCCCC1,447,0.605131876,0.128571429,0.08,0.70536632
CC1CC(CC2CCCCC2)C(O)=C1c1ccc(O)cc1,447,0.792458677,0.136363636,0.09,0.734913251
COc1ccc2cc(N)ccc2c1CC1CCCCC1O,447,0.848294026,0.093333333,0.05,0.778424789
COc1ccc2cc(O)ccc2c1NC1CCCCCCC1,447,0.830202457,0.115942029,0.02,0.872925263
COc1ccc2cc(O)ccc2c1C1CCCCCCCC1,447,0.762047744,0.119402985,0.01,0.837170167
COc1ccc2cc(O)ccc2c1C1CCCCCCC1,447,0.801661542,0.119402985,0.01,0.88462043
COc1ccc2cc(O)ccc2c1N1CCCCCCC1,447,0.891381926,0.136363636,0.01,0.884802776
COc1ccc2cc(O)ccc2c1N1CCCCCC1,447,0.897816153,0.136363636,0.01,0.885703668
COc1ccc2cc(O)ccc2c1N1CCCCC1,447,0.892759108,0.136363636,0.01,0.886323016
COc1ccc2c(c1N1CCCCC1)CCCC2O,447,0.887829878,0.166666667,0.01,0.802320359
Cc1ccc2c(c1)C(N1CCCCC1)CC2OCCO,447,0.916691274,0.142857143,0,0.754059019
Cc1ccc2c(c1)C(N1CCCC1)CC2OCCO,447,0.903964033,0.128571429,0,0.751501564
Cc1ccc2c(c1)C(N1CCCC1)C(O)CCC2,447,0.76907562,0.15625,0,0.78564403
Cc1ccc2c(c1)N(C1CCCCC1)CC2O,447,0.802097986,0.140625,0.05,0.800945462
Cc1ccc2c(c1)C(N1CCCCC1)C(O)CC2,447,0.82213598,0.174603175,0,0.783363556
S=C1Cc2ccccc2C(c2ccc(Cl)cc2)N1,448,0.791084265,1,0.01,0.799712508
C=C1Cc2ccccc2C(c2ccc(Cl)cc2)N1,448,0.809422828,0.675675676,0.01,0.795811916
C=C1CN(C)c2ccccc2-c2ccc(Cl)cc2N1,448,0.764091223,0.192982456,0.07,0.828662368
C=C1CN(C)c2ccccc2C(c2ccc(Cl)cc2)N1,448,0.851945808,0.425531915,0.02,0.779900198
C=C1NC(C)c2ccccc2C1c1ccc(Cl)cc1,448,0.794584455,0.377777778,0.08,0.758789867
C=CC1NCC(=S)NC1c1ccc2ccccc2c1,448,0.646646604,0.259259259,0.06,0.693722543
C=CC(O)C1CCc2c(-c3ccc(Cl)cc3)cccc2N1,448,0.829157691,0.216666667,0.12,0.747225046
C=CC(C1CCc2ccccc2N1)c1ccc(Cl)nc1,448,0.666030734,0.213114754,0.13,0.7181126
C=C1NCC(c2ccc(Cl)cc2)c2ccccc2C1CCN,448,0.898005294,0.346153846,0.06,0.736556162
C=C1NCC(C)NCC1c1ccc(-c2ccccc2)cc1,448,0.877857917,0.185185185,0.17,0.755233553
C=C1NCC(c2ccc(Cl)cc2)C1CCOc1ccccc1,448,0.868939908,0.267857143,0.05,0.76192055
CN1C(=S)NCC(c2ccc(Cl)cc2)C1c1ccccc1,448,0.843551145,0.346938776,0,0.763678379
CN1C(=S)NCC(c2ccc(Cl)cc2)C1c1ccccc1O,448,0.822165172,0.365384615,0.02,0.749516991
CC1=CC(c2ccc(Cl)cc2)c2ccccc2C(=S)OC1,448,0.533223009,0.352941176,0.02,0.754185752
CN1C=CC(c2ccc(Cl)cc2)C(c2ccccc2)C(O)N1,448,0.89045167,0.294117647,0.08,0.709660581
CN1C(=S)NCC(c2ccc(Cl)cc2)C1COc1ccccc1,448,0.853248629,0.303571429,0.01,0.75351329
CC1C=C(c2ccc(Cl)cc2)c2ccccc2OCC(O)NC1,448,0.837749431,0.213114754,0.06,0.67784364
CC1CNC(c2ccc(Cl)cc2)c2ccccc2CCOC1=S,448,0.765706894,0.46,0.02,0.695937813
CC1=NC(c2ccc(Cl)cc2)c2ccccc2CC1OCCO,448,0.926023952,0.315789474,0.03,0.742175761
CC1=NC(c2ccc(Cl)cc2)c2ccccc2CCC1CON,448,0.851722053,0.315789474,0.05,0.733576926
CC1NCC(c2ccc(Cl)cc2)c2ccccc2C1OCCO,448,0.900449622,0.303571429,0.02,0.724415955
CN1CCC(c2ccc(Cl)cc2)c2ccccc2C1CON,448,0.876703231,0.290909091,0.03,0.751614281
CN1CCC(c2ccc(Cl)cc2)c2cccnc2C1CCO,448,0.939151314,0.245901639,0.01,0.744479239
CC1CNC(c2ccc(Cl)cc2)c2ccccc2CCCCO1,448,0.81404269,0.411764706,0.01,0.737003731
CC1CNC(c2ccc(Cl)cc2)c2ccccc2CCCCCO1,448,0.772660213,0.403846154,0.01,0.736546102
CN1CCC(c2ccc(Cl)cc2)c2cccnc2C1CCN,448,0.940821725,0.245901639,0.09,0.738880948
CC1CNc2ncc(-c3cc(Cl)ccc3C3CCC3)cc2CO1,448,0.841935922,0.179104478,0.23,0.752709381
CN1CCc2ncc(-c3cc(Cl)ccc3C3CC3)cc2C1N,448,0.918393743,0.153846154,0.16,0.751532024
CC(C)CN1CCc2ncccc2C(c2ccc(Cl)cc2)NC1,448,0.925714353,0.283333333,0.1,0.774322901
CC1(C)CCC(c2ccc(Cl)cc2)c2cccnc2C1CCN,448,0.794129584,0.245901639,0.14,0.731036374
CN1CCc2ncccc2C(c2ccc(Cl)cc2)C1CCCCN,448,0.838270309,0.234375,0.07,0.742445333
CC(C)CN1CCc2ncccc2C(N)C1c1ccc(Cl)cc1,448,0.925388565,0.245901639,0.05,0.749534362
CN1CCC(c2ccc(Cl)cc2)c2cccnc2C1CCCCN,448,0.819391123,0.234375,0.09,0.744169525
CN1CCC(c2ccc(Cl)cc2CCN)c2cccnc2CC1,448,0.939565052,0.194029851,0.11,0.775742714
CN1CCC(c2ccc(Cl)cc2CCN)c2cccnc2C1C,448,0.931776139,0.176470588,0.12,0.721723001
CN1CCC(c2ccc(Cl)cc2CCN)c2cccnc2CCC1C,448,0.901436716,0.169014085,0.15,0.681599207
CC(C)N1CCC(c2ccc(Cl)cc2CCN)c2cccnc2C1,448,0.912486127,0.171428571,0.14,0.762205416
CC1(C)CCC(c2ncccc2-c2ccc(Cl)cc2)C(CCN)CC1,448,0.676859895,0.184615385,0.21,0.744901113
CC1(C)CCC(c2ccccc2-c2ccc(Cl)cn2)C(N)=N1,448,0.892145293,0.213114754,0.1,0.751296788
CC(C)(C)Oc1ccccc1C1CCC(c2cccnc2)C(N)=N1,448,0.918979289,0.169230769,0.11,0.722595674
CC(NC(=O)OC(C)(C)C)C(=O)NN=CC1=Cc2ccccc2OC1,449,0.647980045,1,0.01,0.771095378
CC(NC(=O)OC(C)(C)C)C1=NNCCc2ccccc2OC1,449,0.878274676,0.414285714,0.02,0.69763547
CC(NC(=O)OC(C)(C)C)C(=O)NN=CC1=Cc2ccccc21,449,0.66173577,0.627118644,0.01,0.771745423
CC(NC(=O)OC(C)(C)C)C1=NCCc2ccccc2NC1,449,0.882547591,0.328767123,0.06,0.752600034
CC(NC(=O)OC(C)(C)C)C1=NCCc2ccccc2N1,449,0.879534621,0.338028169,0.04,0.770211376
CC(NC(=O)OC(C)C)C1=NCCc2ccccc2NC1,449,0.898824913,0.217948718,0.05,0.74165819
CC(C(=O)NC(C)C)N1CCc2ccccc2NCC1,449,0.884926468,0.22972973,0.08,0.826126658
CC(C(=O)NC(C)C)N1CCc2ccccc2NC1,449,0.872209653,0.216216216,0.09,0.801253743
CC(C(=O)OC(C)C)N1CCNc2ccccc2CC1,449,0.860178351,0.213333333,0.07,0.81214479
CC(C(=O)OC(C)(C)C)N1CCc2ccccc2NCC1,449,0.850384095,0.273972603,0.08,0.813318803
CC(C(=O)OC(C)(C)C)N1CCc2ccccc2NC1,449,0.843220134,0.260273973,0.1,0.788973382
COC(=O)C(C)Sc1nc2c(c(=O)[nH]c(=O)n2C)n1CCC(C)C,450,0.6164764,1,0,0.776849406
CC(SCC(=O)N(C)C)c1nc2c(c(=O)[nH]1)c(=O)n(C)c(=O)n2C,450,0.770734194,0.277777778,0.07,0.747076966
CC(SC(=O)CC(C)C)c1nc2c(c(=O)[nH]1)c(=O)n(C)c(=O)n2C,450,0.867359168,0.285714286,0.06,0.72156146
CC(SC(=O)CC(C)C)c1nc2ccccc2c(=O)n1CCC(N)=O,450,0.817818925,0.217948718,0,0.76683743
CC(C(=O)OC(C)C)n1c(SCC(C)CO)nc2c1c(=O)[nH]n2C,450,0.572544913,0.301369863,0.08,0.676861328
CC(CC(=O)OC(C)C)CSc1nc2c(c(=O)n1C)C(=O)CCCC2,450,0.33335759,0.217948718,0.01,0.745504625
CC(CSC(C)C)CSc1nc2c(c(=O)n1C)C(=O)CC(=O)N2,450,0.478459723,0.197368421,0.1,0.70249932
CC(CSC(C)C)SC1(CC(=O)O)NC(=O)c2ccccc2N1C,450,0.769821532,0.1625,0.13,0.667732914
CC(CCC(C)C)n1c(SCC(=O)O)nc2ccccc2c1=O,450,0.618868462,0.232876712,0.01,0.814873139
CC(CC(C)C)N(C)C(=O)CSC1=Nc2ccccc2C(=O)N1,450,0.651903241,0.207792208,0.02,0.794084617
CC(CC(C)C)n1c(SCC(=O)O)nc2ccccc2c1=O,450,0.653540137,0.202702703,0.01,0.817796465
CC(CC(C)C)n1c(SCC(N)=O)nc2ccccc2c1=O,450,0.655496266,0.197368421,0.01,0.813929029
CC(CC(C)C)SC1(CC(=O)O)NC(=O)c2ccccc21,450,0.846562302,0.157894737,0.15,0.68937398
CC(CC(=O)N(C)C)SCC1COc2ccccc2C(=O)N1,450,0.897588535,0.130952381,0.09,0.720899739
CC(CC(C)C)SCC1(CO)NC(=O)c2ccccc2N1C,450,0.845422254,0.166666667,0.07,0.677116272
CC(CC(=O)O)n1c(SCC(C)C)nc2ccccc2c1=O,450,0.653540137,0.202702703,0.01,0.806928773
CC(CC(=O)O)SC1(C)NC(=O)c2ccc3ccccc3c21,450,0.907774118,0.151898734,0.12,0.7138667
CC(SC(C)=O)n1c(=O)[nH]c2ccc3ccccc3c21,450,0.78623496,0.208333333,0.03,0.763574186
CC(SC(C)=O)c1nc2ccccc2c2ccc(=O)[nH]c12,450,0.736345165,0.173333333,0.08,0.765201867
CC(SC(C)=O)c1nc2ccccc2c2ccn(C)c12,450,0.711297346,0.175675676,0.01,0.755916768
CC(SCC(=O)O)c1nc2ccccc2c2ccn(C)c12,450,0.799504801,0.186666667,0,0.76532364
CC(SCC(=O)O)c1nc2ccccc2n1CCCCCN,450,0.693813898,0.17721519,0.02,0.794782892
CC(SCC(=O)O)c1nc2ccccc2n1CCCCN,450,0.732774017,0.179487179,0.02,0.794434983
CC(SCC(=O)O)c1nc2ccccc2n1CCCN,450,0.818118053,0.181818182,0.02,0.792100285
CC(SCC)c1nc2ccccc2cc1C(=O)O,450,0.91031629,0.166666667,0.01,0.790231928
CC(CS(C)=O)n1cncc1-c1ccc(CN)cc1,450,0.908352446,0.118421053,0.27,0.712065538
CC(CS)C1CNC(=O)c2ccc3ccccc3c21,450,0.806774924,0.115384615,0.16,0.732586164
CC(CS(C)=O)n1cncc1-c1ncc2c(n1)CNCC2,450,0.909361741,0.119047619,0.11,0.651132738
CC(CO)C1CNC(=O)C1c1ncc2cccccc1-2,450,0.891051225,0.139240506,0.15,0.704955502
CC(=O)CC(C)N1CCNCC1c1nccc2ccccc12,450,0.941802577,0.142857143,0.08,0.736734184
CC(CN1CCNC(=O)C1)c1nccc2ccc(C(=O)O)cc12,450,0.892952401,0.154761905,0.08,0.772836449
CC(CN1CCNC(=O)C1)n1ncc2ccc(C(C)(C)C)nc21,450,0.936640192,0.144578313,0.15,0.745323258
CC(CN1CCNC(=O)C1)n1ncc2ccc(C(F)F)nc21,450,0.926168575,0.158536585,0.14,0.730232768
CC(CN1CCNC(=O)C1)c1nccc2ccc(C(F)F)cc12,450,0.942302457,0.130952381,0.1,0.746677869
COc1ccc(OCc2nnc(SCC(=O)NC3CCCCC3)o2)cc1,451,0.706990832,0.716666667,0,0.874098365
COc1ccc(OCc2nnc(SCC(=O)NC3CCCC3)o2)cc1,451,0.721715582,0.728813559,0,0.875850366
COc1ccc(OCc2nnc(SCC(=O)NC3CC3)o2)cc1,451,0.738602288,0.754385965,0,0.880187189
COc1ccc(OCC2=NN=C(SCC(=O)NC3CC3)C2)cc1,451,0.830500758,0.455882353,0.03,0.813031245
COc1ccc(OCC2=NN=C(SCC3CCCCC3)N2)cc1,451,0.774186527,0.342857143,0.05,0.834905913
COc1ccc(SCC(=O)NCC2CCCOC2)c(Cl)c1,451,0.815061846,0.316455696,0,0.817477034
COc1ccc(CCSCC(=O)NC2CCCOC2)c(Cl)c1,451,0.773236466,0.292682927,0.04,0.802520873
COc1ccc(CC2(CS)COCC23CCCCC3=O)cc1,451,0.864624602,0.185185185,0.02,0.646690741
CCC(CO)Cc1nnc(SCC(=O)NC2CCCCC2)o1,451,0.711511337,0.388888889,0.04,0.782634426
COc1ccc(CC2(CS)COCCO2)c(C(=O)NCCCl)c1,451,0.576636695,0.191011236,0.08,0.722189112
CC(=Cc1nnc(CC2CCCCC2)c(=O)[nH]1)C(=O)[O-],451,0.804451498,0.134146341,0.11,0.738937042
COc1cccc(CC2(C=O)COCC23CCOCC3)c1Cl,451,0.798861367,0.139534884,0.03,0.646105269
COc1ccccc1CC1(CS)COCC2(CCOCC2)N1,451,0.832448257,0.11627907,0.03,0.646694879
CCOCCOCc1cc(CCS(=O)CC)c2c(c1)NCC2,451,0.671636162,0.088888889,0.12,0.724728199
CC(=Cc1cccc(CC2CCOC2)c1)C(=O)NCCO,451,0.784854281,0.146067416,0,0.784686521
COc1cccc(CC2(C=O)COCC23CCSCC3)c1Cl,451,0.784175069,0.136363636,0.05,0.624738725
CC(CCO)c1cccc(CS(=O)CC2(C)COCCN2)c1,451,0.802498276,0.106382979,0.05,0.653210535
CN(CCO)Cc1cc(CS(=O)CCO)c2ccccc2c1,451,0.773535726,0.079545455,0.02,0.770156589
CN(CCO)Cc1cc(CCS(=O)CC)c2ccccc2c1,451,0.812849576,0.077777778,0.09,0.77967247
CN(CCO)Cc1cc(C(=O)NCCO)c2ccccc2n1,451,0.688411149,0.127906977,0.02,0.866830683
CCN(Cc1cc(C(=O)NCCO)ccc1Cl)C(=O)C1CCC1,451,0.800494225,0.136363636,0,0.873631845
CCN(CC)c1cc(CS(=O)(=O)C2CNC2)ccc1Cl,451,0.872674951,0.095238095,0.03,0.808871749
CN(CCO)Cc1cc(C(=O)NCC2CC2)nc2ccccc12,451,0.817901226,0.162790698,0.03,0.862331715
CN(CCO)Cc1cc(C(=O)NC2CCC2)nc2ccccc12,451,0.855243691,0.16091954,0.02,0.865933845
CN(CCO)c1cc(CC(=O)NC2CCC2)nc2ccccc12,451,0.854388302,0.174418605,0,0.85043065
CCN(C)c1cc(CC(=O)NCCO)c2ccccc2n1,451,0.841313307,0.129411765,0.02,0.858543379
CCN(C)C(=O)Cc1cc(C(=O)NC)c2ccccc2n1,451,0.92812543,0.130952381,0,0.869738006
CCN(c1ccc2c(c1)CCNC2C)S(=O)(=O)CCC,451,0.907797252,0.091954023,0.05,0.754254221
CCN(C)S(=O)(=O)c1ccc2c(c1)CCNC2Cc1cccs1,451,0.902015646,0.095744681,0.06,0.773348165
CCN(CC)S(=O)(=O)c1ccc2c(c1)CCNC2CCO,451,0.83023064,0.103448276,0.01,0.784271588
CCN(C)S(=O)(=O)c1ccc2c(c1)CCNC2C1CCC1,451,0.928427563,0.114942529,0.02,0.781160182
CCN(c1ccc2c(c1)CCNC2=O)S(=O)(=O)c1cccs1,451,0.93108663,0.075268817,0.19,0.828958226
CS(=O)(=O)c1cc(C(=O)N2CCc3ccccc32)ccn1,451,0.846365063,0.130952381,0.01,0.865000224
CS(=O)(=O)c1cc(CN2CCc3ccccc32)ccc1Cl,451,0.870103825,0.08045977,0,0.886607264
Cc1cccc(C2=NC(C(F)(F)F)(C(F)(F)F)C3C(=O)NC(=O)N3c3ccc(F)cc32)c1,452,0.511626729,0.47826087,0.09,0.712985683
Cc1cccc(C2=NC(C(F)(F)F)(C(F)(F)F)C3C(=O)NC(=O)C3c3ccc(F)cc32)c1,452,0.514560345,0.455882353,0.1,0.684854469
Cc1ccc(C2=NC(C(F)(F)F)(C(F)(F)F)C3C=C(C(=O)NCCO)C(=O)NC3=C2)c(F)c1,452,0.458037438,0.247191011,0.08,0.658035191
Cc1ccc(C2=NC(C(F)(F)F)C(C)(C(F)(F)F)C3=CC(=O)NC(=O)C3=C2)c(F)c1,452,0.537854544,0.228915663,0.14,0.623493903
Cc1ccc(C(=O)NC(C)(C)C)c(C2(C(F)(F)F)C(=O)Nc3ccc(C#N)cc32)c1,452,0.77153653,0.183908046,0.08,0.731437758
Cc1ccc(C(=O)NC(C)(C)C)c(C2(C(F)(F)F)NC(=O)c3cc(C#N)ccc32)c1,452,0.779486101,0.193181818,0.13,0.727205258
Cc1ccc(C(=O)NC(C)(C)C)c(C2(F)C(=O)Nc3ccc(C(F)(F)F)cc32)c1,452,0.707612929,0.19047619,0.02,0.749932761
Cc1ccc(C(=O)NC(C)(C)C)c(C2(O)NC(=O)Nc3ccc(C(F)(F)F)cc32)c1,452,0.593462145,0.172413793,0.01,0.736612565
Cc1ccc(C(=O)NC(C)(C)C)c(C2(O)C(=O)Nc3ccc(C(F)(F)F)cc32)c1,452,0.711240103,0.176470588,0.01,0.75866323
Cc1ccc(C(=O)NC(C)C)c(C2(O)NC(=O)Nc3ccc(C(F)(F)F)cc32)c1,452,0.628020183,0.170454545,0.02,0.745181071
Cc1ccc(C(=O)NC(C)C)c(C2(O)NC(=O)c3ccc(C(F)(F)F)cc32)c1,452,0.751263386,0.172413793,0.09,0.755240496
Cc1ccc(C(=O)NC(C)C)c(NC(=O)Cc2ccc(F)cc2C(F)(F)F)c1,452,0.732881476,0.202380952,0.02,0.869544598
Cc1ccc(C(=O)NC(C)C)c(NC(=O)Cc2ccc(C(F)(F)F)cc2F)c1,452,0.732881476,0.16091954,0,0.8737647
CC(C)(C)C(=O)Nc1ccc(C(=O)Cc2ccc(C#N)cc2C)c(F)c1F,452,0.802582186,0.111111111,0.01,0.834817414
Cc1ccc(C(=O)OC(C)C)c(NC(=O)Cc2ccc(C#N)cc2F)c1F,452,0.807795417,0.094736842,0.02,0.836873137
Cc1cc(C(=O)OC(C)(C)C)ccc1C1Nc2ccc(C#N)cc2C1F,452,0.772758004,0.146067416,0.11,0.732603686
Cc1cc(C(=O)NC(C)C)ccc1C1Nc2ccc(C#N)cc2C1F,452,0.882781806,0.133333333,0.09,0.741234069
Cc1cc(C(=O)OC(C)C)ccc1C1Nc2ccc(C#N)cc2C1F,452,0.830302504,0.133333333,0.09,0.735442988
Cc1ccc(C(=O)NC(C)C)cc1C1NC(=O)c2cccc(F)c21,452,0.910405164,0.162790698,0.18,0.801333854
Cc1ccc(NC(=O)OCC(C)C)cc1-c1ccc(C#N)cc1F,452,0.87093167,0.098901099,0.03,0.86935665
Cc1ccc(C(F)(F)F)cc1C1C(=O)Nc2cccc(C#N)c21,452,0.865255918,0.2125,0.17,0.779647743
Cc1c(NC(=O)OCC(F)(F)F)cccc1-c1ccc(C#N)cc1,452,0.888921899,0.168674699,0.04,0.869286254
Cc1cc(C#N)ccc1C1C(=O)Nc2cccc(F)c2C1=O,452,0.822031548,0.202531646,0.11,0.779440387
Cc1ccc(C#N)cc1C1C(=O)Nc2cccc(C(F)(F)F)c21,452,0.865255918,0.227848101,0.11,0.77754005
Cc1ccc(C#N)cc1C1C(=O)Nc2cccc(C(F)F)c21,452,0.91415147,0.182926829,0.13,0.76464871
Cc1ccc(C2C(=O)Nc3nccc(C)c32)c(C(F)(F)F)c1,452,0.870436097,0.287671233,0.16,0.767317234
Cc1ccc(C2Nc3cccc(C)c3C2=O)c(C(F)(F)F)c1,452,0.829113312,0.267605634,0.03,0.783733901
Cc1ccc(C2Nc3cccc(=O)n3C2C(F)(F)F)c(C)c1,452,0.870648264,0.243243243,0.04,0.700955759
Cc1ccc(C2Nc3cccc(C(F)(F)F)c3C2=O)cc1,452,0.845293775,0.222222222,0.01,0.800321455
Cc1ccc(C2Nc3cccc(=O)n3C2CC(F)(F)F)cc1,452,0.91495247,0.210526316,0.04,0.704185994
Cc1ccc(C2NC(=O)c3cccc(OC(C)C)c32)c(F)c1,452,0.936981284,0.217948718,0.14,0.794192468
Cc1ccc(C2NC(=O)c3cccc(OC(F)F)c32)cc1,452,0.939777019,0.181818182,0.07,0.803782571
Cc1ccc(C2NC(=O)c3c2ccc(=O)n3C(F)F)cc1,452,0.92293511,0.171052632,0.04,0.761160712
Cc1ccc(C2NC(=O)c3c2ccnc3C(F)F)cc1,452,0.913598168,0.153846154,0.05,0.769422263
CNc1ccc(C2C(=O)Nc3cccc(F)c32)nc1C#N,452,0.884957475,0.182926829,0.12,0.73091686
CN1CCC(n2nc(CCCO)c3cccc(F)c32)C1=O,452,0.928533522,0.149425287,0.02,0.749548673
CN1CCC(n2nc(CCCO)c3ccc(F)cc32)C1=O,452,0.928533522,0.164705882,0.06,0.756548933
CN1CCC(n2cc(CCO)c3ccc(F)cc32)NC1=O,452,0.90660827,0.164705882,0.03,0.734905387
CN1CCC(C2NC(=O)c3cnccc32)c2ccccc21,452,0.872022871,0.129411765,0.21,0.736417412
CN1CCC(C2NC(=O)c3cncnc32)c2ccccc21,452,0.866303276,0.126436782,0.21,0.717002028
CCc1ccc(C2NC(C(=O)[O-])c3cnccc32)cc1F,452,0.9219766,0.127906977,0.17,0.685132547
C1CC(c2ccc(F)c3c2C([O-])NC3=O)c2cccnc21,452,0.860074566,0.142857143,0.13,0.673926841
C1(c2ccc(F)cc2)CC(C(=O)[O-])c2cncnc2N1,452,0.882247175,0.148148148,0.09,0.686033257
O=C1NCN(c2ccc(F)cc2)c2c1cnnc2[O-],452,0.807422065,0.213333333,0.19,0.754319918
Cc1ccc2nc3c(cc2c1)CC1(C(=O)N(C)C(=O)N(C)C1=O)C1COC31,453,0.665594194,0.571428571,0.02,0.636328957
Cc1ccc2nc3c(cc2c1)CC1(C(=O)N(C)C(=O)N(C)C1=O)N1COC31,453,0.651296547,0.470588235,0.01,0.633827715
Cc1ccc2nc3c(cc2c1)CC1(C(=O)N(C)C(=O)N(C)C1=O)COCN3,453,0.709160063,0.47761194,0.13,0.703620637
Cc1ccc2nc3c(cc2c1)CC(C(=O)N(C)C(=O)N(C)C)C1COCCN31,453,0.755381989,0.465753425,0.03,0.698077943
Cc1ccc2nc3c(cc2c1)C(C(=O)N(C)C(=O)N(C)C)N1COCC31,453,0.784326652,0.2875,0.02,0.660574223
Cc1ccc2nc3c(cc2c1)C(=C1C(=O)N(C)C(=O)N1C)COCCC3,453,0.540789168,0.383561644,0.08,0.775409954
Cc1ccc2nc3c(cc2c1)C(C(=O)N(C)C(=O)n1ccc(F)c1)OC3,453,0.673974869,0.247058824,0.01,0.687871514
Cc1ccc2cc3c(cc2c1)C(C(=O)N(C)C(=O)n1cccc1)OC3,453,0.682467713,0.222222222,0.03,0.711542455
Cc1ccc2c(c1)C(=C1C(=O)N(C)C(=O)N1C)C(OCc1ccco1)C2,453,0.629303949,0.238095238,0.03,0.729960871
Cc1ccc2c(c1)C(=C1C(=O)N(C)C(=O)N1c1ccc(OC)cc1)O2,453,0.624272916,0.202531646,0.02,0.820872769
Cc1ccc2c(c1)C(=Cc1ccc(OC)c(F)c1)C(=O)N(CO)C2=O,453,0.688353452,0.137931034,0.03,0.84898026
Cc1ccc2c(c1)C(=Cc1ccc(OC)c(F)c1)C(=O)N(CO)CN2,453,0.842293633,0.141304348,0.23,0.813340241
CP(=O)(OCN1C(=O)c2ccccc2C1c1ccc(OC)cc1)NC,453,0.801179447,0.088888889,0.03,0.73531807
CP(=O)(OCN1C(=O)c2ccccc2C1=O)c1ccc(OC)cc1,453,0.614906154,0.086419753,0.04,0.789678665
Cc1ccc2c(c1)C(=O)C(c1ccc(OC)cc1)C(=O)N2CO,453,0.883092961,0.189873418,0,0.803187681
CP(=O)(OCN1C(=O)c2ccccc2C1O)c1ccc(OC)cc1,453,0.840511351,0.090909091,0.04,0.723726393
Cc1ccc(SCN2C(=O)c3ccccc3C2=O)c(OC)c1,453,0.641332079,0.155844156,0,0.873852023
Cc1ccc(SCN2C(=O)OCc3ccccc32)c(OC)c1,453,0.792304562,0.180722892,0.02,0.834396306
Cc1ccc(OCN2C(=O)OCc3ccccc32)c(OC)c1,453,0.8666957,0.185185185,0.01,0.860846611
Cc1ccc(CN2C(=O)OCc3ccccc32)c(OC)c1,453,0.862534676,0.1875,0.02,0.868358828
Cc1ccc(C(=O)OCc2ccccc2)c(O)c1OC,453,0.868994662,0.086419753,0,0.912962866
CCCC(=O)OCc1ccc(-c2ccccc2)c(OC)c1O,453,0.821728787,0.057471264,0.05,0.882373611
CCCC(=O)OCc1ccc(-c2ccccc2)c(OC)c1,453,0.745511808,0.083333333,0.04,0.921805752
CCCC(=O)OCc1ccc(-c2ccccc2)c(O)c1,453,0.837993143,0.073170732,0.05,0.910153396
CCCC(=O)OCc1ccc(-c2ccc(OC)cc2)cc1,453,0.745511808,0.063291139,0.01,0.934545752
CS(=O)(=O)OCc1ccc(-c2ccccc2)c(O)c1,453,0.87288404,0.075949367,0.05,0.889263583
Cc1ccc(C(=O)OCc2ccc(O)cc2)c(F)c1,453,0.861926393,0.146666667,0.02,0.920002625
Cc1ccc(C2c3cccc(O)c3CCN2C=O)cc1,453,0.84995303,0.166666667,0,0.789888592
Cc1ccc(CN2CCc3cccc(O)c3C2=O)cc1,453,0.908537161,0.168831169,0,0.888653801
Cc1ccc2c(c1)C(=O)OCC2c1ccc(O)cc1,453,0.79564345,0.205479452,0,0.808446357
Cc1ccc2c(c1)C(=O)N(CC(O)c1ccoc1)CC2,453,0.931735034,0.197530864,0.02,0.780896149
COc1ccc(-n2nc3c(c2NC(=O)C2CC2)C=S(O)(O)=C3)cc1,454,0.737566027,1,0,0.746218756
Cc1ccc(-n2nc3c(c2NC(=O)C2CC2)CS(O)(O)C=C3)cc1,454,0.790170199,0.5,0.01,0.757475243
Cc1ccc(-n2nc3c(c2NC(=O)C2CC2)CS(O)(O)CC3)cc1,454,0.794560098,0.453125,0,0.79410142
Cc1ccc(-n2nc3c(c2NC(=O)C2CC2)CS(O)(O)C3)cc1,454,0.804110033,0.475409836,0,0.803766334
Oc1ccc(-n2nc3c(c2NC(=O)C2CC2)CS(O)=C3)cc1,454,0.758284164,0.459016393,0.04,0.696901006
O=S(=O)(NC1CCc2cn(C3CC3)nc2-1)c1ccc(O)cc1,454,0.901113077,0.157894737,0.02,0.754010187
O=S(=O)(NC1CCc2cn(C3CC3)nc2-1)c1ccc(Cl)s1,454,0.927919978,0.151898734,0.03,0.723708777
O=S(=O)(NC1CCc2c(C3CC3)nnn2-1)c1ccc(Cl)s1,454,0.922759014,0.1375,0.03,0.704155192
O=S(=O)(NC1CCc2c(C3CC3)nnn2-1)c1ccc(O)s1,454,0.88364578,0.1375,0.03,0.669718425
O=S(O)Nc1cccc2c1COCC2n1cc(Cl)nn1,454,0.839966932,0.120481928,0.03,0.64939493
[O-]c1nc2c(s1)C(NC(=O)C1CC1)CCc1ccccc1-2,454,0.925743757,0.216216216,0.02,0.734923445
[O-]c1nc2c(s1)C(NC(=O)C1CC1)c1ccccc1C2,454,0.913685376,0.219178082,0.01,0.702644327
[O-]C1CCC(NC(=O)c2c(CO)nn3ccccc23)C1,454,0.81339985,0.179487179,0.02,0.679427319
CC1=NC(C(=O)N2CCCc3ccc(NO)cc32)CS1,454,0.820670698,0.15,0.02,0.717938794
CC1=NC(C(=O)NC2CCc3ccc(N)cc32)CO1,454,0.783156868,0.171052632,0.04,0.712387588
CC1=NS(=O)NC1c1cc(NC2CCCC2)ccc1O,454,0.749362167,0.157894737,0.06,0.678432447
CC(C)C1=Nc2cccc(NC(=O)C3CC3)c2CO1,454,0.904336053,0.260869565,0.01,0.812572727
CC(C)c1cc(NC(=O)CNC2CCCCC2)nn1O,454,0.721698727,0.208333333,0,0.805608196
CC(C)c1cc(NC(=O)C2CCCCCN2)nc(O)n1,454,0.784159867,0.186666667,0.08,0.759117318
CC(C)c1cc(NC(=O)CNC2CCCCC2)no1,454,0.858569949,0.183098592,0,0.84827177
CC(C)c1cc(NC(=O)C2CCCCCN2)nc(N)n1,454,0.78091826,0.2,0.16,0.782659076
CC(C)c1cc(NC(=O)C2CCCCCN2)ncn1,454,0.874811817,0.189189189,0.11,0.792593936
CC(C)c1cc(NC(=O)C2CCCCCN2)ns1,454,0.885098055,0.189189189,0.06,0.744780398
CC(C)c1nc(NC(=O)C2CCCCN2)cs1,454,0.869102616,0.191780822,0.05,0.770621534
CC(C)c1cc(NC(=O)C2CCCCN2)ncn1,454,0.853754978,0.191780822,0.11,0.790044652
CC(C)c1cc(NC(=O)C2CCCCC2)nc(N)n1,454,0.877182398,0.257575758,0.12,0.861067937
CC(C)c1nc(NC(=O)C2CCCCN2)c(N)cn1,454,0.763178091,0.168831169,0.23,0.764202655
CC(C)c1cc(NC(=O)C2CCCCN2)nc(N)n1,454,0.763178091,0.202702703,0.16,0.779974208
CC(C)(C)c1cc(NC2CCCCNC2=O)ncn1,454,0.853366741,0.131578947,0.12,0.770448228
CC(C)(C)c1cc(NC(=O)C2CCCNC2)ncn1,454,0.851236041,0.23943662,0.12,0.786548083
CC(C)(C)c1cc(NC(=O)C2CCCNC2)nc(N)n1,454,0.757279782,0.25,0.25,0.779646948
CC(C)(C)c1cc(NC(=O)C2CCC2)nc(N)n1,454,0.839390267,0.28125,0.14,0.854683863
CC(C)(C)c1cc(NC(=O)C2CC2)nc(N)n1,454,0.815774272,0.295081967,0.14,0.853576534
O=C(NC1C=S(O)(O)=CC1)c1cccc(Br)c1,455,0.733029239,1,0,0.692401008
O=C(NC1CCS(O)(O)C=C1)c1cccc(Br)c1,455,0.77881433,0.595744681,0.01,0.732416851
O=C(NC1CCS(=O)C=C1)c1cccc(Br)c1,455,0.909643148,0.530612245,0.01,0.68909243
O=C(NC1CCCS(O)(O)C1)c1cccc(Br)c1,455,0.77838968,0.530612245,0.01,0.78405562
O=C(NC1CCCS(O)=C1)c1ccc(Br)cc1,455,0.824420079,0.352941176,0.01,0.685303328
O=C(NC1CCCS1=O)c1ccc(Br)cc1,455,0.908592653,0.352941176,0.04,0.717001087
O=C(NC1CCCOCC1)c1cc(Br)ccc1O,455,0.881437034,0.271186441,0.01,0.838711318
O=C(NC1CCCC1=O)c1cc(Br)ccn1,455,0.898237471,0.275862069,0.08,0.795548461
O=C(NC1CCC1)c1cc(Br)ccc1O,455,0.866699437,0.307692308,0,0.909385376
O=C(NC1CCC1)c1cc(O)cc(Br)c1,455,0.866699437,0.34,0,0.889357608
O=C(NCCC1(O)CCC1)c1cccc(Br)c1,455,0.896952941,0.403846154,0,0.876926735
O=C(NCCC1CCC1)c1cccc(O)c1O,455,0.699150978,0.206896552,0,0.890194493
O=C(NCCC1(O)CCC1)c1cccc(O)c1,455,0.73901676,0.263157895,0,0.872929354
O=C(NCCC1(O)CCC1)c1ccccc1,455,0.809738651,0.218181818,0,0.900816665
O=C(NC1CCC1)C(O)c1ccccc1,455,0.783022236,0.203703704,0,0.868887676
O=C(NC1CCC1)c1cccc(O)c1,455,0.746706539,0.375,0,0.929539501
O=C(NC1CC1)C(O)c1ccccc1,455,0.748398522,0.235294118,0,0.871588535
O=C(NC1CCCOC1)c1cccc(O)c1,455,0.79103038,0.327272727,0,0.843779334
O=C(NC1CCCOC1)c1ccccc1,455,0.795950596,0.283018868,0,0.872830284
O=C(NCC1(O)CCC1)c1ccccc1,455,0.781770855,0.226415094,0,0.914249067
O=C(NCC1(O)CCC1)c1cccc(O)c1,455,0.713833342,0.272727273,0,0.884231988
O=C(NCC1CCCOC1)c1cccc(O)c1,455,0.835296162,0.266666667,0,0.842130705
O=C(NCC1CCCOC1)c1cccc(OC)c1,455,0.885552365,0.25,0,0.857607774
O=C(NCC1CCCOC1)c1cccc(CO)c1,455,0.846173351,0.258064516,0.02,0.842447715
O=C(NCC1CCCOC1)c1cccc(CBr)c1,455,0.868326696,0.274193548,0.01,0.828513691
O=C(NCC1CCCO1)c1cccc(CBr)c1,455,0.867362502,0.283333333,0.01,0.842536984
COc1ccccc1NC(=O)C1CCC(CN=C2C(=O)C(=O)C2N2CCCCC2)CC1,456,0.708322281,1,0,0.769356397
COc1ccccc1NC(=O)C1CCC(CN=C2C(=O)C(=O)C2N2CCCC2)CC1,456,0.726917616,0.982142857,0,0.770033393
COc1ccccc1NC(=O)C1CCC(CN=C2C(=O)C3CCCCC23)CC1,456,0.826800282,0.682539683,0.02,0.738901875
COc1ccccc1NC(=O)C1CCN(C2C(=O)C(=O)C2N2CCCC2)CC1,456,0.770750624,0.596774194,0.01,0.761059033
COc1ccccc1NC(=O)C1CCN(C2C(=O)C3CCCCC3N2)CC1,456,0.850509221,0.465753425,0.04,0.729463691
COc1ccccc1NC(=O)C1CCN(C2C(=O)CCCC2N=O)CC1,456,0.816593069,0.486111111,0,0.751606875
COc1ccccc1NC(=O)C1CCC(N2CCCCC2=O)CC1I,456,0.556538086,0.407894737,0,0.734495804
COc1ccccc1NC(=O)C1CCCCC1N1CCCCC1=O,456,0.922076601,0.436619718,0,0.798708433
COc1ccccc1NC1CCCC(N2CCCCC2=O)C1=O,456,0.927456165,0.333333333,0,0.77141935
COc1ccccc1NC1CCCCC1C(=O)N1CCCCC1=O,456,0.861410068,0.355263158,0.02,0.779949235
CNC1CCN(C(=O)C2CCCCC2N2CCCCC2=O)CC1,456,0.86176587,0.172839506,0,0.75765688
CNC1CCN(C(=O)C2CCCCC2N2CCCC2=O)CC1,456,0.856826415,0.160493827,0,0.755978384
CNC1CCC(NC=C2C(=O)C=CC3=C2CCC3)CC1,456,0.776000524,0.134146341,0.03,0.761904994
CNC1CCC(NC(=O)C2CCCCC2NC=O)c(F)c1,456,0.663394626,0.141176471,0.02,0.619030653
CNC(=O)C1CCC(Nc2cccc(N)c2OC)CC1,456,0.735669052,0.28,0.1,0.857790339
CNC(=O)C1CCC(Nc2cccc(C)c2OC)CC1,456,0.888734559,0.283783784,0.04,0.870031548
CNC(=O)c1cccnc1NN1CCC(C)CC1C,456,0.873115506,0.164705882,0.03,0.724724464
CNC(=O)c1cccc(NCCCN2CCCCC2C)c1C,456,0.794034803,0.223529412,0.03,0.830824083
CNC(=O)c1cccc(NCc2sccc2C)c1C,456,0.89752938,0.144578313,0.01,0.877196239
CNC(=O)c1cccc(NC2CCC(C)CC2C)n1,456,0.879245773,0.156626506,0.05,0.747676414
CNC(=O)c1cccc(NCCCN2CCCCC2)c1C,456,0.791372686,0.225,0.01,0.897485239
CNC(=O)c1cccc(CN2CCC(C)CC2)c1O,456,0.875541844,0.189873418,0,0.88633412
CNC(=O)c1cccc(NCCCN2CCCC2)c1C,456,0.782728253,0.2125,0.01,0.899014664
CNC(=O)c1cccc(C)c1N1CCC(OC)CC1,456,0.90523091,0.217948718,0,0.866706253
CNC(=O)C1CCC(Nc2cccc(Br)c2C)CC1,456,0.893324482,0.24,0.04,0.866659229
CNC(=O)C1CCC(Nc2cccc(Br)c2C)CC1C,456,0.881233896,0.185185185,0.02,0.733578557
CONC(=O)C1CCC(Nc2cccc(Br)c2C)CC1,456,0.825530533,0.263157895,0.07,0.844485394
CONC(=O)c1cc(Cl)ccc1NC1CCC(OC)CC1,456,0.820608486,0.168674699,0.05,0.849630211
CONC(=O)c1cc(Br)ccc1NC1CCC(OC)CC1,456,0.795413703,0.168674699,0.06,0.843121475
COC(=O)Nc1ccccc1NC1CCC(N)C(C)C1,456,0.793728401,0.233766234,0.05,0.757412978
COCC(=O)Nc1ccccc1N1CCC(C)CC1C,456,0.9190829,0.269230769,0.01,0.798021959
CC(=O)N1CCN2C(=O)C1CCCC(=O)c1cc(C)ccc12,457,0.735346892,1,0,0.640962725
CC(=O)N1CCN2C(=O)CCCC1C(=O)c1cc(C)ccc12,457,0.735346892,0.692307692,0.02,0.643911275
CC(=O)N1CCN1C(=O)CCCC(=O)c1cc(C)ccc1O,457,0.839208487,0.261538462,0,0.821063644
CC(=O)N1CCN1C(=O)CCCC(=O)NCc1ccc(O)cc1,457,0.810791246,0.169014085,0,0.841018017
CC(=O)N1CCN1C(=O)CCC(=O)NCc1ccc(O)cc1,457,0.823452901,0.173913043,0,0.842785985
CC(=O)N1CCN1C1CC(C(C)=O)=Cc2ccc(O)cc21,457,0.901593687,0.231884058,0.01,0.690361508
CC(=O)N1CCN1C1CCCN(C(C)=O)c2ccc(O)cc21,457,0.856765807,0.328125,0.01,0.735201799
CC(=O)N1CCN1C1CCCN(Cc2ccc(O)cc2)C1=O,457,0.903277425,0.28358209,0.01,0.761901999
CC(=O)N1CCN(C(C)=O)CCCC(c2ccccc2)=N1,457,0.791656472,0.212121212,0.01,0.810526248
CC(=O)N1CCNC(CCC(=O)NCc2ccccc2)C1C,457,0.861538821,0.202702703,0,0.768936594
CCC(=O)N1CCCN(c2ccc(C)cc2)CC1C(N)=O,457,0.911730083,0.23880597,0.06,0.828269466
CCC(=O)N1CCCN(c2ccc(C)cc2)C(C(N)=O)C1,457,0.911730083,0.220588235,0.04,0.818630208
CCCC(=O)N1CCC(C(=O)NCc2ccc(O)cc2)C1,457,0.866163741,0.178082192,0,0.853094435
Cc1ccc(C(=O)N2CCC(C(N)=O)C(C)C2)cc1,457,0.8770924,0.230769231,0.01,0.806465421
CCC(=O)N1CCCNC(C(=O)c2ccc(O)cc2)C1,457,0.813276953,0.166666667,0.02,0.805037373
CC(=O)N1CCN(C(=O)CCCNCc2ccccc2)CC1,457,0.804767467,0.173913043,0,0.909124999
Cc1ccc(C(=O)N2CCCN(C(C)=O)CC2)cc1,457,0.770685915,0.280701754,0,0.929075484
CC(=O)N1CCCNC(C(=O)c2ccc(C)cc2)C1,457,0.817485712,0.265625,0,0.820130376
Cc1cc(C(=O)N2CCCNCc3ccccc32)ccn1,457,0.873381813,0.202702703,0.06,0.861176798
Cc1cc(C(=O)N2CCCNCc3ccccc32)ncn1,457,0.86796623,0.202702703,0.04,0.842184112
CC1=CC(N2CCC(C(=O)O)CC2)=Nc2ccccc21,457,0.911351923,0.205882353,0,0.895921547
CC1=CC(C(=O)N2CCNCC2)=NC(c2ccco2)C1C,457,0.901923918,0.153846154,0.04,0.678338123
CC1=CC(C(=O)N2CCC(O)CC2)=Nc2ccccc21,457,0.863450892,0.202898551,0,0.886544489
CC1=CCNC(C(=O)N2CCC(c3ccc(O)cc3)C2)=N1,457,0.867456403,0.189189189,0.03,0.738704727
Cc1cc(C(=O)N2CCCNCC2)nc2ccc(O)cc12,457,0.8365072,0.173333333,0.04,0.85774088
Cc1cc(C(=O)N2CCCNC2)nc2ccc(O)cc12,457,0.82729703,0.173333333,0.02,0.824421682
Cc1ccc(C2=NCNC(=O)c3ccc(O)cc32)nc1,457,0.824349821,0.180555556,0.28,0.802407107
Cc1ccc2c(n1)C(=O)OC2NCCCNc1ccccc1,457,0.633760396,0.102564103,0.04,0.776244206
Cc1ccc(C2CNC(=O)c3nc(O)ccc32)cc1,457,0.81751017,0.173913043,0.11,0.762401058
Cc1ccc(-c2cc(N3CCNCC3)nc3cccnc23)o1,457,0.787116579,0.126582278,0.1,0.83150966
Cc1ccc(C2CNC(=O)c3nc(OCCC)ccc32)cc1,457,0.943122699,0.142857143,0.12,0.781435403
Cc1ccc(C2CNC(=O)c3ccc(O)c(N)c32)nc1,457,0.541152336,0.191780822,0.27,0.738676933
Cc1ccc(OC(=O)c2nccc3cc(N)ccc23)cc1,457,0.443327188,0.169014085,0.04,0.882146521
Cc1ccc(OC(=O)c2ccnc3cc(N)ccc23)cc1,457,0.443327188,0.169014085,0.08,0.897570623
Cc1ccc(OC(=O)c2ccnc3cc(C)ccc23)c(N)c1,457,0.444588263,0.185714286,0.04,0.881188996
Cc1ccc(C(=O)OC2CNCc3cc(-c4ccncc4)ccc32)cc1,457,0.728188721,0.181818182,0.39,0.799294358
Cc1ccc(CN2CCC(OC(=O)c3ccncc3)CC2)c(N)c1,457,0.691356983,0.263888889,0.08,0.867317054
CCCOC(=O)c1cccc(CN2CCc3cc(C)ccc3C2)c1N,457,0.666986945,0.215189873,0.01,0.860477297
CCCOC(=O)c1cccc(CN2CCc3ccc(C)cc3C2)c1N,457,0.666986945,0.230769231,0.01,0.859811642
CCCOC(=O)c1cccc(-c2ccnc3cc(C)ccc23)c1C,457,0.629080364,0.168831169,0.11,0.87831365
CCCOC(=O)c1cccc(-c2ccnc3cc(C)ccc23)c1,457,0.651296106,0.168831169,0.21,0.895674369
CCCOC(=O)c1cccc2c1C(N)Cc1cc(C3CC3)ccc1-2,457,0.851605096,0.1625,0.04,0.785433922
CCCCCNC(=O)c1cccc(N)c1-c1ccc(C2CC2)cc1,457,0.571558627,0.141025641,0.06,0.888493514
Cc1ccc(S(=O)(=O)NCC(=O)N=CC2CC(=O)N(C)C(=O)N2C)cc1,458,0.730270397,1,0,0.725311547
Cc1ccc(S(=O)(=O)NCC(=O)N=CC2CC(=O)N(C)C2C)cc1,458,0.791448285,0.701754386,0,0.696474453
Cc1ccc(S(=O)(=O)NCC(=O)N2CC(=O)N(C)C(C)C2)cc1,458,0.834008484,0.476190476,0,0.799342993
Cc1ccc(S(=O)(=O)NC(=O)N2CC(=O)N(C)C(C)C2)cc1,458,0.860397977,0.384615385,0,0.79452863
Cc1ccc(S(=O)(=O)NC2CC(=O)N(C)C(=O)N2C)cc1,458,0.881096145,0.517857143,0.01,0.77793251
Cc1ccc(NC(=O)N2CC(=O)N(C)C(=O)C2C)cc1,458,0.783306432,0.28358209,0,0.82119477
Cc1ccc(S(=O)(=O)NC2CC(=O)N(C)C(C)C2)cc1,458,0.913543896,0.387096774,0,0.77500865
Cc1ccc(CC(=O)NC2CC(=O)N(C)C(C)C2)cc1,458,0.911100539,0.313432836,0,0.782752908
Cc1ccc(CC(=O)N2CCNC(=O)N(C)CC2C)cc1,458,0.894756115,0.25,0.02,0.802896256
Cc1ccc(CC(=O)N2CCC(C)C(=O)NC2C)cc1,458,0.894737334,0.23943662,0.02,0.756028153
Cc1ccc(CC(=O)N2CCC(C)CC2=O)c(C)c1,458,0.818454207,0.253521127,0,0.820472656
Cc1ccc(CC(=O)NC2CCC(C)C(=O)C2)cc1,458,0.9057464,0.25,0,0.796902113
Cc1ccc(CC(=O)N2CCC(C)CC2=O)cc1,458,0.801561375,0.287878788,0,0.839747312
Cc1ccc(CC(=O)N2CCC(N)CC2=O)cc1,458,0.846845979,0.28358209,0.05,0.822246082
Cc1ccc(NC(=O)N2CCC(N)CC2)cc1,458,0.77856206,0.265625,0.05,0.912846341
Cc1ccc(CC(=O)N2CCC(N)CC2)cc1,458,0.839370359,0.265625,0.06,0.91039538
Cc1ccc(CC(=O)N2CCC(N)CC(=O)C2)cc1,458,0.864389406,0.275362319,0.06,0.817794527
Cc1ccc(CC(=O)N2CCC(N)C(C)CC2)cc1,458,0.885102601,0.268656716,0.03,0.813381068
Cc1ccc(CC2(N)CCC(C(=O)O)CC2)c(Cl)c1,458,0.894408989,0.173333333,0.03,0.838824312
Cc1ccc(C(C2C(=O)CC(C)(C)CC2=O)C2C(=O)CC(C)(C)CC2=O)s1,459,0.724563239,1,0.02,0.742893697
Cc1ccc(C(C2=C(O)CC(=O)CC2=O)C2C(=O)CC(C)(C)CC2=O)s1,459,0.818689182,0.553191489,0.05,0.679761217
Cc1ccc(C(C2=C(O)CC(=O)CC2=O)C2C(=O)CC(C)(C)C=C2Cl)s1,459,0.761450014,0.428571429,0.04,0.624342342
Cc1ccc(C(C2=C(O)CC(=O)CC2=O)C2(C)C=CC(=O)CC2)s1,459,0.846504133,0.327586207,0.05,0.61791049
CC(C)(C)CC(=O)C1(C)CC(=O)CC(c2ccc(CO)cc2Cl)C1=O,459,0.823264615,0.164179104,0.01,0.694062832
CC(C)(C)CC(C(=O)O)C1(c2ccc(CO)cc2)CC(=O)C=CC1=O,459,0.856637383,0.161290323,0,0.685342817
CC(C)(C)C1CC(=O)C2(C(=O)O)C(=O)CC(c3ccc(CO)cc3)C12,459,0.822368876,0.166666667,0.01,0.655261149
CC(C)(C)CC(C(=O)O)c1ccc(C2(C)CC(=O)C=CC2=O)cc1,459,0.915593919,0.183333333,0.01,0.709931039
CC(C)(C)CC(C(=O)O)C1(c2ccc(CO)cc2)CC(=O)C=CS1,459,0.847914255,0.171875,0,0.658987115
CC(C)(C)C1CCC(=O)C(C(CO)c2ccc(C(=O)O)cc2O)C1,459,0.785795692,0.166666667,0.01,0.695685416
CC(C)(C)C1CCC(=O)C(C(Cc2ccc(CO)cc2)C(=O)O)C1,459,0.865802964,0.180327869,0.04,0.724014529
CC(C)(C)c1ccc(C(CO)C2(C)CC(=O)C=CC2=O)c(O)c1,459,0.898958591,0.2,0,0.679257086
CC(C)c1ccc(C(C)(C)C2(C)C=CC(=O)CC2C(=O)O)cc1,459,0.899962952,0.183333333,0.01,0.705943845
CC(C)c1ccc(C(C)C2(C)C=CC(=O)CC2C(=O)O)c(S)c1,459,0.801609472,0.171875,0.01,0.645731328
CC(C)c1cc(C(C)CC(=O)O)ccc1N1CC(CO)CC1=O,459,0.844914561,0.134328358,0.05,0.753422501
Cc1ccc(C(C)C)cc1C(C)C1(C)CC(C(=O)O)CC1=O,459,0.902225588,0.2,0,0.689881426
Cc1ccc(C(C)C)cc1C(C)C1(C)CC(=O)C(C=O)CC1=O,459,0.623808027,0.24137931,0.01,0.650252892
CC(C)c1ccc(C(C)C2(C)CC3CC(=O)C2C3C=O)c(O)c1,459,0.853041894,0.209677419,0.01,0.541948611
CC(C)c1cc(C(C)C)ccc1C1(C)CC(=O)C(C=O)CC1=O,459,0.624604823,0.224137931,0,0.681364526
CC(C)c1ccc(C(C)C2(C)CC3CCC2CC3C=O)c(=O)[nH]1,459,0.844735952,0.171875,0.05,0.521479054
CC(C)c1ccc(C2(C)CC(=O)C3CCC(CO)CC32)c(O)c1,459,0.89218865,0.203125,0.07,0.674784445
CC(C)c1ccc(C2(C)CC(=O)C3CCC(CO)CC32)c(F)c1,459,0.906465654,0.2,0.05,0.680619365
CC(C)c1ccc(C2(C)CC3CCC2CC3C(=O)O)c(F)c1,459,0.876393676,0.15625,0.02,0.614648835
CC(C)c1ccc(C2CC2(C)C)c(C(C)C2CC2C(=O)O)c1,459,0.816385587,0.163934426,0.02,0.671063971
CC(C)c1ccc(C(C)C2(C)CC3CCC(C2)C3=O)c(F)c1,459,0.725485226,0.196428571,0,0.608847811
Cc1cc(C(C)(C)C)ccc1C(C)C1CCC(CO)CC1=O,459,0.89970266,0.180327869,0,0.709211107
CC(C)c1cc(C(C)c2ccc(CO)cc2F)ccc1C(=O)O,459,0.864808309,0.09375,0.01,0.805304779
CCC(C)(C)c1cc(C)cc(C(C)C2CCC(CO)CC2=O)c1F,459,0.831092488,0.147058824,0.07,0.670613782
CC(C)c1cc(C(F)(F)F)ccc1C(C)C1CC(CO)CC1=O,459,0.882153628,0.158730159,0,0.68578177
CC(C)c1cc(C(C)c2ccc(CO)s2)cc(C(=O)O)c1F,459,0.860025746,0.161290323,0.03,0.755401381
CCC(C)(C)c1ccc(C(C)C2CCC(CO)CC2=O)c(F)c1,459,0.860999376,0.149253731,0.03,0.690775599
CCC(C)(C)c1ccc(C(C)C2C(=O)CC(CO)C2=O)cc1,459,0.849522518,0.210526316,0.05,0.691169647
CCC(C)(C)c1ccc(C(C)C2CCC(=O)CC2=O)c(F)c1,459,0.764420614,0.15625,0.01,0.706905724
CCC(C)(C)c1cccc(C(C)C2C(=O)CC(=O)C2C)c1,459,0.774484484,0.166666667,0.03,0.699217731
CCC(C)(C)c1cccc2c1C(C)CC(=O)N2CC(=O)O,459,0.924888866,0.123076923,0.03,0.774273719
CCC(C)(C)c1cccc2c1N(CC(=O)O)C(=O)C2C,459,0.918804215,0.111111111,0.03,0.762480826
CCOc1cc(C(C)C)ccc1C1(C)CC(=O)NCC1=O,459,0.926491242,0.177419355,0.08,0.747841731
CCOc1cc(C(C)C)ccc1N(C)CC1CC(=O)NC1=O,459,0.819407412,0.169230769,0.07,0.778465183
CCOc1cc(C(C)(C)C)ccc1N(C)CC1CC(=O)C1,459,0.825504576,0.14516129,0.03,0.833548938
O=C1CC(CO)OC(=CN2CCN(c3ccccc3)CC2)C1=O,460,0.649331469,1,0,0.746143647
O=C1CC(CO)OC(=CN2CCN(c3ccccc3)CC2)C1,460,0.914284391,0.64,0.01,0.741632908
O=C1CC(CO)OC(=CN2CCN(c3ccccc3)C2)C1,460,0.90962676,0.555555556,0.03,0.711404466
O=C1CC(CO)OC(=Cc2ccc(N3CC3)cc2)C1,460,0.837446601,0.462962963,0.01,0.752317582
O=C1CC(CO)OC(CCc2ccc(N3CC3)cc2)C1,460,0.828360718,0.392857143,0,0.760631097
OCC1CC(N2CCN(c3ccccc3)CC2)CCO1,460,0.903827937,0.444444444,0.02,0.794774911
OCC1CC(N2CCN(c3ccccc3)CC2)CO1,460,0.879944765,0.461538462,0.01,0.786929601
OCC1CC(Nc2ccc(N3CCOCC3)cc2)CO1,460,0.863133775,0.316666667,0.04,0.770911287
OCC1CN(Cc2ccc(N3CCOCC3)cc2)CCN1,460,0.83488869,0.26984127,0.04,0.815620343
CC1CN(Cc2ccc(N3CCOCC3)cc2)CC(CO)O1,460,0.902563585,0.290322581,0,0.787632089
CC1CN(Cc2ccc(-n3cccc3)cc2)CC(CCO)O1,460,0.921462455,0.188405797,0,0.766684252
CC1CN(Cc2ccc(N3CCC(=O)CC3)cc2)CC(CO)O1,460,0.910251387,0.317460317,0,0.768863406
CC1CN(Cc2ccc(NC(=O)c3ccccn3)cc2)CCO1,460,0.942641255,0.189189189,0.02,0.848099998
CC1CN(c2ccc(C=O)cc2)CC(COCc2ccccn2)O1,460,0.764085443,0.213333333,0.01,0.761625442
CC1CN(Cc2ccc(N=O)cc2)CC(c2cccc(CO)c2)O1,460,0.853800094,0.157894737,0.04,0.758019023
CC1CN(Cc2ccc(CO)cc2)CC(=Cc2ccccn2)O1,460,0.943045264,0.191780822,0.01,0.771860273
CC1CN(Cc2ccc(CO)o2)CCN1C(=O)c1ccnc(Cl)c1,460,0.856557639,0.15,0.05,0.78833347
CC1CN(Cc2ccc(C(=O)O)cc2)CC(c2ccccn2)O1,460,0.940294268,0.175675676,0.01,0.788721448
CC1=CC(N2CCN(Cc3cccc(Br)c3)CC2)=C(C=O)CCO1,460,0.737546625,0.168831169,0,0.78761449
NC1=CC(NC(=O)c2ccc(-c3ccncc3)cc2)CC(O)C1,460,0.807052832,0.126760563,0.33,0.743751052
NC1=CC(C(=O)O)=C(NCc2ccc(-c3ccncc3)cc2)C1,460,0.789277565,0.109589041,0.43,0.805117026
NC1CC(NC(=O)c2ccc(N)cc2)=C(Cc2ccncc2)C1,460,0.753109372,0.121621622,0.15,0.766067889
NC1CC(O)C(NN(Cc2ccc(-c3ccncc3)cc2)CC)C1,460,0.707411265,0.090909091,0.47,0.7031406
NC1CC(CO)C(NC(=O)c2ccc(-c3ccncc3)cc2)C1,460,0.799629676,0.14084507,0.45,0.755772132
NC1CC(CO)CC(NCc2ccc(-c3ccncc3)cc2)C1,460,0.792353742,0.126760563,0.43,0.757077243
CC1CC(NCc2ccc(-c3ccncc3)cc2)C(N)O1,460,0.903649454,0.097222222,0.44,0.740180179
CC(=O)NC(CCO)c1ccc(-c2ccncc2)cc1,460,0.876046855,0.102941176,0.61,0.84160816
CC(=O)NC(CCO)Cc1ccc(-c2ccncc2)cc1,460,0.854359096,0.1,0.64,0.835917804
CC(=O)NC(CO)Cc1ccc(-c2ccncc2)cc1,460,0.870376643,0.102941176,0.66,0.846742573
CC(=O)NC(C)Cc1ccc(-c2ccncc2)cc1,460,0.911227754,0.089552239,0.51,0.860510175
CC(=O)NC(C)Cc1ccc(-c2ccncc2N)cc1,460,0.895193624,0.109589041,0.47,0.831236274
CC(=O)NC(CN)Cc1ccc(-c2ccncc2)cc1,460,0.868681372,0.085714286,0.57,0.83949561
CC(CCC(=O)O)C1CCC2C3CCC4CC(=O)CCC4(C)C3CC(=O)C12C,461,0.743809458,1,0.01,0.630756325
CC(CCC(=O)O)C1CCC2C3CCC(=O)CC3(C)CCC(=O)C12C,461,0.823851748,0.573770492,0.02,0.634165197
CC(CCC(=O)O)C1CCC2C3CCC(=O)CC3(C)CCC(=O)C12F,461,0.83113945,0.484848485,0.02,0.610166328
CC(CCC(=O)O)C1CCC2C3CCC(=O)CC3(C)CC(=O)C12F,461,0.850435543,0.476923077,0.03,0.604054119
CC(CCC(=O)O)C1CCC2C3CCC(=O)C3(C)CC(=O)C12F,461,0.861908344,0.446153846,0.03,0.624239472
CC(CCC(=O)O)C1CCC2CCCC(=O)CC2(C)C(=O)C1F,461,0.857050119,0.371428571,0.01,0.63996007
CC(CCC(=O)O)C1CCC2CCCC(=O)CC2(C)C1=O,461,0.863715938,0.393939394,0.04,0.669804536
CC(CCC(=O)O)C1CCC2CCCC(=O)C2(C)CC1=O,461,0.863715938,0.393939394,0.01,0.681524914
CC(CCC(=O)O)C1CCC2CCCC(=O)C2(C)C1=O,461,0.803716562,0.40625,0.04,0.665132489
CC(CCC(=O)O)C1CCC2CC(=O)CCC2(C)C1=O,461,0.859166883,0.516666667,0.04,0.671641321
CC(C(=O)O)C1CCC2CCC(CC(=O)O)CC2C1=O,461,0.824305313,0.211267606,0.04,0.674192924
CC(CCC(=O)O)C1CCC2CC(=O)CCC2CC1=O,461,0.859166883,0.380952381,0.02,0.686821212
CC(CCC(=O)O)C1CCC2CC(=O)CCC2C1=O,461,0.848020587,0.375,0.02,0.684790761
CC(CCC(=O)O)C1CCC2CC(=O)CCC2C1C,461,0.846683499,0.390625,0,0.675859623
CC(C(=O)O)C1CCCC(CC(=O)O)CCC1=O,461,0.801643575,0.235294118,0.01,0.734445467
CC(C(=O)O)C1CCC2(CCC(=O)C2)CC1C,461,0.804410513,0.246376812,0.07,0.60307116
CC(C(=O)O)C1CCC2(OCCO)CCCC2C1,461,0.789788919,0.186666667,0,0.638099619
CC(C(=O)O)C1CCC2(CCC2=O)CC1O,461,0.741972045,0.23880597,0.02,0.599116001
CC(C(=O)O)C1CCCC2CC(=O)CCC21,461,0.783636183,0.257575758,0,0.687331707
CC(C(=O)O)C1CCC2(CCC(=O)C2)CC1,461,0.784084836,0.265625,0.03,0.687997933
CC(CCc1cccc2c1CCC2=O)C(=O)O,461,0.867167176,0.178082192,0.02,0.802811155
CC(CCc1cccc2c1CCC2=O)CC(=O)O,461,0.868725864,0.189189189,0.01,0.802146389
CC(CCc1ccc(O)c2c1CCC2=O)C(=O)O,461,0.855938309,0.175675676,0.01,0.776687444
CC(CCc1ccc(O)c2c1OCC2)C(=O)O,461,0.838453598,0.157894737,0.03,0.775405591
CC(=O)C(CCC(=O)O)c1ccc2c(c1)CC2,461,0.84720828,0.23880597,0.02,0.81128415
CC(CCc1cccc(O)c1)CNC(=O)C1CC1,461,0.811066412,0.153846154,0.01,0.840977466
CC(CCc1cccc(O)c1)CCC(=O)N1CC1,461,0.784850183,0.142857143,0,0.840522697
CC(=O)C(C)C(=O)CCc1ccc2c(c1)CC2,461,0.72828484,0.169014085,0.03,0.8056596
CC(CCc1ccc(O)c(CN2CC2)c1)C(=O)O,461,0.755447491,0.142857143,0,0.831766251
CC(=O)C(C)c1ccc(O)c(CN2CCCC2)c1,461,0.888943505,0.116883117,0,0.822522697
CC=C1COC(C(=O)NCCN2CCCC2)(C(F)(F)F)C=C1C=C1CCCCC1,462,0.732413935,1,0.01,0.66745784
CC=C1COC(C(=O)NCCN2CCCC2)(C(F)(F)F)C=C1C=C1CCCC1,462,0.763723326,0.981481481,0.01,0.663707822
CC=C1COC(C(=O)N2CCCC2)(NCC(F)(F)F)C=C(C2CCCC2)N1,462,0.778636987,0.296296296,0.06,0.653756446
CC=C1COC(C(=O)N2CCCC2)(NC)C=C(C(F)(F)F)C=CCCC1,462,0.75152355,0.329113924,0,0.61058899
CC=C1C=C(C(=O)NCCN2CCCC2)C(C(F)(F)F)=CC(C)(C)C1,462,0.826042072,0.410958904,0.02,0.748460144
CCOC1(C(=O)NCCN2CCCC2)C=CC(C(F)(F)F)=CC1(O)CC,462,0.715028526,0.363636364,0.06,0.651686243
CCOC1(C(=O)N2CCCC(C(F)(F)F)C2)N=CN(C)C=C1C=CC,462,0.775275784,0.195652174,0.02,0.610143978
CCOC1C=C(C(=O)NCCN2CCCC2)C(C(F)(F)F)=CC1(C)CC,462,0.742180213,0.341772152,0.02,0.678180284
COC1=CC(C(=O)NCC(F)(F)F)NCCN=C(C2CCCC2)C=C1C,462,0.796587486,0.161290323,0.06,0.628858007
COC1=CC(C(=O)NCCN2CCCC2)=NC(C)(C(F)F)C=CCCC1,462,0.732680176,0.282352941,0.07,0.648361314
COC1=CC(C(=O)N2CCCC2)=NC(NC(C)C)(C(F)F)C=C1,462,0.841338034,0.164705882,0.02,0.675427962
COC1=CC(C(=O)N2CCCC2)=NC(C)(C(F)F)C=CC(=O)CCC1,462,0.78294956,0.170454545,0.06,0.641209827
COC1=NC(=C2CCCCC2)C=CC1(C(F)F)C(=O)NCC(C)C,462,0.845137912,0.188235294,0,0.662630824
COC1=NC(=C2CCCCC2)C=CC1(C)C(=O)NCC(F)F,462,0.869755966,0.192771084,0,0.661983136
CCNC(=O)C1CCCCCCC(C)(C(F)F)c2cc(Br)c1cc2,462,0.706266762,0.157303371,0.02,0.585761813
CCNC(=O)C1CCCCCCCC(C)(C(F)F)c2cc(Br)c1cc2,462,0.649723779,0.157303371,0.02,0.588555505
CCOC(=NCC(=O)N1CCCC1)NCC(C)(C)c1ccn(C)c1,462,0.638499371,0.183908046,0.02,0.759044933
CCOC(=NCC(=O)N1CCCC1)Nc1cc(Br)c(C(C)C)cc1,462,0.604799109,0.142857143,0.03,0.805544818
CCOC(=O)NC1CCCCC(C)(C(C)=O)c2cc(Br)cnc21,462,0.855151282,0.130434783,0.03,0.712726499
CCNC(=O)C1CCCCC(C)(C(C)=O)c2cc(Br)cnc2C1,462,0.871160343,0.142857143,0.05,0.671776341
CCNC(=O)CCCCC1C(=O)C(C)(CC)c2cc(Br)ccc21,462,0.709316926,0.123595506,0.04,0.728157756
CCNC(=O)CCCCCCC(C)(CC)c1ccncc1Br,462,0.590669885,0.114942529,0.13,0.774255519
CCOC(=NCC(=O)N1CCCC1)Nc1ccncc1C(C)C,462,0.669283617,0.155555556,0.03,0.795464259
CCOC(=O)NC(CC)=C1CCCCc2cc(Br)cnc21,462,0.817774038,0.137931034,0.04,0.785578581
CCNC(=O)CC1CCCCC(C)(C)c2ccnc(Br)c21,462,0.82327728,0.134831461,0.02,0.746096521
CCNC(=O)CC1CCCCC(C)(C)c2ccncc21,462,0.915645393,0.151162791,0.06,0.777720614
CCCCNC(=O)N1CC(C)(CC)c2ccncc21,462,0.846532412,0.166666667,0.05,0.744893221
CCCCNC(=O)C1CC1(C)c1ccncc1,462,0.791283457,0.164556962,0.05,0.765655571
CCCCNC(=O)C1Cc2cc(Br)ccc2N1,462,0.839021164,0.130952381,0.04,0.812552945
CCCCC1=Nc2ccncc2C(=O)NC1,462,0.84238185,0.070588235,0.33,0.789785286
CCCCC1=NC(=O)c2ccncc2N1CC,462,0.8096931,0.070588235,0.1,0.856022623
CCCCC(=O)NC1CCCc2ccncc21,462,0.866943761,0.129411765,0.07,0.813175289
CCCCC(=O)NCCn1ccc2ccncc21,462,0.848771814,0.156626506,0.06,0.866520081
Cc1ccncc1C(=O)NCCN1CCCC1=O,462,0.853347571,0.2125,0.11,0.870801001
CCCCC(CBr)Nc1ccncc1C(=O)N1CCC1,462,0.774966601,0.134831461,0.03,0.776603032
Cc1ccncc1C(=O)NCCC1(C)CCCNC1,462,0.870110728,0.149425287,0.13,0.767947782
CCCCC(CC)NC1=NCc2ccncc2C(=O)N1,462,0.865038763,0.086956522,0.23,0.727603842
CCCCC(CN)NC(=O)c1ccncc1N1CCC1,462,0.792196594,0.134831461,0.23,0.797428032
CCCCC(CN)NC(=O)c1ccnc2[nH]ccc12,462,0.740288082,0.088888889,0.5,0.788328409
CCC(C)(CN)C(=O)Nc1ccnc2[nH]ccc12,462,0.769710109,0.104651163,0.54,0.756313466
CC1CCCC(C)N1C(=O)CSc1nc2ccccc2s1,463,0.795563316,1,0,0.785451969
CC1CCCC(C)N1C(=O)CSc1nc2ccccc2n1C1CC1,463,0.778921826,0.571428571,0.02,0.775584815
CC1CCCC(C)N1C(=O)CSc1nc2ccccc2n1C,463,0.813827064,0.592592593,0.01,0.78661178
CC1CCCC(C)N1C(=O)CSc1nc2ccccc2o1,463,0.811012784,0.592592593,0.03,0.779095302
CC1CCCCN1C(=O)CSc1nc2ccccc2o1,463,0.813540841,0.435483871,0,0.824149186
CC1CCc2ccccc2N1C(=O)CSc1ccccc1,463,0.793368809,0.344262295,0.02,0.844038514
CC1CCc2ccccc2N1C(=O)COc1ccccc1,463,0.862284946,0.261538462,0.01,0.858463735
CC1CCc2ccccc2N1C(=O)COC1=NCCC1,463,0.830011469,0.275362319,0.01,0.762994013
CC1CCc2ccccc2N1C(=O)COc1ccsc1,463,0.864491487,0.257142857,0.01,0.804241228
CC1CCc2ccccc2N1CC(=O)N1CCCOCC1,463,0.835060895,0.257142857,0,0.820619598
CC1CCN(C(=O)COc2nc3ccccc3s2)CC1,463,0.872571629,0.433333333,0,0.872489875
CC1CCN(C(=O)CSc2nc3ccccc3o2)CC1,463,0.814540058,0.387096774,0,0.878580326
CC1CCN(C(=O)COc2nc3ccccc3n2C)CC1,463,0.869303708,0.303030303,0.02,0.861463957
CC1CCN(C(=O)Cn2c(N)nc3ccccc32)CC1,463,0.907466301,0.3125,0.06,0.880028699
CC1CCN(C(=O)Cn2c(N)nc3ccccc32)C(C)C1,463,0.92072644,0.313432836,0.07,0.77706814
CCCc1cc(NCC2CCCO2)n2c(nc3ccccc32)c1C#N,464,0.768428904,1,0.01,0.766613296
CCCc1cc(NCC2CCCO2)c2nc3ccccc3n2c1C#N,464,0.768428904,0.727272727,0.01,0.756908765
CCCc1cc(NCC2CCCO2)c2nccc(C(N)=O)c2c1,464,0.859412281,0.337349398,0.12,0.789256933
CCCN(C(=O)NCC1CCCO1)c1ccc2ncccc2c1,464,0.920837239,0.325301205,0,0.804609068
CCCN(NCc1c(CO)[nH]c2ccccc12)C1CCCCC1,464,0.682763712,0.170454545,0.06,0.790218275
CCCN(Cc1c(CN)[nH]c2ccccc12)C1CCCCC1,464,0.840517582,0.162790698,0.09,0.832056513
CCCN(NCc1c(CN)[nH]c2ccccc12)C1CC1,464,0.67880438,0.149425287,0.06,0.774361223
CCCN(Cc1c(CN)[nH]c2ccccc12)C1CC1,464,0.835282064,0.141176471,0.08,0.82845667
CCCNc1cc(N2CCC2)c2ccccc2n1,464,0.89012575,0.25,0.04,0.890132507
CCCNC(=O)c1ccccc1N1CCC(CN)CC1,464,0.863882582,0.166666667,0.01,0.895708591
CCCNC(=O)c1ccccc1N1CCC(CN)C1,464,0.846377504,0.162790698,0.02,0.844872853
CCCNC(CN)c1c(-c2ccccc2)[nH]cn1,464,0.728499281,0.130952381,0.24,0.777711324
CCCNC(CC1CCCN1)c1cnc2ccccn12,464,0.848780279,0.177777778,0.12,0.715708418
CCCC(NCC1CCCN1)c1cnc2ccccn12,464,0.848780279,0.191011236,0.14,0.718984298
CCCC(NCc1ccccc1)c1cnc2n1CCC2,464,0.870047688,0.178571429,0,0.783821806
CCCCNCc1c(-c2ccccc2)nc2n1CCCC2,464,0.817737447,0.176470588,0.03,0.862231161
CCCCc1cc2ccccc2n1C1CCC(CO)NC1,464,0.884926912,0.21686747,0.05,0.74067542
NCc1ccc(NCC2CCCN2)c2ccccc12,464,0.786343069,0.172839506,0.1,0.809574959
CCc1ccc(NCC2CCCN2)c2cccnc12,464,0.881649871,0.188235294,0.14,0.800795289
CCc1ccc(NCC2CCCN2)c2ncccc12,464,0.881649871,0.188235294,0.14,0.795522487
Cc1nc2sc(C(c3ccccc3)N3CCN(CCO)CC3)c(O)n2n1,465,0.705913652,1,0,0.786046126
Cc1nc(C(c2ccccc2O)N2CCN(CCO)CC2)c(C)n1N,465,0.688393032,0.417910448,0.03,0.753822
Cc1nc(C(c2ccccc2O)N2CCN(CCO)CC2)n(C)n1,465,0.832121893,0.5,0.02,0.777969443
Cc1nc(C(c2ccccc2O)N2CCS(=O)CC2)c(CO)n1O,465,0.704321322,0.263157895,0.05,0.689868332
Cc1nc(C(c2ccccc2O)N2CCS(=O)CC2)nn1CCO,465,0.812962156,0.328767123,0.02,0.707634601
Cc1nc(C(c2ccccc2CO)N2CCS(=O)CC2)nn1C,465,0.894167699,0.283783784,0.02,0.702973491
Cc1nc(C(c2ccccc2CF)N2CCS(=O)CC2)nn1O,465,0.854533677,0.246753247,0.03,0.667900118
Cc1nc(C(c2ccccc2CF)N2CCS(=O)CC2)nn1C,465,0.853461495,0.25,0.02,0.688367574
Cc1nc(C(F)C2CCCCCCC2)nn1C1CCS(=O)CC1,465,0.833391096,0.131578947,0,0.688326164
CS(C)(C)C(c1ccccc1CF)N1CCC(CCO)=NN1,465,0.84452287,0.1875,0.04,0.653370526
CC1(C)CC(S(=O)O)CCN1c1cccc(CF)n1,465,0.867540884,0.164556962,0,0.658574001
CC1(C)CCN(S(=O)[O-])CC1c1cccc(CF)n1,465,0.799673097,0.17721519,0,0.621088498
CC(C)(F)C(c1ccccc1)N1CCNC(CO)CC1,465,0.886718694,0.271428571,0.03,0.736822783
CC1(C)CCN(C(=O)c2ccccc2F)CC(CN)N1,465,0.859339758,0.148148148,0.02,0.77997534
CC1(C)CN(C(=O)c2ccccc2F)CCC1CN,465,0.890387048,0.153846154,0.01,0.795471768
CC1(C)CN(C(=O)c2ccccc2F)CCCCCN1,465,0.856458903,0.171052632,0.01,0.818897812
CC(C)(F)c1ccccc1N1CCN2CCNCC2C1,465,0.891637688,0.126582278,0.04,0.774247027
CC(C)(c1ccccc1F)N1CCN2CCNCC2C1,465,0.886612959,0.126582278,0.04,0.759190886
CC(C)(c1ccccc1F)N1CCN2CCN=C2C1,465,0.811559906,0.131578947,0.02,0.778854106
CC1(C)CN(CCF)CCN1C(=O)c1ccccn1,465,0.832433256,0.216216216,0.04,0.81722846
CC1CN(CCF)CCN(C(=O)c2ccccc2)CCN1,465,0.914678583,0.22972973,0.03,0.772224214
CC1=NN(CCF)CCN(C(=O)c2ccccc2)CCN1,465,0.91429684,0.243243243,0.07,0.764438573
CCN1CCN(CCF)CC1c1cccc(NC=O)c1,465,0.807959917,0.144578313,0.01,0.768888322
CCN1CCN(CCF)CC1c1ccccc1NCCO,465,0.803559144,0.205128205,0.02,0.773333957
CC1(C)CN(CCF)CCN1C(=N)c1ccsc1,465,0.674618371,0.168831169,0.02,0.747355312
CC1(C)CN(CCF)CCN1C(=O)c1cccnc1,465,0.832433256,0.194805195,0.08,0.819633975
CC1(C)CN(CCF)CCN1C(=O)c1ccsc1,465,0.840850072,0.184210526,0.02,0.793863927
CCN(CCF)C(c1ccccc1)C1CNCCCN1,465,0.833522293,0.181818182,0.07,0.705303581
CCC(=NNC(=O)c1ccc2c(c1)OCO2)C12CC3CC(CC(C3)C1)C2,466,0.653251637,1,0,0.689616745
CCc1ccc(C(=O)NNCc2ccc3c(c2)CC2(CCCC2)O3)cc1,466,0.803476698,0.256756757,0,0.794047394
CCc1ccc(C(=O)NCc2ccc3c(c2)CC2(CCCC2)O3)cn1,466,0.923228105,0.240506329,0.02,0.792369671
CCc1ccc(C(=O)NCc2ccc3c(c2)CC(C)(C)O3)cc1,466,0.930162337,0.275362319,0.01,0.887387573
CCc1ccc(C(=O)NCC2(c3ccc4c(c3)OCO4)CC2)cc1,466,0.916742737,0.384615385,0.01,0.874818949
CCc1ccc(C(=O)NCC2(c3ccccc3OC)CC2)cc1,466,0.882952873,0.222222222,0,0.896578342
CCNC(=O)c1ccc(N(CC)C2CCc3ccccc3C2)o1,466,0.919978221,0.179487179,0.01,0.771585605
CCc1ccc(C(=O)NCc2ccc3c(c2)CC(C)O3)cc1OC,466,0.914929116,0.28,0.01,0.836155189
CCc1ccc(C(=O)NCc2cc3c(cn2)OC(C)C3)cc1,466,0.943546427,0.24,0.02,0.818014158
CCCc1ccc(C(=O)NCc2cc3c(cn2)OC(C)C3)cc1,466,0.921737894,0.233766234,0.02,0.815580243
CCCCc1cccc(C(=O)Nc2ccc3c(c2)COC(C)O3)c1,466,0.877917752,0.25974026,0,0.812127155
CCCc1cccc(C(=O)Nc2ccc3c(c2)COC(C)O3)c1,466,0.922576412,0.266666667,0,0.811411945
CCCc1ccccc1NC(=O)c1ccc2c(c1)OCC(C)O2,466,0.926311715,0.347826087,0.02,0.833843414
CCCc1ccccc1NC(=O)c1ccc2c(c1)COC(C)O2,466,0.922576412,0.305555556,0,0.806975581
CCc1ccccc1NC(=O)c1ccc2c(c1)OCC(CO)O2,466,0.910346876,0.352941176,0.02,0.835772551
Cc1ccccc1C(=O)NCc1ccc2c(c1)OCC(CO)O2,466,0.90644766,0.243243243,0.02,0.837238752
Cc1ccccc1OCC(=O)NCc1ccc2c(c1)OCO2,466,0.920942526,0.304347826,0,0.910145936
CC(=O)Cc1ccccc1NCc1cc2c(cn1)OCO2,466,0.91397734,0.253521127,0.04,0.848270115
CCc1ccccc1NC(=O)c1cnc2c(c1)CCCO2,466,0.940027651,0.226666667,0.02,0.863403784
CCc1cccc(C(=O)NCc2ccc3c(c2)OCO3)c1,466,0.938200881,0.380952381,0,0.91391526
CCc1cccc(C(=O)NCc2cnc3c(c2)COC3)c1,466,0.937479865,0.226666667,0.02,0.854462801
CCc1ccccc1NC(=O)c1cnc2c(c1)CC(C)OC2,466,0.944597727,0.220779221,0.02,0.796413669
CCc1cccc(OCC(=O)Nc2cnc3c(c2)COC3)c1,466,0.921679779,0.1875,0.03,0.853526705
CCc1ccc2c(c1)OCC2C(=O)Nc1cncc(OC)c1,466,0.94258095,0.215189873,0.05,0.801957503
CCc1ccc2c(c1)OCC(C(=O)Nc1ccncc1)=C2,466,0.939734607,0.216216216,0.03,0.852930392
CCc1ccc2c(c1)OCC(C(=O)Nc1ccncc1)=N2,466,0.940484244,0.232876712,0.06,0.825122826
CCc1ccc2c(c1)CCC(C(=O)Nc1ccncc1)=N2,466,0.93682064,0.173333333,0.05,0.840141994
CCc1ccc2c(c1)CCC(C(=O)Nc1ccncc1)O2,466,0.941248938,0.216216216,0.09,0.823405727
CCc1ccc2c(c1)C(NC(=O)c1cncnc1)CCO2,466,0.938380784,0.260273973,0.07,0.804053899
COc1ccc(N2C(=NC(=O)C3CCCCC3)SC3CS(O)(O)C=C32)cc1OC,467,0.704218247,0.575757576,0,0.697061405
COc1ccc(N2C(=NC(=O)C3CCCCC3)SC3CS(O)(O)CC32)cc1OC,467,0.7240924,0.650793651,0,0.702953181
COc1ccc(N=C2N(C(=O)C3CCCCC3)SC3CP(O)(O)=CC23)cc1OC,467,0.552857139,0.346153846,0.06,0.627460311
COc1ccc(N=C2N(C(=O)C3CCCCC3)SC3(C)C=CC23)cc1O,467,0.62904722,0.325,0.03,0.6590786
COc1ccc(CN=C2N3C(=NC2(C)C)SCS3(=O)=O)cc1OC,467,0.811723298,0.253164557,0.03,0.725856184
COc1ccc(CN=C2N3CCCCC3S(C)(=O)(O)C2)cc1OC,467,0.898600298,0.278481013,0.01,0.657278894
COc1ccc(CN=C2N3CCCCC3S(C)(=O)=NC2)cc1O,467,0.917618354,0.265060241,0,0.642201108
COc1ccc(CNC2N3CCCCC3(C)S(=O)C=C2O)cc1OC,467,0.834271611,0.223529412,0.03,0.653727935
COc1ccc(CNC2N3CCCCC3(O)SC2=S)cc1OC,467,0.787199895,0.231707317,0.03,0.698965605
COc1ccc(CN2C(=NS)SCC2(C)CO)cc1OC,467,0.811802947,0.266666667,0.03,0.715199174
COc1ccc(CN2C(=NS)SC2(C)CO)cc1OC,467,0.815872094,0.260273973,0.02,0.714112962
COc1ccc(CN2CSCCN(C)C2=O)cc1OC,467,0.854516555,0.226666667,0.01,0.847495284
COc1ccc(CN2CSCC2(C)C(N)=O)cc1OC,467,0.890796447,0.260273973,0.01,0.759141493
COc1ccc(CN2CCSC2(C)C(N)=O)cc1OC,467,0.890796447,0.256756757,0.05,0.760276319
COc1ccc(C=C2SCN2C(C)=O)cc1OC,467,0.841639575,0.271428571,0.04,0.824027927
COc1ccc(CN2CCSCC2C(C)=O)cc1OC,467,0.832556424,0.27027027,0,0.813731603
COc1ccc(CN2CCSCC2C(N)=O)cc1OC,467,0.881465041,0.27027027,0.02,0.815264296
CCc1ccc(CN2CCSCC2C(N)=O)cc1OC,467,0.897150461,0.225,0.01,0.798745889
CCc1ccc(CN2CCCCC2C(N)=O)cc1OC,467,0.895713519,0.263157895,0.02,0.840088746
CCc1ccc(CN(C)C(=O)C2CC2CO)cc1,467,0.862140406,0.116883117,0,0.792042196
CCc1cc(CN(C)C(=O)C2CS2)ccc1OC,467,0.765318347,0.226666667,0.01,0.80229184
CCc1cc(CN(C)C(=O)C2CC2C)ccc1O,467,0.887999887,0.126582278,0,0.788890849
CCc1cc(CN2CCCCC2=O)ccc1OCCO,467,0.866344904,0.160493827,0.03,0.879012235
COc1ccc(CN(C)C(=O)C2CC2CO)cc1,467,0.854951823,0.155844156,0,0.798692042
COc1ccc(CN(C)C(=O)C2CC2CO)cc1OC,467,0.852227453,0.243243243,0.02,0.790611929
COc1ccc(CCN(C)C(=O)C2CC2CO)cc1OC,467,0.823832109,0.253333333,0.02,0.783842694
COc1ccc(CCN2CCOCC2C(C)=O)cc1OC,467,0.795968775,0.25,0,0.819071228
c1ccc(Cn2nnnc2C(c2cccs2)N2CCSCC2)cc1,468,0.702551453,1,0,0.786756911
c1ccc(Cn2nnnc2C(C2CCSC2)N2CCSC2)cc1,468,0.828204816,0.524590164,0.03,0.691745823
c1ccc(Cn2nnnc2C(C2CC2)N2CCSC2)cc1,468,0.846880356,0.561403509,0.03,0.756635231
c1ccc(Cn2nnnc2C2CCSCC2)cc1,468,0.849295627,0.454545455,0.01,0.840283756
c1ccc(Cn2nnnc2C2CCCS2)cc1,468,0.833128616,0.389830508,0.02,0.779401361
c1ccc(CC(C2CCSCC2)N2CCC2)cc1,468,0.816525502,0.3,0.02,0.79270117
c1ccc(CC(C2CCSCC2)C2CCC2)cc1,468,0.749881744,0.254237288,0.01,0.787273304
C=CCn1nnc(CC2CCSCC2)c1CC,468,0.75390472,0.169014085,0.03,0.74882229
C=CCn1nnc(CC2CCSCC2)c1C(C)C,468,0.765551326,0.2,0.03,0.748270986
CCCC(O)Cn1nnc2cccc(SC)c21,468,0.828527922,0.150684932,0.03,0.759713842
Cc1cccc(CC(C)C2SCCC2CN)c1,468,0.886174973,0.150684932,0.03,0.692904099
Cc1cccc(CC(C)C2SCCC2CO)c1,468,0.884642637,0.150684932,0.01,0.696443843
Cc1cccc(CC2C3CCSC3C2(C)C)c1,468,0.748841245,0.154929577,0.01,0.678271086
Cc1cccc(CC(F)(F)C2CCSCC2)c1,468,0.775975013,0.179104478,0.01,0.809847303
Cc1cccc(CC(F)(F)C2CCCSC2)c1,468,0.775975013,0.152777778,0.02,0.758309034
C=CC(F)(F)CC1NCCC1Sc1ccccc1,468,0.817608268,0.121621622,0.02,0.673994413
Cc1ccnc(CC(C)C)c1C1CCCSC1,468,0.796055184,0.135135135,0.11,0.743829547
C=CC(F)(F)CC1CSCCN1Cc1ccccc1,468,0.755886692,0.268656716,0.01,0.747645788
Cc1cncc(OC(F)(F)C2CCCSC2)c1,468,0.829037506,0.090909091,0.05,0.724730509
CCCC(F)(F)CC1CSCCN1Cc1ccccc1,468,0.764255816,0.264705882,0,0.762026514
CC(F)CC1CSCCN1Cc1ccccc1,468,0.809293289,0.301587302,0.01,0.753227183
NC(C)(F)CC1CSCCN1Cc1ccccc1,468,0.851279885,0.276923077,0.01,0.738735288
CC(C)(F)CC1CSCCN1Cc1ccccc1,468,0.817278831,0.28125,0.02,0.778989448
CC(C)CC(S)Cc1nccc2ccccc12,468,0.799422884,0.117647059,0.03,0.782448137
Cc1cnccc1SC(C)(F)Cc1ccccc1,468,0.756035596,0.142857143,0.1,0.774538769
Cc1cnccc1CC(N)Cc1ccccc1,468,0.869614302,0.166666667,0.13,0.845675132
Cc1cccc(OC(C)C)c1CC1CNCCS1,468,0.903950152,0.131578947,0.04,0.740791861
Cc1cncc(SC(C)C)c1Cc1ccccc1,468,0.748911971,0.164179104,0.04,0.855432373
Cc1cnccc1CC(N)Cc1ccccc1OCCN,468,0.813792829,0.103896104,0.25,0.808233445
Cc1cnccc1C(N)CC1CC(Cc2ccccc2)CN1,468,0.891301518,0.151898734,0.24,0.723542956
Cc1cnccc1C(N)CC1CN(Cc2ccccc2)CCO1,468,0.922191833,0.207792208,0.1,0.775843478
Cc1cnccc1C(NC1CCSCC1)Oc1ccccc1,468,0.847372256,0.191780822,0.14,0.757943388
Cc1cnccc1C(N)C(Cc1ccccc1)OC1CCSC1,468,0.881190018,0.189873418,0.25,0.696992283
Cc1cnccc1C(N)C(Cc1ccccc1)CC1CCSCC1,468,0.822108139,0.213333333,0.2,0.731574233
Cc1cnccc1C(N)C(Cc1ccccc1)OC1CCNCC1,468,0.85723685,0.164556962,0.22,0.738511815
Cc1cnccc1C(N)Cc1ccccc1OC1CCNCC1,468,0.891200882,0.12195122,0.23,0.789292191
Cc1cnccc1C(N)Cc1ccccc1CC1CCNCC1,468,0.891698771,0.126582278,0.21,0.785387254
Cc1cnccc1C(N)Cc1ccccc1CC1CC1,468,0.897966088,0.12,0.16,0.805576851
Cc1cnccc1C(Cc1ccccc1)C(N)CCN,468,0.845987279,0.152777778,0.18,0.764234876
Cc1cnccc1C(Cc1ccccc1)C1CCNCC1,468,0.923083035,0.180555556,0.2,0.792533742
CC1CCCN(Cc2c(C(=O)N3CCc4ccccc4C3)nc3ccc(Cl)cn23)C1,469,0.62699936,1,0,0.783081294
CC1CCCN(Cc2c(C(=O)N3CCc4ccccc4C3)nc(Cl)n2C)C1,469,0.810168804,0.727272727,0.01,0.773807208
CC1CCc2nc(C(=O)N3CCCC3)c(Cc3ccccc3)n2C1,469,0.869123417,0.394736842,0,0.792604976
CC1CCc2c(C(=O)N3CCc4ccccc4C3)c(C)nn2C1,469,0.812056469,0.438356164,0.01,0.768085605
CCc1c(C(=O)C2CCc3ccccc3C2)nc(C)n1CCO,469,0.863778625,0.261904762,0.03,0.765502248
CCc1nc2c(C)cccc2n1CC(=O)N1CCC(C)CC1,469,0.872863587,0.223529412,0.01,0.867268152
CCCCn1c(C(=O)C2CCc3ccccc32)cc(C)c1CO,469,0.819307241,0.202247191,0.02,0.760844023
CCCCc1c(C(=O)N2CCc3ccccc32)nc(C)n1C,469,0.868383713,0.280487805,0,0.841759715
CCCc1c(C=O)n(Cc2ccccc2C)c2c1C(=O)CC2,469,0.788236761,0.144444444,0.01,0.810715795
CCCc1ccccc1C(=O)c1cc(C)n(CC2CC2)c1C,469,0.708069723,0.16091954,0,0.867734535
CCCc1nc2ccccc2n1CC1CCC(=O)CC1O,469,0.939902092,0.179775281,0.03,0.75844043
CCCc1c(O)cccc1C(=O)C1CCC(=O)NC1C,469,0.829392274,0.159090909,0.04,0.731774447
CCCC(=O)c1c(C)cccc1CC1CCC(=O)CC1O,469,0.846157156,0.157303371,0.02,0.737844285
CCc1c(O)cccc1C(=O)C1CCC(=O)CC1C#N,469,0.857099047,0.146067416,0.03,0.708333048
Cc1ccccc1SCC1CCC(=O)C1C(=O)NC1CC1,469,0.67175703,0.159090909,0.01,0.747759405
Cc1ccccc1C(O)C1CCC(=O)CC1CN1CCCC1,469,0.928722854,0.226190476,0.01,0.732436405
Cc1ccccc1SCc1c(O)n(C)cc(C=O)c1=O,469,0.693765879,0.123595506,0.01,0.799955339
Cc1ccccc1C(O)C1CCCC1N1CCC(=O)CC1,469,0.929063511,0.180722892,0.04,0.728524984
Cc1cccc(O)c1C1CCC(=O)C1CN1CCOCC1,469,0.925527703,0.183908046,0.02,0.747949405
Cc1cccc(O)c1C(=O)C1CCC(=O)NC1CO,469,0.702984525,0.149425287,0.02,0.728064533
Cc1cccc(O)c1C(O)C1CCC(=O)NC1CO,469,0.644759104,0.134831461,0.02,0.687724846
Cc1cccc(O)c1CN1CCCC2C(=O)NCC21,469,0.845114852,0.197674419,0.04,0.736684169
Cc1cccc(O)c1CNC1CCC(=O)NC1CO,469,0.635489689,0.133333333,0.06,0.725287599
Cc1cccc(O)c1CN(C)C1CCC(=O)NC1C,469,0.873072122,0.16091954,0.02,0.724663646
Cc1cccc(O)c1OCc1cccn1CCC=O,469,0.811344003,0.098901099,0.01,0.811434733
Cc1cccc(O)c1OCC1CCC(=O)NC1CO,469,0.7575842,0.133333333,0.03,0.725588325
Cc1ccccc1OCC(=O)N1CCC(CO)CC1,469,0.897463259,0.2,0,0.906331599
CCCOC1C(=O)NCC1OCc1ccccc1C,469,0.851131714,0.112359551,0.03,0.741087303
CCCOC1CCN(CC(=O)c2ccccc2C)CC1,469,0.747281162,0.192771084,0,0.891032478
CCCOC1CCN(Cc2ccccc2C(=O)NC)CC1,469,0.87469439,0.2,0,0.884114726
CCCOC1(C(=O)NC)CCc2ccccc2C1=O,469,0.839706646,0.164705882,0,0.754816878
CCCOC1CCN(CC(=O)NC)C1c1ccccc1C,469,0.873729017,0.168539326,0.04,0.763762012
CCCOc1c(C)cccc1C(=O)N1CCC(CO)CC1,469,0.907007345,0.186046512,0.01,0.882003092
CCCOc1ccccc1C(=O)N1CCC(CO)CC1,469,0.8982921,0.207317073,0.01,0.903966351
CC(=O)N1N=C(c2cccc([N+](=O)[O-])c2)OC1c1ccccc1Cl,470,0.629179111,1,0.01,0.791163395
NC(=O)N1N=C(c2cccc([N+](=O)[O-])c2)OC1c1ccccc1Cl,470,0.679572352,0.814814815,0.05,0.77654847
NC(=O)N1N=C(c2ccccc2)OC1c1cccc([N+](=O)[O-])c1,470,0.692239551,0.540983607,0.01,0.787872662
NC(=O)N1N=C(c2ccccc2)OC1c1cccc(Cl)c1Cl,470,0.907102747,0.5,0.03,0.785388103
NC(=O)N1N=C(c2ccccc2)OC1c1cccc(Cl)c1,470,0.925724205,0.40625,0.02,0.797932932
CC(=O)N1N=C(c2ccccc2)OC1c1cccc(C)c1,470,0.847149316,0.483333333,0,0.815116521
CC(=O)N1OC(c2ccccc2)=NC1c1ccccc1,470,0.838294178,0.28125,0.03,0.779201971
CC(=O)N1OC(c2ccccc2)=NC1(C)C(C)=O,470,0.794741775,0.28125,0.03,0.72008556
CC(=O)N1N=C(c2ccccc2)OCC1(C)CC,470,0.803710607,0.298507463,0.02,0.766631928
CC(=O)N1OC(c2ccccc2)C1C(C)=O,470,0.756465223,0.245901639,0.01,0.733534662
CC(=O)N1N=C(COc2ccccc2)C1CO,470,0.831385772,0.287878788,0.01,0.774551663
CC(=O)N1N=C(COc2ccccc2)C1CN,470,0.828124806,0.303030303,0.04,0.768090124
CC(=O)N1N=C(COc2ccccc2)C1=O,470,0.753871134,0.205882353,0,0.830201622
CC(=O)N1N=C(COc2ccccc2)C(C)C1,470,0.79858841,0.228571429,0.01,0.775745252
CC(=O)N1N=C(CO)C1c1cccc(C)c1,470,0.81172801,0.287878788,0.04,0.759171079
CC(=O)N1N=C(CO)C1Cc1cccc(C)c1,470,0.848581097,0.298507463,0.04,0.757824903
CC(=O)N1N=C(COCCCN)C1c1cccc(C)c1,470,0.802120998,0.253333333,0.04,0.75531512
CC(=O)N1N=C(COc2ccccc2)C(C)=C(C)C1,470,0.835966905,0.191780822,0,0.797694933
CC(=O)N1N=C(CO)C1C(C)=Cc1cccc(C)c1,470,0.900914228,0.267605634,0.03,0.728879756
CC(=O)N1N=C(c2ccccc2)C1COc1cccc(C)c1,470,0.869564875,0.314285714,0.03,0.809386319
CC(=O)N1N=C(c2cccc(O)c2)C1Cc1ccccc1,470,0.939112141,0.328358209,0.01,0.801776521
CC(=O)N1N=C(c2cccc(O)c2)C1Cc1cccc(C)c1,470,0.946036295,0.295774648,0.01,0.789423339
CC(=O)N1N=C(c2cccc(N)c2)C1COc1ccccc1,470,0.879887842,0.309859155,0.16,0.796644927
CC(=O)N1N=C(c2cccc(N)c2)C1COc1cccc(C)c1,470,0.882703689,0.28,0.14,0.78644284
CC(=O)N1N=C(c2cccc(N)c2)C1COCc1cccc(C)c1,470,0.860344783,0.272727273,0.15,0.779006773
CC(=O)N1N=C(c2cccc(N)c2)C1COCc1cccc(F)c1,470,0.858304972,0.269230769,0.15,0.776687542
CC(=O)N1N=C(c2cccc(N)c2)C1COc1cccc(F)c1,470,0.881499203,0.276315789,0.17,0.782562603
CC(=O)N1N=C(c2cccc(N)c2)C1Cc1cccc(F)c1,470,0.885245081,0.287671233,0.11,0.785159071
CC(=O)N1N=C(c2cccc(N)c2)C1c1cccc(OC)c1,470,0.884920749,0.273972603,0.13,0.796242197
CC(=O)N1N=C(c2cccc(N)c2)C1c1cccc(O)c1,470,0.828794276,0.285714286,0.11,0.782716339
CC(=O)N1N=C(c2cccc(N)c2)C1c1ccc(O)o1,470,0.815492137,0.295774648,0.11,0.719539845
CC(=O)N1N=C(c2cccc(N)c2)CC1c1ccco1,470,0.851501913,0.287671233,0.02,0.796890751
CC(=O)N1N=C(c2cccc(N)c2)C2=C1CCCO2,470,0.794279652,0.223684211,0.02,0.797652966
CC(=O)N1N=C(c2cccc(N)c2)CC1(C)I,470,0.368400479,0.260869565,0.15,0.735065542
CC(=O)N1C(N)=NCC1c1cccc(NC)c1,470,0.797042398,0.202702703,0.03,0.75759708
CC(=O)N1C(N)=NCCC1c1cccc(NC)c1,470,0.826813034,0.197368421,0.05,0.756019005
CC(=O)N1CC(N)=NCC1c1cccc(NC)c1,470,0.817130311,0.202702703,0.04,0.737618697
CC1=NC(=Cc2cc(Br)cc(Br)c2O)C(=O)O1,471,0.617429999,1,0.02,0.798363468
CC1=NC(=Cc2cc(Br)cc(Br)c2O)C(=O)N1,471,0.757161256,0.6,0.13,0.768690558
CC1=NC(=Cc2cc(Br)ccc2O)C(=O)N1,471,0.77373412,0.384615385,0.21,0.789557862
CC1=NC(=Cc2c(Br)cccc2Cl)NC1=O,471,0.850765024,0.24137931,0.14,0.751971848
CCCC1=NC(=Cc2c(Br)cccc2Br)NC1,471,0.853638581,0.183333333,0.12,0.731586726
CCCC1=NC(=Cc2cc(Br)ccc2O)N1,471,0.892804731,0.263157895,0.07,0.779858911
CC1=NC(=Cc2cc(Br)ccc2O)NC1=O,471,0.827115881,0.333333333,0.24,0.763070799
CC1=NC(=Cc2cc(Br)ccc2O)NC(=O)C1,471,0.835579023,0.321428571,0.15,0.763886474
CC1=NC(=Cc2cc(Br)ccc2O)C(=O)NCC1,471,0.782959159,0.350877193,0.41,0.785578696
CC1=NC(=Cc2cc(Br)ccc2O)C(=O)NC1=O,471,0.610920576,0.377358491,0.34,0.7969941
CC1=NC(=Cc2cc(Br)ccc2O)C(=O)NCCC1,471,0.780833405,0.338983051,0.36,0.786326283
CC(NC(=O)c1ccc2c(c1)OCO2)C(c1cccs1)N1CCN(C)CC1,472,0.854701628,0.813559322,0,0.768940459
CC(NC(=O)c1ccc2c(c1)OCO2)C(C)N1CCN(c2ccccc2)CC1,472,0.863175284,0.716666667,0,0.789889909
CC(NC(=O)c1ccc2c(c1)OCO2)C(C)N1CCN(C2CC2)CC1,472,0.880339905,0.5,0,0.770677278
CC(NC(=O)c1ccc2c(c1)OCO2)C(C)N1CCN(C)CC1,472,0.902770016,0.555555556,0,0.779608918
CCC(Nc1ccc2c(c1)OCO2)C(C)N1CCN(C=O)CC1,472,0.810022951,0.311688312,0.01,0.730775061
CCC(Nc1ccc2c(c1)OCO2)C(C)N1CCN(C)CC1,472,0.902795345,0.310810811,0.02,0.761520753
CCC(N)c1ccc2c(c1)CCN2C(C)N1CCOCC1,472,0.921881988,0.154761905,0,0.742444276
CCC(C)Nc1ccc2c(c1)CNCC2N1CCOCC1,472,0.892093231,0.146067416,0.02,0.746916782
CCC(C)Nc1ccc(C(O)N2CCN3CCCC3C2)cc1,472,0.87703201,0.149425287,0,0.736539213
CCC(O)Nc1ccc2c(c1)CCC2N1CCN(C)CC1,472,0.832376069,0.139534884,0,0.747249148
CC(=O)Nc1ccc2c(c1)CCCN2C(C)N1CCOC1,472,0.924600569,0.183908046,0,0.767861906
CC(=O)Nc1ccc(C(C)N2CCN3CCCCC3C2)cc1,472,0.932252926,0.178571429,0.01,0.804784245
CC(=O)Nc1ccc(C(C)N2CCN3CCCCC32)cc1,472,0.928299438,0.154761905,0.02,0.773582225
CC(=O)Nc1ccc(C(C)N2CCN3CCCC3C2)cc1,472,0.927504035,0.180722892,0.01,0.805339148
CC(=O)Nc1ccc(C(C)N2CCN(C3CC3)CC2)o1,472,0.915151023,0.205128205,0.02,0.768233801
CC(=O)Nc1ccc(C(C)N2CCN(C)CC2)cc1F,472,0.920045349,0.217948718,0,0.834816738
CC(=O)Nc1ccc(N2CCN3CCCCC3C2)cc1,472,0.897985446,0.1875,0.02,0.853330088
CC(=O)Nc1ccc(N2CCN3CCCC3C2)cc1,472,0.881244784,0.189873418,0.02,0.85439924
CC(=O)Nc1ccc(N2CCNCC2CO)cc1C,472,0.751831399,0.149425287,0.07,0.804049389
CC(=O)Nc1ccc(N2CCNCC2CO)cc1,472,0.726028469,0.144578313,0.08,0.817556266
CC(=O)Nc1ccc(N2CCNCC2)c(C)c1,472,0.810465231,0.166666667,0.04,0.896768777
Cc1ccccc1-n1ncc2c1CC(C)(C)CC2NC(=O)c1ccncc1,473,0.767351212,0.725806452,0,0.791897318
Cc1ccccc1-n1ncc2c1CC(C)(C)CC2NCc1cncnc1,473,0.780357422,0.567164179,0.07,0.76873351
Cc1ccccc1-n1ncc2c1CC(C)(C)CC2NCc1cnc[nH]1,473,0.764037788,0.542857143,0.07,0.763233282
CC(C)(C)n1ncc2c1CC(N)CC2c1cnc2ccccc2c1,473,0.745220871,0.172413793,0.06,0.702374407
Cc1cccc2c1nc(C(C)(C)F)n2C1CCc2cncnc2C1,473,0.713529463,0.150537634,0.16,0.726841615
CC(C)n1ncc2c1CC(N)CC2c1cc2cccnc2cc1F,473,0.78400469,0.175824176,0.13,0.695734362
Cn1ncc2c1CC(O)(Cc1cc(C(F)F)nc3ccccc13)C2,473,0.803610496,0.179775281,0.01,0.718325325
Cn1ncc2c1CC(F)(CN)Cc1cn(-c3cccnc3)nc1-2,473,0.776681875,0.175824176,0.15,0.696276281
Cn1ncc2c1CC(O)(Cc1cc(CN)nc3ccccc13)CC2,473,0.771850172,0.175824176,0.11,0.731147891
Cn1ncc2c1CC(O)(Cc1cc(CN)cnc1F)C(F)CCC2,473,0.834978215,0.145833333,0.14,0.652266003
Cn1ncc2c1CC(F)(CN)CCc1cc(OC(C)C)ncc1-2,473,0.943691707,0.127659574,0.15,0.686113883
Cn1ncc2c1CC(CN)(OCc1cc(CF)cnc1F)C(O)CC2,473,0.623533957,0.141414141,0.12,0.632189938
Cn1ncc2c1NC(C)(C)Cc1cc(CNCCCF)ncc1-2,473,0.832644726,0.139784946,0.11,0.741893372
Cn1ncc2c1CC(CN)(Oc1cc(CF)nc3cccnc13)C2,473,0.789023807,0.170212766,0.12,0.676354802
Cn1ncc2c1CNC(F)(Cc1cc(CN)ccc1O)C(O)C2,473,0.617732138,0.147368421,0.22,0.64967292
Cn1ncc2c1NC(C)(C)CC2OCc1cc(CN)ccc1F,473,0.909607293,0.175824176,0.16,0.710751623
Cn1ncc2c1CNC(F)(Cc1cc(CN)ccc1O)CCC=N2,473,0.751444415,0.132653061,0.18,0.601201253
Cn1ncc2c1CNC(C)(Cc1cc(CN)ccc1F)CCC=N2,473,0.909356777,0.134020619,0.16,0.623413018
Cn1ncc2c1NC(C)(C)CCN(Cc1cc(CN)ccc1F)C2,473,0.907603963,0.125,0.14,0.78208282
Cn1ncc2cc(OCc3c(CN)cccc3F)c(CCN)nc21,473,0.717218589,0.106382979,0.12,0.798089442
CC1c2ccc(OCc3ccncc3F)cc2C(CN)CCN1C,473,0.935471287,0.161290323,0.27,0.730523502
CC(C)c1ccc(OCc2c(CN)cnc3c2CCC=N3)c(F)c1,473,0.901669469,0.091836735,0.19,0.774197134
CC1(Cc2ccc(CF)cn2)CN(Cc2ccncc2N)CCC1O,473,0.870725686,0.180851064,0.19,0.69010263
CC(C)c1ccc(OCc2c(CN)cnc3c(F)cncc23)cn1,473,0.778300748,0.085106383,0.25,0.795689895
CC(C)c1ccc(OCc2c(CN)nc3c(CCCl)nccn23)cn1,473,0.655735732,0.104166667,0.22,0.763772639
CC(C)c1ccc(OCc2c(CN)cnc3ccncc23)c(F)c1,473,0.771895213,0.11827957,0.27,0.834164329
CC(C)c1ccc(OCc2c(CN)cnc3ccncc23)s1,473,0.776886572,0.122222222,0.24,0.779587515
CCc1ncc(OCc2ccncc2F)c2c1CC(N)CC2,473,0.942591019,0.130434783,0.26,0.743349933
CCc1ccc(OC2CC(CN)Cc3ccncc32)cc1F,473,0.940840442,0.153846154,0.19,0.725579116
CCc1ncc(C2CCC(N)Cc3ccncc32)c(F)n1,473,0.679712246,0.16091954,0.25,0.69510402
CCc1ccc(C2CCC(N)Cc3ccncc32)c(F)c1,473,0.856113222,0.149425287,0.2,0.750344276
NCc1ccc(C2CCC(Cc3ccncc3)CC2O)s1,473,0.912170394,0.139534884,0.13,0.70715395
NCc1ccc(C2CCC(Cc3ccncc3)CC2O)cc1,473,0.911468204,0.146341463,0.14,0.757529735
NCc1cnc(N2CCC(N)Cc3ccncc32)c(F)c1,473,0.874253309,0.144444444,0.33,0.747680624
NCc1ncc(C2CCC(=O)Cc3ccncc32)cn1,473,0.831737489,0.154761905,0.25,0.728418151
NCc1cnc(C2CCC(Nc3ccncc3)CC2)c(O)c1,473,0.808030206,0.180722892,0.34,0.826051224
NCc1cnc(C2CCC(c3ccncc3)CC2CO)cn1,473,0.90138105,0.164705882,0.38,0.693610264
NCc1cnc(C2CCC(c3ccncc3)CC2=O)cn1,473,0.930099313,0.168674699,0.37,0.717244398
NCc1cnc(C2CCC(n3cccn3)CC2=O)cn1,473,0.906297442,0.136363636,0.17,0.683250531
NCc1cnc(C2CCC(n3ccnc3)CC2=O)cn1,473,0.906297442,0.123595506,0.27,0.677910212
NCc1ncc(C2CC(=O)NC2c2ccncc2)cn1,473,0.854000167,0.160493827,0.25,0.71076565
Cc1nnc2n1N=CC=C(c1ccccc1)S2,474,0.77153947,1,0.03,0.7603032
Cc1nnc2n1NC=CC=C(c1ccccc1)S2,474,0.726293535,0.31372549,0.04,0.819373709
Cc1nnccc1SCC1NN=C2c3ccccc3N21,474,0.873079608,0.149253731,0.1,0.682920894
Cc1nnccc1SCC1NN=C2C=CC=CC=C2O1,474,0.86313076,0.128571429,0.08,0.609618156
Cc1nccc(SCCN2NC=Cc3ccccc32)n1,474,0.690411112,0.153846154,0.02,0.774654322
Cc1nccc(N2NC=CC=Cc3ccccc32)n1,474,0.720637824,0.157894737,0.13,0.82036831
Cc1nccc(N2NNC=CC=Cc3ccccc32)n1,474,0.829298516,0.140625,0.13,0.713564179
Cc1nccc(N2CONC=CC=C2c2ccccc2)n1,474,0.916144165,0.245901639,0.16,0.762424461
Cc1ncccc1OCCN1N=CC=C(c2ccccc2)N1,474,0.920699283,0.271186441,0.11,0.793068476
Cc1nccc(N2CCOC=CC=C2c2ccccc2)n1,474,0.845993635,0.229508197,0.07,0.793805603
Cc1ncccc1OCCC1=NCC=C(c2ccccc2)N1,474,0.920541519,0.171875,0.13,0.797852382
c1ncc2c(n1)NCC=C(CCCc1ccccc1)C2,474,0.861011489,0.106060606,0.12,0.803899954
c1ncc(C2CC=CC=CC2Cc2ccccc2)nn1,474,0.852234156,0.123076923,0.13,0.703018223
c1cnc(N2CC=C(c3ccccc3)CC2CO)nc1,474,0.925250377,0.169491525,0.06,0.784555314
c1ccc(N2CC=CCC2COc2ccccc2)nc1,474,0.79396049,0.147540984,0.09,0.800917391
c1ccc(C2CC=C(OCc3ccccc3)CN2)cn1,474,0.922307655,0.106060606,0.06,0.769758417
c1ccc(C2CC=CC(c3ccccc3)CN2)c(O)n1,474,0.820674534,0.107692308,0.13,0.711535537
c1ccc(C2CC=CC(c3ccccc3)=NC2)c(O)n1,474,0.903989839,0.155172414,0.05,0.742908638
c1ccc(C2CC=C(OCc3ccccc3)CN=C2)nc1,474,0.853488021,0.107692308,0.02,0.746796155
c1ccc(N2CC=CC(CNCc3ccccc3)=N2)cc1,474,0.908489402,0.13559322,0.04,0.825735568
c1ccc(N2CC=C(C3CC3c3ccccc3)CN2)cc1,474,0.85910845,0.137931034,0.03,0.72889982
c1ccc(N=CC2CCNCC2c2ccccc2)c(O)c1,474,0.845330225,0.111111111,0.04,0.739571315
c1ccc(N2CCCCC2=NC2CC2c2ccccc2)cc1,474,0.804296247,0.114754098,0,0.764916668
c1ccc(C2CCNCC2c2ccnc(NC3CC3)n2)cc1,474,0.910105377,0.104477612,0.44,0.755935976
c1ccc(N2CCNCC2c2ccnc(NC3CC3)n2)cc1,474,0.905471302,0.115942029,0.57,0.782190252
c1ccc(N2CCCCC2c2ccnc(NC3CC3)n2)cc1,474,0.931356943,0.121212121,0.39,0.80708185
c1ccc(C2CCCCN=C2c2ccnc(NC3CC3)n2)cc1,474,0.934230493,0.102941176,0.61,0.774608538
c1ccc(N2CCCCN=C2c2ccnc(NC3CC3)n2)cc1,474,0.942803493,0.115942029,0.58,0.834055008
c1ccc(N2CCNCC2c2ccnc(Nc3ccccc3)n2)cc1,474,0.767561363,0.119402985,0.72,0.804460256
COC(=O)c1ccc(C2CC(=O)N=C(C)C2C(=O)OC)cc1,475,0.794300005,1,0,0.769952938
COC(=O)c1ccc(C2CC(=O)N=C(C)C2C(=O)O)cc1,475,0.8538764,0.813953488,0,0.769963453
COC(=O)c1ccc(C2CC(=N)CC2(C)C(=O)O)cc1,475,0.829360018,0.4,0,0.732448251
COC(=O)c1ccc(C2CC(=N)NC2(C)CO)cc1,475,0.716556528,0.385964912,0,0.705126959
COC(=O)c1ccc(C2CC(=N)NC2=O)c(C)c1,475,0.773185756,0.362068966,0.01,0.757273629
COC(=O)c1ccc(C2CC(C)=NC2C(=O)O)cc1,475,0.842666514,0.5,0,0.757843527
COC(=O)c1ccc(C2CC(C)=NC2CO)cc1,475,0.828216071,0.490196078,0,0.744508349
COC(=O)c1ccc(C2CC(C)=NCC2CO)cc1,475,0.846894599,0.471698113,0,0.743480052
COC(=O)c1ccc(C2CC(C)=NCC2C(=O)O)cc1,475,0.857212215,0.480769231,0,0.752329132
COC(=O)c1ccc(C2CC(C)=NCC2=O)cc1,475,0.748602515,0.470588235,0,0.772737158
COC(=O)c1ccc(C2CC(C)=NC2=S)c(F)c1,475,0.609371691,0.355932203,0,0.755925435
COC(=O)c1ccc(C2CC(C)=NC2=S)cc1,475,0.595547191,0.48,0.01,0.776088733
COC(=O)c1ccc(C2CC(C)=NC2=O)cc1,475,0.730804485,0.531914894,0,0.794407554
COC(=O)c1ccc(C2CC(C)=NC2=O)cc1F,475,0.75393354,0.368421053,0,0.770405184
CCC(=O)c1ccc(C2NC(C)=NC2=S)cc1F,475,0.673942778,0.212121212,0.07,0.732932028
COC(=O)c1ccc(C2CNCCN2CC(F)F)cc1,475,0.854307447,0.333333333,0.01,0.799127757
COC(=O)c1ccc(C2CNCCN=C2C(F)F)cc1,475,0.861016807,0.35,0.01,0.749720065
COC(=O)c1ccc(C2CNCCN=C2CC(F)F)cc1,475,0.867107057,0.333333333,0.01,0.744460537
COC(=O)c1ccc(C2CC(C)=NCC2=O)cc1F,475,0.767945291,0.327868852,0,0.750621177
CCC(c1ccc(C(F)F)cc1)C1CC(=O)NCC1=NC,475,0.909002776,0.144927536,0.06,0.67257532
CCC(c1ccc(C(F)F)cc1)C1CC(=O)N=CC1=NC,475,0.831738938,0.161764706,0.01,0.65153341
COC(=O)c1ccc(C2CC(F)CNc3ncccc32)cc1,475,0.865654326,0.333333333,0.05,0.747130032
COC(=O)c1ccc(C2CC(=O)Nc3ncccc32)cc1,475,0.858399717,0.413793103,0.03,0.812633445
COC(=O)c1ccc(C2CC(=O)NC2NCC(F)F)cc1,475,0.80312632,0.421052632,0.03,0.72178089
COC(=O)c1ccc(C2CC(=O)C=C2NCC(F)F)cc1,475,0.846686613,0.379310345,0,0.74661562
COC(=O)c1ccc(-c2cnc(C)nc2)c(F)c1,475,0.763248422,0.298245614,0.07,0.883291619
COC(=O)c1cc2c(cc1-c1cccnc1)CC(F)CN2,475,0.862500705,0.228571429,0.19,0.758589342
COC(=O)c1cccnc1-n1c(C)ccc1CC(F)F,475,0.808840381,0.205882353,0.04,0.807926248
COC(=O)c1cccnc1-c1ccc(OC)cc1F,475,0.796911097,0.2,0.14,0.896977952
COC(=O)c1cccnc1-c1ccc(CCCF)cc1,475,0.783318578,0.196969697,0.14,0.884700764
COC(=O)c1cccnc1-c1ccc(CO)cc1F,475,0.860093568,0.194029851,0.13,0.882448779
COC(c1ccc(-c2cccnc2)cc1)C1CC1F,475,0.83089541,0.134328358,0.14,0.749581344
COC(c1ccc(-c2nccnc2F)cc1)C1CNC1,475,0.92730425,0.132352941,0.27,0.756185758
COC(=O)c1ccc(-c2cccnc2)cc1C(F)F,475,0.795779558,0.2,0.21,0.871295513
COC(=O)c1ccc(-c2cccnc2CC2CNC2)cc1,475,0.874255411,0.301587302,0.14,0.867974726
COC(=O)c1ccc(-c2cccnc2C2CCC2)cc1,475,0.793880031,0.322033898,0.13,0.899120467
COC(=O)c1ccc(-c2cncnc2CCCF)cc1,475,0.786645703,0.274193548,0.21,0.848164462
COC(=O)c1ccc(-c2cnc3cccnc3c2)cc1,475,0.667337682,0.293103448,0.18,0.91116335
COC(=O)c1ccc(-c2cncnc2C2CC2F)cc1,475,0.806116065,0.333333333,0.2,0.766909596
COC(=O)c1ccc(-c2cnc3cccnc3c2)cc1F,475,0.677115683,0.194029851,0.19,0.888387034
COC(=O)c1ccc(-c2cnccc2C2CC(F)CN2)cc1,475,0.885591823,0.287878788,0.39,0.748870692
COC(=O)c1ccc(-c2cnccc2C2C=CC(F)=C2)cc1,475,0.802122736,0.276923077,0.41,0.764209518
COC(=O)c1ccc(-c2cnccc2CCCC(=O)O)cc1,475,0.82983164,0.26984127,0.35,0.891906613
CCC(=O)c1ccc(-c2cnccc2CCCC(=O)O)cc1,475,0.790304793,0.144927536,0.35,0.880665919
CCC(=O)c1ccc(-c2cnccc2C=CC(=O)O)cc1,475,0.673069297,0.147058824,0.37,0.86301978
CCC(=O)c1ccc(-c2cnccc2CCC(=O)OC)cc1,475,0.605097144,0.194029851,0.36,0.879779814
CCC(=O)c1ccc(-c2cnccc2COC(C)=O)cc1,475,0.623049752,0.164179104,0.34,0.879115999
CCC(CC)c1ccc(-c2cnccc2C(=O)OC)cc1,475,0.761492624,0.203125,0.37,0.875508698
CCC(C)c1ccc(-c2cnccc2C(=O)OCC)cc1,475,0.761492624,0.161764706,0.34,0.843912688
CCC(C)c1ccc(-c2cnccc2C(=O)OC)cc1,475,0.785983288,0.2,0.35,0.84435523
CN(Cc1ccncn1)C(=O)C1CCC(=O)N(Cc2cccc(C(F)(F)F)c2)C1,476,0.765994817,1,0.03,0.782582094
CN(Cc1ccncc1)C(=O)C1CCC(=O)N(Cc2cccc(C(F)(F)F)c2)C1,476,0.765263911,0.8,0.02,0.801548476
CN(Cc1ccncn1)C(=O)C1CC(=O)N(c2cccc(C(F)(F)F)c2)C1,476,0.820069069,0.638888889,0.21,0.790452432
CN(Cc1ccnc(=O)n1Cc1ccccn1)C1CCC(C(F)(F)F)C1,476,0.816603411,0.272727273,0.01,0.711739877
CN(Cc1ccncn1)C(=O)CN(Cc1cccc(C(F)(F)F)c1)C1CCC1,476,0.723674718,0.575342466,0.08,0.832043146
CN(Cc1ccncn1)C(CO)CN(Cc1cccc(C(F)(F)F)c1)C(C)C,476,0.705558449,0.443037975,0.09,0.754360648
CN(Cc1ccncn1)C(CO)CN(Cc1ccccc1)C(=O)C(F)(F)F,476,0.754850855,0.353658537,0.08,0.759932227
CN(Cc1ccncn1)C(CO)CN(Cc1ccccc1)C(F)(F)C(F)(F)F,476,0.51462798,0.329268293,0.09,0.7277079
CN(Cc1ccncn1)C(CO)CN(Cc1ccccc1)C(F)(F)F,476,0.737462687,0.3375,0.09,0.745202659
CNC(Cc1ccncn1)C(=O)N(Cc1ccccc1)C(F)(F)F,476,0.820283497,0.3375,0.06,0.768928722
CN(Cc1ccncn1)C(CO)CNCc1ccc(C(F)(F)F)cc1,476,0.760079035,0.345679012,0.11,0.776746615
CN(Cc1ccccn1)C(CNCC(F)(F)F)c1ccnc2ccnn12,476,0.697931618,0.191489362,0.01,0.734955842
CN(Cc1ccccn1)C(CNCc1ccncn1)C(F)(F)C(F)(F)F,476,0.719321866,0.285714286,0.12,0.735815186
CN(Cc1ccccn1)C(=O)c1ccnc2c1cnn2CC(F)(F)F,476,0.726425557,0.261363636,0.04,0.828573868
CCN(CC(F)(F)c1ccccn1)C(=O)c1ccnc2cncn12,476,0.719991927,0.2,0.04,0.777294872
CCN(CC(F)(F)c1ccccn1)C(=O)c1ccnc2ccnn12,476,0.719991927,0.188888889,0.02,0.789055732
CCN(CC(F)(F)c1ccccn1)C(=O)c1ccncn1,476,0.846732619,0.256097561,0.06,0.811350158
CC(F)(F)C(=O)N(Cc1ccccn1)Cc1ccncn1,476,0.846043182,0.351351351,0.09,0.816041684
CNC(Cc1ccncn1)C(F)(F)c1ccc(C(C)C)cc1,476,0.887057868,0.24691358,0.15,0.765214914
CN(Cc1ccncn1)CC(F)(F)C(C)c1ccccc1,476,0.817040411,0.315789474,0.11,0.77138205
CN(Cc1ccncn1)CC(F)C(F)(F)c1ccccc1,476,0.819986463,0.351351351,0.11,0.762147369
CN(Cc1ccncn1)CC(O)C(F)(F)c1ccccc1,476,0.885481037,0.364864865,0.08,0.772333027
CN(Cc1ccncn1)C(C)(C)C(F)(F)c1ccccc1,476,0.844258021,0.366197183,0.14,0.811764531
CN(Cc1ccncn1)Cc1ccc(C(C)(F)F)cn1,476,0.842815179,0.333333333,0.14,0.819929899
CN(Cc1ccncn1)Cc1ccc(C(F)(F)F)cc1,476,0.861854846,0.397058824,0.11,0.873253526
CN(Cc1ccncn1)Cc1ccc(C(F)F)c2[nH]ncc12,476,0.787116964,0.25,0.2,0.78703611
CN(Cc1ccncn1)Cc1ccc2[nH]ncc2c1F,476,0.789390565,0.256097561,0.21,0.81176945
CN(Cc1ccncn1)Cc1ccc2[nH]ccc2c1F,476,0.792500005,0.259259259,0.21,0.823503668
CN(Cc1ccncn1)c1ccc(C(F)F)c2[nH]ccc12,476,0.798428404,0.256097561,0.19,0.783459341
CN(Cc1ccncn1)Cc1cccc2[nH]ccc12,476,0.775909103,0.311688312,0.18,0.853752926
CN(Cc1ccncn1)c1ccnc2[nH]cc(C3CC3)c12,476,0.797519951,0.296296296,0.42,0.796913242
CN(Cc1ccncn1)c1ccc2[nH]ncc2c1NC1CC1,476,0.756586351,0.264367816,0.29,0.795286561
CN(Cc1cccc2[nH]ncc12)c1ccnc2[nH]ccc12,476,0.604720426,0.153846154,0.33,0.816456223
CN(Cc1ccncn1)c1ccnc2[nH]ncc12,476,0.748601296,0.25,0.22,0.800304333
CC1Cc2cc(S(=O)(=O)N3CCCC(C(=O)N4CCCCC4)C3)ccc2N1C(=O)C1CC1,477,0.693726194,1,0,0.760930895
CC1Cc2cc(S(=O)(=O)N3CCCC(C(=O)N4CCCCC4)C3)ccc2NC1=O,477,0.813983081,0.621212121,0.01,0.759956558
CC1Cc2cc(S(=O)(=O)N3CCCC(C(=O)N4CCCC4)C3)ccc2NC1=O,477,0.831348346,0.606060606,0.01,0.76074792
CC1Cc2ccc(S(=O)(=O)N3CCCC(C(=O)N4CCCC4)C3)cc2N=CCC1,477,0.756933994,0.565217391,0,0.727436906
CC1Cc2ccc(S(=O)(=O)N3CCCC(C(F)C#N)C3)cc2NC(=O)CCCC1,477,0.806721622,0.313953488,0.02,0.648926711
CC1Cc2ccc(S(=O)(=O)N3CCCCC3)cc2NC(=O)C1CCCC1CCCC1,477,0.690146812,0.325,0.03,0.739762823
CC(Cc1nc2ccccc2c(=O)[nH]1)C1CCC(S(=O)(=O)N2CCCC2)CC1,477,0.831543568,0.183908046,0.14,0.758994034
CC(CN1CCCCC1)C1CCN(c2ccc(F)cc2S(=O)(=O)C2CO2)CC1,477,0.673841482,0.223529412,0.03,0.719634191
CC(CN1CCCCCC1)c1ccc(N2CCC3CCCC3S2(=O)=O)c(F)c1,477,0.735747734,0.211764706,0.01,0.683137304
CC(CN1CCCCCC1)c1ccc(F)cc1N1CCC2S(=O)(=O)CC2C1,477,0.784544247,0.197674419,0.01,0.684719277
CC1CNc2cc(F)ccc2S(=O)(=O)C(CC(C)N2CCCCCCC2)C1,477,0.766348029,0.157303371,0.02,0.674964584
CC(CN1CCCCCC1)c1ccc(F)cc1NS(=O)(=O)C1CCCC1,477,0.788555779,0.192771084,0.02,0.789231517
CC1CNc2cc(F)ccc2S(=O)(=O)C(CC(C)N2CCCCC2)CC1,477,0.800699425,0.168539326,0.03,0.624492632
CC(CN1CCCCCCC1)c1ccc(F)cc1NS(=O)(=O)C1CCCC1,477,0.745477976,0.192771084,0.02,0.788871344
CCC1CCCCN(c2cc(F)ccc2NS(=O)(=O)C2CCCC2)CC1,477,0.786503781,0.219512195,0,0.799902619
CCN1CCC(NS(=O)(=O)c2cc(F)ccc2N2CCCC2)CC1,477,0.879683318,0.227848101,0,0.867585143
CCN1CC=CC(c2cccc(F)c2NS(=O)(=O)N2CCCC2)C1,477,0.82796177,0.188235294,0.01,0.741859488
CCN1CC=CC(c2cccc(F)c2NS(=O)(=O)N2CC2)CC1,477,0.660650312,0.149425287,0.01,0.746209556
CCN1CCC(NS(=O)(=O)c2cccc(F)c2N2CCCC2)C1,477,0.88726911,0.178571429,0,0.795835266
CCN1CCC(NS(=O)(=O)c2cccc(F)c2NC2CC2)C1,477,0.835918748,0.152941176,0.03,0.794999277
CCN1CCC(NS(=O)(=O)c2ncccc2F)CCCCCC1,477,0.912509544,0.176470588,0.01,0.757006272
CCN1CCC(NS(=O)(=O)c2ncccc2F)CCCC1,477,0.919559361,0.164705882,0.01,0.802375531
CN(c1ncccc1F)S(=O)(=O)NC1CCC(CN)CC1,477,0.848325877,0.11627907,0.16,0.805982569
CN(c1ncccc1F)S(=O)(=O)NC1CCC(CCO)C1,477,0.821194972,0.134831461,0.06,0.719897336
CN(c1ncccc1F)S(=O)(=O)NC1CCC(C)CC1,477,0.925780134,0.134146341,0.04,0.816599255
CN1CCC(NS(=O)(=O)c2ncccc2F)CC1C1CC1,477,0.911861941,0.166666667,0.02,0.726682216
CN(c1ncccc1F)S(=O)(=O)NC1CCC(C2CC2)C1,477,0.904973202,0.130952381,0.06,0.725526248
CN(c1ncccn1)S(=O)(=O)c1ccccc1N1CCCC1,477,0.861201925,0.205479452,0.04,0.849306929
CN(c1ncccn1)S(=O)(=O)c1cc(F)ccc1N1CCCC1,477,0.85469531,0.223684211,0.04,0.839530295
CN(c1ncccc1F)S(=O)(=O)c1cc(CC2CC2)ccn1,477,0.848108093,0.127906977,0.06,0.810316881
CN(c1ncccc1F)S(=O)(=O)c1cc(CC2CC2)ccc1F,477,0.841476269,0.126436782,0.04,0.837477754
CN(c1ncccc1F)S(=O)(=O)c1cc(F)cc(N2CCCC2)c1,477,0.848166486,0.166666667,0.03,0.837714049
CN(c1ncccc1[N-]S(=O)(=O)c1ccccc1F)C1CCCC1,477,0.819287283,0.126436782,0.07,0.762027904
Cc1ccccc1N1CCC(c2ncccn2)(S(=O)(=O)N2CC2)CC1,477,0.781511583,0.164556962,0.03,0.804129518
Cc1ccccc1N1CCC(S(=O)(=O)N(C)c2nccc(F)n2)CC1,477,0.77941215,0.180722892,0.01,0.806533208
Cc1ccccc1N1CCC(S(=O)(=O)N(C)c2cncc(F)c2)CC1,477,0.838045454,0.19047619,0.08,0.826094087
Cc1ccccc1N1CCN(S(=O)(=O)c2cnn(C)c2C2CC2)CC1,477,0.837974561,0.2125,0.01,0.846067494
CN(c1ncccc1[N-]S(=O)(=O)c1ccccc1F)C1CCCCCCC1,477,0.706901935,0.137931034,0.07,0.770398236
CN(c1ncccc1[N-]S(=O)(=O)c1cccs1)C1CCC(C)(C)CC1,477,0.738844587,0.120879121,0.09,0.720967933
CCCCC(c1nnnn1CCOC)N1CCNCC1,478,0.746766824,0.787234043,0.02,0.776907011
CCCCC(c1nnnn1C)N1CCNCC1,478,0.801711152,0.52,0.02,0.767931647
CCCCC(c1cnnn1C)N1CCCNCC1,478,0.857662873,0.322580645,0.09,0.73643736
CCCCC(c1cnnn1C)N1CCNCC1,478,0.82806897,0.344827586,0.05,0.73349711
CCNCC(c1ccnn1C)N1CCCC1,478,0.811520197,0.206349206,0.01,0.778773983
CCCCN(c1cnnn1C)C1CCNC1,478,0.801184942,0.191176471,0.08,0.708819468
CCNCC(c1cncn1C)N1CCCC1,478,0.811520197,0.206349206,0.11,0.775454919
CCNCC(c1cncn1C)N1CCCN1,478,0.752508064,0.157142857,0.14,0.686808765
CCNCC(c1cncn1C)N1CCCCC1,478,0.841945273,0.203125,0.11,0.779921914
CCCCC(c1nccn1C)N1CCCCNCC1,478,0.885897972,0.360655738,0.07,0.784006792
CCCCC(c1cncn1C)N1CCCCNCC1,478,0.885897972,0.296875,0.17,0.766103296
CCCCC(c1cncn1C)N1CCNCCC1,478,0.866828833,0.301587302,0.18,0.761967833
CCCCC(c1cncn1C)N1CCNCC1,478,0.841945273,0.322033898,0.14,0.760590674
CCCCC(c1cncn1C)N1CCCNCC1,478,0.866828833,0.301587302,0.18,0.761967833
O=C(N1CCOCC1)C12CC3CC(CC(C3)C1)C2,479,0.711683876,0.78125,0,0.722759456
O=C(N1CCOCC1)C12CC3CC(CC(CC(C)C3)C1)C2,479,0.74279405,0.675675676,0,0.628192771
OC(CN1CCOCC1)C12CC3CC(CC(C)(C3)C1)C2,479,0.860146098,0.288461538,0,0.566482608
OC(CN1CCOCC1)C(=O)C12CC3CC(CC(C3)C1)C2,479,0.852507188,0.454545455,0,0.63854275
OC(CN1CCOCC1)(C1CC2CCC1C2)c1ccccn1,479,0.924317852,0.225806452,0.02,0.606183194
OC(CN1CCOCC1)(C12CC3CC(CC(C3)C1)C2)N=O,479,0.805509615,0.354166667,0.03,0.582852208
CC(C(=O)N1CCOCC1)N(CC1CC1)Cc1ccccc1,479,0.807005543,0.254237288,0,0.819420751
CN(C(=O)N1CCOCC1)N1CC2Cc3cccc(c3)C2C1,479,0.789580903,0.222222222,0.01,0.614647329
CC(C)(CN1CCOCC1)N(CC1CO1)Cc1ccccc1,479,0.720415887,0.142857143,0,0.777534792
CC(C(=O)N1CCOC(COCCO)C1)C12CCCC(CC1)C2,479,0.757061272,0.257575758,0,0.571464758
CC(C)(CN1CCOC(COCc2cncnc2)C1)C1CC1,479,0.772130733,0.1,0.07,0.747196575
CC(C)(CN1CCOC(COCc2ccccc2)C1)C1CC1,479,0.770936928,0.102941176,0,0.79763174
CC(C)(C12CCC(CN1Cc1ccccc1)C2)C(O)O,479,0.8292317,0.166666667,0,0.618638195
CC(C)(OC1CC1)N(Cc1cncc2ccccc12)P=O,479,0.593381383,0.071428571,0.12,0.747155895
CC(CCO)(C1CCCCN1)N1Cc2ccccc2C(O)C1,479,0.794084633,0.069444444,0.04,0.665968273
CC(CCO)(C1CC1)N1CCCC(COCc2ccccc2)C1,479,0.796751081,0.084507042,0.03,0.738014688
CC(C)(C(=O)O)N1CCC(COCc2ccccc2)C1,479,0.867126194,0.129032258,0,0.806682702
CC(C)(C(=O)O)N1CCCC1COCc1ccccc1,479,0.86781896,0.129032258,0.01,0.796025285
CC(C)(C(=O)O)N1CCCCC1COCc1ccccc1,479,0.875262389,0.126984127,0.01,0.797694175
CC(C)(C(=O)O)N1CCCCC1Cc1ccccc1,479,0.905586804,0.137931034,0.01,0.803420071
CC(C)(C)OC1CCN(Cc2ccccc2)C1CCO,479,0.898068785,0.095238095,0.02,0.752617564
CC(C)(C)N1CCCCC1(C=O)OCc1ccccc1,479,0.788927518,0.095238095,0.05,0.745967318
CCSC1(C(C)(C)O)CCCCN1Cc1ccccc1,479,0.890600251,0.129032258,0.01,0.746752482
CCCC1(C(C)(C)O)CCCCN1Cc1cccs1,479,0.880078886,0.106060606,0.02,0.730379433
CCNC1(C(C)C)CCCCN1Cc1ccccc1,479,0.869365317,0.079365079,0.01,0.764102198
CC1(C(C)(C)O)CCCCN1Cc1ccccc1,479,0.886340379,0.101694915,0.01,0.785297774
CC1(C(=O)NCc2cccnc2)CCCCN1CCCO,479,0.829567438,0.111111111,0.07,0.790469342
CC1(C(=O)N(CCC#N)Cc2cccnc2)CC1,479,0.795581108,0.088235294,0.04,0.83074485
CC1(C(=O)N(CCC#N)Cc2ccccc2)CC1,479,0.796486744,0.096774194,0,0.859928542
CN(CCCC1CCCC1)C(=O)CC1C(=O)NCCN1Cc1cccc(F)c1F,480,0.72062384,1,0.01,0.775479229
CN(CCCC1CCCC1)C(=O)CC1NCCc2cccc(F)c21,480,0.858477838,0.506849315,0.01,0.767430388
CN1CCCCC1CC(=O)NCCN1CCCc2cccc(Cl)c21,480,0.886910203,0.208791209,0.03,0.78877866
CN1CCCCC1CC(=O)CC1NCCC1Cc1cccc(Cl)c1F,480,0.829910392,0.284090909,0.07,0.686929173
CN1CCCCC1CC(=O)N1CCNCC1Cc1cccc(Cl)c1F,480,0.888340917,0.284090909,0.13,0.741472944
CN1CCCCC1CC(=O)C1COCCN1Cc1cccc(Cl)c1F,480,0.799053165,0.325581395,0.03,0.735003388
CN1CCCCC1CC(=O)C1CNCCN1Cc1cccc(Cl)c1F,480,0.867568408,0.357142857,0.08,0.732921265
CN1CCCCC1CC(=O)N1CCNC1Cc1cccc(Cl)c1F,480,0.903542815,0.287356322,0.08,0.712900652
CN1CCCCC1CC1C(=O)NCCN1Cc1cccc(Cl)c1F,480,0.903542815,0.460526316,0.09,0.735353593
CN1CCCCC1CC(=O)N(CCN)Cc1cccc(Cl)c1F,480,0.865004116,0.321428571,0.04,0.785530469
CN1CCCCC1CC(N)Cc1cncn1-c1ccc(Cl)cc1F,480,0.898487859,0.153061224,0.21,0.718977122
CN1CCCCC1CC(N)Cc1cncn1Cc1ccc(Cl)cc1,480,0.872292383,0.136842105,0.15,0.748172647
CN1CCCCC1CC(N)CCCN(C)Cc1ccc(Cl)c(F)c1,480,0.767349602,0.204301075,0.07,0.748763132
CN1CCCCC1CC(N)Cc1cnnn1-c1ccc(Cl)cc1,480,0.913486763,0.126315789,0.08,0.728957346
CN1CCNCCC1Cc1cccc(OC(F)F)c1-c1cnc(Cl)s1,480,0.843849446,0.18556701,0.14,0.724638446
CN1CCNCCC1CC(OC1CCCC1)c1ccc(Cl)cc1N,480,0.795591614,0.147368421,0.09,0.708242881
CN1CCNCCC1CC(OC1CCCC1)c1ccc(Cl)c(N)c1,480,0.795591614,0.14893617,0.14,0.712682123
CN1CCNCCC1CC(OC1CCCC1)c1cnc(Cl)cc1I,480,0.528533602,0.145833333,0.1,0.674678109
CN1CCNCCC1CC(OC1CCCC1)c1cnc(Cl)cc1N,480,0.797450708,0.134020619,0.15,0.68307967
CN1CCNCCC1CC(OC1CCCC1)c1cncc(Cl)c1,480,0.892972888,0.138297872,0.12,0.702065522
CN1CCNCCC1CCOC(C)N1CCCC1c1ccc(Cl)cc1,480,0.834256846,0.14893617,0.04,0.700398967
CN1CCCCC1C(O)Cc1cnnn1-c1cccc(Cl)c1,480,0.938972114,0.184782609,0.03,0.721312206
CN1CCCCC1C(Cc1ccc(Cl)cc1)c1n[nH]cc1N,480,0.907359321,0.152173913,0.16,0.704838946
CN1CCCCC1CCOc1n[nH]cc1-c1cccc(CCCl)c1,480,0.766125144,0.164948454,0.3,0.748273108
CN1CCCCC1CCOc1n[nH]cc1-c1cccc(CC(Cl)Cl)c1,480,0.707524186,0.163265306,0.28,0.728731359
CN1CCCCC1Cc1cnc(-c2cccc(Cl)c2)c(CCN)c1,480,0.893946755,0.168421053,0.23,0.792135181
CN1CCCCC1CCOc1n[nH]cc1-c1cccc(CCN)c1,480,0.820005312,0.177083333,0.36,0.753843657
CN1CCCCC1Cc1cnc(-c2cccc(N)c2)c(CCN)n1,480,0.824192101,0.15625,0.18,0.755938749
CC(C)C(Cc1cccc(-c2cn[nH]c2)c1)N1CCNC(C)C1,480,0.891987021,0.14893617,0.21,0.728095341
CN1CCCCC1C(CN)c1ccc(-c2cn[nH]c2)c(N)c1,480,0.755601114,0.147368421,0.37,0.701176674
CC(C)C(CN)C(C)Nc1ccc(-c2cn[nH]c2)c(N)c1,480,0.614553847,0.073684211,0.25,0.704819352
CC(C)C(CN)C(C)N1CCCCC1c1ccc2[nH]ncc2c1,480,0.884266173,0.138297872,0.5,0.690738343
CC(C(=O)c1c[nH]cc1-c1cccc(N)c1)N1CCNCC1,480,0.593602069,0.157303371,0.2,0.76572185
CC(C)N(CC1CC1)C(CN)c1cccc(-c2cn[nH]c2)c1,480,0.825039989,0.152173913,0.31,0.765835249
CC(C)CN(CC)C(CN)c1cccc(-c2cn[nH]c2)c1,480,0.822185835,0.095744681,0.3,0.774956756
CC(C)N(CC1CCCC1)C(CN)c1ccc2[nH]ncc2c1,480,0.858625365,0.166666667,0.58,0.77039975
CC(C)N(CC1CC1)C(CN)c1ccc2[nH]nc(N)c2c1,480,0.760675003,0.131868132,0.47,0.755277954
CSc1ccccc1NC(=O)C1CC(=C2C=CC=CC2=O)NO1,481,0.659315416,1,0,0.746420803
CCc1ccccc1NC(=O)C1CC(=C2C=CC=N2)NO1,481,0.894644722,0.484375,0.02,0.738878867
CC1CCCCC1NC(=O)C1CC(=C2C=CC=N2)NO1,481,0.807861667,0.328571429,0.06,0.658918046
CCC1CCCC1NC(=O)C1CC(=C2C=CC=N2)NO1,481,0.825668158,0.315068493,0.04,0.642450672
CCC1CCCC1NC(=O)C1CC(=C2C=CC=N2)ON1,481,0.825668158,0.185185185,0.02,0.61690611
CCC1CCCC1NC(=O)C1CC(=C2C=CC=CN2)C=CO1,481,0.842368367,0.215189873,0.03,0.620316274
CCC1CCCC(C(=O)N2CCC=CC2=C2C=CNN2)C1,481,0.820613839,0.130952381,0.12,0.654846668
CCC1CCC(C(=O)NC2C=CC=CC2=C2C=CNN2)CC1,481,0.750824339,0.181818182,0.01,0.686963677
CCC1CCCC1C(=O)NC1=CC(=C2C=CC=N2)ON1,481,0.827953275,0.2,0.05,0.640362997
CCC1CCC(C(=O)NC2=CC(=C3C=CC=N3)ON2)CC1,481,0.838222108,0.205128205,0.09,0.741602271
CCC1CCC2(CC1)OC(=O)C=C2NC=C1C=CC=N1,481,0.803701654,0.135802469,0,0.662195074
CCC1CCC(C(=O)NC2=CCC=CC2=C2C=CNO2)C1,481,0.838011051,0.185185185,0.03,0.636849947
CC1=CCC(=C2C=CC(=O)C=C2NCC2CCCO2)C=C1,481,0.865088682,0.135802469,0.02,0.692232209
COC1C=CC(=C2CC(C(=O)NCC3=CCN=C3)ON2)C1,481,0.796323457,0.32,0.06,0.58040682
COC1C=CC(=C2CC(C(=O)NCC3=CCNCC3)ON2)C1,481,0.661567497,0.298701299,0.05,0.614115502
C1=C(C(=O)N2CCCC2)CC(=C2C=CC=CN2)OC1,481,0.780024551,0.144736842,0.05,0.731380673
C1=C(C(=O)N2CCCC2)CC(=C2C=CC=CC2=CNO)O1,481,0.774488367,0.155844156,0.03,0.736454982
CC1CC=C(C(=O)N2CC(=C3C=CNN3)C3=C2CCC3)O1,481,0.771630712,0.158536585,0.01,0.615133091
CC1=C2C(=O)NCC(=C3C=CC=CN3)C2(OCC2CC2)O1,481,0.824640517,0.158536585,0.13,0.620697034
COC1=C(C(=O)N2CCCC2)C(=C2NC=CC=C2)OC=C1,481,0.842590753,0.151898734,0.05,0.726816142
COCC1=C(C(=O)N2CCCC2)C(=C2NC=CC=C2)OC=C1,481,0.865716141,0.146341463,0.02,0.719463484
CC1=C(C(=O)N2CCCC2)C(=C2NCc3ccccc32)ON1,481,0.830990617,0.168831169,0.02,0.783287763
CC1=C2CCCC(C(=O)OCc3cccnc3)=C2NC=C1,481,0.865885533,0.156626506,0.08,0.780193696
CC1=C2CC(C(=O)OCc3cccnc3)=C(NCCF)C2=N1,481,0.817057813,0.125,0.07,0.745441239
CC1=C(C(=O)N2CCCC2)C(=C2NCc3ccccc32)C=N1,481,0.864315998,0.151898734,0.06,0.787243292
CC1=C(C(=O)N2CCCC(CCO)C2)C2=C(NCCC=C2)ON1,481,0.728302245,0.147727273,0.01,0.679799591
CC1=C(C(=O)OCC2CC2)C(=C2CCCc3cccnc32)NO1,481,0.869690111,0.149425287,0.09,0.764537539
CCCCC1=C(C(=O)OCC2(CC)CC2)C(=C2C=CC=N2)NO1,481,0.729716565,0.137931034,0.06,0.715977869
CC1(CNC(=O)C2=C(NCCF)CC(=C3C=CC=N3)O2)CC1,481,0.788180183,0.126436782,0.05,0.677505125
CC1(COC(=O)C2=C(NCCF)CC3=CC=NC3=C2)CCCN1,481,0.732765907,0.095744681,0.07,0.602310546
CC1(CNCC2CC2)NC(=C2C=Nc3cccnc32)CC1O,481,0.789897988,0.154761905,0.19,0.641530276
CC1(COC(=O)C2=C(NCCCF)Cc3ccncc32)CC1,481,0.621339236,0.101123596,0.15,0.745546316
CCCCC1=C(C(=O)OCCC2CC2)C(=C2C=CC=N2)NC1,481,0.73414234,0.127906977,0.07,0.746027319
CCCCC1=C(C)C(=C2C(=O)Nc3ccncc32)OC1,481,0.857452111,0.108433735,0.5,0.768879442
CCCCC1=CNC(=C2C(=O)Nc3ccncc32)C(C)=C1,481,0.835194992,0.081395349,0.46,0.755748316
CC1=CNC(=C2C(=O)Nc3ccnc(OCCCF)c32)C=C1,481,0.662486697,0.093023256,0.27,0.736371397
CCCCC1=CC(=C2Nc3ccccc3C(=O)N2)C(C)=C1,481,0.87371831,0.12987013,0.41,0.801573187
CCCCC1=CC(=C2C(=O)Nc3cccc(OCC)c32)C=N1,481,0.836388351,0.093023256,0.32,0.774006074
CCCCC1=CC(=C2C(=O)Nc3cccc(OCCC)c32)C=N1,481,0.794609323,0.091954023,0.34,0.773388122
CCCCC1=CC(=C2C(=O)Nc3ccncc3O2)C(C)=CN1,481,0.840684655,0.104651163,0.21,0.719377747
CCCCC1=CC(=C2C(=O)Nc3ccnc(OCCC)c32)C=N1,481,0.81407681,0.079545455,0.38,0.749210266
CCCCC1=CC(=C2C(=O)Nc3ccnc(OCCC)c32)C=C1,481,0.798608121,0.093023256,0.33,0.771905371
CCCOc1cccc2c1C(=CNc1cccnc1)C(=O)N2,481,0.830965227,0.103448276,0.25,0.842831753
CCCOc1cccc2c1C(=CNc1ccncc1)C(=O)N2,481,0.830965227,0.107142857,0.28,0.842769253
CCCCNc1ccncc1C(=O)N1CC(C)=C2NC=CC21,481,0.820168575,0.149425287,0.24,0.703521117
CC1=C(C(=O)OCCc2ccncc2)NC2=CC=NC2=C1,481,0.746369994,0.097560976,0.2,0.829168223
O=C(COc1ccncc1)Nc1ccc2c(c1)C(CCF)CN2,481,0.860069835,0.130952381,0.1,0.779702753
O=C(COc1ccncc1)Nc1ccc2c(c1)C(CCC)CN2,481,0.857926384,0.142857143,0.03,0.799242822
O=C(Cn1cccc1)Nc1ccnc2ccncc12,481,0.775884524,0.146666667,0.1,0.850825178
O=C1Nc2ccncc2C(=O)N1CCOCC(F)F,481,0.796813248,0.1125,0.16,0.81666039
CC1(C)CN(C(=O)Cn2cccc2)c2ccncc21,481,0.82483774,0.12987013,0.07,0.796261798
CC1CC(C)N(C(=O)Nc2ccncc2)C2NC12,481,0.740206859,0.162162162,0.12,0.663023112
COc1ccc(C2CC(c3ccccc3)Nc3nc(N)nn32)cc1,482,0.775130029,1,0,0.738350716
COc1ccc(C2CC(c3ccccc3)N=C3NC(N)NN23)cc1,482,0.804188263,0.466666667,0.05,0.703615087
COc1ccc(C2CC(c3ccccc3)N=C(N)N2)cc1,482,0.909162176,0.528301887,0.02,0.775271385
COc1ccc(C2CC(c3ccccc3)=NC(C)N2)cc1,482,0.932261287,0.372881356,0.1,0.779508963
COc1ccc(C2CC(Oc3ccccc3)=NC2N)cc1,482,0.941289166,0.333333333,0.01,0.762014134
COc1ccc(C2CC(CN)=NN2C(C)c2ccccc2)cc1,482,0.919142184,0.359375,0.05,0.752960842
CCN1C=C(c2ccccc2)N=C2N=C(CN)NN21,482,0.837803626,0.154929577,0.18,0.72327882
CCC1CC(c2ccccc2)=NN1C(C)=CC=C(C)CN,482,0.837456649,0.178082192,0.09,0.719437851
C=C1CC(c2nnc(CO)n2C(C)c2ccccc2)CCN1,482,0.909350793,0.151898734,0.07,0.69667118
CCn1nc(COc2ccccc2)c(C2=CCC(CN)O2)n1,482,0.882410109,0.197368421,0.13,0.72210959
CCN1C(CN)=NC(c2ccccc2)=NN1C1CCC(O)CC1,482,0.883795611,0.175675676,0.08,0.752947329
CCN1C(CN)=NC(c2ccccc2)=NN1C(C)CC(=O)O,482,0.820986808,0.144736842,0.07,0.703684271
C=NC1CC(c2ccccc2)=CC(C(C)C)=NN1C(C)=O,482,0.784440645,0.16,0.01,0.69867424
C=NC1CC(c2ccccc2)=CC(C(C)=O)N1C1=NCCCN1,482,0.870032327,0.146341463,0.21,0.649554549
CCN1C(C(C)c2ccccc2)=CC(=O)CC1c1nnc(C)[nH]1,482,0.942144775,0.168831169,0.02,0.664266433
CCN1C(C)=NC(Cc2ccccc2)=C2CNC(C(C)=O)CC21,482,0.92926702,0.179487179,0.01,0.681211522
CCN1C(C)=NC(Cc2ccccc2)=C2CNC(C(C)=O)C21,482,0.926116913,0.155844156,0.01,0.673324435
CCN1C(C)=NCCCCC(c2ccccc2)C2CNC(CO)C21,482,0.896132821,0.179487179,0.04,0.610606463
CCN1C(C)=NCCCCC(c2ccccc2)C2CNC(=O)C21,482,0.912290802,0.184210526,0.08,0.648176608
CCN1C(C)=NCCCCC1C1CNC(Cc2ccccc2)CN1,482,0.891766443,0.153846154,0.03,0.678332889
CCN1C(C)=NCCCC1C1CNC(Cc2ccccc2)CN1,482,0.893541996,0.155844156,0.03,0.672220297
CCN1C(C)=NCCNC(Cc2ccccc2)C1C(C)=O,482,0.919678386,0.16,0.04,0.714343759
CCN1C(C)=NCCNC(c2ccccc2)C1C1CC1,482,0.915176752,0.2,0.04,0.7162508
CCN1C(C)=NCCNC(c2ccccc2)N1C(C)=O,482,0.894214502,0.211267606,0.06,0.722173087
CC1CN=C(c2ccccc2)N(C2CCNCC2)C1=O,482,0.888914164,0.171428571,0.1,0.760212846
CC1CC(CN)=NC(c2ccccc2)=CN1C1CC1,482,0.901818834,0.171428571,0.11,0.716613879
CN1CCNCC(c2ccccc2)N1C1=NCCCCN1,482,0.814932066,0.228571429,0.06,0.727978407
CN1CCNCC(c2ccccc2)N1C1=NCC(=O)NC1,482,0.76368467,0.222222222,0.08,0.699215815
CN1CCNCC(c2ccccc2)N(C2=NCC(=O)N2)CC1,482,0.769468367,0.222222222,0.03,0.707863389
CN1CCNCC1C1=NC(=O)CC(c2ccccc2)=N1,482,0.860755241,0.197183099,0.08,0.736989769
CN1CCNCC(c2ccccc2)N(Cc2ncc[nH]2)C1=O,482,0.90476401,0.213333333,0.06,0.761995167
CN1CC(c2ccccc2)N(CC2CCNCC2)C(=O)C1,482,0.914983555,0.217391304,0,0.785404718
CN1CC(=O)N(Cc2ccccc2)C(C2CCNCC2)=N1,482,0.910205354,0.166666667,0.01,0.806668349
CN1CCNC(CC(=O)N(C)Cc2ccccc2)C1,482,0.875947117,0.150684932,0.01,0.809392226
CN1CC(=C(N)N)N(Cc2ccccc2)CC1,482,0.780302677,0.151515152,0.01,0.837799546
CN(C(N)=O)C1CCCCN(Cc2ccc[nH]2)CC1,482,0.873516361,0.128205128,0.07,0.781553765
CN(C(N)=O)C1CCCCN=C(c2ccccc2)N1,482,0.846471528,0.202898551,0.01,0.756657468
CS(=O)(O)=Nc1ccc([N+](=O)[O-])cc1Oc1ccccc1,483,0.686506626,1,0,0.782421986
CP(=O)(O)CNc1ccc([N+](=O)[O-])cc1Oc1ccccc1,483,0.477925208,0.482142857,0.01,0.793377588
CP(=O)(O)Oc1ccc(C#N)cc1Oc1ccccc1,483,0.870593593,0.283333333,0.03,0.804478032
CP(=O)(O)Oc1ccc(C(C)=N)cc1Oc1ccccc1,483,0.644573252,0.283333333,0,0.78406867
CP(=O)(O)Oc1ccc(C(C)=N)cc1Cc1ccccc1,483,0.650608892,0.179104478,0,0.783460978
CC(ONc1ccc([N+](=O)[O-])c(C)c1)=Nc1ccccc1,483,0.398478105,0.265625,0,0.817860458
CC(CNc1ccc([N+](=O)[O-])cc1)Oc1cccnc1C,483,0.651877305,0.257575758,0.04,0.819879572
COc1ncc(C(C)(C)O[P+](C)=O)cc1Cc1ccccc1,483,0.744911236,0.157142857,0.07,0.745028533
COc1ncc(C(C)=O)c(C)c1Cc1ccc([N+](=O)[O-])cc1,483,0.481142797,0.220588235,0.02,0.854445952
COc1ncc(C(C)=O)c(Nc2ccc(CF)c(C)c2)n1,483,0.856208801,0.102564103,0.12,0.828381242
COc1ncc(C(C)=O)c(Nc2ccc(C)c(C)c2)n1,483,0.865770402,0.111111111,0.11,0.866569884
COc1ncc(C(C)=O)c(Cc2ccc(C)c(C)c2)n1,483,0.801544658,0.111111111,0.07,0.849271703
COc1ncc(C(C)=O)c(NCc2ccc(C)cc2)n1,483,0.846780949,0.095890411,0.02,0.875533196
COc1ncc(S(C)=O)c2ccc(C#N)c(C)c12,483,0.829713924,0.082191781,0.12,0.716400788
COc1ncc(C(C)=O)cc1C#Cc1cccc(C)c1,483,0.618682419,0.125,0.04,0.841688416
COc1ncc(C(N)=O)cc1C#Cc1cccc(C)c1,483,0.844183094,0.123287671,0.07,0.840386768
COc1ncc(C(N)=O)cc1CNc1cccc(C)c1,483,0.872766364,0.12,0.16,0.878138691
COc1ncc(C(=O)O)c(C)c1CNc1ccccc1,483,0.875261071,0.144927536,0.12,0.868420559
COc1ncc(C(=O)O)cc1CNc1cccc(C)c1,483,0.875261071,0.136986301,0.09,0.884386768
COc1ncc(C(N)=O)c2cc(Cc3ccccc3)cnc12,483,0.800450846,0.154929577,0.12,0.856672496
COc1ncc(C(N)=O)c2cc(Cc3ccccc3)ccc12,483,0.803722381,0.157142857,0.16,0.878108638
COc1ncc(C(N)=O)c2cc(CNc3ccccc3)cnc12,483,0.754817969,0.146666667,0.14,0.853325185
COc1ncc(C(N)=O)c2nc(Nc3ccccc3)ccc12,483,0.771157165,0.136986301,0.32,0.858532081
COc1ncc(C(N)=O)c2ncc(Cc3ccccc3)cc12,483,0.800450846,0.154929577,0.2,0.857903266
COc1ncc(C(=O)O)cc1Nc1ccc2ccccc2c1,483,0.767603693,0.173913043,0.21,0.888328662
COc1ncc(C(=O)O)cc1Nc1ccc2ccccc2n1,483,0.769149515,0.152777778,0.16,0.872393375
COc1ccc(C2CC(c3ccc(Cl)cc3)n3nc(N)nc3N2)cc1,484,0.749108889,1,0,0.733166251
Cc1ccc(C2CC(c3ccc(Cl)cc3)n3nc(N)nc3N2)cc1,484,0.740909047,0.775510204,0,0.730065623
Cc1ccc(C2CC(c3ccc(O)cc3)n3nc(N)n3N2)cc1,484,0.67936968,0.307692308,0.085,0.697395574
Cc1ccc(C2CC(c3ccc(O)cc3)n3nc(N)n32)cc1,484,0.763304531,0.25,0,0.724550301
Cc1ccc(C2COC(c3ccc(O)cc3)n3nc(N)n32)cc1,484,0.761871703,0.214285714,0.01,0.709155015
Cc1ccc(C2COC(c3ccc(O)cc3)n3nc(C)n32)cc1,484,0.790825617,0.185714286,0.01,0.714359211
Cc1ccc(C2COC(c3ccccc3)n3nc(N)nc32)o1,484,0.785560397,0.253521127,0.04,0.694828243
Cc1ccc(C2N=C(O)NC2c2ccc3c(c2)CCN3C)o1,484,0.894534879,0.1625,0.06,0.689304147
Cc1ccc(C2N=C(O)NC2c2ccccc2N(C)C)cc1,484,0.91252886,0.136986301,0.06,0.737142301
Cc1ccc(C2SCCc3ccccc3-n3nc(N)nc32)o1,484,0.747316951,0.194805195,0.06,0.724837715
Cc1ccc(C2COC(c3ccccc3O)N=C2N)cc1,484,0.889616523,0.152777778,0.06,0.725119918
Cc1ccc(CCC2CCC2c2nc(N)nn2C)c(O)c1,484,0.905160009,0.181818182,0.09,0.718503603
Cc1ccc(CCC2N=C(c3cnn(C)c3)NC2O)o1,484,0.871549674,0.151898734,0.16,0.666066995
Cc1ccc(CCC2OCCc3nc(N)nn3C2C)cc1,484,0.939937478,0.219178082,0.03,0.709924533
Cc1ccc(COCC(O)c2nc(C3CC3)n[nH]2)cc1,484,0.846429257,0.144736842,0.1,0.778241628
Cc1ccc(C2COC(C)C2c2nc(N)n[nH]2)cc1,484,0.863163766,0.202898551,0.07,0.699214392
Cc1ccc(COCC(C)c2nnc3n2CCN3)cc1,484,0.907344294,0.144736842,0.06,0.744180751
Cc1ccccc1C1COC(c2cccc(O)c2)=N1,484,0.892450755,0.092105263,0.04,0.80194945
Cc1ccccc1C1COC(c2cccc(O)c2)CN1,484,0.879925649,0.118421053,0.03,0.763371751
Cc1ccccc1C1COC(c2cccc(OCC)c2)N1,484,0.926594171,0.142857143,0.01,0.765186895
Cc1ccccc1C1COC(c2cccc(NC)c2)=N1,484,0.921288787,0.090909091,0.04,0.797825048
Cc1ccccc1C1COC(c2ccc3c(c2)CCN3)N1,484,0.885063755,0.142857143,0.08,0.724687196
Cc1ccccc1C1COC(c2cnc3nc(N)[nH]n23)C1,484,0.755096928,0.164556962,0.19,0.682364701
COCc1ccc(C2CCc3cnc(N)nc3N2)cc1,484,0.894977349,0.275362319,0.16,0.772120273
CCCOCCc1ncc(-c2ccc3c(c2)CCN3C)[nH]1,484,0.829431327,0.108433735,0.25,0.828809837
CCCOCCc1ncc(-c2ccc3c(c2)CCN3)[nH]c1=O,484,0.803693319,0.107142857,0.35,0.811896657
CCCOCCc1ncc(-c2ccc3c(c2)CCN3)[nH]1,484,0.794022031,0.111111111,0.34,0.818751323
CN(C)c1ncccc1-c1cnc2c(c1)CCN2,484,0.873190944,0.092105263,0.26,0.811771264
CCCOc1ncc(-c2ccc3c(c2)CCN3)[nH]1,484,0.867758925,0.116883117,0.3,0.806876467
COCCN1CC(=O)N2C(Cc3c([nH]c4ccccc34)C2c2cccc(OC)c2)C1,485,0.709117205,0.714285714,0.04,0.753515
COCCN1CC(=O)N2C(Cc3c([nH]c4ccccc34)C2CCO)C1=O,485,0.830108641,0.642857143,0.02,0.729145752
COCCN1CC(=O)N2C(Cc3ccccc32)C(c2ccc(OC)cc2)N1,485,0.877767789,0.321428571,0,0.726869454
COCCN1CC(=O)N2C(Cc3ccccc32)C1c1ccc(OC)cc1,485,0.829676399,0.317073171,0,0.760480701
C=C1CN(Cc2cc(OC)c3c(c2)NCC3)C(c2ccccc2)C1=O,485,0.870905613,0.247191011,0.07,0.744402086
CCC=C1CN(Cc2cc(OC)c3c(c2)NCC3)C(=O)C1c1ccccc1,485,0.813531212,0.247311828,0.09,0.734284085
CCN1C(=O)CN(Cc2ccc3c(c2)NCCO3)C1c1cccc(OC)c1,485,0.880725716,0.282608696,0.06,0.76049375
CCN1C(=O)CN(Cc2ccc3c(c2)OCO3)C1c1cccc(OC)c1,485,0.826413506,0.287356322,0.02,0.787630126
CCC=C1CN(Cc2cccc(OC)c2)CCC1C(=O)N1CCOC1,485,0.77038282,0.244680851,0.06,0.746514051
CCC=C1CN(Cc2cc(OC)cc(OC)c2)CCc2ccccc21,485,0.798454446,0.197674419,0.01,0.846612897
CC=C1C(=O)Nc2cccc(OC)c2CN1CCc1ccc2c(c1)O2,485,0.582925683,0.22826087,0.19,0.796046658
CCC=C1CN(Cc2cccc(OC)c2)c2ccc(OC)cc2O1,485,0.81527354,0.220930233,0.01,0.823618503
CC=C1CN(CCc2cccc(OC)c2)c2ccc(OC)cc2N1,485,0.898298991,0.25,0.02,0.825525972
CCC1=CC(C(=O)N2CCNc3ccc(OC)cc32)CC=CO1,485,0.929860654,0.189473684,0.055,0.694314742
CCC1CN(CCc2cc(=O)[nH]c3ccc(OC)cc23)CCCO1,485,0.915403574,0.280898876,0.04,0.799520689
CC=C1CN(CCc2ccc(OC)cc2)c2cccc(OC)c2N1,485,0.898298991,0.209302326,0.02,0.816962539
CC=C1CN(CCc2ccc(OC)cc2)c2cccc(OC)c21,485,0.827188997,0.2,0.01,0.840280662
CC=C1CN(CCc2ccc(OC)cc2)c2ccoc2C1=O,485,0.810334504,0.193181818,0.02,0.795443681
CC=C1CN(CCc2ccc(OC)cc2)c2cccc(O)c21,485,0.929201771,0.197674419,0.01,0.831972374
CC=C1CN(CCc2ccc(OC)cc2)c2ccoc2C1,485,0.797251373,0.170454545,0.02,0.787637328
CC=C1CN(CCc2ccc(OC)cc2)c2ccccc2O1,485,0.849413845,0.2,0.03,0.84372382
CCc1cc(CN2CC(=O)Nc3ccccc32)ccc1OC,485,0.941639814,0.209302326,0.01,0.876699603
COc1cc(CN2CC(=O)NCc3ccccc32)ccc1OC,485,0.941320339,0.211764706,0.02,0.87660607
COc1cc(CN2CC(=O)NCc3ccccc32)ccc1C,485,0.946482244,0.220930233,0.02,0.870650518
COc1cc(CN2C(=O)CNC2c2ccccc2C)ccn1,485,0.93795667,0.213483146,0.07,0.775704756
COc1cc(C=C2C(=O)Nc3ccccc3C2C)ccc1O,485,0.833123744,0.155555556,0.38,0.790370733
COc1cc(C=C2C(=O)Nc3ccccc32)ccc1OCCN,485,0.832355152,0.177777778,0.54,0.875368075
COCc1cc(C=C2C(=O)Nc3ccccc32)ccc1OC,485,0.880090266,0.183908046,0.63,0.877059554
COc1cc(C=C2C(=O)Nc3ccccc32)ccc1OC,485,0.878848696,0.154761905,0.68,0.899240623
COc1cc(C=C2C(=O)Nc3ccccc32)ccc1C=O,485,0.693806061,0.147727273,0.7,0.870219854
O=C(NC1CCCC1)C(c1cccs1)N(C(=O)c1ccco1)c1ccc2c(c1)OCO2,486,0.612174245,1,0,0.78037184
O=C(NC1CCCC1)C(c1cccs1)N(C(=O)c1ccco1)c1ccc2c(c1)O2,486,0.46087502,0.841269841,0,0.775485065
O=C(NC1CCCC1)C(c1ccco1)N(C(=O)c1ccc2c(c1)OCO2)C1CC1,486,0.809289004,0.520547945,0.03,0.788127915
O=C(NC1CCCC1)C(c1ccco1)N(C(=O)OCc1ccccc1)C1CC1,486,0.779688493,0.379746835,0,0.799285905
O=C(NC1CCCC1)C(c1ccco1)N(C(=O)O)c1ccc(I)cc1,486,0.66504037,0.430555556,0.08,0.787949172
CCCCC(C(=O)OC1CCCC1)N(C(=O)c1ccco1)c1ccccc1,486,0.616420751,0.341463415,0,0.793722152
COC(=O)C(c1ccccc1)N(C(=O)OC1CCCC1)c1nccs1,486,0.755495287,0.229885057,0.02,0.771327299
O=C(OC1CCCC1)C(C(=O)NCc1ccco1)c1ccccc1,486,0.653468117,0.240963855,0,0.813115525
O=C(OC1CCCC1)C(C(=O)NCc1ccccc1)N1CCOCC1,486,0.624335238,0.206896552,0,0.803350915
COC(=O)C(C(=O)NC1CCCC1)N1CCc2ccccc2C1,486,0.677650211,0.243902439,0,0.801278379
COC(=O)C(C(=O)NC1CCCC1)c1ccccc1COC,486,0.645878713,0.265822785,0,0.808114902
COC(=O)C(C(=O)NC1CCCC1)c1ccccc1Br,486,0.677379422,0.25974026,0,0.815166768
COCCC(=O)N(C(=O)OC1CC1)c1ccc(F)cc1,486,0.831729632,0.156626506,0,0.841811563
COC(=O)C(c1cccs1)N1CCc2c(F)cccc21,486,0.813568516,0.223529412,0.02,0.777364705
COCCC(=O)N(C1CCCC1)c1cc(CO)cc(Br)c1,486,0.851348238,0.172413793,0.02,0.833636469
COCCC(=O)N(C1CCCC1)c1ccc(F)cc1CO,486,0.877439847,0.170454545,0,0.839919128
COCCC(=O)N(C1CCCC1)c1cc(CO)ccn1,486,0.862796365,0.170454545,0.04,0.828355285
COC(C(=O)N1CCCC1)c1ccc(F)cc1COC,486,0.830881795,0.123595506,0.02,0.797956054
COC(C(=O)N1CCCC1)c1cc(CO)ccc1Br,486,0.922292392,0.125,0.04,0.797192785
O=C(NC1CCOC1)c1ccc(F)cc1-c1ncco1,486,0.930878167,0.177777778,0.1,0.784245207
O=C(NC1CCOC1)c1cc(F)cc2ncccc12,486,0.896752205,0.168539326,0.09,0.823953646
O=C(NC1CCCC1)c1cc(F)cc2nonc12,486,0.883808738,0.2125,0.02,0.844987832
O=C(NC1CCCC1)c1cc(Cl)nc2ccccc12,486,0.85101389,0.227848101,0.01,0.904039939
O=C(Nc1ccccc1-c1ccsn1)C1CCOC1,486,0.93599113,0.159090909,0.05,0.777780454
COCCc1cc(=O)n(-c2ccccc2Cl)cn1,486,0.849217723,0.076923077,0.02,0.859381695
COCCc1ccc(F)cc1C(=O)Nc1cccs1,486,0.911370299,0.174418605,0.01,0.863209946
COCCc1cc(C(=O)Nc2cccs2)c(F)nn1,486,0.911421096,0.157303371,0.02,0.797545844
COCCc1cc(C(=O)Nc2cccnc2Cl)c(F)s1,486,0.860798182,0.127659574,0,0.823421383
COCCc1ccc(C(=O)Nc2cccnc2Cl)c(F)c1,486,0.862142395,0.105263158,0.01,0.890537642
OCCc1ccc(C(=O)Nc2cccnc2Cl)c(F)c1,486,0.852294602,0.108695652,0.03,0.889724405
OCCc1ccc(C(=O)Nc2cccnc2Cl)cc1CF,486,0.834733473,0.107526882,0.03,0.858469585
OCCc1ccc(C(=O)Nc2cccnc2Cl)cc1CC,486,0.834480547,0.120879121,0.02,0.880246117
Oc1ccc(C(=O)Nc2cccnc2Cl)cc1CC1CC1,486,0.847527526,0.157303371,0.05,0.879049506
Oc1ccc(C(=O)Nc2cccnc2Cl)cc1CC1CCO1,486,0.850022204,0.150537634,0.01,0.81528711
Oc1ccc(-c2cccnc2Cl)cc1CCNC1CCOC1,486,0.83208221,0.135416667,0.15,0.789901658
Oc1ccc(C(=O)Nc2cccnc2Cl)cc1CCN1CCC1,486,0.826724348,0.125,0.02,0.880392543
O=C(Nc1ccc(F)nc1-c1cccs1)N1CCCC1CCO,486,0.842471925,0.180851064,0.04,0.77297698
O=C(Nc1ccc(F)nc1-c1cccs1)NC1CCCC1CCO,486,0.721877496,0.206521739,0.03,0.733760161
O=C(NC1CCCC1O)c1cc(F)ccc1-c1cc(Cl)ncn1,486,0.845354256,0.138297872,0.07,0.762985013
O=C(Nc1ccc(F)cc1-c1csc(Cl)n1)NC1CCCC1CCO,486,0.721138386,0.173469388,0.09,0.736126248
O=C(Nc1cccc(C#N)n1)c1cc(Cl)ccc1-c1cccs1,486,0.758657828,0.164835165,0.05,0.85549931
O=C(Nc1cccc(F)n1)c1cc(Cl)ccc1NCCN1CCCC1,486,0.770291176,0.111111111,0.02,0.866392811
O=C(Nc1cccc(C(F)F)n1)c1cc(Cl)ccc1-c1ccsc1,486,0.649224806,0.126315789,0.11,0.84056003
O=C(NC1CCCC1O)c1cc(F)ccc1-c1cccc(Cl)n1,486,0.847374243,0.150537634,0.04,0.777127735
O=C(Nc1cccc(F)n1)c1cc(Cl)ccc1-c1ccsc1CCO,486,0.649019017,0.12371134,0.03,0.828815976
O=c1cc(NC(F)F)c(-c2cccs2)cc(CCN2CCCC2)n1,486,0.810011428,0.159574468,0.02,0.784165883
O=C(Nc1cccc(F)n1)c1cc(Cl)ccc1-c1ccsc1,486,0.69618195,0.11827957,0.09,0.858181898
O=C(Nc1cccc(F)n1)c1cc(Cl)ccc1-c1ccco1,486,0.729191304,0.157303371,0.04,0.864443681
O=C(NC1CCCC1)c1cc(F)ccc1-c1cccc(Cl)n1,486,0.861172069,0.211764706,0.04,0.876185317
O=C(Nc1ccccc1F)c1cc(-c2ccco2)n(CCO)n1,486,0.757970442,0.150537634,0.01,0.857718658
O=C(Nc1ccc[nH+]c1)c1cc(-c2ccco2)nn1CCO,486,0.739871757,0.147368421,0.02,0.736043292
O=C(Nc1ccc[nH+]c1)c1cc(-c2ccco2)ccc1CCO,486,0.760158076,0.163043478,0.07,0.760190261
Fc1ccc(SCCc2cc[nH+]cc2)cc1,487,0.741779058,1,0,0.750132002
Fc1ccc(SCCc2cc[nH+]cc2Br)cc1,487,0.78449123,0.594594595,0.04,0.735283514
Brc1ccc(NCCc2cc[nH+]cc2F)c(O)c1,487,0.852922422,0.203703704,0.06,0.729070684
Brc1ccc(NCCc2cc[nH+]cc2F)c(Br)c1,487,0.864446762,0.211538462,0.06,0.736772947
Brc1ccc(NCCc2cc[nH+]cc2Br)c(O)c1,487,0.807815048,0.166666667,0.03,0.722444138
Brc1ccc(NCCc2cc[nH+]cc2Br)cc1,487,0.887983376,0.212765957,0.05,0.749201568
Brc1ccc(NCCc2cc[nH+]cc2[O-])c(Br)c1,487,0.897735714,0.166666667,0.04,0.689065254
Oc1ccc(NCCc2cc[nH+]cc2Br)cc1,487,0.851528643,0.204081633,0.04,0.746432651
Oc1ccc(NCCc2ccncc2Br)cc1,487,0.850857112,0.113207547,0.08,0.875620092
Oc1ccc(SCCc2ccncc2Br)cc1,487,0.869958634,0.282608696,0.1,0.85409105
C#Cc1ccc(S)cc1NCCc1ccncc1,487,0.647433004,0.127272727,0.1,0.810667122
Clc1ccc(NCCc2ccncc2CS)cc1,487,0.81305053,0.111111111,0.17,0.859099075
C#CCc1ccc(S)cc1NCc1ccncc1,487,0.646948355,0.087719298,0.07,0.799198779
Cc1cnc(NCCc2ccnc(C#N)c2)cn1,487,0.87860669,0.101694915,0.09,0.835986649
Clc1ccc(NCCc2ccncc2)c(CCS)c1,487,0.790426579,0.127272727,0.13,0.853451687
Clc1cnc(C(=S)CCc2ccncc2)cc1,487,0.623216897,0.134615385,0.09,0.843908946
Cc1cc(CCc2cccnc2NC2CC2)ccn1,487,0.88918577,0.103448276,0.07,0.855243295
C#CNc1ccc(-c2ccncc2)cc1CCC,487,0.646380159,0.089285714,0.42,0.826502034
C#CNc1ccc(-c2ccncc2)c(CCC)c1,487,0.646380159,0.087719298,0.14,0.827275998
CC(C)CNc1ccc(-c2ccncc2)cc1,487,0.856949054,0.085106383,0.45,0.916535006
CNC(C)CNc1ccc(-c2ccncc2)cc1,487,0.844864845,0.078431373,0.47,0.840697715
CN(C)CCc1ccc(-c2ccncc2)cc1,487,0.796619295,0.159090909,0.42,0.920739087
CC(C)CCc1ccc(-c2ccncc2)cc1,487,0.754038343,0.159090909,0.46,0.925114911
CC(CO)NCc1ccc(-c2ccncc2)cc1,487,0.844713139,0.098039216,0.48,0.854594164
CC(C)(CO)NCc1ccc(-c2ccncc2)cc1,487,0.864046837,0.098039216,0.48,0.887910231
CC(CO)NCc1ccc(-c2ccncc2)cc1N,487,0.71427075,0.06779661,0.52,0.817458608
CC(CO)(CO)NCc1ccc(-c2ccncc2)cc1,487,0.746799773,0.098039216,0.47,0.869621412
CC(CO)NCc1ccc(-c2ccncc2)cc1NCCN,487,0.594943229,0.061538462,0.61,0.799469103
CN(C)CCc1ccc(-c2ccncc2)cc1NC1CC1,487,0.879019452,0.083333333,0.46,0.868286777
CC(CO)(CO)Nc1ccc(-c2ccncc2)cc1,487,0.766137861,0.08,0.48,0.864402254
CCC(=NCC1CCCO1)C1C(=O)NC(=O)N(Cc2ccccc2)C1=O,488,0.622175235,1,0,0.732144712
CCC(=NCC1CCCO1)C1C(=O)NC(=O)C(Cc2ccccc2)C1,488,0.637991737,0.584615385,0.09,0.686972043
CCC(=NCC1CCCO1)C1C(=O)NC(=O)Cc2ccccc21,488,0.682544675,0.59375,0.05,0.712650819
CCC(=NCC1CCCO1)C1C(=O)NC(Cc2ccccc2)C1,488,0.820927813,0.59375,0.06,0.688437519
CC1=NCCSC1C1CC(=O)NC(Cc2ccccc2)C1,488,0.932503453,0.182926829,0.02,0.676011705
CC1=NCC(CC2CCC2)N(Cc2ccccc2)C(=O)N1,488,0.906915088,0.287671233,0.04,0.762989086
Cc1ccccc1N=C1C(=O)NC1CC1CCCCC1,488,0.838622724,0.213333333,0.16,0.766206215
Cc1ccccc1N=C1CCCN1C(=O)CC1CCCN1,488,0.927840935,0.207317073,0.01,0.75457521
Cc1ccccc1N=C1CCCN1Cc1ccc[nH]c1=O,488,0.939812022,0.2,0.03,0.816946029
Cc1ccccc1N=C1CCCC1C1(CO)CCCCN1,488,0.894493484,0.215189873,0.09,0.688217412
Cc1ccccc1N=C1CCCC1C1=NCC(=O)N1,488,0.866409176,0.207792208,0.08,0.707132387
Cc1ccccc1N=C1CCCC1C1=NCCC(=O)N1,488,0.881505879,0.207792208,0.09,0.716004358
CC1=NCC(C2CCCCC2CO)N1Cc1ccccc1,488,0.923005439,0.24,0.02,0.716606409
Cc1ccccc1N(CC1CCCCC1)C1=NCC(=O)N1,488,0.927822353,0.207792208,0.01,0.79798386
COc1ccccc1CN1C(=O)N(CC2CCCCC2)CC1C,488,0.825066827,0.185185185,0.01,0.801521968
COc1ccccc1CN1C(C(=O)N2CCCCC2)CCC1C,488,0.85568909,0.185185185,0,0.788568768
COc1ccccc1CN1C(C(=O)N2CCCCC2)=CSC1C,488,0.845419971,0.166666667,0.01,0.775787936
CC1=NC(C(=O)N2CCCc3ccccc32)CN1CP(=O)=O,488,0.800925871,0.152941176,0.01,0.689277185
CCc1ccccc1CN1CCN(C2CCCCS2)C(=O)C1=O,488,0.7960826,0.205128205,0.01,0.767753903
CCc1ccccc1CN1CCN(C2CC=CCC2)C(=O)C1=O,488,0.633040947,0.192307692,0.01,0.779124066
CCc1ccccc1CN1CCN(C2CC=CCC2)C(=O)CC1C,488,0.786243164,0.182926829,0.04,0.740127831
CCc1ncccc1CN1CCN(C2CC=CCC2)C(=O)C1CC,488,0.779498347,0.170454545,0.04,0.712486359
CCc1ccccc1CN1CCN(C2CCSc3ccccc32)C1=O,488,0.794493104,0.1875,0.02,0.789276521
CCc1ccccc1CN1COc2c(c(OC)cc(C)c2C)C1=O,488,0.856457716,0.182926829,0.06,0.825732648
CC1=NCN(CC2CCc3ccccc32)C(=O)C(OC)=C1C,488,0.86077813,0.156626506,0.02,0.721103239
CC1=NCN(CC2CCc3ccccc32)C(OC)=C1C(C)=O,488,0.858060154,0.149425287,0.01,0.717768996
CC1=NCC2(CC1)CCN(Cc1cccc(OC)c1C)C(=O)N2,488,0.932207871,0.147727273,0.07,0.669398462
CC1=NCC2(CC1)CCN(Cc1cccc(OC)c1C)CC2=O,488,0.861016998,0.136363636,0.04,0.682786627
CC1=NCC2(CC1)CCN(Cc1cccc(OC)c1C)CC2N,488,0.932925927,0.120879121,0.11,0.64328454
CC1=C(C)C(C)N=C1COC1NCc2cccc(OC)c21,488,0.924987235,0.102272727,0.08,0.644061882
CC1=C(C)C(OC)N=C1C1=CC=CCC1=C1CCN(C)CC1,488,0.776991089,0.08045977,0.01,0.659531031
CC1=C(C)C(C)N=C1C1=COC=C1OCc1cccc(C)c1,488,0.819454859,0.129411765,0.11,0.733677185
CC1=C(C)C(C)N=C1C1=CC=CCC1=C1CCC(OC)CC1,488,0.707307993,0.068965517,0.04,0.658978674
CC1=C(C)C(C)N=C1C1=COCc2cccc(OC)c2NC1,488,0.904993062,0.1,0.11,0.676450882
CC1=C(C)C(C)N=C1N=C1CCN(Cc2ccccc2)CC1,488,0.813928765,0.226666667,0.03,0.74083174
CC1=C(C)C(C)N=C1COC1NCc2cccc(OC)c2CN1,488,0.895514673,0.127906977,0.08,0.630476611
CC1=C(C)C(N=C2N=Cc3cccc(OC)c3CN2)C(C)CC1,488,0.846377219,0.122222222,0.1,0.632090812
CC1=C(C)C(C)N=CC1=C1NCc2cccc(OC)c2CN1,488,0.837582496,0.104651163,0.12,0.672188351
CC1=C(C)C(C)N=CC1=C1NC(OC)=Cc2ccccc2CN1,488,0.836087182,0.113636364,0.09,0.648054674
CC1=C(C)C(C)N=CC1=C1NC=C(OCc2ccccc2)CCN1,488,0.892364708,0.149425287,0.14,0.677276988
CC1=C(C)C(C)N=CC1=C1NC=C(OCc2ccccc2C=O)N1,488,0.836201869,0.120879121,0.11,0.653889805
CC1=C(C)C(C)N=CC1=CC1NCc2cccc(C=O)c2CN1,488,0.826048002,0.114942529,0.11,0.599727972
CC1=C(C)C(C)N=CC1=CC1=C(N=O)c2ccccc2CCN1,488,0.839512691,0.123595506,0.16,0.650611361
CC1=C(C)N=CC2CCN(c3cccc(C=O)c3OC)CCC2N1,488,0.867223847,0.120879121,0.04,0.680581873
CC1=C(C)NC(=CC2=NC(=O)c3cccc(C)c3C=N2)CCO1,488,0.877253332,0.151162791,0.15,0.74110994
C=C(C)NC(=O)OCC1=Nc2cccc(C=O)c2C=C(C)CC1,488,0.853491442,0.095744681,0,0.729348546
C=C(C)NC(=O)OCC1=Nc2cccc(C=O)c2CCN1C,488,0.866091086,0.119565217,0.02,0.755885607
C=C(C)NC(=O)OCC1=Nc2ccc(C=O)c(O)c2CC1,488,0.83303971,0.101123596,0.02,0.735961614
CC1=CC=CC(=NC(=O)OC2NC(C)=CC=C2C)CC1,488,0.792496831,0.120481928,0.02,0.616862922
CC1=CC=CC(=NC(=O)OC2NC(C)CC=C2C)CC1,488,0.744311637,0.11627907,0.02,0.58942141
CC1=CC=CCOC(=NC(=O)NC(C)C)CCN=CC=CC1,488,0.806176227,0.1,0,0.625394058
CC1=CC=CCOC(=NC(=O)NC(C)C)CCN=CC=C1,488,0.806052061,0.101123596,0.02,0.63119952
CC1=CC=CCOC(=O)NC(CC(C)C)CCN=CC=C1,488,0.843435637,0.125,0.06,0.620391776
CC1CCOC(=CC=NC(=O)OC(C)C)NCC=CCC1,488,0.625919811,0.136363636,0.02,0.597524241
CCC1CCOC(=NC(=O)NC(C)C)C=CC=C1C,488,0.830100117,0.170731707,0,0.622191414
CCC1CCOC(=NCCC(C)C)NC=CC=C1C=O,488,0.786306019,0.151162791,0.06,0.590171219
CC1CCOC(CCN=C(C)C)C(=O)NC=CC=C1C,488,0.8070316,0.215189873,0.01,0.58297207
CC1CCOC(CCN=C(C)C)C(=O)NCC=CC=C1,488,0.806451567,0.215189873,0.11,0.583936026
CC1CCOC(OCCC(C)C)C(=O)N=CC=C1N,488,0.844364788,0.142857143,0.08,0.597400155
CCC1CCOC(C(=O)NCCC(C)C)C=CC=C1N,488,0.812299513,0.152941176,0.08,0.620862699
CCC1CCOCCNC(=O)c2ccc(cc2)CCN1,488,0.821362661,0.181818182,0.21,0.631806553
CCCCC(C(=O)O)C(C)CC(=O)Nc1cccc(C(=O)O)c1,489,0.647506789,1,0.01,0.798628705
CCCCC(C(=O)O)C(C)CC(=O)Nc1cccc(CC)c1,489,0.721376631,0.770833333,0.01,0.798285502
CCCCC(C(=O)O)C(C)CC(=O)Nc1cccc(C#N)c1,489,0.769555342,0.725490196,0.01,0.784289605
CCCCC(C(=O)O)C(C)CC(=O)Nc1cccc(C(C)C)c1,489,0.695049065,0.770833333,0,0.792158977
CCCCC(=O)N(C(C)C)CC(=O)Nc1cccc(C(=O)O)c1,489,0.770828357,0.563636364,0,0.891821056
CCCCC(=O)N(C)C(C)CC(=O)Nc1cccc(C#N)c1,489,0.841193216,0.412698413,0,0.817267491
CCCCC(=O)N(C)C(C)C(=O)Nc1cccc(C#N)c1,489,0.873404719,0.338461538,0,0.827546724
CCCCC(=O)N(C)C(C)C(=O)Nc1cccc(F)c1,489,0.870756937,0.35483871,0.01,0.844435511
CCCCC(=O)N(C)C(C)C(=O)Nc1cccc(F)n1,489,0.813030845,0.268656716,0.03,0.802315852
CCCC(=O)N(CCC(=O)Nc1cccc(C#N)c1)C(C)C,489,0.841193216,0.338461538,0.01,0.872477747
CCCC(=O)N(C)CCCC(=O)Nc1cccc(C#N)c1,489,0.837153284,0.323076923,0.02,0.884443046
CCC(=O)N(C)CCCC(=O)Nc1cccc(C#N)c1,489,0.862646877,0.307692308,0.04,0.883307787
CCC(=O)N(CCCC(=O)Nc1cccc(C#N)c1)C(C)C,489,0.841193216,0.333333333,0.07,0.8726539
CCC(=O)N(CCCC(=O)Nc1cccc(CN)c1)C(C)C,489,0.774602844,0.338461538,0.09,0.877515183
O=C1Nc2ncccc2OC1CCO,490,0.703259135,1,0.02,0.755192628
O=C1Nc2ncccc2OC1CCCO,490,0.760675931,0.842105263,0.04,0.760805719
O=C1Nc2ccccc2OC1CCCCO,490,0.758254117,0.511111111,0.04,0.807275655
O=C1NNc2ccccc2OC1CCCF,490,0.82020093,0.387755102,0.01,0.739087695
O=C1CCc2ccccc2OC1CCCF,490,0.785580433,0.283018868,0.02,0.77388502
O=C1CCc2ccccc2OC1CCCCF,490,0.750818998,0.277777778,0.02,0.777442479
O=C1CCOc2ccccc2C1CCCCCF,490,0.745503642,0.203389831,0.01,0.783480259
O=C1CCc2ccccc2C1CCCCCCO,490,0.78241735,0.218181818,0,0.812169016
O=C1CNc2ccccc2OC1C(CCF)CCO,490,0.85358955,0.288135593,0.02,0.673459953
CC1CNC(=O)c2ccccc2OC1CCCCF,490,0.849965698,0.25,0.12,0.73076679
CC1CNC(=O)c2ccccc2OC1CCCCCF,490,0.8394511,0.245901639,0.1,0.733750666
CC1CNC(=O)c2ccccc2OC1C(CCF)CCO,490,0.875039329,0.26984127,0.08,0.661890342
CC1CNC(=O)c2ccccc2Oc2c1ccn2CCF,490,0.92245785,0.194029851,0.13,0.679320112
CCCCCN1C(=O)c2ccccc2N=C1CCCO,490,0.789267607,0.174603175,0.02,0.892688348
CCCCN1C(=O)c2ccccc2NC1(CC)CCO,490,0.839750088,0.209677419,0.09,0.75534534
CN1C(=O)c2ccccc2NC1c1cccnc1,490,0.829978262,0.186440678,0.03,0.812207774
CCN1C(=O)c2ccccc2NC1c1cccnc1,490,0.894575737,0.2,0.04,0.811887911
CN1C(=O)c2ccccc2NC1(CCO)c1cccnc1,490,0.901447649,0.258064516,0.04,0.751828573
CCOc1ccccc1C=C1SCC(=O)N(CCO)C1=O,490,0.659755906,0.161764706,0,0.84352643
CCOc1ccccc1C=C1C(=O)N(CCO)N=C1C(C)=O,490,0.80207805,0.179104478,0.01,0.813003388
CCOc1ccccc1C=C1SCC(=O)N(CC2CC2)C1=O,490,0.618649077,0.126760563,0.01,0.838920013
CCC(=O)C1Cc2ccccc2C(=O)NC1c1cccnc1,490,0.946543244,0.194029851,0.04,0.751140044
CC(=O)N1Cc2ccccc2NC(=O)c2cc(CCO)sc21,490,0.893648701,0.191176471,0.17,0.801353015
CCS(=O)(=O)C1Cc2ccccc2C(=O)NC1c1cccnc1,490,0.932582295,0.179104478,0.07,0.739496729
CCC1NC(=O)CCC1Cc1cccnc1-c1ccc(O)c(OC)c1,490,0.875848715,0.202702703,0.25,0.737029174
CC(=O)OC1Cc2ccccc2C(=O)NC1c1ccc(O)c(Cl)c1,490,0.820336858,0.123287671,0.19,0.753440515
CC(=O)C1OC(=O)NC1Cc1ccccc1-c1ccc(O)c(Cl)c1,490,0.890895062,0.173913043,0.06,0.737986554
CC(=O)C1OC(=O)NC1Cc1ccccc1-c1ccc(O)cc1,490,0.909987024,0.209677419,0.05,0.751901936
CNC1COC(=O)C(Cc2ccccc2-c2ccc(=O)[nH]c2)O1,490,0.825335444,0.15942029,0.13,0.695442427
CNC1COC(=O)C1Cc1ccccc1-c1ccc(=O)[nH]c1,490,0.835835844,0.144927536,0.15,0.728348347
CNC1COC(=O)C(Cc2ccccc2-c2ccc(=O)[nH]c2)C1,490,0.843665591,0.142857143,0.12,0.728551751
CNC(=O)Cc1ccccc1-c1ccc(CO)c([N+](=O)[O-])c1,490,0.652568117,0.117647059,0.06,0.869371862
CNC(=O)Cc1ccccc1-c1ccc2c(c1)CCC(=O)N2CC,490,0.940698635,0.109589041,0.06,0.868088085
CNC(CO)Cc1ccccc1-c1ccc2c(c1)CCC(=O)N2,490,0.794330377,0.157142857,0.16,0.80195064
CNC(=O)Cc1ccccc1-c1ccc2c(c1)CCC(=O)N2CCO,490,0.874938787,0.136986301,0.07,0.858743386
CNC(=O)Cc1ccc(-c2cccnc2)c2cc(CO)c(=O)oc12,490,0.711770006,0.185714286,0.22,0.828175867
CNC(=O)Cc1ccc(-c2cccnc2)c2[nH]c(=O)ccc12,490,0.773949902,0.179104478,0.17,0.853392643
CC(=O)NCCc1ccc(-c2cccnc2)c2[nH]c(=O)ccc12,490,0.776183528,0.173913043,0.18,0.855872504
CCc1ccc2c(c1)CC(Cc1cccnc1)C(=O)N2C(=O)O,490,0.945521593,0.171428571,0.02,0.782633372
CCc1ccc2c(c1)NC(=O)C(Cc1cccnc1)N2C(=O)O,490,0.912721508,0.220588235,0.06,0.783871952
CNC(=O)CCc1cccnc1-c1ccc2c(c1)CC(=O)N2,490,0.904999197,0.223880597,0.25,0.846771153
CC1Cc2cc(CCCCO)ncc2C(=O)N1Cc1cccnc1,490,0.828223596,0.208333333,0.08,0.776761937
CC(N)Cc1ccccc1-c1ncc2c(n1)CCC(=O)N2,490,0.900854884,0.161764706,0.14,0.775611906
CC(N)CCc1cccnc1-c1ccc2c(c1)CC(=O)N2,490,0.904528271,0.208955224,0.33,0.789856009
CC(N)Cc1ccc2c(c1)CC(=O)N2Cc1cccnc1,490,0.932893788,0.142857143,0.12,0.813200111
CSc1nnc(SCC(=O)N(C)C2C(=O)N(Cc3ccccc3)C(=O)N=C2N)s1,491,0.632680565,0.647058824,0.04,0.725731762
CSc1nnc(SCC(=O)N(C)C2C(=N)N(Cc3ccccc3)C(=O)N2C)s1,491,0.670961825,0.681818182,0,0.722338926
CSc1nnc(SCC(=O)N(C)C2C(=N)N(C)C(=O)Nc3ccccc32)s1,491,0.718341726,0.608695652,0,0.714612637
CSc1nnc(C(=O)N(C)C2C(=O)N(C)C(=Nc3ccccc3)N2C)s1,491,0.740019183,0.3375,0.02,0.68665557
CSc1nnc(C(=N)N(C)C2C(=O)N(C)C(=N)N2c2ccccc2)s1,491,0.479752234,0.358974359,0.02,0.685920127
CSc1nnc(C(=N)N(C)C2C(=O)N(C)c3ccccc3N2C)[nH]1,491,0.493673766,0.271604938,0.13,0.670690031
CSc1nnc(C(=O)N(C)C2C(=O)N(C)c3ccccc3N2C)[nH]1,491,0.835986151,0.275,0.09,0.69044108
CSc1nnc(C(=N)N(C)C2C(=O)N(C)c3ccccc3N2C)o1,491,0.511430858,0.256097561,0.03,0.691595625
CSc1nnc(C2C(=N)N(c3ccccc3)c3ccccc3N2C)o1,491,0.71664607,0.227848101,0.06,0.747654222
CSc1nnc(CN(C)C2C(=O)Nc3ccccc3N2C)c(OC)n1,491,0.802392681,0.252873563,0.05,0.710694747
CSc1nnc(CN(C)C2C(=O)Nc3ccccc3N2C)c(F)n1,491,0.840974959,0.258823529,0.08,0.700438022
CSc1nnc(CN(C)C2C(=O)Nc3ccccc3N2C)n1C,491,0.853578891,0.271604938,0.06,0.731434556
CSc1nnc(CN(C)C2C(=O)Nc3ccccc3N2C)o1,491,0.858636516,0.253012048,0.05,0.723682892
CSc1nnc(CN(C)C2C(=O)Nc3ccccc32)n1C,491,0.870463381,0.311688312,0.06,0.750087395
CSc1nnc(C2C(=O)Nc3ncccc3N2C)n1C,491,0.83358614,0.207317073,0.07,0.727898911
CSC1CN(C)C(=O)c2ccnc(Nc3ccccc3)c21,491,0.944138234,0.166666667,0.13,0.770032419
CSC1CN(C)C(=O)c2cccc(-c3ccncc3)c2N1,491,0.925855093,0.182926829,0.26,0.739065239
CSc1nnc(CNC2C(=O)Nc3ccccc32)n1C,491,0.83065842,0.234567901,0.06,0.776173882
CSc1nnc(C2CNC(=O)c3ccccc3N2)n1C,491,0.818457411,0.195121951,0.22,0.755700468
Cc1nnc(C2CNC(=O)c3ccccc3N2)n1C,491,0.799788638,0.158536585,0.23,0.755832967
Cc1nnc2n1NC(c1ccncc1)CCN2C(C)C,491,0.904316314,0.129411765,0.1,0.71806619
Cc1nnc(NC2CCN(C)c3ccccc32)n1C,491,0.894821639,0.119047619,0.01,0.766571713
Cc1nnc2n1NC(c1ccncc1)CCN2C,491,0.8138936,0.134146341,0.11,0.720143573
Cc1nnc2n1C(CO)CCN(c1ccccc1)N2,491,0.852079421,0.170731707,0.03,0.732075324
Cc1nnc2n1-c1ccccc1C(C1CCNC1)N2,491,0.813321923,0.141176471,0.08,0.694526304
Cc1ccc2c(c1)C(c1ccncc1)CCN2N=O,491,0.770303773,0.091954023,0.08,0.756973785
Cc1ccc2c(c1)C(c1ccncc1)NCCN2N=O,491,0.850427566,0.102272727,0.12,0.750500379
Cc1ccc2c(c1)C(c1ccncc1)NC(C)CN2N=O,491,0.860348449,0.101123596,0.11,0.705874533
COC1CN(C)c2ccc(-c3ccncc3)cc2C(C)N1,491,0.91939152,0.08988764,0.51,0.715536841
COC1=NNC(=O)c2cc(-c3ccncc3)cnc2N1C,491,0.851431804,0.113636364,0.48,0.782085239
CC(C)N1CNC(=O)c2cc(-c3ccncc3)ccc2N1,491,0.888243365,0.117647059,0.63,0.798358316
COC1CNC(=O)c2cc(-c3ccncc3)ccc2N1C,491,0.9143476,0.114942529,0.62,0.768529086
CN1CCNC(=O)c2cc(-c3ccncc3)ccc2C1O,491,0.830389582,0.127906977,0.53,0.781203701
O=C(NCc1ccco1)C(=O)NCC1OCCCN1S(=O)(=O)c1ccccc1,492,0.671554315,1,0,0.793682688
O=C(NCc1ccco1)C(=O)NCC1OCCN1S(=O)(=O)c1ccccc1,492,0.670312588,0.886792453,0,0.794322693
O=C(NCc1ccco1)C(=O)NCC1CCCN1S(=O)(=O)c1ccccc1,492,0.710370745,0.724137931,0,0.813593622
O=C(NCC1CCCO1)C(=O)NCCN(C(=O)c1ccccc1)C1CC1,492,0.701866984,0.310810811,0,0.815044407
O=C(NCC1CCCO1)C(=O)Nc1ccccc1C(=O)NCCCCCO,492,0.375372439,0.278481013,0.03,0.824692723
O=C(NCC1CCCO1)C(=O)N1CC(CN)C1C(=O)c1ccccc1,492,0.575452763,0.298701299,0,0.72073264
CCC(Oc1ccccc1)C(=O)N1CCCC1CNCC(=O)NCCO,492,0.564222894,0.209302326,0.01,0.772477145
O=C(NCC1CCCN1C(=O)CO)c1ccc(OCCO)cc1,492,0.643982278,0.185185185,0.04,0.826279053
CCC(C(=O)NCC1CCCN1C(=O)CO)c1ccc(CO)cc1,492,0.687037786,0.180722892,0,0.771461869
CCC(C(=O)NCC1CCCN1C(=O)CO)c1ccccc1,492,0.831586085,0.230769231,0,0.787294659
CCC(C(=O)NCC1CCCN1C(=O)CO)c1ccccn1,492,0.809272936,0.202380952,0.01,0.752662649
CCC1CCCN1C(=O)C(=O)NCC(O)c1ccccc1,492,0.819673336,0.236842105,0,0.79385093
O=C(NCC1CCCN1C(=O)CO)c1ccccc1,492,0.82491411,0.253521127,0,0.847589377
O=C(NCC1CCCN1C(=O)CO)c1ccccn1,492,0.7874967,0.220779221,0.01,0.818154904
CC(CNC(=O)N1CCCC1CO)c1ccccn1,492,0.86152792,0.197530864,0,0.767714939
CC(CN)C(=O)N1CCCC1Cn1cc(CO)cn1,492,0.783037769,0.141176471,0.12,0.738039413
CCC(N)C(=O)N1CCCN1c1cccc(C)n1,492,0.869186579,0.15,0.02,0.747412851
CCC(N)C(=O)N1CCCN1Cc1cccc(C)n1,492,0.881605109,0.160493827,0.02,0.745846196
CC(CN)C(=O)N1CCCC1CNc1cccc(C)n1,492,0.852245255,0.192771084,0.11,0.763531575
CC(CN)C(=O)N1CCCC1CNc1cc(C)ccn1,492,0.852245255,0.19047619,0.22,0.761454377
CC(CN)C(=O)N1CCCC1CNc1cc(C#N)ccn1,492,0.840441533,0.183908046,0.23,0.743260317
CCCNC(=O)CC1C(=O)N(Cc2ccccc2)C(C)c2nc3ccccc3n21,493,0.699311088,1,0.01,0.766296406
CCCNC(=O)CC1C(=O)N(Cc2ccccc2)C(CC)c2ncc(Br)n21,493,0.725894414,0.582089552,0.01,0.730006374
CCCNC(=O)CC1C(=O)N(CC(C)C)c2ccccc2N1Cc1ccc(Br)cc1,493,0.603934947,0.432432432,0.01,0.796818417
CCCNC(=O)CC1C(C(C)C)c2ccccc2N1Cc1ccc(Br)cn1,493,0.680598267,0.317073171,0.01,0.730667912
CCCNC(=O)CC(C1CC1)N(Cc1ccccc1)c1ncc(Br)cn1,493,0.671692439,0.316455696,0.01,0.769998877
CCCNC(=O)CC(C(C)C)N1CCc2ccccc2Nc2ccc(Br)cc21,493,0.618934878,0.224719101,0.03,0.770399351
CCCC(C)CC1C(=O)N(CC)CCN1Cc1cnc2ccccc2c1,493,0.751995106,0.247058824,0.02,0.746484629
CCCNC(=O)CC(C(C)C)N1CCc2ccccc2-n2nc(Br)cc21,493,0.771967369,0.244186047,0.01,0.740065613
CCCNC(=O)CC(C(C)C)N1CCc2ccccc2-n2cc(Br)cc21,493,0.747939255,0.23255814,0.01,0.744954549
CCCC(N)CC(C(=O)NCC(C)C)n1ncc2ccc(Br)cc21,493,0.71706239,0.193181818,0.07,0.726739861
CCCN1C(=O)C(CC(=O)NCC(C)C)c2cc(Cl)ccc21,493,0.872878363,0.25,0.02,0.799654158
CCCC(N)CC(C(=O)NCC(C)C)N1CCc2ccc(Br)cc21,493,0.707610922,0.153846154,0.01,0.73397739
CCCN(C)CC1CC(C(=O)NCC)N(Cc2ccc(Br)cc2)C1C,493,0.712704183,0.214285714,0,0.714385301
CCCN(C)CC1CC(C(=O)NCC)=Cc2ccc(Cl)cc2N1C,493,0.854451524,0.168539326,0.01,0.740736884
CCCN(C)CC1CC(C(=O)NC)c2ccc3ccccc3c21,493,0.916516661,0.176470588,0,0.73559448
CCCN(C)CC1CC(N)C(=O)N1Cc1ccc2ccccc2c1,493,0.888027986,0.234567901,0.01,0.755552914
CCCN(C)C1CC(CC(N)=O)CNc2ccc(Cl)cc21,493,0.878702917,0.147727273,0.04,0.713226248
CCCN1C(C)C(=O)NC1Cc1ccc2ccccc2c1N,493,0.852623642,0.197530864,0.1,0.711099621
CCCN1C(N)=C(CC(=O)NCC)c2cc(Cl)ccc2C1C,493,0.874656245,0.234567901,0.02,0.754330824
CCCN1C(C)C(CC(N)=O)=Cc2ccc(Cl)cc2N1C,493,0.929793447,0.182926829,0.02,0.703246589
CCCN1C(C)C(=O)NC1Cc1ccc2ncccc2c1,493,0.936451027,0.222222222,0.08,0.728446071
CCCN1C(Br)=CC(CC(N)=O)Nc2ccc(F)cc21,493,0.827487541,0.151162791,0.07,0.712726668
CCCN1C(=O)C(C(F)F)C1Cc1ccc2ccccc2n1,493,0.794290364,0.25,0.01,0.726771582
CCCN1C(=O)C(C(F)F)C1Cc1ccc(N)cc1Br,493,0.657341978,0.170731707,0.03,0.700159362
CCCN1C(=O)C(C(F)F)=C1Nc1ccc(Br)cc1,493,0.89429293,0.139240506,0,0.797326087
CCCN1C(=O)C(C(F)F)=Cc2ccc(Br)cc21,493,0.835041338,0.171052632,0.02,0.838837114
CCC(N)C1C(=O)N(CC(F)F)c2ccc(Br)cc21,493,0.920988347,0.134146341,0.03,0.695272539
CCC(N)C1C(=O)N(CC(C)C)c2ccc(Br)cc21,493,0.923395052,0.135802469,0.05,0.724574801
CCC(N)C1(C(=O)NCO)C=Cc2ccc(Br)cc21,493,0.734868077,0.129411765,0.03,0.655338498
CCC1C(N)=Cc2ccc(NC(=O)CC(C)C)cc21,493,0.868359743,0.146341463,0.02,0.761275023
CCC1C(N)=Cc2ccccc2N1C(=O)CC(C)(C)C,493,0.894613321,0.179487179,0,0.743727818
CCN1C(=O)C(CC(C)C)c2cc(N)ccc2OC1=O,493,0.861489254,0.13253012,0.11,0.756061437
CCCN1C(=O)C(CC(C)C)Nc2ccc(N)cc2C1=O,493,0.659345947,0.144578313,0.08,0.7886142
CCCN1C(=O)C(CC(C)C)Nc2ccc(N)cc2C1C,493,0.835121585,0.182926829,0.09,0.733537542
CCCN1C(=O)C(N)=Nc2ccc(CC(F)(F)F)cc21,493,0.942118382,0.223684211,0.09,0.835128159
CCCN1C(=O)C(N)Cc2ccc(OC(F)(F)F)cc21,493,0.92745771,0.156626506,0.07,0.786495055
CCCN1C(=O)C(N)Cc2ccc(OC(F)F)cc21,493,0.908958285,0.170731707,0.09,0.786404313
O=C(c1cccc(NC2=NC3CS(=O)(=O)CC3S2)c1)N1CCN(c2ncccn2)CC1,494,0.729133395,1,0.01,0.729754267
O=C(c1cccc(NC2=NC3CS(=O)(=O)CC3N2)c1)N1CCN(c2ncccn2)CC1,494,0.681833082,0.707692308,0.07,0.712969481
O=C(c1cccc(NC2=NC3CS(=O)(=O)CC3N2)c1)N1CCC(c2nccs2)CC1,494,0.745383312,0.5,0.13,0.694428528
O=S(c1cccc(NC2=NC3CS(=O)(=O)CC3N2)c1)N1CCC(c2nccs2)CC1,494,0.710666045,0.329545455,0.17,0.614256344
O=S(c1cccc(NC2=NC(CON(O)O)CS2)c1)C1CCN(c2ncccn2)CC1,494,0.525187618,0.352941176,0.12,0.638885549
COc1ccc(C2=NS(=O)(=O)CC(NC(O)C3CCN(c4ncccn4)C3)C2)cc1,494,0.645642574,0.266666667,0.09,0.659515361
COc1ccc(C(=O)N2CCC(NS(=O)(=O)CC(F)F)CN(C3CCC3)C2)cc1,494,0.713605839,0.180851064,0.01,0.759446954
CC(=NNc1cccc(N2CCN(C(=O)O)CC2)c1)C1COC(c2nccs2)C1,494,0.573735228,0.255319149,0.02,0.70388622
CC(=NNc1cccc(S(=O)(=O)C2CN(C(C)C)CO2)c1)C1CCN(C)CC1,494,0.57613921,0.166666667,0,0.712261214
CC(=NNc1cc(C(=O)N(C)C)cc(C(=O)O)c1)C1CON(C2CCC2)C1,494,0.586035633,0.136842105,0,0.712939578
CC(=NNc1cc(C(=O)N(C)C)cc(C(=O)O)c1)C1CN(P2CCOC2)C1,494,0.437892168,0.135416667,0,0.657654547
CC(=NOC1CCN(C(=O)CN(C)C)CC1)c1cc(C2CCCO2)ccn1,494,0.564205797,0.164948454,0.05,0.735264151
CC(=NOC1CCN(C(=O)CN(C)C)CC1)c1cc(C(=O)O)ccn1,494,0.610315748,0.204545455,0.01,0.807282155
CC(C)(C)C1CCN(N=C(N)COP(=O)(O)c2ccsc2)CC1,494,0.479252515,0.130434783,0.02,0.6463906
CC(C)COC(=O)C1CCC(NC(=O)CN(N)OCC2CCCO2)CC1,494,0.355875468,0.07,0.01,0.739354759
CC(C)CN(C)S(=O)(=O)c1cccc(NN(O)C2CCOC2)c1,494,0.73446372,0.139784946,0.02,0.741368622
CN(C)CC1CCN(S(=O)(=O)N(C)CC(O)c2ccsc2)CC1,494,0.793410709,0.120879121,0.01,0.758489012
CN(C)CC1CCN(S(=O)(=O)N(C)CCCOCC2CCCO2)CC1,494,0.532146854,0.051546392,0.01,0.771629473
CN(C)CC1CCN(S(=O)(=O)N(C)CCCO)CC1c1nccs1,494,0.72157022,0.125,0.05,0.698077157
CN(C)CC1CCN(S(=O)(=O)N(C)C)CC1OCC1CCCO1,494,0.658890897,0.052083333,0.01,0.695134459
CN(C)CC1CCN(S(=O)(=O)N(C)CCCO)c2cccc(c2)C1,494,0.797611355,0.129032258,0.01,0.657481167
CN(C)CC1CCN(S(=O)(=O)N(C)C)CC1Oc1ncccn1,494,0.718491827,0.139534884,0,0.709080833
CN(C)CC1(C)CCN(C(=O)COc2cc(N)ccn2)CC1,494,0.885756905,0.174418605,0.14,0.807483337
CN(C)CC1CCN(C(=O)COc2cc(N)ccn2)CC1O,494,0.783451283,0.183908046,0.15,0.741169348
CN(C)CC1CCN(C(=O)COc2cc(N)ccn2)CC1,494,0.870604397,0.192771084,0.11,0.846688098
CCc1ccc(C(C(=O)NC2CCCC2)N(C(=O)c2csnn2)C2CC2)cc1,495,0.774455021,1,0,0.782228073
CCc1ccc(C(C(=O)NC2CC2)N(C(=O)c2csnn2)C2CC2)cc1,495,0.813098217,0.925925926,0,0.783376045
CCc1ccc(C(C(=O)NC2CC2)N(C(=O)CCl)c2csnn2)cc1,495,0.751439962,0.567164179,0.01,0.752873209
CCc1ccc(C(C(=O)NC2CC2)N(C(=O)C2CC2)c2csnn2)cc1,495,0.813133387,0.6,0.03,0.761306498
CCc1ccc(C(C(=O)NC2CC2)N(C)C(=O)c2cscn2)cc1,495,0.877159892,0.52238806,0.01,0.800064887
CCc1ccc(C(C(=O)NC2CC2)N(C)C(=O)C2CCCCN2)cc1,495,0.832093335,0.463768116,0,0.777733455
CCc1ccc(C(C(=O)NC2CC2)N(C)C(=O)C2CCCCN2)s1,495,0.827849099,0.337662338,0,0.734250159
CCc1ccc(C(C(=O)NC2CC2)N(C)C(=O)C2CCCC2)s1,495,0.867772058,0.366197183,0,0.785202104
CCc1ccc(C(C(=O)NC2CC2)N(C)C(=O)C2CC2)cc1,495,0.876988595,0.476190476,0,0.833609542
CCc1ccc(C(C(=O)NC2CC2)N(C)C(=O)C2CC2)s1,495,0.877646715,0.338028169,0,0.782827965
CCN(C(=O)C(NC(=O)C1CC1)C1CC1)c1ccc(Br)cn1,495,0.841643674,0.192771084,0.04,0.776872363
CCN(C(=O)C(NC(=O)C1CC1)c1ccc(Br)s1)C1CC1,495,0.835620998,0.227848101,0.05,0.77538532
CCN(C(=O)C(NC(=O)C1CC1)C1CC1)c1ccc(Br)s1,495,0.835230599,0.2,0,0.747445779
CCN(C(=O)CCCC(=O)NC1CC1)C1CCCc2sccc21,495,0.830410715,0.231707317,0,0.77880142
CC(C(=O)NC1CC1)N(C(=O)Cc1cccs1)C1CC1,495,0.870979552,0.342857143,0.01,0.792761633
CC(C(=O)NC1CCCC1)N(C(=O)Cc1cccs1)C1CC1,495,0.875974707,0.391304348,0.01,0.79472855
CC(C(=O)NC1CC1)N(C(=O)Cc1cccs1)C1CCCC1,495,0.875974707,0.352112676,0,0.79321118
CCCNC(=O)C(C)N(C(=O)Cc1cccs1)C1CCCCC1,495,0.829791132,0.298701299,0.02,0.796593846
CC(C(=O)NC1CCCCC1)N(C(=O)Cc1cccs1)C1CC1,495,0.868803926,0.385714286,0.01,0.795389349
CCCCC(CC)CNC(=O)CN(C)S(=O)(=O)c1cccc2nsnc12,496,0.664108943,1,0,0.774751724
CCCCC(CC)CNC(=O)CN(C)S(=O)c1cc2cccnc2nc1,496,0.691723383,0.41025641,0.09,0.69244778
CCCCC(CC)CNC(=O)CN(C)S(=O)(=O)c1ccnc2ccccc12,496,0.674504851,0.646153846,0.01,0.79797674
CCCCC(CC)CNC(=O)CN(C)S(=O)(=O)c1ccncc1F,496,0.694305105,0.590909091,0.06,0.78074222
CCCCC(CC)CNC(=O)CN(C)S(=O)(=O)c1ccncc1C,496,0.698537745,0.6,0.07,0.783399262
CCCC1CC1CNC(=O)CN(C)S(=O)(=O)c1ccncc1C,496,0.779429987,0.333333333,0.06,0.734713556
CCCCCCCNC1CN(S(=O)(=O)c2ccncc2C)CCS1,496,0.676216117,0.193181818,0.12,0.74519071
CCCC1CC1CNCC(C)CN(C)S(=O)(=O)c1cccnc1Cl,496,0.640175687,0.258823529,0.01,0.70039171
CCCCNCCNC1CN(S(=O)(=O)c2ccncc2C)CCS1,496,0.639042852,0.191011236,0.14,0.731220574
CCCC1CNCC1NS(=O)(=O)CN(C)c1ccncc1C,496,0.784530012,0.183908046,0.15,0.680297974
CCC1CSCC1CNS(=O)(=O)Cc1cc(C)cnc1N(C)C,496,0.810961254,0.149425287,0.06,0.683413923
CCC1CSCC1CNS(=O)(=O)Cc1nc2cccnc2n1C,496,0.855521078,0.170454545,0.07,0.688525841
CCC1CSCC1CNS(=O)(=O)N(C)c1ccncc1CC,496,0.825088126,0.164705882,0.13,0.667228869
CCC1CSCC1NNS(=O)(=O)c1cc2ccncc2n1CC,496,0.775987007,0.131868132,0.15,0.648931759
CCC1CSCC1NS(=O)(=O)c1cc2cccnc2n1CC,496,0.908818934,0.144444444,0.09,0.685096396
CCC1CNCC1NS(=O)(=O)c1cc2cccnc2n1CC,496,0.870686381,0.144444444,0.12,0.703200862
CCC1CSCC1NCCN(C)S(=O)(=O)c1ccncc1C,496,0.817013268,0.211764706,0.17,0.690308314
CCC1CNCC1S(=O)(=O)Cc1ncnc2ccccc12,496,0.92750225,0.170731707,0.04,0.706618123
CCC1CNCC1N(C)Cc1ncnc2ccccc12,496,0.923067086,0.156626506,0.07,0.730195358
CCC1CNCC1N(C)Cc1ncncc1S(=O)(=O)CC,496,0.833252946,0.152941176,0.13,0.677243224
CCCCCNC1CS(=O)(=O)CC1N(C)c1ccncc1Cl,496,0.76683011,0.172413793,0.11,0.708696461
CCC1CNCC1S(=O)(=O)C(C)c1ccncc1Cl,496,0.926208633,0.168674699,0.2,0.651813603
CCC1CNCC1S(=O)(=O)CCc1ncccc1C(C)CC,496,0.837218236,0.174418605,0.13,0.663420892
CCC1CNC(=O)CN1S(=O)(=O)c1cccnc1C,496,0.864405579,0.172839506,0.05,0.760995733
CCC1CNCC1S(=O)(=O)C(C)c1cccnc1C,496,0.91556174,0.172839506,0.09,0.65861242
CCC1CNCC1N(C)C(=O)c1ccncc1S(C)=O,496,0.895883621,0.162790698,0.19,0.65334583
CCC1CNCC1S(=O)(=O)c1cc(C)ccc1SC,496,0.867776351,0.13253012,0.05,0.705922817
CCC1CNCC1N(C)C(=O)c1ccncc1I,496,0.837004365,0.156626506,0.22,0.697667734
CCC1CCCC1CNS(=O)(=O)c1ccc(F)cc1I,496,0.75407661,0.144578313,0.03,0.749607174
CCC1CCCC1CNc1nc(C(=O)O)ccc1F,496,0.858984304,0.130952381,0.06,0.755095727
CCC1CC1CNC(=O)N(C)c1ncncc1I,496,0.838574765,0.154761905,0.12,0.689873272
CCC(CC)C(=O)NCc1ccncc1-c1ccccc1F,496,0.877664386,0.2,0.04,0.864803884
CCC(CNC(=O)NCc1ccncc1F)c1cccs1,496,0.860292753,0.2,0.15,0.783794214
CCC(CC)C(=O)NCc1ccncc1-c1ccc(F)cc1,496,0.877664386,0.1875,0.36,0.875754752
Cc1cc(=O)n2nc(N3CCCC3C(=O)NCc3ccccn3)sc2n1,497,0.740359498,1,0,0.774648792
Cc1cc(=O)n2nc(N3CCCC3C(=O)NCc3ccccc3)nc2c(C)n1,497,0.73749539,0.540540541,0.02,0.782986726
Cc1cc(=O)n2nc(N3CCCC3C(=O)NCc3ccccc3Cl)sc2n1,497,0.723142824,0.746268657,0,0.783603812
CCc1cc(=O)n2nc(N3CCCC3C(=O)NCc3ccccc3)sc2n1,497,0.728967468,0.666666667,0,0.791399667
CCc1cc(=O)n2nc(CN3CCCC3C(=O)NCc3ccccc3)sc2n1,497,0.688178279,0.481012658,0,0.790375744
CCc1cc(=O)n(-c2nc3cc(C)ccc3n2CC(=O)N(C)CCO)s1,497,0.710208503,0.178947368,0.1,0.771267236
CCc1cc(=O)n(-c2cc(C)ccc2C=CC(=O)N2CCCC2CO)s1,497,0.82116992,0.212765957,0.05,0.7276281
CCc1cc(=O)n(-c2cc(C#CCO)ccc2C(=O)N(C)c2cccs2)o1,497,0.704183582,0.14,0.05,0.735393854
CCc1cc(=O)n(-c2cc(C=CC(=O)OCC)ccc2N(C)CCO)s1,497,0.566023722,0.144329897,0.04,0.764492023
CCc1cc(=O)n(-c2cc(C#CCO)ccc2C(=O)N(C)CCO)s1,497,0.775384623,0.136842105,0.03,0.756905567
CCCc1nc(N(C)CCC)c(C=CC(=O)OCc2ccc(C)cc2)s1,497,0.45843293,0.135416667,0.02,0.809856529
Cc1cc(=O)n(-c2cc(C=CC(=O)OCCO)ccc2N(C)C)s1,497,0.636841108,0.150537634,0.06,0.770272501
CCc1cc(=O)n(-c2cc(C=CC(=O)OCCO)ccc2N(C)C)s1,497,0.603073615,0.135416667,0.04,0.766540795
CCOCc1nc(=O)c(C=CC(=O)N(C)C)c(-c2ccc(C)cc2)s1,497,0.744633667,0.150537634,0.01,0.807231096
CCOCc1nc(=O)n(-c2ccc(Cl)cc2)cc1C=CC(=O)N(C)C,497,0.741520833,0.125,0,0.802779814
CCOCc1nc(=O)n(-c2ccc(N)cc2C=CC(=O)N(C)C)s1,497,0.631192486,0.144329897,0.11,0.747608166
Cc1cc(S(=O)(=O)N(C)C)ccc1C=CC(=O)OCCN1CCCC1,497,0.54459827,0.150537634,0.02,0.857228198
Cc1ccc(OCCn2c(COC(C)C)nn(C3CCCC3)c2=O)cc1,497,0.724043221,0.188888889,0.02,0.833430519
Cc1ccc(NCc2nc(=O)c(COC(C)C)cn2C2CCCC2)cc1,497,0.808440757,0.186813187,0.03,0.822545903
Cc1ccc(NCc2nc3cc(COCCO)ccc3c(=O)n2C)cc1,497,0.637891494,0.159574468,0.03,0.863797047
Cc1ccc(NCc2nc3cc(C)ccc3c(=O)n2CCO)cc1,497,0.757291967,0.174418605,0.02,0.879364555
Cc1cc(N2CCNCC2c2nc(COC)ccc2Cl)ccc1CO,497,0.857222301,0.164948454,0.1,0.74727875
Cc1ccc(NCc2nc3cc(COC)ccc3c(=O)n2C)cc1,497,0.784066179,0.155555556,0.02,0.877855505
Cc1ccc(NCc2nc3cc(CO)ccc3n2C(C)C)cc1,497,0.747885429,0.174418605,0.05,0.870010058
Cc1ccc(NCCNc2nc(COC(C)C)ccc2C=O)cc1,497,0.543562092,0.122222222,0.02,0.837744872
Cc1cc(N2CCNCC2C)nc(COc2ccc(CO)cc2)n1,497,0.869708814,0.2,0.07,0.791454914
Cc1cc(N2CCNCC2C)nc(CSc2ccc(CO)cc2)n1,497,0.812252079,0.186813187,0.07,0.776473643
Cc1cc(N2CCNCC2C)nc(CSc2ccc(N)cc2)n1,497,0.663357878,0.177777778,0.13,0.772588635
Cc1cc(N2CCNCC2C)nc(COC(C)CO)c1C#N,497,0.843004271,0.15625,0.1,0.691104027
Cc1cc(N2CCNCC2C)nc(CSc2cccs2)n1,497,0.877328205,0.2,0.04,0.749758817
Cc1cc(N2CCNCC2C)nc(COC(C)C)c1C=O,497,0.840118595,0.150537634,0.07,0.731071323
Cc1ccc(N2CCNCC2CNC(C)C)c(C#N)c1,497,0.8747578,0.170454545,0.06,0.770314296
Cc1ccc(NCc2nc3n(n2)CCCC3C)c(CN)c1,497,0.905558878,0.23255814,0.03,0.749842675
Cc1ccc(N2CCn3c(CNC(C)C)ccc32)nc1,497,0.92711119,0.164705882,0.04,0.794148807
Cc1ccc(NCc2nc3n(n2)CCNC3C)c(C#N)c1,497,0.896115844,0.186813187,0.11,0.734185752
Cc1ccc(N(C)Cc2nc3n(n2)CCNC3)c(C)c1,497,0.921518031,0.159090909,0.09,0.792613045
Cc1ccc(NCc2nc3n(n2)CCNC3)c(C#N)c1,497,0.87342388,0.177777778,0.1,0.786078734
Cc1ccc(NCc2nc3n(n2)CCNC3)cc1C#N,497,0.87342388,0.177777778,0.1,0.783495445
Cc1ccc(N(C)Cc2nc3n(n2)CCNC3)cc1C,497,0.921518031,0.147727273,0.1,0.794606297
CCOC(=O)N1CCC(NC(=O)CC(NS(=O)(=O)c2ccc(C)cc2)c2ccco2)CC1,498,0.621541115,1,0,0.794282713
CCOC(=O)N1CCC(NC(=O)CS(=O)(=O)c2ccc(C)cc2C)CC1,498,0.838397321,0.485714286,0,0.860624724
CCOC(=O)N1CCC(NC(=O)CC(c2ccc(C)cc2)c2ccco2)CC1,498,0.821172044,0.6875,0,0.80825038
CCOC(=O)N1CCC(NC(=O)CC(c2ccc(C)cc2)c2ccco2)C1,498,0.845254423,0.617647059,0,0.776207354
CCOC(=O)N1CCC(NC(=O)c2ccc(C)cc2-c2ccco2)C1,498,0.925934338,0.453333333,0.02,0.814600743
CCOC(=O)N1CCC(NC(=O)c2ccc(-c3cccnc3)nc2)C1,498,0.921287664,0.325301205,0.03,0.822900803
CCOC(=O)N1CCC(NC(=O)c2ccc(-c3cccnc3)nc2)CC1,498,0.911802839,0.367088608,0.03,0.87425874
CCOC(=O)N1CCC(NC(=O)c2ccc(-c3ccc(C)cc3)nc2)C1,498,0.917077566,0.371794872,0.03,0.837017588
CCOC(=O)N1CCC(NC(=O)c2ccc(-c3ccc(C)cc3)cn2)C1,498,0.917077566,0.381578947,0.02,0.832591808
CCOC(=O)N1CCC(NC(=O)c2ccc(-c3ccc(C)nc3)cc2)C1,498,0.917077566,0.329113924,0.04,0.835618835
CCOC(=O)N1CCC(C(=O)Nc2ccc(-c3cccnc3)cc2C)CC1,498,0.89052949,0.301204819,0.1,0.886933701
CCOC(=O)N1CCC(C(=O)Nc2ccc(-c3cccnc3)cc2C)C1,498,0.913437023,0.279069767,0.1,0.837075592
CCOC(=O)N1CCC(NC(CO)c2ccc(-c3cccnc3)cc2)C1,498,0.833097463,0.358024691,0.14,0.78216665
CCOC(=O)N1CCC(CO)(c2ccc(-c3cccnc3)cc2)CC1,498,0.928060476,0.256097561,0.17,0.852984905
CCOC(=O)N1CCC(NC(CO)c2ccc(-c3cccnc3)cn2)C1,498,0.823088326,0.34939759,0.12,0.752972188
CCOC(=O)N1CCC(CO)(c2ccc(-c3cccnc3)cn2)C1,498,0.931854753,0.229885057,0.16,0.774092372
CCN1C(=O)CCC1C(CO)c1ccc(-c2cccnc2)cn1,498,0.919336629,0.164835165,0.19,0.725106763
CCN1C(=O)NCC1C(CO)c1ccc(-c2cccnc2)cn1,498,0.879450611,0.141304348,0.25,0.707906996
CCN1CCC(c2ccc(-c3cccnc3)cn2)P1(=O)O,498,0.882588471,0.174418605,0.18,0.670674276
CCN1CCC(C(=O)Nc2ccc(-c3cccnc3)cn2)P1,498,0.881740498,0.191011236,0.11,0.681698916
CCN1CCC(c2ccc(-c3cccnc3)nn2)C1CO,498,0.925775421,0.174418605,0.03,0.724767475
CCN1CCC(COCc2ccc(-c3cccnc3)cn2)P1,498,0.766359354,0.153846154,0.08,0.668229467
CCN1CCC(c2ccc(-c3cccnc3)cn2)C1CO,498,0.935243596,0.16091954,0.17,0.740821195
CCN1CCC1c1ccc(-c2cccnc2)[nH]c1=O,498,0.914373235,0.149425287,0.19,0.781146932
CCN(C)CC1C(=O)NC1c1ccc(-c2ccncc2)cn1,498,0.856007625,0.086956522,0.43,0.728832352
CNCCN1CCC(c2ccc(-c3ccncc3)cc2CO)C1=O,498,0.849541283,0.139784946,0.46,0.768991369
CCN(C)CCNC(=O)C1CC1c1ccc(-c2ccncc2)cn1,498,0.849006322,0.127659574,0.4,0.758389592
CCN(C)CC1CNC(=O)C1c1ccc(-c2ccncc2)cc1,498,0.922940127,0.102272727,0.39,0.749994176
CCNCN(CC)C1CCC(c2ccc(-c3ccncc3)cc2)C1,498,0.771184731,0.113636364,0.37,0.753905661
CCNCN(C)CP(=O)(O)c1ccc(-c2ccncc2)cc1,498,0.604270875,0.104651163,0.51,0.735890088
CC1(C)NC(=O)NC1c1ccc(-c2ccncc2)cc1F,498,0.890822834,0.066666667,0.44,0.761434983
CCN(C)CCNC(=O)Nc1ccc(-c2ccncc2)cc1F,498,0.861258433,0.108695652,0.46,0.876385679
CCN(C)CCNC(=O)c1ccc(-c2ccncc2)cc1F,498,0.891695148,0.111111111,0.51,0.881887755
CN(C)CCNCC(=O)c1ccc(-c2ccncc2)cc1F,498,0.629026316,0.112359551,0.44,0.865017532
CC(C)(C)CCCCNCc1ccc(-c2ccncc2)cc1F,498,0.711043108,0.065934066,0.54,0.870175029
CCOC(=O)N1CCN(C2C(=O)C(=O)C2=Nc2ccc3c(c2)OCC3)CC1,499,0.736485584,0.807017544,0.02,0.747843572
CCOC(=O)N1CCN(C2C(=O)C(=O)C2=Nc2ccc(OC)cc2)CC1,499,0.747217128,0.666666667,0.05,0.782370144
CCOC(=O)N1CCN(C2(O)C(=O)C2=Nc2ccc(OC)cc2)CC1,499,0.866714034,0.376811594,0.01,0.759720681
CCOC(=O)N1CCN(C2(N)C(=O)C2=Nc2ccc(OC)cc2)CC1,499,0.86515359,0.371428571,0.05,0.751510132
CCOC(=O)N1CCN(C2=C(OC)C(=O)C2=Nc2ccc(O)cc2)CC1,499,0.880424497,0.371428571,0,0.812534927
CCOC(=O)N1CCN(C2(N=O)C(=O)Oc3ccc(OC)cc32)CC1,499,0.45903135,0.369863014,0.01,0.73496244
CCOC(=O)N1CCC(N(O)C(=O)C=C2Oc3ccc(OC)cc32)CC1,499,0.502130169,0.320512821,0.02,0.796664116
CCOC(=O)N1CCC(N=C2C(=O)C(O)Cc3ccc(OC)cc32)CC1,499,0.884300673,0.324675325,0.01,0.745344854
CCOC(=O)N1CCC(N=C2C(=O)C(O)Cn3c2nc2ccccc23)C1,499,0.865775116,0.283950617,0.09,0.688099598
CCOC(=O)N1CCC(N=C2C(=O)N(O)c3ccc(OC)cc32)CC1,499,0.842569764,0.315789474,0,0.797212329
CCOC(=O)N1CCC(N=C2C(=O)N(O)c3ccccc3OC2)CC1,499,0.824692344,0.369863014,0,0.785288132
CCOC(=O)N1CCC(=C(N)NO)C12Cc1ccc(OC)cc1CC2,499,0.723130977,0.226190476,0.03,0.670758924
CCOC(=O)N1CCC(=C(O)CO)C1Cc1ncnc2ccccc12,499,0.826497327,0.214285714,0.05,0.727171274
CCOC(=O)N1CCC(=CCO)C1Cc1c[nH]c2ccc(OC)cc12,499,0.818082633,0.218390805,0.03,0.753210061
CCOC(=O)N1CCC(O)C1=NCc1c[nH]c2ccc(OC)cc12,499,0.899759073,0.238095238,0.02,0.737345461
CCOC(=O)N1CCC1=C(O)C(=O)N1Cc2ccccc2OCC1,499,0.662143657,0.324324324,0.02,0.792939442
CCOC(=O)N1CCC(O)C1Cc1c[nH]c2cccc(OCC)c12,499,0.882663684,0.21686747,0.01,0.743854045
CCCC(O)C(=O)N1CCC1Cc1c[nH]c2cccc(OCC)c12,499,0.820255616,0.170454545,0.04,0.737956082
CCOC(=O)N1CCC1=C(O)C(=O)N1CCc2ccccc2C1,499,0.670636378,0.260273973,0,0.801481064
CCOC(=O)N1CCC1(Cc1c[nH]c2ccccc12)C(=O)O,499,0.908178212,0.215189873,0.02,0.776114158
CCCC(O)C(=O)N1CCc2cccc(OCCCl)c2C1,499,0.820505861,0.180722892,0.01,0.782289742
CCCC(O)C(=O)N1CCc2cccc(OCCO)c2C1,499,0.823931356,0.168674699,0.04,0.792418295
CCOC(=O)N1CCC1Cc1c(OC)cnc2ccccc12,499,0.870681201,0.225,0.08,0.799255183
CCOC(=O)N1CCCC1Cc1c(OC)cnc2ccccc12,499,0.867609201,0.219512195,0.07,0.80701078
CCOC(=O)N1CCCC1Cc1c(OC)cccc1CCO,499,0.876488785,0.225,0.01,0.803102247
CCOC(=O)N1CCCC1Cc1c(OC)ccnc1OCCCl,499,0.712955605,0.21686747,0.08,0.772295148
CCOC(=O)N1CCCC1Cc1c(OC)ccnc1OCCO,499,0.820767882,0.21686747,0.12,0.781488757
CCCC(O)C(=O)N1CCc2ccc(OC)nc2C1C,499,0.910211911,0.170731707,0.03,0.72694088
CCCC(=O)N1CCCC(N)(c2ncccc2OC)CC1,499,0.921638878,0.180722892,0.07,0.779169272
CCCC(=O)N1CCCC(N)(c2ncccc2OC)C1,499,0.908612639,0.180722892,0.07,0.764617043
CCCC(=O)N1CCCC(c2ncncc2OCCC)C1,499,0.808433141,0.172839506,0.05,0.786257804
CCCC(=O)N1CCCC(c2ncncc2OCCO)C1,499,0.856666906,0.168674699,0.07,0.778049598
CC(C)C(=O)N1CCCC(c2cc(N)ncn2)C1,499,0.858807755,0.153846154,0.18,0.779103312
CC(C)C(=O)N1CCCC(c2nc(N)ncn2)CC1,499,0.866383799,0.151898734,0.13,0.790276095
CC(C)C(=O)N1CCCC(c2cc3cccnc3[nH]2)C1,499,0.912632366,0.156626506,0.14,0.787590076
CCCC(=O)N1CCCCC1c1ncc2c(n1)NCCC2,499,0.9287566,0.137931034,0.13,0.750619851
CCCC(=O)N1CCCCC1c1nc(N)c2c(n1)CCCC2,499,0.931578678,0.144578313,0.04,0.776850543
CCCC(=O)N1CCCCC1c1nc(N)nc2ccccc12,499,0.944888167,0.156626506,0,0.806599017
CC(OC(=O)c1ccc2c(=O)n3c(nc2c1)CCCCC3)C(=O)Nc1ccc(Cl)cn1,500,0.623784241,1,0.03,0.796058902
CC(OC(=O)C(C)n1cc2c(nc1=O)CCCCC2)C(=O)Nc1cc(Cl)ccc1C#N,500,0.561483564,0.329787234,0.01,0.726746289
CC(OC(=O)CCc1cc2c(nc1N(C)C)CCCCC2)C(=O)Nc1cc(Cl)ccc1C#N,500,0.47626197,0.29,0.03,0.766476648
CC(OC(=O)C(C(=O)N(C)C1CC1)c1ccc2c(c1)CCCCC2)C(=O)Nc1ccccn1,500,0.396203775,0.311827957,0.01,0.740751034
CC(OC(=O)C(C)n1cc2c(nc1=O)CCCCC2)C(O)C(=O)Nc1ccc(Cl)cn1,500,0.51159403,0.413793103,0.06,0.680368057
CC(OC(=O)C1CCC(C(=O)N(C)C)c2cc3c(nc21)CCCC3)C(=O)Nc1ccccn1,500,0.703048503,0.288659794,0.06,0.683359301
CC(OC(=O)C1CCc2c(ncn2C2CC2)C1C(=O)Nc1cc(F)ccn1)C(C)CC,500,0.673546871,0.2,0.04,0.639978503
CC(OC(=O)C1CCc2c(Cl)ncnc2N1Cc1ccc(F)cn1)C(=O)NC1CCCC1,500,0.521320137,0.233009709,0.03,0.710457109
CC(OC(=O)C1CCCc2c1ccn2C)C(=O)Nc1cc(C(=O)NC2CC2)c(F)cn1,500,0.688379973,0.282828283,0.01,0.715927863
CC(OC(=O)C1CCCc2c1ccn2C)C(=O)Nc1cc(C(=O)NC2CC2)ccn1,500,0.711716925,0.278350515,0.03,0.729296135
CC(=O)OC1CCC(C(C)C(=O)Nc2cc(CO)ccn2)CC1C(=O)N1CCCCC1,500,0.670155578,0.252525253,0.02,0.686258049
CC(=O)C(OC(=O)C(C)Cn1cnc2cc(C(=O)NC3CC3)ccc21)C1CC1,500,0.707448295,0.216494845,0,0.730818336
CC(=O)OC1CCCCC1NC(=O)C(C)C(C)C(=O)Nc1cc(C#N)ccn1,500,0.7227195,0.210526316,0.07,0.695170876
CC(=O)OC(C(=O)Cn1cnc2cc(C(=O)NC)ccc21)C(C)C1CCCCC1,500,0.722670136,0.252631579,0.01,0.728461691
CC(=O)C(SC(C)C(=O)Nc1cc(C)c(C)cn1)C1CCCCCC1C#N,500,0.72986888,0.221052632,0.03,0.654190388
CC(=O)C(NC(=O)N1CCCCC1)C(C)Cn1cnc2cc(C#N)ccc21,500,0.879479248,0.21875,0.05,0.737814471
CC(=O)C(NC(=O)N1CCCCC1)=C(C)C(C)Cc1cc(C#N)ccn1,500,0.822871538,0.197916667,0.03,0.72788698
CC(=O)OC(C(=O)Nc1cc(C#N)ccn1)C(C)CN1CCCCC1,500,0.792564113,0.292134831,0.06,0.742925762
CC(=O)C(SC1CCCCC1)C(C)C(=O)Nc1cc(C#N)c(Cl)cn1,500,0.800091154,0.25,0.05,0.696354471
CC(=O)C(OC(=O)Nc1cc(C2CC2)c(Cl)cn1)C(C)CCCCC,500,0.599087679,0.239130435,0.04,0.724424521
CC(Oc1ccccc1I)C(=O)NC1CCCCCC1C(=O)NN1CC1,500,0.380222097,0.189473684,0.04,0.733881862
CC(Oc1ccccc1I)C(=O)NC1CCCCC(C(=O)NO)C1,500,0.281032786,0.159574468,0.05,0.748713774
CC(Oc1ccc2c(c1)CCCC2)C(=O)Nc1cc(C#N)ccn1,500,0.937790043,0.279069767,0.05,0.812390923
CC(Oc1ccncn1)C(=O)NC1CCCCCC1C(=O)CF,500,0.808074186,0.189473684,0.13,0.701684142
CC(OC(=O)Nc1cc(C2CC2)c(Cl)cn1)C(=O)N1CCCCC1,500,0.89978988,0.317647059,0.04,0.790250192
CC(OC(=O)Nc1cc(C2CC2)ncn1)C(=O)N1CCCCC1,500,0.920562606,0.26744186,0.06,0.78996
CC(OC(=O)Nc1cc(C2CC2)c(Cl)cn1)C(=O)NC1CC1,500,0.872795802,0.282352941,0.07,0.789243901
CC(OC(=O)Nc1ccncn1)C(=O)NC1CCCCC1CO,500,0.74736651,0.241758242,0.12,0.733348758
CC(OC(=O)Nc1ccncn1)C(=O)NC1CCCCC1,500,0.883188519,0.273809524,0.13,0.81247447
CC(OC(=O)Nc1ccncn1)C(=O)N1CCCCC1,500,0.903645695,0.296296296,0.17,0.812068889
C=CCN1CCN(C(c2ccccc2OC)c2nnnn2C(C)C)CC1,501,0.708743007,0.75,0.02,0.783377879
CCCN1CCN(C(c2ccccc2Cl)c2nnnn2C(C)C)CC1,501,0.790135548,0.397058824,0.02,0.796717753
CCCN1CCN(C(c2ccccc2OC)c2nnnn2C(C)C)CC1,501,0.757340313,0.548387097,0.01,0.798799085
CC1=NCCN(C(c2ccccc2OC)c2nnnn2C(C)C)CC1,501,0.835026521,0.447761194,0,0.752871166
CC1=NCCN(C(c2ccccc2OC)c2nnnn2C(C)C)C1,501,0.840860815,0.432835821,0,0.741844782
CC1=NCCN(c2ccccc2-c2nnoc2C(C)(C)C)CC1,501,0.848094421,0.1625,0.07,0.76670994
CC1=NCCN1C(c1cccnc1OC)c1nnn(C(C)C)n1,501,0.831089762,0.240506329,0.06,0.685057514
C#CN1CCN(c2nccnc2-c2oncc2C(C)C)CC1,501,0.80733622,0.12195122,0.08,0.740407051
C1CCN(c2ncncc2-c2oncc2C(C)(C)C)CC1,501,0.846346229,0.113924051,0.09,0.798111393
CCCN1CCN(c2nnccc2C(OC)C(C)(C)C)CC1,501,0.8364798,0.260273973,0.01,0.761840135
CCCN1CCC(c2ncncc2C(O)C(C)(C)C)CC1,501,0.925579414,0.164556962,0.08,0.763357795
CCCN1CCC(c2ncccc2C(O)C(C)(C)C)CC1,501,0.917173862,0.210526316,0.05,0.78605859
CCCN1CC=C(c2ncccc2C(C)(C)O)CC1,501,0.904066342,0.164556962,0.02,0.813979113
CCCN1CC=C(c2cnccc2C(C)(C)O)CC1,501,0.904066342,0.15,0.1,0.811283031
CCCN1CCC(c2cnccc2C(C)(C)O)CC1,501,0.906121876,0.157894737,0.08,0.835140796
CCCN1CCC(c2cncc(C(C)C)c2)ON=CCN1,501,0.926108788,0.113636364,0.15,0.611369599
CCCN1CCN(O)C(c2cncc(CN)c2)CC1,501,0.860024305,0.12195122,0.18,0.759488808
CCCN1CCN(OC)C(c2cnccc2CN)CC1,501,0.885613048,0.158536585,0.24,0.740417337
CCCN1CC=C(c2cnccc2CN)CC1,501,0.861940874,0.139240506,0.21,0.82321915
CCCN1CC=C(c2cnccc2C2CNCCO2)CC1,501,0.921391817,0.111111111,0.25,0.741573196
CCCN1CC=C(c2cnccc2CN)C=CC=CO1,501,0.914375359,0.103448276,0.25,0.673512316
COC(=O)C1CSCC1=Nc1cc(Cl)cc(Cl)c1,502,0.783603385,1,0.01,0.723535005
COC(=O)C1CSCC1=Nc1cc(Cl)ccn1,502,0.774301646,0.666666667,0.06,0.695677945
COC(=O)C1CSCC1=Cc1cc(Cl)ccn1,502,0.774076758,0.529411765,0.06,0.713168009
COC(=O)C1CSCC1Nc1cc(Cl)ccn1,502,0.853797971,0.407407407,0.1,0.711769674
COC(=O)C1CC1Cc1cc(Cl)ccn1,502,0.739852335,0.351851852,0.08,0.753467409
COCC1CCCC1=Nc1cc(Cl)ccn1,502,0.810246681,0.293103448,0.04,0.715347896
COC1=NCCC1Nc1cc(Cl)cc(F)n1,502,0.809567604,0.216666667,0.01,0.689277691
COC1=NCCC1Cc1cc(Cl)cc(F)n1,502,0.747082008,0.196721311,0.01,0.687001794
COCC1CCCN1Nc1cc(Cl)cc(F)n1,502,0.842388752,0.203125,0.03,0.721150701
COCCC1CC(Nc2ccc(Cl)cc2)=NN1,502,0.866604326,0.177419355,0.06,0.75199036
COCCC1CC(Nc2ccc(Cl)cc2)=NC1,502,0.892871359,0.180327869,0.03,0.772052526
CN=CC1CCC(c2cc(Cl)cc(F)c2)=N1,502,0.707614206,0.180327869,0.05,0.688083162
CNC1CCCC(N=Nc2cc(Cl)ccn2)C1,502,0.839050575,0.209677419,0.05,0.673712897
CNC1CCCCC1N=Nc1cc(Cl)ccn1,502,0.839050575,0.216666667,0.1,0.678973494
CNCCCN1CC(O)C(c2cc(Cl)ccn2)N1,502,0.68309546,0.194029851,0.17,0.661160627
CNCC1CC(O)C(c2cc(Cl)ccn2)N1,502,0.730068967,0.209677419,0.17,0.651840598
CCNC1CC(O)C(c2cc(Cl)ccn2)N1,502,0.741066239,0.209677419,0.17,0.638813248
CCNC1CC(O)C(c2cc(Cl)ccn2)=N1,502,0.834190283,0.213114754,0.1,0.663956985
CCOC1CC(N)C(c2cc(Cl)ccn2)=N1,502,0.872053055,0.193548387,0.12,0.659209976
CC1CCCC(c2cc(Br)cc(Cl)c2)=NN1,502,0.833745809,0.163934426,0.1,0.743879401
CC1CCCN(c2cc(Cl)cc(Br)c2)CCN1,502,0.84976928,0.183333333,0.02,0.799884355
CCC1CC(c2cc(Br)cc(Cl)c2)=NCCN1,502,0.884651911,0.158730159,0.11,0.732695252
CCC1CCCNC1c1cc(Cl)cc(Br)c1,502,0.844652167,0.163934426,0.03,0.746651686
CCCN1CCCNC(c2cc(Cl)ccn2)C1,502,0.897231947,0.166666667,0.14,0.774976545
CCCN1CCCNC(c2cc(Cl)ccn2)C1C,502,0.912864503,0.164179104,0.15,0.718880989
CCCN1CCCNC(Cc2cc(Cl)ccn2)C1,502,0.907803145,0.161764706,0.15,0.781040614
CCCc1cc(NCc2cc(Cl)ccn2)n[nH]1,502,0.857748315,0.15625,0.24,0.827511772
CCCC1CC(Nc2cc(Cl)ccn2)CC=N1,502,0.888701412,0.19047619,0.13,0.674296571
CCCN1CC(Nc2cc(Cl)ccn2)C=NN1,502,0.858266625,0.181818182,0.15,0.666814221
Nc1cc(-c2cc(Cl)ccn2)ccc1N,502,0.724896985,0.148148148,0.1,0.870524525
Nc1cc(Cc2cccc(Cl)c2)ncc1N,502,0.837736751,0.157894737,0.04,0.860891195
Nc1cc(C2CCCNC2C)cc(Cl)n1,502,0.720715954,0.129032258,0.08,0.705050926
Cc1cc(C2CCCNC2C)cc(Cl)n1,502,0.74247643,0.131147541,0.04,0.717935175
Cc1cc(C2CCCNC2CCl)ccn1,502,0.781187268,0.161290323,0.1,0.716860373
CCCN1CC(N)CC1c1cc(Cl)ccn1,502,0.879696679,0.174603175,0.11,0.723122113
CC1CC(c2cc(Cl)ccn2)=NCCCN1,502,0.813976256,0.180327869,0.15,0.731146224
CC1CC(c2cc(Cl)ccn2)NCCCNCCCN1,502,0.74290571,0.180327869,0.14,0.659009842
CC1CC(NCc2cc(Cl)ccn2)CC(C)N1,502,0.868487154,0.203389831,0.14,0.725838584
CC1CN(c2cc(Cl)ccn2)CC1NCCCN,502,0.794993225,0.181818182,0.17,0.738810099
CCCCN(C(=S)Nc1ccccc1)C1C=S(O)(O)=CC1,503,0.721745294,1,0,0.697657408
CCCCN(C(=S)Nc1ccccc1)C1C=S(O)C=CC1,503,0.791687548,0.641509434,0,0.663613507
CCCCN(C(=O)Nc1ccccc1)C1C=CS(O)=C1,503,0.811844587,0.4,0,0.683627858
CCCCN(C(=O)Nc1ccccc1)C1C=CSCC1,503,0.874571515,0.433333333,0,0.75575847
CCCCN(C(=O)Nc1ccccc1)C1=CCOC=C1,503,0.886593517,0.370967742,0.02,0.805060167
CCCCN(C(=O)Nc1ccccc1)C1=CCOCC1,503,0.890554204,0.349206349,0,0.830185365
CCCCN(C(=O)Cc1ccccc1)C1=CCOC=C1,503,0.794305852,0.272727273,0.02,0.804710034
CCCCN(C(=O)Cc1ccccc1)C1=CCOCC1,503,0.796507575,0.253731343,0,0.834683509
CCCCN(C(=O)CNc1ccccc1)C1=CCC1,503,0.812587178,0.327868852,0,0.863201684
CCCCN(C(=O)Nc1ccccc1)C1=CCC1,503,0.833878734,0.385964912,0,0.871880941
CCCCN(C(=O)Nc1ccccc1)C1=CCCC1,503,0.834343126,0.366666667,0.01,0.86294819
CCCCN(C(=N)Cc1ccccc1)C1=CCC1,503,0.592484705,0.278688525,0.01,0.829792856
CCCCN(C(=N)Nc1ccccc1)C1=CCCC1,503,0.612579454,0.366666667,0.02,0.821181757
CCCCN(C(=N)Cc1ccccc1)C1=CCCC1,503,0.59336574,0.265625,0.04,0.823921058
CCCCN(C(=N)Nc1ccccc1)C1=CCCCC1,503,0.606876002,0.360655738,0.02,0.824638681
CCCCN(CCNc1ccccc1)C1=CC(C)=NC1,503,0.782612411,0.306451613,0.04,0.804518522
CCCCN(CCNc1ccccc1)C1=CC(C)=CCC1,503,0.735631274,0.296875,0.02,0.822726861
CCCCN(CCNc1ccccc1)C1=CC(C)=NCC1,503,0.782918579,0.296875,0.02,0.803094074
CCCCN(CC(N)=O)c1ccc(NC2=NC2)cc1,503,0.781996997,0.265625,0.03,0.836258648
CCCCN(CC1=NC(C)=CCC1)c1ccc(N)cc1,503,0.794103478,0.205882353,0.01,0.782565002
CCCCN(CCN)c1ccc(Nc2ncccc2C)cc1,503,0.780011909,0.235294118,0.15,0.868073717
CCCCN(C)c1cc(Nc2ncccc2C)ccc1N,503,0.788558821,0.211267606,0.13,0.858898789
CCCC(N)COc1cc(-n2ccnc2C)ccc1NC1CC1,503,0.784715909,0.120481928,0.13,0.781398579
CCCCN(c1ccncc1)c1ccc(N)c(C2CCC2)c1,503,0.773036673,0.2,0.12,0.833768711
CCCCN(c1ccc(-c2ccncc2N)cc1)C1CCCC1N,503,0.847433996,0.189189189,0.35,0.748355924
CCCC(N)COc1cc(-c2ccccc2)ccc1Nc1ncn[nH]1,503,0.582778725,0.139240506,0.32,0.79414965
CCCC(N)COc1ccc(-c2ccnc3ccc(C)nc23)cc1,503,0.741909667,0.088607595,0.17,0.811886352
CCC(C)CNc1cc(-c2ccccc2)ccc1-c1cnc(N)cn1,503,0.677018015,0.131578947,0.23,0.801659564
CCC(N)CNc1cc(-c2ccncc2)ccc1Nc1ccc(C)cn1,503,0.592432648,0.085365854,0.43,0.795433613
CCC(C)CNc1cc(-c2ccncc2)ccc1-c1cnc(N)cn1,503,0.705135365,0.0875,0.52,0.781043539
CCC(N)COc1cc(-c2ccncc2)ccc1Nc1ncc(C)cn1,503,0.676185235,0.086419753,0.46,0.792112792
CCC(N)CNc1cc(-c2ccncc2)ccc1C1CCNCC1C,503,0.752780623,0.107142857,0.65,0.718969266
CCC(N)CNc1cc(-c2ccncc2)ccc1C1(C)CC1,503,0.848119493,0.105263158,0.55,0.774563785
CCC(N)CNc1cc(-c2ccncn2)ccc1CC1CCNCC1,503,0.723065062,0.105882353,0.57,0.764447859
CCC(N)CNc1ccc(-c2ccncn2)cc1CC(C)CCN,503,0.658728495,0.082352941,0.56,0.737005855
CCC(C)CCNc1ccc(-c2ccncn2)cc1C(C)N,503,0.810313968,0.101265823,0.49,0.753771582
CCCC(N)CCOc1ccc(-c2ccncn2)cc1C(C)C,503,0.794509885,0.101265823,0.45,0.794579171
CCC(C)CCNc1ccc(-c2ccncn2)cc1C#N,503,0.872311427,0.1,0.51,0.792551137
CCCC(N)CCNc1ccc(-c2ccncn2)cc1CC,503,0.780773066,0.101265823,0.52,0.787572644
CCCCN(C)c1ccc(-c2ccncn2)cc1CCCCN,503,0.717943509,0.157894737,0.48,0.842038238
CCCCN(C)c1ccc(-c2ccncn2)cc1CCN,503,0.84913294,0.162162162,0.48,0.841974982
CCCCCNc1ccc(-c2ccncn2)cc1CCCCN,503,0.650208662,0.128205128,0.53,0.856741811
CCCCCNc1ccc(-c2ccncn2)cc1CCN,503,0.730386431,0.131578947,0.53,0.858230014
CCCCCNc1ccc(-c2ccncn2)cc1C#N,503,0.811110325,0.133333333,0.49,0.86235274
CCCCc1cc(-c2ccncn2)ccc1CCCCCN,503,0.707101775,0.123287671,0.51,0.860459397
CCCCc1cc(-c2ccncn2)ccc1NCCC(C)N,503,0.780773066,0.126582278,0.49,0.797866172
CCc1nnc(N2C(=O)c3ccccc3C2(O)c2ccccc2)s1,504,0.797849002,1,0.02,0.781456029
CCc1nnc(N2C(=O)c3ccccc3C2(O)Cc2ccccc2)s1,504,0.784077133,0.692307692,0.01,0.775119821
CCc1nnc(N2C(=O)c3ccccc3C2(O)Cc2cccnc2)s1,504,0.780513779,0.593220339,0.05,0.753364479
CCc1nnc(N2C(=O)COc3ccccc3C2(O)Cc2cccnc2)s1,504,0.744929376,0.428571429,0.05,0.73629947
CCc1nnc(N2C(=O)COc3ccccc3C(O)(CC)C2C)s1,504,0.923207,0.424242424,0.02,0.70266784
CCc1nnc(COC2(O)CCc3ccccc3C(=O)N(C)C2)s1,504,0.856634504,0.388059701,0.03,0.726776683
CCc1nnc(N2C(=O)COc3ccccc3CC(C)(O)CC2)s1,504,0.901342819,0.382352941,0.04,0.707022294
CCc1nnc(N2C(=O)C(OCCc3ccccc3)CC2(C)O)s1,504,0.866670301,0.446153846,0.02,0.710938887
CCc1nnc(CN2C(=O)C(OCc3ccccc3)CC2(C)O)s1,504,0.866239965,0.352941176,0.01,0.706133231
CCc1ncc(CN2C(=O)C(OC)Cc3ccccc3C2=O)s1,504,0.808084715,0.277777778,0.02,0.765186508
CCc1ncc(CN2C(=O)C(O)(CC3CC3)c3ccccc32)s1,504,0.916557795,0.314285714,0.05,0.760647574
CCc1nnc(N2C(=O)CCOCc3ccccc3CC2C)s1,504,0.848770657,0.338235294,0.02,0.719745792
CCc1ncc(CN2C(=O)C(C)(O)Cc3ccccc32)s1,504,0.947736471,0.289855072,0.05,0.759334853
CCc1cnc(N2C(=O)CCOCc3ccccc3C2)c(C)c1,504,0.853479935,0.184210526,0.02,0.782542947
CCc1cnc(N2Cc3ccccc3SCC2(C)O)cc1,504,0.921172198,0.225352113,0.06,0.751216778
CCc1cnc(N2Cc3ccccc3SCC2(C)O)cn1,504,0.924066415,0.228571429,0.06,0.721947291
CCc1cnc(N2Cc3ccccc3CSC2)c(=O)[nH]1,504,0.92192424,0.211267606,0.02,0.790686957
CCCc1cnc(N2C(=O)Cc3cccnc32)cn1,504,0.840673865,0.166666667,0.04,0.813642736
CCCc1cnc(N2C(CO)Cc3cccnc32)cn1,504,0.918750194,0.144736842,0.06,0.747624783
CCCc1cnc(N2Cc3ccccc3CC2CO)cn1,504,0.935520302,0.164383562,0.04,0.780686938
CCc1cnc(N2Cc3ccccc3CC2C(=O)O)cn1,504,0.933576365,0.217391304,0,0.787584727
CCc1cnc(CN2C(=O)Cc3cccnc3C2CO)cn1,504,0.912511998,0.173333333,0.04,0.732457625
CCc1cnc(CN(CCCO)C2CCc3cccnc32)cn1,504,0.849819515,0.125,0.07,0.75235947
CCc1cnc(N2CCc3cccnc3C2COCCO)nc1,504,0.815753147,0.135802469,0.02,0.751073821
CCc1cnc(CN(CCO)Cc2cccnc2)c(=O)[nH]1,504,0.784348719,0.155844156,0.09,0.81643088
CCc1cnc(N2CCc3cccnc3C2CO)cn1,504,0.916126849,0.162162162,0.05,0.748163775
CCc1cnc(N2Cc3cccnc3C(=O)NC2C)cn1,504,0.904711401,0.173333333,0.14,0.728846009
CN1c2ccccc2NC1c1cc(O)n(Cc2ccccc2)c1,505,0.772982248,1,0,0.767108494
CN1c2ccccc2NC(c2cc(O)n(CC3CC3)c2)C1,505,0.908478697,0.465517241,0.01,0.723272932
CN1c2ccccc2NC(c2cc(O)ccc2O)N1C,505,0.695720323,0.375,0.1,0.758270614
CN1CCc2ccccc2NC(O)N1c1cccc(O)c1,505,0.747861924,0.242424242,0,0.75210447
CN1CCc2ccccc2NC1c1cc(O)ccc1O,505,0.697379418,0.290322581,0.05,0.790647566
CN1CCc2ccccc2NC1c1cc(Br)ccc1O,505,0.834254623,0.28125,0.07,0.793692371
CN1CCC(c2cccc(O)c2)c2cc(Br)ccc2N1,505,0.829499098,0.202898551,0.03,0.761476986
CNC1c2ccccc2NC(O)N1c1cccc(O)c1,505,0.670681558,0.230769231,0.02,0.716962541
COC1CCc2ccccc2N1c1cc(O)ccc1O,505,0.823806219,0.196969697,0.03,0.786628943
COC1=CCCc2ccc(O)cc2N1c1ccccc1,505,0.893440916,0.179104478,0,0.83110579
COC1CCc2ccccc2NC1c1cc(O)ccc1O,505,0.741458629,0.205882353,0.01,0.756586071
COC1Cc2ccc(O)cc2NC1c1cccc(F)c1,505,0.88215895,0.188405797,0.01,0.754867265
CCN1c2ccccc2NC(O)C1c1cccc(O)c1,505,0.78508935,0.355932203,0.04,0.755204647
CCN1c2ccccc2NC(O)C1c1ccc(O)cc1F,505,0.795139154,0.317460317,0.04,0.742054581
COc1ccccc1CNC1C(=O)N(C)c2ccc(F)cc21,505,0.943567687,0.164383562,0.03,0.816504728
CCN1c2ccccc2NC(O)C1CNc1ccc(F)cc1,505,0.812519456,0.276923077,0.03,0.752741754
COc1ccccc1CNC1C(=O)N(CCN)c2cc(F)ccc21,505,0.850204876,0.155844156,0.07,0.797405868
COCCN1C(c2ccccc2)C(=O)Nc2ccc(O)cc21,505,0.851584944,0.268656716,0.02,0.805412448
COCCN1C(c2ccccc2)Nc2ccc(O)cc2NC1=O,505,0.758701548,0.307692308,0.02,0.789702854
COCCN1C(=O)C(Cc2ccccc2)Nc2ccc(O)cc21,505,0.83242182,0.323076923,0.02,0.8098567
COCCN1C(=O)C(c2ccccc2)Nc2ccc(O)cc21,505,0.851584944,0.3125,0.03,0.806276429
COCCN1c2ccccc2NC(C)C1c1ccc(O)cc1,505,0.90782135,0.322580645,0.05,0.760840411
CCN1c2ccccc2NC(C)C1c1ccc(O)cc1,505,0.869883615,0.350877193,0.05,0.766499383
CCN1c2ccccc2NC(C)C(c2ccc(O)cc2)N1O,505,0.793400285,0.31147541,0.09,0.717202351
CCN1c2ccccc2NC(C)C(=O)N1c1ccc(O)cc1,505,0.894518788,0.285714286,0.07,0.76506577
CCN1c2ccccc2NC(C)C1c1ccc(Cl)cc1N,505,0.812464269,0.296875,0.08,0.740355493
CCN1c2ccccc2NC(c2ccc(Cl)cc2)C1NC=O,505,0.849907704,0.3125,0.03,0.734667517
CCN1c2ccccc2NC(C)C(=O)N1c1ccc(Cl)cc1,505,0.911804126,0.265625,0.09,0.773909939
CCN1c2ccccc2N(c2ccc(O)cc2)C(=O)NC1N,505,0.794448947,0.253968254,0.05,0.778552123
CCN1c2ccccc2NC(=O)N1c1ccc(OC)cc1,505,0.93748302,0.203125,0,0.846562418
CCN1c2cc(-c3ccncc3)ccc2NC(=O)N1C,505,0.910558319,0.164179104,0.42,0.811801709
CON1C=C(c2ccccc2)C(=O)Nc2cnc(C)cc21,505,0.919299486,0.169014085,0.2,0.786534982
CON1C=C(c2ccncc2)C(=O)Nc2ccc(N)cc21,505,0.823682855,0.121621622,0.41,0.780133444
COCCN1Cc2cc(-c3ccncc3)ccc2NC1=O,505,0.938345504,0.136986301,0.46,0.851604793
O=C(N=C1CN=C2SC=CN2C1=O)c1ccc(Cl)cc1Cl,506,0.789553811,1,0.01,0.733815608
O=C(NC1=NN=C2SC=CN2C1=O)c1ccc(Cl)cc1Cl,506,0.777564461,0.308823529,0.03,0.830200484
O=C(NC1C=NC=C2SC=CN2C1=O)c1cccnc1Cl,506,0.842634475,0.266666667,0.06,0.664037547
O=C(NN=C1C=NC=C2SC=CN2C1=O)c1ccccc1Cl,506,0.725013963,0.207792208,0.02,0.784592399
CN(NC(=S)N=C1[N-]C=CSc2ccccc2Cl)C1=O,506,0.686328457,0.12345679,0.04,0.663158196
CC(NC(N)=S)=NCN1CSC=C1c1ccc(Cl)cc1Cl,506,0.490290046,0.207792208,0.06,0.71077912
CNC(C1=NC=C2SC=CN2C1=O)c1ccc(Cl)cc1C,506,0.806898167,0.223684211,0,0.729569794
CNC(C1=NC=C2SCSC2C1=O)c1ccc(Cl)cc1C,506,0.91424522,0.223684211,0.02,0.622420161
CCCNC(=NC=C1SCSC=C1c1ccc(Cl)cc1)NC=O,506,0.467813973,0.144578313,0.03,0.701830779
CCCNC(=NC=C1NC=CSC1=O)c1ccc(Cl)cc1C,506,0.501537474,0.236842105,0.04,0.72472175
CCCNC(=NC=C1SCSC=C1Cl)c1ccccc1C(=O)[O-],506,0.639340189,0.144578313,0,0.671996094
COCNC(=NC=C1NC=CSC1=O)c1ccc(Cl)cc1C,506,0.382687124,0.233766234,0.05,0.701254752
CCCNC(N)=NC=C1SC=C1c1ccc(C)cc1C(=O)[O-],506,0.635898583,0.129411765,0.05,0.704070979
CCCC1CNC(=O)SC=C1c1ccc(C)cc1C(N)=O,506,0.89607504,0.148148148,0.13,0.711714824
COC=C1CNC(=O)N=C1c1sccc1C(C)(C)C,506,0.845138087,0.1,0.13,0.710773129
COCCC1CN=C2SC=C2c2ccccc2C1(C)C,506,0.833901968,0.098765432,0.04,0.694021116
COC(CNC1=NC=CSC1N)c1ccccc1C(C)C,506,0.877766718,0.072289157,0.07,0.645321334
COC(CNC1=NC=CSC1N)c1ccccc1C(F)F,506,0.877397486,0.071428571,0.08,0.626343238
COC1CNC(=NC=C1I)c1ccc(C)cc1C(C)C,506,0.805690712,0.085365854,0.12,0.6922752
COC1CNC(=NC=C1c1sccc1C)C(C)(C)C,506,0.898539783,0.101265823,0.09,0.676915555
COC1CNC(=CCC1I)c1ccc(C)cc1C(C)C,506,0.619937824,0.06097561,0.11,0.677767454
COC1CNC=CC1=C(N)c1sccc1C(C)(C)C,506,0.874254089,0.0875,0.05,0.653605792
COC1CNC(=CCS1)c1ccc(C)cc1C(C)C,506,0.908508995,0.074074074,0.07,0.698959113
COC1CN=C1S(=O)c1ccc(C(C)C)cc1Cl,506,0.856236585,0.146666667,0.02,0.65963196
CC1CN=C(c2ccc(C(C)C)cc2Cl)SC1=O,506,0.815978216,0.180555556,0.05,0.73580173
COC(C1=CC=C(C)S1)c1ccc(C)cc1C(C)C,506,0.742009503,0.067567568,0.05,0.782731236
COC(C1=CC=CNC1=C(N)N)c1ccc(C)cc1Cl,506,0.799733538,0.1,0.09,0.704258696
COC(C1=CC=C(C)S1)c1ccc(C)cc1C(C)N,506,0.910614716,0.065789474,0.02,0.737026367
COC(=C1C(C)=CC=C1I)c1ccc(C)cc1N,506,0.491077876,0.094594595,0.05,0.753098966
COC(=C1C(C)=CC=CC1Cl)c1ccc(C)s1,506,0.564168322,0.078947368,0,0.685294952
COC(CCC1=C(C)CN=C1)c1ccc(C)cc1SC,506,0.714608695,0.0875,0.02,0.6830349
COC(CCC1=C(C)NCN1)c1ccc(C)cc1SC,506,0.785449221,0.061728395,0.1,0.686835175
COC(CCC1=C(N)NCS1)c1ccc(C)cc1C,506,0.868115015,0.101265823,0.05,0.703516443
COC(CCC1=C(C)NCN1)c1ccc(C)cc1Cl,506,0.866063796,0.103896104,0.06,0.711078997
COC(CCC1=C(C)CN=N1)c1ccc(C)cc1Cl,506,0.757426829,0.131578947,0.02,0.706679868
COc1cc(C)ccc1C1=C(N)NCC(C)(C)C1,506,0.843052182,0.064935065,0.04,0.806130049
COc1ccc(C)c(Cl)c1C1=CC=C(C)CN=C1,506,0.786383528,0.123287671,0.06,0.759970696
COc1ccc(C)c(Cl)c1C1=CCSC(N)=N1,506,0.896766574,0.121621622,0.04,0.759203659
C=C(NCc1ccc(C)cc1Cl)C1=CCSC1,506,0.885501936,0.131578947,0,0.769182559
COc1ccc(C)cc1C1=CCNC(C)(C)C1,506,0.843869053,0.08,0.06,0.797529027
Cc1ccc(CC2=CCN=C2N)c(Cl)c1,506,0.817319358,0.142857143,0.03,0.77840621
Cc1ccc(CCC2=CCN=C2N)c(Cl)c1,506,0.858299942,0.14084507,0.09,0.783520939
Cc1ccc(CCC2=C(C)CN=C2)c(Cl)c1,506,0.748980992,0.144927536,0.03,0.779959229
Cc1ccc(CC2=C(C)CN=C2)c(Cl)c1,506,0.721043916,0.147058824,0,0.775235148
O=C(O)Cc1nc(O)n(C2CCCCC2)c1O,507,0.742303603,1,0,0.795270107
O=C(O)Cc1nc(O)n(C2CCCCC2)c1CCO,507,0.746754315,0.682926829,0,0.7911556
O=C(O)Cc1cc(O)n(C2CCCCC2)c1C=O,507,0.803334177,0.446808511,0,0.802345158
O=C(O)Cc1cc(O)n(C2CCCCNC2)c1OCCO,507,0.609786931,0.322033898,0.11,0.729828464
O=C(O)Cc1cc(O)n(C2CCCCNC2)c1SCCO,507,0.589888659,0.322033898,0.01,0.717669664
O=C(O)Cc1cc(O)n(C2CCCCNCC2)c1S,507,0.638752483,0.411764706,0.02,0.732595978
COC(O)Cc1cc(O)c(C2CCCCN2CC=O)cn1,507,0.601917482,0.173913043,0.02,0.680266315
COC(O)Cc1cc(O)c(C2CCCCC2)c(=O)n1C,507,0.823134797,0.196721311,0.03,0.737540375
CCOC(=O)CSc1cc(O)n(C2CCCCC2)c1N,507,0.645309302,0.293103448,0,0.811610394
CCOC1(N)CCN(C(=O)CS)C(c2cccc(O)c2)C1,507,0.584049097,0.126760563,0.03,0.682025452
CCOC1(N)CCN(C(=O)CS)C(c2ccc(O)cc2)C1,507,0.584049097,0.132352941,0.05,0.688219086
CCOC(=O)C1(N)CCC(c2ccc(O)c(S)c2)CC1,507,0.591836299,0.140625,0.06,0.785942192
CCOC(=O)CC1(c2ccc(O)cc2)CCC(N)CC1,507,0.829302913,0.147540984,0.08,0.829844185
CCOC(=O)CC1(c2ccc(OCCCN)cc2)CCCCC1,507,0.587592946,0.121212121,0.04,0.856237306
CCOC(=O)CC1(c2ccc(OCCCN)cc2)CCC(C)CC1,507,0.580225266,0.115942029,0.03,0.842756637
CC(CO)CN(C)c1ccc(C2(N)CCC(O)CC2)cc1,507,0.774329718,0.092307692,0.04,0.759523842
CC(CO)CN(C)c1ccc(C2(N)CCC(O)CC2)cc1O,507,0.662439446,0.101449275,0.07,0.728580568
CN(CCO)Cc1ccc(C2(C)CCC(N)CC2)c(O)c1,507,0.775902976,0.104477612,0.09,0.801306441
CN(CCO)Cc1ccc(-c2cccc(OC(C)C)c2)c(N)c1,507,0.770885781,0.054794521,0.05,0.868343497
CN(CCO)Cc1ccc(-c2cccc(OC(C)C)c2)c(N)n1,507,0.821363074,0.082191781,0.1,0.848380997
CN(CCO)Cc1ccc(-c2cccc(OC3CC3)c2)c(N)n1,507,0.820456827,0.109589041,0.12,0.841817395
CN(CCO)Cc1cc(-c2ccc(C3(N)CC3)cc2)c(O)nn1,507,0.741872203,0.086956522,0.13,0.790446863
CN(CCO)Cc1nc(-c2ccc(OCC3CC3)cc2)c(N)[nH]1,507,0.691878579,0.111111111,0.24,0.825258342
CN(CCO)Cc1cc(-c2ccc(C3(N)CC3)cc2)n(C)n1,507,0.847355397,0.085714286,0.09,0.813922177
CN(CCO)Cc1nc(-c2ccc(OC3CC3)cc2)c(N)[nH]1,507,0.723273529,0.114285714,0.24,0.820283537
CN(CCO)Cc1nc(-c2ccc(O)c(CC3CC3)c2)n[nH]1,507,0.722416661,0.142857143,0.21,0.814931179
CN(CCO)Cc1nc(-c2ccc(O)c(CC3CCCCC3)c2)n[nH]1,507,0.718990364,0.185714286,0.25,0.818275931
CN(CCO)Cc1nc(-c2ccc3c(c2)CC(N)CC3)c(F)[nH]1,507,0.779716129,0.106666667,0.22,0.736293964
CC(CO)Cc1nc(-c2ccc(O)c(C3(F)CC3)c2)n[nH]1,507,0.78920818,0.1,0.18,0.729916681
CC(CO)Cc1nc(-c2ccc(O)c(C3CCC(F)CC3)c2)n[nH]1,507,0.78357868,0.125,0.18,0.742735732
CC(CO)Cc1nc(-c2ccc(O)c(C3CCCCC3)c2)n[nH]1,507,0.789576637,0.179104478,0.18,0.773061595
CC(CO)Cc1nc(-c2ccc(O)c(F)c2)c2c(n1)CCCC2,507,0.909681462,0.114285714,0.12,0.767405917
CC(CO)Cc1ccc2c(C3CCC(N)CC3)[nH]nc2c1F,507,0.812808257,0.098591549,0.25,0.731788847
CCC=C1CC(=O)Oc2cc(C)cc(OCC(=O)NCc3ccncc3)c21,508,0.627505143,1,0.04,0.795139295
CCC=C1CC(=O)Nc2cc(C)cc(OCC(=O)NCc3ccncc3)c21,508,0.82362727,0.701492537,0.15,0.806670165
CCC=C1CC(=O)NCc2cc(C)cc(OCC(C)NCc3ccncc3)c21,508,0.768854128,0.474358974,0.21,0.728760765
CCC=C1C(=O)NCc2cc(C)cc(OCC(C)NCc3ccncc3)c21,508,0.738672027,0.4125,0.31,0.73556565
CCC=C1C(=O)NCc2cccc(OCC(C)NCc3ccncc3)c21,508,0.752768028,0.321428571,0.3,0.745230536
CCC=C1C(=O)NCc2cccc(OCC(C)=Cc3ccncc3)c21,508,0.841363796,0.301204819,0.34,0.777546016
CCC=C1C=CC(=O)NC1=Cc1cc(C)ccc1OCc1ccncc1,508,0.772720625,0.308641975,0.14,0.791983048
CCC=C1CC(=O)NCC1=Cc1cc(C)cc(OCc2ccncc2)c1,508,0.880529042,0.371794872,0.19,0.790043356
CCC=C1CC(=O)NCC1=Cc1cc(C)ccc1OCc1ccncc1,508,0.880529042,0.376623377,0.15,0.794325817
CCC=C1CC(=O)NC=C1OCc1cc(C)ccc1OCC(C)(C)N,508,0.795618501,0.252873563,0.1,0.75532608
CCC=C1CC(=O)NC1=Cc1cc(C)ccc1OCC(C)NCC1CC1,508,0.742863202,0.255555556,0.1,0.731068985
CCOC1=C(CC(=O)NCc2cc(C)ccc2OC(C)C)C(=CN)C=C1,508,0.747673301,0.261363636,0.02,0.787615099
CC=C1CC(=O)OC1=Cc1cc(C)ccc1OCc1ccn(C)c1,508,0.793802356,0.270588235,0.03,0.767029714
CC=C1CC(=O)OCC1=Cc1cc(C)ccc1OCC1CCC(C)N1,508,0.84660919,0.222222222,0.04,0.669613572
CC=C1CC(=O)CCC1=Cc1cc(C)ccc1OCC(C)NCCCN,508,0.695828728,0.206521739,0.04,0.727415033
CC=C1CC(=O)CCC1=Cc1cc(C)ccc1OCC(C)NCCCO,508,0.694631568,0.21978022,0.01,0.729234211
CC=C1CC(=O)CCC1=C(O)NCc1cc(C)ccc1OC(C)C,508,0.788998938,0.244186047,0,0.771830543
CC=C1CC(=O)CCC1=CCOCc1cc(C)ccc1-n1ccnc1,508,0.763741411,0.235955056,0.04,0.752945375
CCOC1=C(CC(=O)O)Cc2ccc(-n3c(C)ccc3C=N)cc21,508,0.797777203,0.173913043,0.03,0.753272258
CC=C1CC(=O)C=CC1=C(O)NCc1cc(C)ccc1OC(C)C,508,0.798909456,0.229885057,0,0.777620287
CC=C1CC(=O)C=C1Cc1ccc(OCc2cccnc2C#N)cc1,508,0.833340275,0.173913043,0.04,0.793643025
CC=C1CC(=O)NCc2cc(-c3cccnc3C=NN(C)C)ccc21,508,0.693137286,0.14893617,0.27,0.74954772
CC=C1CC(=O)NCc2cc(-c3cccnc3C=C(C)N)ccc21,508,0.890072889,0.163043478,0.24,0.754964329
CC=C1CC(=O)NCc2cc1ccc2OCc1cccnc1C#N,508,0.943533412,0.195652174,0.22,0.702491041
CC=C1CC(=O)NCc2cc(-c3cccnc3C=NN)ccc21,508,0.507914756,0.152173913,0.23,0.752871338
CC=C1CC(=O)Nc2cc(-c3cccnc3C=CN)ccc21,508,0.890439048,0.181818182,0.25,0.75895699
CC=C1CC(=O)NCc2cc(-c3cccnc3C#N)cnc21,508,0.874544905,0.152173913,0.2,0.754346489
CC=C1CC(=O)Nc2cc(-c3cccnc3CNC#N)ccc21,508,0.674567501,0.197802198,0.34,0.761689287
CC=C1CC(=O)NCc2cc(-c3cccnc3CN)cnc21,508,0.887681205,0.164835165,0.27,0.759294963
CC=C1CC(=O)NCc2cc(-c3nccnc3CN)ccc21,508,0.887681205,0.170454545,0.33,0.76516285
CC=C1CC(=O)Nc2ccc(-c3nccnc3CN)cc21,508,0.884424657,0.172413793,0.45,0.779262418
CC=C1CC(=O)Nc2ccc(-c3ncncc3CN)cc2C1,508,0.833548351,0.152173913,0.4,0.769286172
CC=C1CC(=O)Nc2ccc(-c3ncncc3CN)cc21,508,0.884424657,0.166666667,0.47,0.782345752
COc1ccccc1N1CCN(CCCN=C2C(C)C(=O)N(C)C(=O)N2C)CC1,509,0.679796164,1,0.01,0.755902892
COc1ccccc1N1CCN(CCN=C2C(C)C(=O)N(C)C(=O)N2C)CC1,509,0.763484295,0.884615385,0.01,0.755708748
CCc1ccccc1N1CCN(CCCC2C(=O)N(C)C(=O)N(C)C2=O)CC1,509,0.698075747,0.475409836,0,0.835838609
CCN(C)c1ccccc1N1CCN(CC2C(=O)N(C)C(=O)N(C)C2C)C1,509,0.787100966,0.337837838,0.02,0.695426994
CCN(C)c1ccccc1N1CCN(CC2C(=O)N(C)C(=O)N2C)CC1,509,0.738650043,0.357142857,0,0.766775869
CC1(C)CCCCC1NCCN1CCN(C)C(=O)C(C)N(C)C(=O)C1,509,0.82508492,0.172839506,0.04,0.659181671
CCC(C)N1CCSCC1=CCN1C(C)C(=O)N(C)C(=O)N=C1C,509,0.777645647,0.174418605,0.02,0.612257175
CC1(C)CC=CC=C1CCN1CCN(C)C(=O)C(C)C(=O)N=C1,509,0.750312054,0.172839506,0,0.59735082
CC1(C)CC=CC=C1CCN1CCN(C)C(=O)C(C)=NCCCCC1,509,0.781856862,0.154761905,0.01,0.707425517
CC1(C)CC=CC=C1NCCN1CCN(C)C(=O)C(C)=NCCC1,509,0.85726675,0.151162791,0.03,0.693217126
CC1(C)Cc2ccccc2C(CCN2CCN(C)C(=O)C2)=NC1,509,0.857690194,0.189873418,0.06,0.790614082
CC1(C)Cc2ccccc2C(CCN2CCN(C)C(=O)C2)=N1,509,0.855361175,0.194805195,0.04,0.807272867
CC1(C)Nc2ccccc2C(CCN2CCN(C)CC2)=NC1=O,509,0.924780469,0.210526316,0.13,0.804455502
Cc1ccccc1N1CCN(CCC2(C)CN=C(N)N2)CC1=O,509,0.858106917,0.209876543,0.12,0.733848757
Cc1ccccc1N1CCN(CCC2(C)CN=C(N)N2)CC1,509,0.876813708,0.256756757,0.07,0.758789005
CC1(C)Nc2ccccc2C(CCN2CCN(C)CC2)=N1,509,0.924590364,0.189189189,0.13,0.804615752
CC1(C)Nc2ccccc2N(CCN2CCC(=O)CC2)CN1,509,0.892430042,0.22972973,0.01,0.784130128
CC1(C)Nc2ncccc2C(=O)N1CCN1CCN(C)CC1,509,0.900247826,0.197368421,0.13,0.799491477
CCN1CCN(CCc2c(C)[nH]c3ccccc23)CC1=O,509,0.935009815,0.192307692,0.03,0.853889598
CCC1c2ccccc2NC(CCN2CCN(C)CC2)=NC1=O,509,0.925141982,0.236842105,0.13,0.758615208
CCN1CCN(CCC(=O)NCc2ccccc2)CC1(C)CC,509,0.839140899,0.172839506,0.01,0.791874792
CCN1CCN(CCC(=O)N(C)c2ccccc2)CC(C)(C)C1,509,0.835283294,0.184210526,0,0.848029796
CCN1CCN(CCC(=O)c2ccccc2)CC(C)(C)NC1C,509,0.846954783,0.202531646,0.03,0.770883835
CCN1CC(CCc2c(C)[nH]c3ccccc23)NC(=O)C1C,509,0.911499269,0.156626506,0.09,0.740615999
CCN1CC(CCN(C)c2ccccc2)NC(=O)CC1C,509,0.901600441,0.17721519,0.03,0.747971921
CCN1CC(c2ccccc2)NC2=C1CCC(=O)N2C,509,0.894231528,0.2,0.05,0.742028673
CCN1CC(c2cccc(C)c2C)NC2=NC(=O)CCC21,509,0.906986492,0.129411765,0.06,0.688548453
CCCSC1CC(=O)Nc2nc(-c3ccccc3)n(C)c21,509,0.938047193,0.172839506,0.17,0.739367547
CCCSC1CC(=O)Nc2nc(-c3ccccc3)c(C)n21,509,0.932947129,0.158536585,0.09,0.728620624
CCCSC1CC(=O)Nc2ccc(C)c(C)c2N1CCC,509,0.878434069,0.1625,0.09,0.729425434
CCCSC1CC(=O)N(CCc2c(C)[nH]c(C)n2)CCC1C,509,0.873277098,0.139534884,0.11,0.684823321
CCCSC1CC(=O)N(CCC(=O)N(C)C2CC2)N=C1C,509,0.723463892,0.11627907,0.01,0.720206643
CCCSC1CC(=O)N(C)N=C1c1cccc(C)c1C,509,0.851305245,0.1625,0.01,0.743825969
CCCSC1CC(=O)N(C)N=C1c1cccc(C)c1O,509,0.928117901,0.158536585,0.02,0.728465689
CCCSC1CC(=O)N(c2ccc(O)c(C)c2)NC1=O,509,0.890642778,0.13253012,0.09,0.746646389
CCCOC1CC(c2ccc(O)c(C)c2)NCCN1C=O,509,0.814323237,0.125,0.05,0.686343499
CCCSC1NC(c2ccc(C)c(O)c2)CCN1CC=O,509,0.791406817,0.112359551,0.06,0.673405298
CCCSc1c(Cl)[nH]c2cccc(C(=O)N(C)C)c12,509,0.864963081,0.084337349,0.06,0.805418691
CCCOc1c(Cl)[nH]c2cccc(C(=O)N(C)N)c12,509,0.513891856,0.094117647,0.09,0.791702419
CCCNC1CCN(C(=O)N(C)c2ccccc2)CC1,509,0.916781398,0.171052632,0,0.881181466
CCCNC1CCc2ncc(C(=O)N(C)N)cc2C1,509,0.479980167,0.090909091,0.08,0.759290608
CCCOc1c(Cl)n(C)cc1C(=O)N1CCC(CN)C1,509,0.902983081,0.127906977,0.03,0.76714541
CCCOc1c(Cl)n(C)nc1C(=O)N1CCC(CN)C1,509,0.888911432,0.114942529,0.06,0.764978137
CCCNc1c(C(=O)N(C)C2CC2)cnn1CCCC,509,0.795192359,0.119047619,0.04,0.82436429
CCCNc1c(C(=O)NC2CC2)cnn1C(C)CC,509,0.795448977,0.12345679,0.03,0.779838336
CCCOc1cnc2cc(C(=O)N(C)CC)[nH]c2c1C,509,0.912437081,0.081395349,0.06,0.802935759
CCCOc1cnc2[nH]ncc2c1CC(=O)N(C)CC,509,0.872481556,0.094117647,0.07,0.80541891
CCCNc1c(OCCC2CC(C)N2)nnn1C(=O)CC,509,0.759060687,0.113636364,0.03,0.673233941
CCCNc1c(OCCC2CC(CC)NC2)ncnc1N,509,0.679895702,0.08988764,0.21,0.70086402
CCCNc1c(OCCC2CC(CN)N2)nsc1C(=O)CC,509,0.570045969,0.075268817,0.16,0.662428617
CCCN=C(N)N1CCc2ccc(OCCCN)cc2C1,509,0.472696488,0.144578313,0.04,0.827871393
COC(C(=O)Nc1ccnn1C1CCN(Cc2ccccn2)CC1)c1ccccc1,510,0.651927936,1,0,0.796769716
COC(C(=O)Nc1ccnn1C1CCN(Cc2ccccc2)CC1)C1CC1,510,0.815895549,0.630769231,0.01,0.788517616
COC(OC)C(=O)Nc1ccnn1C1CCN(Cc2ccccc2)CC1,510,0.76926516,0.661290323,0,0.836684792
COC(OC)C(=O)Nc1ccnn1C1CCN(Cc2ccccc2)C1,510,0.777018662,0.590909091,0.02,0.783398239
CCOCC(=O)Nc1ccnn1C1CCN(Cc2ccccc2)CC1,510,0.840390136,0.537313433,0,0.870941199
COCOC(=O)Nc1ccnn1C1CCN(Cc2ccccc2)CC1,510,0.816255288,0.552238806,0.02,0.853608006
COC(=O)NC(c1ccnn1C1CCN(Cc2ccccc2)C1)SC,510,0.802567196,0.413333333,0.06,0.727621806
CON(C=O)Cc1ccnn1C1CCN(Cc2ccccn2)CC1,510,0.570636976,0.52173913,0.02,0.788203437
COC(=O)CC(C1CCN(Cc2ccnn2CCO)CC1)c1ccccc1,510,0.722109328,0.38961039,0.04,0.778709529
CCOC(=O)C(C1CC1)C1CCN(Cc2ccnn2CCOC)CC1,510,0.640597173,0.324675325,0.03,0.750860982
CCOC(=O)N(CC1CC1)C1CCN(Cc2ccnn2CC)CC1,510,0.769233022,0.2875,0.02,0.823336501
CCOC(=O)NC1CCOC1C1CCN(Cc2ccnn2CC)CC1,510,0.850011159,0.289156627,0.03,0.720331208
CCOC(=O)NC1CCOC1C1CCN(Cc2cccn2CC)CC1,510,0.857717371,0.258823529,0,0.725394883
CCOC(=O)C1CCCOC1C1CCN(Cc2nccn2CC)CC1,510,0.738649698,0.258823529,0,0.735246593
CCS(=O)CC1CCCOC1C1CCN(Cc2ccnn2CCOC)CC1,510,0.639980094,0.233333333,0.05,0.666775526
CCC(=O)N(CCNC1CCCOC1)C1CCN(Cc2ccccn2)CC1,510,0.754746212,0.395061728,0.03,0.779662619
CCC(=O)N(CCNC1CC1c1ccccc1)CC1CCN(CC)CCO1,510,0.722313254,0.25,0.01,0.731999392
CCOC(=O)NC1CCN(C2CCCNCC2)C1Cc1ccccc1OC,510,0.800161109,0.21978022,0.06,0.720986768
CCC(=O)NC1CCN(C2CCCNCC2)C1Cc1ccccc1OC,510,0.818654861,0.211111111,0.08,0.721811357
CCC(=O)NC1CCN(C2CCCN(Cc3ccccn3)C2)C(CO)C1,510,0.802547657,0.353658537,0.02,0.72941505
COC(=O)NC1CCN(C2CCN(Cc3ccn[nH]3)C2=O)C(CO)C1,510,0.67122052,0.211111111,0.09,0.676079552
CCC(=O)NC1CCN(C2CCCN(Cc3ccccn3)C2=O)CC1,510,0.880380109,0.329113924,0,0.79993606
CCC(=O)N(CCNC1CCN(c2ncccn2)CC1)Cc1ccco1,510,0.779517085,0.244186047,0.01,0.83476294
CCC(=O)N(CCNC1CCN(Cc2ccccn2)CC1)CC(=O)OC,510,0.662023482,0.44,0,0.847072099
CCC(=O)N(CCN1CCC(CO)CC1)Cc1ccnn1CC(=O)OC,510,0.640515537,0.270588235,0.03,0.816159796
CCC(=O)N(CCN1CCC(CO)CC1)c1ccnc(NCCOC)n1,510,0.597414915,0.247191011,0.16,0.818022203
CCC(=O)N1CCN(Cc2ccnn2CC(=O)NCCCOC)CC1,510,0.638055341,0.25,0.03,0.842548587
COc1ccc(CN2CCC(C(=O)NCCC[NH3+])CC2)c(=O)n1C,510,0.647279891,0.240963855,0.01,0.775031385
COc1ccc(CN2CCN(c3ccncc3)C2C(=O)NCC[NH3+])o1,510,0.71357606,0.227272727,0.08,0.684649949
CCC1CN(Cc2cccn2C)CCC1C(=O)NCCSCC(N)=O,510,0.643904592,0.197802198,0.05,0.728850158
COc1ccc(CN2CCN(c3ccncn3)C2C(=O)NCCO)o1,510,0.71174862,0.21978022,0.13,0.724694607
COc1ccc(CN2CCN(c3ccccn3)CC2)c(C(=O)NN)n1,510,0.461414878,0.3,0.04,0.848804136
COc1cccn1CC1CCN(C(=O)Nc2ccccn2)C(=O)C1,510,0.934586603,0.285714286,0.02,0.753993375
COc1cccn1CC1CCN(C(=O)Nc2ccccn2)CCS1,510,0.924644731,0.282352941,0.04,0.74123135
COc1ccccc1C1CCN(CC(=O)Nc2ccnn2C)CC1,510,0.914416104,0.355263158,0.01,0.872568559
COc1ccccc1C1CCN(CC(=O)Nc2ccccn2)CC1,510,0.918232309,0.351351351,0,0.898172008
COc1ccccc1C1CCN(CC(=O)Nc2ccn[nH]2)CC1,510,0.887751537,0.2875,0.04,0.865119997
COc1ccccc1CN1CCN(c2ccccn2)C(=O)CC1,510,0.869221532,0.272727273,0.04,0.887337448
CCOC(=O)C1CCN(Cc2ccccn2)c2ccccc2N1,510,0.880034365,0.355263158,0.02,0.803847185
CCOC(=O)C1CCN(Cc2ccncn2)c2ccccc2O1,510,0.806355914,0.3125,0.13,0.789917219
CCOC(=O)C1CCN(Cc2ccncc2)c2ccccc2N1,510,0.880034365,0.243902439,0.06,0.805223075
CCOC(=O)C1CCN(Cc2ccncn2)c2ccccc21,510,0.811730239,0.303797468,0.07,0.795106946
CCOC(=O)N1CCC(Nc2ccnc(-c3ccccc3)n2)C1,510,0.940010012,0.271604938,0.14,0.825379906
CCOC1CCC(NC(=O)Nc2ccncn2)c2ccccc21,510,0.908633444,0.243902439,0.15,0.751390436
CC1=CN2C(=N)C(=Cc3ccc(Sc4ccc(Cl)cc4)o3)C(=O)N=C2S1,511,0.710897772,1,0.02,0.758629063
CCC1=CN2C(=N)C(=Cc3ccc(Sc4ccc(Cl)cc4)o3)C(=O)N=C12,511,0.754580355,0.666666667,0.02,0.751282494
CCC1=CN2C(=O)C(=Cc3ccc(Sc4ccc(Cl)cc4)o3)C(=N)N21,511,0.668979693,0.5,0.02,0.742836127
CCC1=CN2C(=O)C(=Cc3ccc(Sc4ccc(Cl)cc4)o3)C(=N)N12,511,0.668979693,0.5,0.02,0.742836127
CCC1=CNN2C(=O)C(=Cc3ccc(Sc4ccc(Cl)cc4)o3)C1=N2,511,0.804969421,0.485714286,0.06,0.621308431
CCC1=CNN2C(=O)C(=Cc3ccc(Sc4ccc(Cl)cc4)o3)C12,511,0.645722488,0.422535211,0.06,0.70188167
CCC1=CNC(=O)C(=CC2CCC(Sc3ccc(Cl)cc3)C2)C1C,511,0.708286987,0.188235294,0.07,0.634166412
CCC1=CNC(=O)C(=Cc2ccc(Sc3ccc(Cl)cc3)o2)S1,511,0.723989186,0.434782609,0.14,0.769642667
CCC1=CNC(=O)C(=CC2CCCN2c2ccc(Cl)cc2)S1,511,0.836018696,0.176470588,0.11,0.70514627
CCC1=CNNC(=O)C1=Cc1ccc(Sc2ccc(Cl)cc2)o1,511,0.805750492,0.441176471,0.09,0.76730677
CCC1=CNNC(=O)C1=Cc1ccc(-c2ccc(Cl)cc2)o1,511,0.84448552,0.266666667,0.11,0.797401434
CCC1=NNC(=O)C1=Cc1ccc(-c2ccc(Cl)cc2)o1,511,0.874603699,0.287671233,0.14,0.81706729
CC1=NNC(=O)C1=Cc1ccc(-c2ccc(Cl)cc2)o1,511,0.859292097,0.323529412,0.16,0.831909401
CC1=NNC(=O)C1=Cc1ccc(-c2ccc(Cl)cc2)c(Cl)c1,511,0.806110614,0.226666667,0.26,0.843208847
CCC1CNC(=O)C1=Cc1ccc(-c2ccc(Cl)cc2)nc1[O-],511,0.881239752,0.166666667,0.27,0.717113609
CC1CNC(=O)C1=Nc1ccc(-c2ccc(Cl)cc2)nc1Cl,511,0.847244169,0.160493827,0.32,0.744933016
CC1CNC(=O)C1=Nc1ccc(-c2cc(Cl)cc(Cl)n2)cc1,511,0.847244169,0.144578313,0.47,0.736973463
CC1CNC(=O)C1=Nc1cc(-c2ccc(Cl)cc2)ncc1Cl,511,0.905697563,0.158536585,0.41,0.742199269
CC1CNC(=O)C1=NNc1cc(-c2ccc(Cl)cc2)ncc1Cl,511,0.832579511,0.151162791,0.46,0.750992899
CC1CNC(=O)C1=Nc1cc(-c2ccc(Cl)cn2)ncc1Cl,511,0.91569788,0.144578313,0.26,0.714859815
CC1CNC(=O)C1=NNc1cc(-c2ccc(Cl)cn2)ncc1Cl,511,0.83445898,0.137931034,0.27,0.724915266
CC1CNC(=O)C1=NNc1cc(-c2ccc(Cl)cn2)ncc1CO,511,0.733966151,0.130434783,0.22,0.713102248
CC1CNC(=O)C1=Cc1cc(-c2ccc(Cl)cn2)ncc1C1CC1,511,0.864689435,0.162790698,0.23,0.718890257
CC1CNC(=O)C1=CC=Cc1cc(-c2ccc(Cl)cn2)ncc1CO,511,0.82662959,0.141304348,0.16,0.705882
CCCCCNC(=O)c1cnc2ccc(S(=O)(=O)N3CCC4(CC3)OCCO4)cc2c1O,512,0.605436147,1,0,0.760236323
CCCCCNC(=O)c1cnc2ccc(S(=O)(=O)N3CCC4(CC3)OC4)cc2c1O,512,0.512267778,0.846153846,0.03,0.765870798
CCCCCNC(=O)c1cnc2ccc(OC3CCS(=O)(=O)CC3)cc2c1OC,512,0.659580138,0.38372093,0.03,0.826950448
CCCCCNC(=O)c1cnc2ccc(OC3CCS(=O)(=O)CC3)cc2c1O,512,0.685157612,0.481012658,0.03,0.820261025
CCCCCNC(=O)c1cnc2ccc(OC3CCS(=O)CC3)cc2c1OC(C)C,512,0.600114006,0.370786517,0.06,0.793645992
CCCCCNS(=O)(=O)c1cnc2ccc(OC3CCS(O)(O)CC3)cc2c1,512,0.548587709,0.288888889,0.04,0.802660051
CCCCCNS(=O)(=O)c1cnc2ccc(OC3CC3)c(OC(C)C)c2c1,512,0.617772199,0.318181818,0.08,0.835874688
CCCCCNS(=O)(=O)c1ccc2ccc(OC(C)C)nc2c1F,512,0.735174701,0.204545455,0.02,0.839688818
CCCCCNS(=O)(=O)c1ccc2cnc(C(C)C)c(OC)c2c1,512,0.734651792,0.297619048,0.02,0.842282058
CCCCCNS(=O)(=O)CSc1ccc2cnc(C(C)C)cc2c1F,512,0.504654004,0.233333333,0.07,0.787918276
CCCCCNS(=O)(=O)Cc1cnc2ccc(C(C)C)c(F)c2c1,512,0.727537239,0.301204819,0.03,0.829398142
CCCCCNS(=O)(=O)Cc1cnc2ccc(C(C)C)cc2c1F,512,0.727537239,0.301204819,0.04,0.833884156
CCCCCS(=O)(=O)Nc1cnc(N2CCC(F)(F)CC2)c(C(C)C)c1,512,0.670710616,0.25,0.03,0.798374236
CCCCCC(=O)NS(=O)Cc1cnc(N2CCC(F)(F)CC2)c(C)c1,512,0.693885376,0.239130435,0.07,0.715547237
CC1CCCN(S(=O)(=O)Nc2cnc(C(C)C)c(F)c2)CCCC=N1,512,0.88319823,0.178947368,0.05,0.664666014
CC1CCCN(S(=O)(=O)Nc2cnc(C(C)C)c(F)c2)CCSC1,512,0.87528287,0.164948454,0.05,0.69367516
CC1CCCN(S(=O)(=O)Cc2cnc(N(C)C)c(F)c2)CCSC1,512,0.809599856,0.153061224,0.04,0.690461174
CC1CCCN(S(=O)(=O)c2cnc(NC(C)C)c(F)c2)CCSC1,512,0.875592567,0.204301075,0.05,0.710467234
CC(C)CS(=O)(=O)c1ccc(Nc2cnsc2)c(N(C)C)c1,512,0.873956603,0.155555556,0.08,0.770343388
CC(C)Cc1ccc(S(=O)(=O)Nc2cncn2C2CC2)cc1F,512,0.878947466,0.184782609,0.08,0.822943932
CC(C)Cc1cc(S(=O)(=O)Nc2cncnc2)ccc1I,512,0.759593831,0.176470588,0.08,0.828677794
CC(C)c1cnc(NS(=O)(=O)c2ccc3c(c2)NCCC3)cn1,512,0.899212314,0.173913043,0.07,0.820608165
CC(C)c1cnc(NS(=O)(=O)c2ccc3c(c2)CCC3)cn1,512,0.94088524,0.186046512,0.02,0.846216291
CC(C)c1ccc(S(=O)(=O)Nc2cncnc2C2CC2)cc1,512,0.918308635,0.159090909,0.09,0.852643236
CC(C)c1ccc(S(=O)(=O)Nc2cncn2C2CC2)cc1,512,0.922653887,0.162790698,0.07,0.846192118
CCc1ccc(S(=O)(=O)Nc2cn(C)nc2C(C)C)cc1,512,0.923464559,0.162790698,0.01,0.858125698
CCc1ccc(C(C)NS(=O)(=O)c2cnsc2)cc1OCCC,512,0.787223841,0.172043011,0.06,0.760978546
CCc1ccc(S(=O)(=O)Nc2cncn2C(C)C)cc1OC,512,0.886930349,0.181818182,0.07,0.831650567
CCc1ccc(NS(=O)(=O)c2cncn2C(C)C)cc1OC,512,0.886930349,0.168539326,0.05,0.824658772
Cn1c([N+](=O)[O-])cnc1N1CCN(c2nncs2)C1=O,513,0.606209661,1,0,0.737216713
Cn1c([N+](=O)[O-])cnc1N1CCN(Cc2cncs2)C1=O,513,0.624711524,0.578947368,0.12,0.751070628
Cn1c([N+](=O)[O-])cnc1N1CCN(Cc2cccs2)C1=O,513,0.636902458,0.542372881,0.01,0.784687838
Cn1c([N+](=O)[O-])cnc1N1CCN(Cc2cccs2)C1,513,0.633401498,0.40625,0.01,0.788366891
Nn1c([N+](=O)[O-])cnc1CCN1CCSc2ccccc21,513,0.524669181,0.267605634,0.04,0.782268059
NCCC(C[N+](=O)[O-])N1CCN(c2nccs2)C(=O)C1,513,0.575104764,0.25,0.18,0.71396045
NCCC(C[N+](=O)[O-])N1CCN(Cc2cccs2)C1=O,513,0.599609843,0.186666667,0.01,0.72420001
CC1(C(=O)NN)CCN1C(=O)c1cncs1,513,0.423211985,0.171428571,0.05,0.706587513
CSC(C(=O)NN)N1CCN(Cc2cccs2)C1=O,513,0.475684561,0.141025641,0.01,0.721766661
CSC(C(N)=S)N1CCN(Cc2cccs2)C1=O,513,0.844791247,0.144736842,0.02,0.716116851
CCC1N(C(=O)CCl)CCN1Cc1cncs1,513,0.784698357,0.180555556,0.14,0.702868009
CCC1N(C(=O)c2cncs2)CCN1CCCO,513,0.866848243,0.194444444,0,0.723218407
CCC1C(=O)N(C)CCN1Cc1cncs1,513,0.794900271,0.208955224,0.09,0.740612392
NCC(Sc1cncs1)C(=O)c1ccco1,513,0.652868362,0.105263158,0.13,0.694108431
NCC(Sc1cnccc1)C(=O)N1CCO1,513,0.7640475,0.12,0.06,0.719200768
NCC(Sc1ccccc1)C(=O)N1CCO1,513,0.791148251,0.098591549,0.01,0.760733076
NCC(Sc1ccccc1)C(=O)N1CCOC1,513,0.809726229,0.109589041,0.01,0.772079841
NCC(SCc1cccnc1)C(=O)N1CCO1,513,0.823171848,0.102564103,0.08,0.730572496
NCC(CSc1cccnc1)C(=O)N1CCO1,513,0.774908664,0.118421053,0.08,0.724626663
NCC(CSc1cccnc1)C(=O)N1CCOC1,513,0.789737053,0.128205128,0.04,0.740889431
NCC(Cc1cccnc1)N1CCc2ccoc21,513,0.885985054,0.088607595,0.1,0.737064305
NCCCC(=O)N1CCNCC1c1cccnc1,513,0.803354524,0.101265823,0.13,0.793962803
NCCCC(=O)N1CCN(Cc2cccnc2)C1=O,513,0.841668276,0.131578947,0.17,0.843179462
NCCCC(=O)c1cncn1CCc1ccoc1,513,0.754687741,0.102564103,0.17,0.790289607
NCCC(=O)c1cncn1CCc1ccoc1CO,513,0.718507886,0.0875,0.18,0.762215644
NCCC(=O)c1cncn1CCc1cccnc1,513,0.770770921,0.093333333,0.16,0.820070081
NCCCC(c1cccnc1)N1CCn2cccc2C1=O,513,0.91055489,0.155844156,0.13,0.759173445
NCCCC1(Cc2cccnc2)CN(CCO)C1=O,513,0.687986349,0.128205128,0.12,0.740266015
NCCC1(CCc2cccnc2)CN(CCO)C1=O,513,0.687986349,0.12987013,0.09,0.732989092
NCCC1(Cc2cccnc2)CN(CCO)C1=O,513,0.683935489,0.131578947,0.1,0.732348724
NCCC(=O)N1CCN(Cc2cccnc2)C1=O,513,0.824811007,0.136986301,0.17,0.839588935
NCCC(=O)N1CCN(c2cccnc2)CC1CCO,513,0.781188979,0.101265823,0.08,0.791118282
NCCC(=O)N1CCN(c2cccnc2)CC1CCCO,513,0.783559892,0.098765432,0.09,0.788323701
NCCC(=O)N1CCN(c2cncnc2)CC12CC2,513,0.829059162,0.108108108,0.15,0.732188238
NCCC(=O)N1CCN(c2cccnc2)CC12CC2,513,0.864770333,0.103896104,0.1,0.76091103
NCCC(=O)N1CCCN(c2cccnc2)CC12CC2,513,0.893021524,0.101265823,0.07,0.762087512
NCCC1CCCN(Cc2cncnc2)C12CCNC2=O,513,0.832428722,0.111111111,0.2,0.623053907
NCCC1CCCN(Cc2cncnc2)C2(CC2)C1=O,513,0.89108065,0.12,0.2,0.673005165
NCCCc1ccccc1CN1CCNc2ccncc2C1=O,513,0.886365309,0.1125,0.21,0.83168165
NCCc1ccccc1CN1CCNc2ccncc2C1=O,513,0.899738243,0.115384615,0.21,0.832835118
CN1C(=O)N(C)C(=O)C2(Cc3cc(NC(=O)c4ccc(F)cc4)ccc3N3CCC32)C1=O,514,0.729747491,0.896551724,0,0.722552843
CN1C(=O)N(C)C(=O)C2(Cc3cc(NC(=O)c4ccc(F)cc4)ccc3N2CCCO)C1,514,0.742825029,0.52,0.01,0.705374278
CN1C(=O)N(C)C(=O)C2(Cc3cc(NC(=O)c4ccc(F)cc4)ccc3N2)CC1,514,0.817908679,0.506849315,0.08,0.727385077
CN1C(=O)N(C)C(=O)c2cc(Nc3ccc(F)cc3NCCN3CCC3)ccc21,514,0.667614945,0.215909091,0.07,0.847241789
CN1C(=O)N(C)C(=O)c2cc(Nc3ccc(F)cc3N3CCCC3)ccc21,514,0.772321866,0.243902439,0.04,0.856494461
CN1C(=O)N(C)C(=O)c2cc(Nc3ccc(F)cc3)ccc2NCCC1C,514,0.841607258,0.275,0.15,0.736854177
CN1C(=O)N(C)C(Nc2cc(F)ccc2Nc2ccc(N)cc2)C1=O,514,0.585778461,0.2375,0.08,0.768383226
CN1C(=O)N(C)C(Nc2cc(F)ccc2Nc2ccc(N)cc2)CCC1,514,0.730199675,0.283950617,0.06,0.763952441
CN1C(=O)N(C)C(Nc2cc(F)ccc2Nc2ccc(F)cc2)CCC1,514,0.858057127,0.315789474,0.04,0.773285845
CN1C(=O)N(C)c2cc(Nc3ccc(F)cc3N3CCC3)ccc21,514,0.804506759,0.256410256,0.04,0.859183165
CC1C(=O)N(C)c2cc(Nc3ccc(F)cc3N3CCC3)ccc21,514,0.930639531,0.275,0.03,0.793590261
CC1(C)C(=O)N(C)c2cc(Nc3ccc(F)cc3N3CCC3)ccc21,514,0.916836905,0.291139241,0.04,0.844811029
CC1(C)C(=O)N(C)c2cc(Nc3cccc(F)c3)ccc2N1CCO,514,0.895549481,0.2625,0.02,0.831978254
CC(C)(C(N)=O)C1C(=O)Nc2cc(Nc3cccc(F)c3)ccc21,514,0.806483313,0.202380952,0.2,0.769367886
CC(C)(C(N)=O)C1CCc2cc(Nc3cccc(F)c3)ccc2N1C,514,0.888395824,0.280487805,0.1,0.771389469
CC(C)(C(N)=O)C1CNc2cc(Nc3cccc(F)c3)ccc2N1C,514,0.79716005,0.23255814,0.12,0.748666838
CC(C)(C(N)=O)C1C=Nc2cc(Nc3cccc(F)c3)ccc21,514,0.899447176,0.176470588,0.06,0.745452585
CC(C)(C(=O)Nc1ccc2c(c1)C(Nc1ccccn1)CC2)N1CC1,514,0.82337273,0.218390805,0.01,0.786001393
CC(C)(C(=O)Nc1ccc2c(c1)C(Nc1ccccc1)CCN2)SC,514,0.725291732,0.183908046,0.11,0.768215261
CN1CCC(=O)c2cnc(Nc3ccc(F)cc3)cc2N1C(=O)O,514,0.880478331,0.316455696,0.18,0.796997631
CN1CCC(=O)c2ccc(Nc3ccccc3NC(=O)O)cc21,514,0.807416612,0.222222222,0.07,0.856890295
CN1CCC(O)(CO)C1Nc1ccc(Nc2ccccc2)cc1F,514,0.677280465,0.240963855,0.03,0.738779385
CNC(=O)C1C(C)(C)C1Nc1ccc(NC(N)=O)cc1CCC,514,0.64783004,0.2,0.03,0.727104883
CNC(=O)C1C(C)(C)C1Nc1ccc(NC(N)=O)cc1CC,514,0.668904457,0.207317073,0.04,0.728490861
CNC(=O)C1CCC(C)(C)c2ccc(Oc3ccccc3)cc21,514,0.913445513,0.178571429,0.01,0.806568047
CNC1CCC(C)(C)c2ccc(Nc3ccccc3CO)cc21,514,0.790599953,0.162790698,0.03,0.789400236
CNC1CCC(C)(C)C1Nc1ccc(CC(=O)O)cc1NCCO,514,0.498205934,0.141304348,0.03,0.712352681
CC(=O)C1CCC(C)(C)c2ccc(Nc3ccccc3CO)cc21,514,0.859627023,0.183908046,0.01,0.782285094
CC(C)(C)C1C(=O)c2ccc(Nc3ccccc3CO)cc2N1,514,0.803219107,0.136363636,0.13,0.778920373
CC(C)(C)C(=O)c1ccc2c(c1)CNC(=O)N2Cn1cccc1,514,0.883263783,0.195121951,0.01,0.792049747
CNC1CCC(C)(C)c2cc(C(=O)Nc3ccccc3N)ccc21,514,0.751573517,0.211764706,0.06,0.805671317
CNC1CCC(C)(C)c2cc(Nc3ccccc3C(=O)O)ccc21,514,0.776836661,0.172413793,0.04,0.801338825
CCC1c2ccc(C(=O)Nc3ccccc3CO)cc2CN1C(C)C,514,0.862600103,0.204545455,0,0.797022
CC(C)(CCC(=O)[O-])c1ccc2c(c1)CNC(=O)c1cccn1-2,514,0.930247897,0.166666667,0.14,0.752823786
CC(C)(CCC(=O)O)c1ccc2c(c1)CNC(=O)c1cccn1-2,514,0.911643964,0.168539326,0.15,0.800294219
CC(C)(CCC(=O)O)c1ccc2c(c1)CNC(=O)c1cccn1C2,514,0.907278973,0.141304348,0.15,0.794795564
CC(C)(CCC(=O)O)c1ccc2c(c1)CNC(=O)N2Cc1ccco1,514,0.839225306,0.173913043,0.02,0.81467123
CC(C)CCCS(=O)c1ccc2c(c1)CNC(=O)N2Cc1ccco1,514,0.809989753,0.135416667,0.04,0.744767591
CCc1ccc(N2C(=O)c3ccc(CCCC(C)C)cc3N2)o1,514,0.730638474,0.085106383,0.085,0.803360591
CCc1ccc(-n2c(=O)cc(NC3CC3(C)C)cc2NC)o1,514,0.889804232,0.146067416,0.06,0.707255952
CCc1ccc(N2C(=O)c3ccc(CO)cc3NC2(C)C)cc1,514,0.91132265,0.11627907,0.08,0.831807199
CCc1ccc(OC)c(Nc2ncc3c(c2)C(=O)NC3(C)C)c1,514,0.908428309,0.107526882,0.26,0.818640132
CCc1ccc(OC)c(Nc2ncc3c(c2)C(C)(C)CN3)c1,514,0.891642757,0.096774194,0.13,0.81013639
CCc1ccc2c(c1)NC(=O)C2Nc1ccc(CCCCO)cc1,514,0.681076692,0.149425287,0.12,0.810233063
CCc1ccc2c(c1)NC(=O)C2Nc1ccc(CCCCN)cc1,514,0.681582769,0.136363636,0.11,0.80910798
CCc1ccc2c(c1)CCC(=O)N2c1cccc(CNCCO)c1,514,0.80341641,0.181818182,0.01,0.865532884
Cc1cc(C)c(S(=O)(=O)N2CCCCC2CCNC(=O)C(=O)NC2CC2)cc1,515,0.700874137,0.771929825,0.01,0.799936871
Cc1cc(C)c(S(=O)(=O)N2CCCCC2CC(=O)NC2CC2)c(C)c1,515,0.873559246,0.690909091,0,0.8085001
Cc1cc(C)c(S(=O)(=O)N2CCCCC2CC(=O)NC2CC2)cn1,515,0.878737993,0.462686567,0.01,0.789898423
Cc1cc(C)c(S(=O)(=O)N2CCCCC2C(=O)NC2CC2)cn1,515,0.903296398,0.409090909,0.02,0.800570331
Cc1cc(C)c(S(=O)(=O)N2CCCCC2C(=O)NC2CC2)s1,515,0.911943703,0.4375,0.01,0.781931593
Cc1cc(C)c(S(=O)(=O)N2CCCCC2C(=O)NC)cn1,515,0.902519496,0.338235294,0.03,0.79941366
Cc1cc(C)c(S(=O)(=O)N2CCCCC2CNC2CC2)cn1,515,0.900042362,0.402985075,0.06,0.785518319
Cc1cc(C)c(S(=O)(=O)N2CCCCC2CNC2CC2)s1,515,0.903871297,0.4375,0.01,0.765147185
Cc1cc(C)c(S(=O)(=O)N2CCCCC2CNC)cn1,515,0.913756899,0.373134328,0.03,0.786553801
Cc1cc(C)c(S(=O)(=O)N2CCCCC2CN)cn1,515,0.904056107,0.369230769,0.16,0.790489816
Cc1cc(C)c(S(=O)(=O)N2CCCC2CNC2CC2)cn1,515,0.897303476,0.367647059,0.06,0.783585646
Cc1cc(C)c(S(=O)(=O)N2CCNC2C2CCCC2)cn1,515,0.924771526,0.25,0.13,0.746636026
Cc1cc(C)c(S(=O)(=O)CC2CNC2C2CCCC2)cn1,515,0.926621289,0.2,0.07,0.701854059
Cc1cc(C)c(S(=O)(=O)CC2CN2)c(N2CCCCC2)c1,515,0.864853336,0.313432836,0,0.762737105
Cc1cc(C)c(S(=O)(=O)CC2CNCCN2CCO)cn1,515,0.779178385,0.2,0.08,0.741981667
Cc1cc(C)c(S(=O)(=O)CC2CCCCC2)c(CN)c1,515,0.928106327,0.307692308,0.03,0.836419395
Cc1cc(C(=O)N2CCCCC2)c(S(=O)(=O)CN)cn1,515,0.886357793,0.219178082,0.13,0.831150863
Cc1cc(C)c(S(=O)(=O)C2CCCCC2)c(CN)c1,515,0.926420462,0.317460317,0.02,0.836456561
Cc1cc(C)c(S(=O)(=O)N2CCCCC2CN)cc1,515,0.919265576,0.426229508,0.02,0.827371768
Cc1cc(C)c(S(=O)(=O)N2CCNCC2)c(Br)c1,515,0.895555066,0.28125,0,0.849603205
Cc1cc(C)c(S(=O)(=O)N2CCCCC2)c(Br)c1,515,0.833732827,0.333333333,0,0.878318746
Cc1cc(C)c(S(=O)(=O)N2CCCC2)c(Br)c1,515,0.840750208,0.338983051,0,0.877490224
Cc1cc(C)c(S(=O)(=O)N2CCCCC2)c(CN)c1,515,0.921168478,0.338709677,0.02,0.863317211
Cc1cc(C)c(S(=O)(=O)N2CCCCC2CN)c(Br)c1,515,0.900124348,0.508474576,0.03,0.793791636
Cc1cc(C)c(S(=O)(=O)N2CCCCC2CN)c(C)c1,515,0.928935693,0.58490566,0.01,0.815501892
Cc1cccc(C2CC(c3ccccc3)Nc3nc(N)nn32)c1,516,0.761861166,1,0,0.728093995
Cc1cccc(C2CC(c3ccccc3)Nc3ncnn32)c1,516,0.781662584,0.647058824,0.01,0.740035384
Cc1cccc(C2CC(c3ccccc3)N=C(N)N2)c1,516,0.876354619,0.490566038,0.01,0.763969363
Cc1cccc(C2CC(NCCO)c3nc(N)nn32)c1,516,0.765953101,0.5,0.04,0.702801138
CCc1cccc(C2CC(N)CNc3nc(C)cn32)c1,516,0.881206076,0.308823529,0.12,0.6851952
CCc1cccc(C2CC(N)Nc3nc(Cl)cn32)c1,516,0.886772288,0.313432836,0.06,0.67484001
CCc1cccc(-c2nc(N)n3c2NC(C)CC3)c1,516,0.868314599,0.225352113,0.12,0.739570574
Cc1cccc(-c2cn(CCN)nc2NC2CCC2)c1,516,0.878080623,0.242857143,0.14,0.846567431
CCc1cccc(-c2nc(NCCO)n(C3CC3)n2)c1,516,0.846306148,0.189189189,0.04,0.833756904
CCc1cccc(-c2nnc(NC3CC3)n2CCN)c1,516,0.843322752,0.191780822,0.05,0.840375258
CCn1ccc(-c2ccc(Cl)cc2NCCCCCN)n1,516,0.73003695,0.115384615,0.05,0.8506737
CCn1ccc(-c2ccc(Cl)cc2)c1NCCCCCN,516,0.711213542,0.078947368,0.05,0.84965447
CCc1cccc(-c2nnc(NCCO)n2CCN)c1,516,0.697490434,0.16,0.04,0.83622708
CC1=C(NCCN)CCC(c2ccc(Cl)cc2)=N1,516,0.877600146,0.128571429,0.04,0.811487577
CCN1CCC(c2cc(N)nc(C3CC3)n2)CC1,516,0.887427888,0.166666667,0.03,0.831540367
CCNc1cccc(C(N)c2ccc(Cl)cc2)n1,516,0.888576124,0.130434783,0.09,0.820368935
CCNc1cccc(C(N)c2ccc(Cl)nc2)c1,516,0.831227741,0.14084507,0.03,0.816413882
CCc1cccc(C(N)c2ccc(N)nc2)c1,516,0.845024654,0.149253731,0.04,0.823467688
CCN1CCC(c2cc(N)nc(C(C)C)n2)CC1,516,0.89201331,0.161764706,0.02,0.831405773
Cc1cc(NCCN)cc(-c2ccc(N)nc2)c1,516,0.766148687,0.161764706,0.21,0.863934938
Cc1cc(NCCN)cc(-c2cnc(C)nc2)c1,516,0.861760205,0.136363636,0.16,0.853374757
Cc1cc(NCCN)cc(-c2cnc(N)nc2)c1,516,0.754950444,0.169230769,0.22,0.851971438
Cc1cc(NCCO)cc(-c2cnc(N)nc2)c1,516,0.75752267,0.149253731,0.12,0.857361785
Cc1cc(NCCN)nc(-c2cnc(C)c(F)c2)n1,516,0.875021266,0.125,0.23,0.82714457
Cc1cc(NCCN)nc(-c2cnc(C3CC3)nc2)c1,516,0.868861022,0.185714286,0.26,0.827037336
Cc1cc(OCCN)cc(-c2cnc(NC3CC3)nc2)c1,516,0.851624867,0.136986301,0.26,0.854591136
Cc1cc(F)cc(-c2nc(N)ncc2-c2cnn(C)c2)c1,516,0.784430737,0.183098592,0.15,0.832162153
Cc1cc(OCCN)cc(-c2nnc(NC3CC3)nc2C)c1,516,0.84894374,0.142857143,0.26,0.824379318
Cc1cc(OCCN)cc(-c2cnc(NC3CC3)nc2C)c1,516,0.857482898,0.142857143,0.31,0.843868648
Cc1cc(-c2cnc(N)nc2)cc(NC2CCN(C)CC2)n1,516,0.901130221,0.205882353,0.33,0.835980677
Cc1cc(-c2cc(NCCN)nc(NC3CC3(C)C)n2)ccn1,516,0.75895566,0.166666667,0.42,0.757817248
CNc1cc(-c2cnc(N)nc2-c2cc(C)n(C)n2)ccn1,516,0.765724935,0.173333333,0.31,0.810446564
COc1cc(-c2cnc(N)nc2)cc(NC2CCN(C)CC2C)n1,516,0.885465077,0.153846154,0.3,0.728499068
COc1cc(-c2cnc(N)nc2)cc(NC2CCN(C)CC2)n1,516,0.886315657,0.164383562,0.35,0.827000476
COc1cc(-c2cnc(N)nc2)cc(NC2CCN(C)C2)n1,516,0.877848915,0.16,0.29,0.773353352
COc1cc(-c2cc(N)nc3ccc(C4CCNCC4)nc23)ccn1,516,0.765304858,0.164556962,0.3,0.803997047
COc1cc(-c2cc(N)nc3ccc(C4CC4)nc23)ccn1,516,0.802296128,0.16,0.16,0.82131572
c1cc(-c2cc(NCCN3CCNCC3)nc3cccnc23)ccn1,516,0.744017631,0.12345679,0.43,0.836704051
c1cc(-c2cc(NCCN3CCNCC3)nc3cccnc23)cs1,516,0.748439777,0.117647059,0.39,0.822402552
COc1cc(-c2cc(N)ncn2)cc(C2CCNCC2)c1,516,0.903660545,0.150684932,0.23,0.833850443
COc1cc(O)c(C(CC(=O)N2CCOCC2)c2ccc(N(C)C)cc2)c(OC)c1,517,0.751315898,1,0,0.793227025
COc1cc(O)c(C(CC(=O)N2CCOCC2)c2ccc(N(C)C)cc2)cc1,517,0.829850138,0.733333333,0,0.808992535
COc1cc(O)c(C(=Cc2ccc(OC)cc2)C2CCN(C)CC2)cc1OC,517,0.753947187,0.230769231,0.08,0.845558006
COc1cc(O)c(C(=CC(=O)c2ccc(OC)cc2)N2CCNCC2)cc1,517,0.60316745,0.25974026,0.09,0.835743291
COC=C(c1c(O)cc(C(=O)N2CCCCC2)cc1OC)c1cccnc1,517,0.818573937,0.220930233,0.04,0.82628515
COC=C(C(=O)N1CCN(c2ccc(O)cc2)CC1)c1ccc(OC)cc1,517,0.649508122,0.25,0.01,0.859959875
COc1cc(C(=CC(=O)N2CCCCC2)c2ccc(O)cc2)ccc1OC,517,0.815664786,0.273972603,0,0.872425809
COc1cc(C(=CO)C(=O)c2ccc(O)cc2)c(N2CCCC2)cc1O,517,0.432092261,0.240506329,0.01,0.824885191
COc1cc(C(=CO)C(=O)N2CCCCC2)c(OCc2ccco2)cc1N,517,0.458308989,0.244186047,0.03,0.811189245
COc1cc(C(=CO)C(=O)N2CCCCC2)c(OCc2ccco2)cc1,517,0.629152792,0.261904762,0.03,0.833101202
COc1cc(CC=CC(=O)N2CCCCC2)c(OCc2ccco2)nc1,517,0.711810046,0.227272727,0,0.818513952
COc1cc(C(=CC(=O)N2CCCCC2)c2ccco2)ccc1O,517,0.873917098,0.25,0,0.847108135
COc1cc(C(=O)N2CC=CC2)c(OCc2ccco2)cc1N,517,0.677335326,0.234567901,0.01,0.8261098
COc1cc(C(=O)N2CC=CC2)c(OCc2ccco2)nc1,517,0.792582548,0.231707317,0.01,0.81710483
COc1ccc(C2(C(=O)N3CC=CC3)CCCC2)c(OCN)c1,517,0.667960205,0.240506329,0.03,0.789340569
COc1ccc(C2(C(=O)N3CC=CC3)CCC2)c(OCBr)c1,517,0.593312692,0.240506329,0.02,0.779184777
COc1ccc(C2(C(=O)N3CC=CC3)CCCC2)c(OC)c1,517,0.802709473,0.260273973,0,0.818934767
COc1ccc(C(=O)N2CCCC2)c(OCc2ccsc2)c1,517,0.845997825,0.272727273,0.01,0.887700743
COc1ccc(C(=O)N2CCCC(O)C2)c(OCc2ccsc2)c1,517,0.903399364,0.25,0.01,0.817880332
COc1ccc(C(=O)N2CCCC2)c(OCN(C)C)c1,517,0.770647525,0.314285714,0.02,0.876584295
COc1ccc(C(=O)N2CCCC2)c(OCN2CCCC2)c1,517,0.837315025,0.281690141,0.01,0.88567959
COc1ccc(C(=O)N2CCCC2)c(OCc2ccon2)c1,517,0.848758447,0.285714286,0,0.861846657
COc1ccc(C(=O)N2CCCC(O)CC2)c(OCN(C)C)c1,517,0.834114246,0.285714286,0.03,0.810130229
COc1ccc(C(=O)N2CCC(n3ccnc3)C2)c(OC)c1,517,0.866343969,0.24691358,0.01,0.814510372
COc1ccc(C(=O)N2CCCC(N)CC2)c(OCN(C)C)c1,517,0.83345904,0.282051282,0.06,0.805689123
COc1ccc(C(=O)N2CCC(N)C2)c(OCC2CC2)c1,517,0.895410582,0.256410256,0.09,0.827470185
COc1ccc(C(=O)N2CCC(N)C2)c(OCC(C)C)c1,517,0.90000312,0.269230769,0.09,0.830904214
Cc1c2c([n+]3n1CCC3)CC(C)(C)CC2=O,518,0.609124625,1,0.05,0.698824995
CCCc1[n+]2c(nn1C)CC(C)(C)CC2=O,518,0.706880222,0.218181818,0.02,0.68219686
CCCC1=[N+]2CN(C2)CC(C)(C)CC1=O,518,0.642899988,0.254901961,0,0.611973691
CCCCc1[n+]2c(nn1C)CC(C)(C)CC2=O,518,0.748709006,0.210526316,0.02,0.696853434
CCCCc1[n+]2c(nn1C)C(C)(C)CC2=O,518,0.72453763,0.172413793,0.01,0.687561082
CCCCN1N2CC(Cl)CC2=[N+](C)CC1(C)C,518,0.56692851,0.129032258,0.01,0.608441796
CCCCC1=[N+]2CN(Cl)CC2CC(C)(C)CC1=O,518,0.582070288,0.228070175,0,0.630724493
CCCCC1=[N+]2CN(C)CC2CC(C)(C)CC1=O,518,0.718485694,0.228070175,0.02,0.651286502
CCCCC1=[N+]2CN(C)CC2CC(C)(C)C1=O,518,0.699901895,0.147540984,0.05,0.638786278
CCCCN1C2=[N+](C)CC(C2)C(C)(C)CC1=O,518,0.689525127,0.166666667,0.01,0.592756252
CCCCN1C2=[N+](C)CC2(CC(C)C)CC1=O,518,0.671689926,0.147540984,0,0.675831763
CCCCN1C2=[N+](C)CC2CC(C)(C)NC1=O,518,0.745588755,0.15,0.05,0.676658853
CCCOC12CCCN1NC(C)C(=O)[N+]2(C)C,518,0.738754697,0.142857143,0.04,0.570126084
CCCOC12CCCN1NC(C)C(=O)CC2(C)C,518,0.837185166,0.177419355,0.06,0.59372678
CCCCN1C2CC(Cl)C1(C)NC(C)(C)C2=O,518,0.787580239,0.131147541,0.03,0.524411556
CCCCC1=[N+]2CC(C)CC2(C)NC1=O,518,0.702130071,0.133333333,0.28,0.601328072
CCCCC1=NC2CC(C)C2(C)NC1=O,518,0.756013027,0.114754098,0.17,0.599761512
CCCCN1C2CC(N)CC2(C)NC(=O)C1C,518,0.767604652,0.125,0.1,0.610801193
CCCCN1C2CCCC1(C)NC(=O)C2(C)N,518,0.777918648,0.14516129,0.02,0.544336922
CCCCN1C2CCCC1(C)C(=O)NC(C)C2,518,0.818051785,0.163934426,0.02,0.589177739
CCCCN1CCCC2C(=O)NC(C)(C)CC21,518,0.816986393,0.163934426,0.05,0.725621338
CCCN(CC1CCCO1)C(=O)c1cc(COc2ccc(F)cc2)on1,519,0.719858412,0.790322581,0,0.804110331
CCN(CC1CCCO1)C(=O)c1cc(COc2ccc(F)cc2)n(C)n1,519,0.76095167,0.486842105,0.03,0.796172266
CCN(CC1CCCO1)C(=O)c1cc2ccc(CC(F)F)cc2n1C,519,0.797334306,0.34939759,0.02,0.76723167
CCN(CC1CCCO1)C(=O)c1cc2ccc(CC(F)F)cn2n1,519,0.814251494,0.395061728,0.02,0.74204433
CCN(CC1CCCO1)C(=O)c1cc2ccc(CCCF)cn2n1,519,0.782635868,0.395061728,0.02,0.748115561
CC(O)(CC1CCCC1)C(=O)N1CCc2ccc(CN)cc2O1,519,0.891770802,0.168539326,0.08,0.721979645
CC(O)(CC1CCCC1)C(=O)N1CCc2ccc(N)cc2O1,519,0.840055536,0.172413793,0.08,0.716652123
CCN(CC1CCCO1)C(=O)c1cc2ccc(F)cn2n1,519,0.866551899,0.479452055,0.02,0.765434214
CC(O)(CC1CCCC1)c1nc2ccc(CN)cc2o1,519,0.898347373,0.176470588,0.09,0.759605731
CCN(CC1CCCC1)C(=O)c1cc2cccc(N)c2o1,519,0.872368133,0.243902439,0.02,0.841505752
CCN(CC1CCCC1)C(=O)c1cc2cccc(N)c2n1C,519,0.879554462,0.226190476,0.03,0.834505621
CCN(CC1CCCC1)C(=O)c1ccc(CN(C)C)cn1,519,0.807753713,0.285714286,0.01,0.86234729
CCN(CC1CCCC1)C(=O)Cc1nc2ccccc2n1C,519,0.850348096,0.214285714,0.02,0.860110836
CCN(CC1CCCC1)C(=O)Cc1nnn2ccccc12,519,0.847230935,0.211764706,0.01,0.814414125
CCCN(CCCOC)C(=O)C1CCCc2nnc(CC)cc21,519,0.691420436,0.244186047,0,0.74304852
CCN(CCCOC)C(=O)C1CCCc2nnc(CC)cc2N1,519,0.778817349,0.197802198,0.04,0.735022721
CCN(CCCO)C(=O)C1CCCc2nnc(CC)cc2C1,519,0.813431179,0.195402299,0,0.753949393
CCN(CC1CCCCN1)C(=O)C1CCc2ccccc2N1,519,0.897411806,0.181818182,0.04,0.7477768
CCN(CC1CCCCN1)C(=O)c1cnc2ccccc2c1,519,0.943594789,0.23255814,0.07,0.807698052
CCN(CC1CCCCN1)C(=O)c1ccc2nnccc2c1,519,0.940186169,0.23255814,0.11,0.779962234
CCN(CCC(=O)NC)C(=O)C1CCCc2cccnc21,519,0.892956246,0.206896552,0.05,0.777209168
CCN(CC1CCCCN1)C(=O)c1cnc2ccccc2n1,519,0.940186169,0.268292683,0.07,0.796329783
CCN(CCC(C)=O)C(=O)Nc1ncc2c(n1)CCCC2,519,0.901606605,0.174418605,0.11,0.825691749
CCN(CC1CCCCN1)C(=O)Nc1ncc2ccccc2n1,519,0.910121512,0.213483146,0.19,0.785683235
CCN(CC1CCCN1)C(=O)Nc1ncc2ccccc2n1,519,0.908075453,0.215909091,0.19,0.785412234
CCN(CC1CCCN1)C(=O)Nc1nnc2ccccc2c1,519,0.908075453,0.202247191,0.07,0.776121129
CCN(CC1CCCN1)C(=O)Nc1cnc2ccccc2c1,519,0.912295396,0.227272727,0.06,0.802350696
CCN(CC1CCCN1)C(=O)Nc1cnc(C(C)C)cn1,519,0.872323774,0.193181818,0.07,0.754248803
CCN(CC(C)CCl)C(=O)Nc1cnc2ncccc2c1,519,0.861748824,0.166666667,0.04,0.772984918
CCN(CC(C)CN)C(=O)Nc1cnc2ccccc2c1,519,0.88736734,0.170454545,0.14,0.811029507
CCN(CC(C)CCl)C(=O)Nc1cnc2ccccc2c1,519,0.849738911,0.170454545,0.02,0.804546065
CCOC(=O)CSC1=NC(=O)CC(c2sccc2C)C1C#N,520,0.789905487,1,0,0.698640975
CCOC(=O)CSC1=NC(=O)CC(c2ccccc2C)C1C#N,520,0.793146678,0.7,0.02,0.735359699
CCOC(=O)CSC1=NC(=O)CC(c2ccccc2C)C1N,520,0.858491666,0.53125,0.03,0.732060395
CCOC(=O)CSC1=NC(=O)CC(c2ccccc2)C1C,520,0.802366263,0.523809524,0,0.749880656
CCOC(=O)CC1=NC(=O)CC(c2ccccc2C)S1,520,0.800045649,0.382352941,0.02,0.762298636
CCOC(=O)CC1=NC(=O)CC(c2ccccc2Cl)S1,520,0.799726025,0.347222222,0.02,0.761692592
CCOC(=O)CC1=NC(=O)CC(c2ccccc2F)S1,520,0.801469036,0.347222222,0.03,0.761042043
CCOC(=O)C1=NC(=O)CC(c2ccccc2F)C1N,520,0.841404649,0.315068493,0.02,0.737206894
CCOC(=O)CC1=NC(=O)CC(c2ccccc2F)=N1,520,0.788587578,0.323943662,0.01,0.802410119
CCOC(=O)CC1=NC(=O)CC(c2ccccc2F)=C1,520,0.793346019,0.283783784,0.02,0.80050957
CCOC(=O)CC1=NC(=O)CC(c2ccccc2F)=C1N,520,0.857484913,0.293333333,0.06,0.794690791
CCOC(=O)CC1=NC(=O)C(SC)=C(c2ccccc2F)C1,520,0.781429622,0.269230769,0.03,0.779088381
CCOC(=O)CC1=NC(=O)C(Sc2ccccc2N)=C(C)C1,520,0.666501176,0.289473684,0.03,0.771743867
CCOC(=O)C1=NCC(=O)C(Sc2ccccc2N)=C(F)C1,520,0.680217885,0.219512195,0.08,0.76124828
CCOC(=O)C1=NCC(=O)C(Sc2ccccc2N)=C(C)C1,520,0.681444767,0.225,0.05,0.770122429
CCOC(=O)C1=NCC(=O)C(CSc2ccccc2N)=C1,520,0.510030466,0.243589744,0.02,0.771253939
CCOC(=O)C1=NCC(CN)=C(Nc2ccccc2OC)C1,520,0.781638638,0.192771084,0.11,0.788599169
CCOC(=O)C1=NCC(CN)=C(c2ccccc2OC)C1,520,0.838630966,0.185185185,0.03,0.793441684
CCOC(=O)C1=NCC(N)=C(c2ccccc2OC)C1,520,0.849153152,0.1875,0.03,0.797598581
CCOC(=O)C1=NCC(CN)=C(c2ccccc2)C1,520,0.837547079,0.197368421,0.09,0.800336442
CCOC(=O)C1=NCC(N)=C(c2ccccc2)C1,520,0.823927232,0.2,0.04,0.801011559
CCOC(=O)CC1=NCC(N)=C(c2ccccn2)C1,520,0.832076221,0.230769231,0.04,0.766673764
CCOC(=O)Nc1ncc(N)c(-c2ccccn2)n1,520,0.868902295,0.175,0.24,0.843022767
CCOC(=O)c1ncc(N)c(-c2ccccn2)n1,520,0.818048321,0.179487179,0.12,0.838394968
CCOC(=O)c1ncc(N)c(-c2cccc(F)c2)n1,520,0.855266055,0.172839506,0.2,0.849359664
CCOC(=O)c1ncc(N)c(-c2cccc(C)c2)n1,520,0.852769935,0.17721519,0.15,0.852906834
CCOC(=O)Nc1ncc(CO)c(-c2ccncc2)n1,520,0.87846355,0.189873418,0.25,0.846362572
CCOC(=O)Nc1ncc(CO)c(-c2ccnc(C)c2)n1,520,0.891519414,0.182926829,0.27,0.834076625
CCOC(=O)Nc1ncc(CO)c(-c2cc(CCC)ccn2)n1,520,0.849747058,0.174418605,0.32,0.826906389
CCOC(=O)Nc1ncc(CC)c(-c2cc(CCC)ccn2)n1,520,0.880815173,0.164705882,0.32,0.832532662
CCOC(=O)Nc1nccc(-c2ncnc3c2CCC3)n1,520,0.927119815,0.192771084,0.36,0.824101893
CCOC(=O)Nc1nccc(-c2ccc(CCOC)cc2)n1,520,0.887749162,0.170731707,0.46,0.881232692
CCOC(=O)Nc1nccc(-c2ccc(CC(C)C)cc2)n1,520,0.908760116,0.172839506,0.45,0.883851775
CCOC(=O)Nc1nccc(-c2ccc(OC(C)C)cc2)n1,520,0.914610813,0.1875,0.43,0.882474107
C=CCOC(=O)Nc1nccc(-c2ccc(CCC)cc2)n1,520,0.82295055,0.152941176,0.48,0.867063217
CCOC(=O)Nc1nccc(-c2cccc(CCO)c2)n1,520,0.880711254,0.166666667,0.52,0.872989085
C=CCOC(=O)Nc1nccc(-c2ccc(O)cc2)n1,520,0.834790737,0.134146341,0.46,0.861888348
C=CCOC(=O)Nc1nccc(-c2ccc(C)cc2)n1,520,0.865665132,0.160493827,0.44,0.873412505
CCOC(=O)Nc1nccc(-c2ccc(CCO)cc2)n1,520,0.880711254,0.175,0.45,0.880411905
CCOC(=O)C1(Cc2cccc(Cl)c2)CCCN(C(=O)c2cc(CC)on2)C1,521,0.682090959,1,0.01,0.77655865
CCOC(=O)C1(Cc2cccc(Cl)c2)CCCN(C(=O)c2ccon2)C1,521,0.747998944,0.769230769,0,0.77503817
CCNC(=O)C1(Cc2cccc(Cl)c2)CCCN(C(=O)c2ccoc2)C1,521,0.870264404,0.5,0.01,0.779001164
CCNC(=O)C1(Cc2ccccc2)CCCN(C(=O)c2ccon2)C1,521,0.905147764,0.447368421,0.01,0.778451017
CCNC(=O)C1CCCN(C(=O)c2cc(Cc3ccco3)on2)C1,521,0.903006892,0.333333333,0.01,0.787488136
CCC1CCCN(C(=O)c2coc(Cc3ccccc3)n2)C1,521,0.86720631,0.292682927,0,0.819949975
CCC1CCCN(C(=O)c2cc(Cc3ccco3)[nH]n2)C1C,521,0.942625413,0.21978022,0.05,0.720646272
CCC1CCCN(C(=O)c2cc(Cc3ccco3)[nH]n2)C1,521,0.940181565,0.279069767,0.02,0.779385298
CCC1CCCN(C(=O)c2cc(-c3ccccn3)on2)C1,521,0.869482265,0.320987654,0.01,0.809625399
CCS(=O)C1CCCN(C(=O)c2cc(-c3ccco3)[nH]n2)C1,521,0.934410829,0.244444444,0.07,0.699326613
CCC1CCCN(C(=O)c2ccccc2-c2nc(C)no2)C1,521,0.872132972,0.273809524,0.02,0.820130641
CCS(=O)C1CCCN(c2cc(Cc3ccccc3)n[nH]2)C1,521,0.922274274,0.191011236,0.06,0.68870781
CCS(=O)C1CCCN(c2ccccc2Cc2cc(C)no2)C1,521,0.842587507,0.224719101,0.04,0.713599071
CCS(=O)C1CCCN(c2ccccc2-c2nc(C)co2)C1,521,0.866730831,0.163043478,0,0.705608176
CCC(CO)N1CCCN(c2ccccc2-c2nc(=O)o[nH]2)CC1,521,0.858650692,0.159574468,0.08,0.767765951
CCC(=O)N1CCCC(c2ccccc2Cc2cc(=O)[nH]cn2)C1,521,0.938934235,0.195652174,0.04,0.772737857
CC1CCC(=O)N(Cc2ccccc2-c2nc(CO)c(Cl)[nH]2)CC1,521,0.890454249,0.145833333,0.15,0.76238347
CCC(=O)N1CCCC(c2ccccc2Cc2cc(=O)[nH]cn2)CC1,521,0.931302327,0.206521739,0.03,0.779352513
CCC(=O)N1CCCC(C(=O)Nc2cc(-c3ccccc3)n[nH]2)C1,521,0.906486771,0.211111111,0.21,0.803358816
CC1(C)CCC(C(=O)Nc2ccccc2-c2nc(CO)c[nH]2)CC1,521,0.800552394,0.141304348,0.2,0.806828809
CC1(C)CCC(C(=O)Nc2ccccc2-c2nc(CO)c(Cl)[nH]2)CC1,521,0.75581936,0.161290323,0.14,0.809555186
CC(C)S(=O)(=O)N1CCCN(Cc2cc(-c3ccccc3)n[nH]2)CC1,521,0.886209288,0.142857143,0.12,0.851018576
CC1CCCC(=O)N1CC(=O)Nc1cc(-c2ccc(Cl)cc2)n[nH]1,521,0.892599668,0.172043011,0.11,0.781905868
CC1CCCC(C(=O)Nc2cc(-c3ccc(CO)cc3)n[nH]2)CN1C,521,0.797728699,0.157894737,0.21,0.747298296
CCC(C)N1CCC(C(=O)Nc2cc(-c3ccc(C)cc3)n[nH]2)C1,521,0.884559004,0.182795699,0.13,0.763221919
CCC1CCC(C(=O)Nc2cc(-c3cccc(C)c3)n[nH]2)CC1OC,521,0.857721523,0.177083333,0.19,0.712930256
CCC1CCC(C(=O)Nc2cc(-c3cccc(C)c3)n[nH]2)CC1C,521,0.849140363,0.170212766,0.21,0.721045597
CC(CC1CCCC1)C(=O)Nc1cc(-c2ccc(C)cc2)n[nH]1,521,0.851367904,0.181818182,0.11,0.78884015
CC(CC1CCCC1)C(=O)Nc1cc(-c2ccccc2C)n[nH]1,521,0.851367904,0.177777778,0.04,0.781773017
CCC1CCC(C(=O)Nc2cc(-c3ccccc3C)n[nH]2)CC1,521,0.870584165,0.181818182,0.21,0.844703972
CC1CCC(C(=O)Nc2cc(-c3ccccc3C)n[nH]2)CN1C,521,0.915471508,0.150537634,0.16,0.7468688
CC(CC1CCCC1)C(=O)Nc1cc(-c2cccn2C)n[nH]1,521,0.886367598,0.173913043,0.05,0.7454166
CC1CCC(C(=O)Nc2cc(-c3cccn3C)n[nH]2)CC1C,521,0.911930323,0.139784946,0.13,0.693948997
CC1CCC(C(=O)Nc2cc(-c3cccn3C)ncn2)CC1,521,0.945929502,0.133333333,0.11,0.840389468
CC1CCC(C(=O)Nc2cc(-c3cccnc3)ncn2)CC1C,521,0.941077346,0.117021277,0.26,0.748333438
CCC1CCC(C(=O)Nc2cc(-c3cccnc3C)n[nH]2)C1,521,0.906530068,0.172043011,0.21,0.73543919
CCC1CCC(C(=O)Nc2cc(-c3cccnc3)n[nH]2)CC1C,521,0.89990298,0.145833333,0.28,0.709064207
CCC1CCC(C(=O)Nc2cc(-c3cccnc3)n[nH]2)CC1,521,0.905173656,0.166666667,0.29,0.834087763
CCC1CCC(C(=O)Nc2cc(-c3ccncc3)n[nH]2)C1,521,0.905084354,0.155555556,0.34,0.748168736
CCC(C)C(=O)Nc1cc(-c2ccncc2)n[nH]1,521,0.867423953,0.141176471,0.26,0.784749629
CCN(C)C(=O)Nc1cc(-c2ccncc2)n[nH]1,521,0.867588779,0.141176471,0.24,0.813368422
CCC(C)NCc1cc(-c2ccncc2)n[nH]1,521,0.828705394,0.093023256,0.4,0.80143306
CC(C)NCc1cc(-c2ccncc2)ncn1,521,0.86963185,0.096385542,0.32,0.861166089
CCC(C)C(NC)c1cc(-c2ccncc2)n[nH]1,521,0.849997778,0.091954023,0.41,0.737319601
CC(C)CC(C)NCc1cc(-c2ccncc2)n[nH]1,521,0.837157508,0.079545455,0.4,0.794126699
CC(C)CC(C)Nc1cc(-c2ccncc2)n[nH]1,521,0.847962063,0.094117647,0.38,0.767331228
CCC(C)C(C)Nc1cc(-c2ccncc2)n[nH]1,521,0.847962063,0.105882353,0.36,0.731948561
Cc1nc(NCC2CCCO2)c2nnn(Cc3c(F)cccc3Cl)c2n1,522,0.737247575,1,0,0.772769203
Cc1nc(NCC2CCCO2)c(-c2ccc(Br)cc2Cl)c(C)n1,522,0.808610369,0.434210526,0.07,0.782958579
Cc1nc(NCC2CCCO2)c(-c2ccc(Br)cc2Cl)cn1,522,0.847900155,0.415584416,0.07,0.790171178
Cc1nc(-c2ccc[nH]c2=O)c(C)c(C2CCCN2)n1,522,0.873698208,0.159090909,0.12,0.734654584
CCOc1nc(C)nc(-c2ccc(=O)[nH]c2Cl)c1C,522,0.876728072,0.139534884,0.2,0.796375791
CCCn1nc(C)c(-c2ccc(=O)[nH]c2C)c1OCCCC,522,0.79701256,0.108695652,0.07,0.8098276
CCCn1nc(C)c(-c2ccc(=O)[nH]c2C)c1OCCC,522,0.888775327,0.10989011,0.07,0.805875937
CCCn1nc(C)c(-c2ccc(=O)[nH]c2C)c1C(C)C,522,0.927952507,0.1,0.09,0.805378587
Cc1nc(C2CCNC2=O)c(C)c(-c2ccc[nH]2)n1,522,0.858634005,0.149425287,0.15,0.700802768
Cc1nc(-c2ccc[nH]c2=O)c(C)c(C2CCN2)n1,522,0.853551722,0.151162791,0.13,0.731769273
CCOc1nc(-c2ccc[nH]c2=O)cc(C2CCN2)n1,522,0.875686748,0.119565217,0.11,0.740012479
Cc1nc(-c2ccc[nH]c2=O)cc(C2CCN(C)C2)n1,522,0.899273793,0.183908046,0.05,0.763707215
Cc1cc(-c2ccc[nH]c2=O)nc(C2CCN(C)C2)n1,522,0.899273793,0.142857143,0.07,0.763760927
Cc1nc(-c2ccc(=O)[nH]c2)cc(C2CCNC2)n1,522,0.84716578,0.149425287,0.2,0.75971924
Cc1cc(-c2ccc(=O)[nH]c2)c2c(n1)N(C)CCN2,522,0.813424174,0.097826087,0.3,0.778645274
Cc1cc(-c2ccc(=O)[nH]c2)c2c(n1)C(C)CCN2,522,0.823295941,0.122222222,0.25,0.725305332
Cc1ncc(-c2ccc(=O)[nH]c2)c(C2CCN(C)C2)n1,522,0.899273793,0.142857143,0.21,0.763705326
Cc1cccc(C2CC(=O)c3cnc(C)nc3N2)c1,522,0.848688036,0.139534884,0.07,0.766141229
Cc1ncc(-c2cc3c(cc2Cl)NC(=O)C3)c(C)n1,522,0.869113796,0.139534884,0.17,0.817076355
Cc1ncc(-c2ccc(=O)[nH]c2)c(C2CCNCC2)n1,522,0.869409911,0.123595506,0.29,0.80944319
Cc1nccc(-c2cc(=O)[nH]cc2C2CCNCC2)n1,522,0.869409911,0.134831461,0.2,0.805278469
Cc1nccc(-c2cc(-c3ccc(F)cc3)cn2C)n1,522,0.709978913,0.130952381,0.16,0.856148537
Cc1nccc(NC2CCNCC2)c1-c1cc(F)ccn1,522,0.910674936,0.136363636,0.27,0.811716521
Cc1nccc(OC2CCNCC2)c1-c1cc(F)ccn1,522,0.942632365,0.136363636,0.18,0.812200506
Cc1ncnc(OC2CCNCC2)c1-c1cc(F)ccn1,522,0.937113612,0.120879121,0.18,0.796952586
Cc1ncnc(NC2CCNCC2)c1-c1cc(F)ccn1,522,0.905421861,0.159090909,0.31,0.803825726
Cc1nc(NCC2CCNCC2)ncc1-c1cc(F)ccn1,522,0.907719861,0.177777778,0.31,0.815373099
Cc1nc(CNC2CCNCC2)ccc1-c1cc(F)ccn1,522,0.910358133,0.166666667,0.18,0.821569493
CN(c1ccccc1)C1C(=O)c2ccccc2C(=O)C1=NC(=O)c1ccc(Cl)cc1,523,0.629839397,1,0.02,0.776822373
CN(c1ccccc1)C1C(=O)c2ccccc2C(=O)C1=Nc1ccc(Cl)cc1,523,0.634209434,0.68,0.05,0.775603265
CN(c1ccccc1)C1C(=O)c2ccccc2C1=NC(=O)c1ccc(Cl)cc1,523,0.65466126,0.869565217,0.02,0.783259611
CN(c1ccccc1)C(=O)c1ccccc1C(=O)c1ccc(Cl)cc1,523,0.631414341,0.4,0,0.912288132
CN(C)c1ccccc1C(=O)c1ccccc1NC(=O)c1cccs1,523,0.698189145,0.152777778,0.02,0.887779356
CCCc1ccccc1C(=O)N(C)C(=O)c1ccc(Cl)cc1,523,0.7927295,0.295081967,0,0.889312845
CCCc1ccccc1C(=O)N(C)C(=O)c1ccccc1Cl,523,0.7927295,0.203125,0,0.884154207
CCCc1ccccc1C(=O)N(C)C(=O)c1ccccc1,523,0.803646667,0.209677419,0,0.896305048
CCC(c1ccc(Cl)cc1)N(C)C(=O)c1ccccc1,523,0.806875161,0.322033898,0.04,0.85846512
CCCC(c1ccc(Cl)cc1)N(C)C(=O)c1ccccc1,523,0.764621541,0.31147541,0.02,0.856043327
CCCC(c1ccccc1)N(C)C(=O)c1ccc(Cl)cc1,523,0.764621541,0.333333333,0.02,0.858000563
CCC(c1ccccc1)N(C)C(=O)c1ccc(Cl)cc1,523,0.806875161,0.344827586,0.04,0.860527208
CCC(c1ccc(Cl)cc1)N(CCN)C(=O)c1ccccc1,523,0.878407183,0.296875,0.03,0.841260063
CC(c1ccc(Cl)cc1)N(CCN)C(=O)c1ccccc1,523,0.9185568,0.306451613,0.02,0.853102519
CC(c1ccccc1)N(CCN)C(=O)c1ccc(Cl)cc1,523,0.9185568,0.327868852,0.02,0.855059755
COC(c1ccccc1)N(CCN)C(=O)c1ccc(Cl)cc1,523,0.832705421,0.3125,0.01,0.810642445
CCC(c1ccccc1)N(CCN)C(=O)c1ccc(Cl)cc1,523,0.878407183,0.317460317,0.03,0.843122594
CC1(C)C=C2C(=O)CCC(C1)C(NC(=O)C1CCCCC1)(C(F)(F)F)C(=O)N2Cc1ccco1,524,0.665019238,0.653333333,0,0.580897143
CC1(C)C=CCC2C(=O)CC(C(F)(F)F)C(NC(=O)C3CCCCC3)C(=O)N2CCC=C1,524,0.631815224,0.292134831,0.03,0.585127644
CC1(C)C=CCC(C(=O)C2CCCCC2)C(NC(=O)CC(F)(F)F)C1=CCN1CCCO1,524,0.586890265,0.244897959,0,0.623865112
CC1(C)C=CC2C(=O)CCCC(C1)C(NC(=O)CC1CCCC1)C(=O)N2CC(F)(F)F,524,0.66497269,0.247311828,0.1,0.523199156
CC1(C)C=CC(=O)C2C(CC1)C(NC(=O)CCCC(F)(F)F)CCCN2CC1CCC1,524,0.627724077,0.214285714,0.03,0.664552199
CC1=CCCNC1C1CC(=O)C(CC(F)(F)F)=CCN1NC(=O)CCCC1CCCO1,524,0.591701644,0.198113208,0.03,0.605211668
CC1=CCCNC1C1CC(=O)C(CC(F)(F)F)CCCC1NC(=O)CCCC1CC1,524,0.578734762,0.178217822,0.01,0.62891683
CC1=CCCNC1C1CC(=O)C(CC(F)(F)F)CCCC1NCCC1=CCCC1,524,0.597891408,0.168316832,0.03,0.607407783
CC1=CCCCC2C(=O)CCC(NC(=O)CC(F)(F)F)C12N1CCCCC1,524,0.751719299,0.230769231,0,0.645713664
CCC1=CCC(=O)CCC1=C1NC(C(F)(F)F)CCCN1CC1CCCO1,524,0.793572001,0.16,0.01,0.651253944
C=C1CCCC(C(F)(F)F)C1CC(=O)NCCc1ccco1,524,0.838358817,0.285714286,0.01,0.715391038
C=C1CCCC(C(F)(F)F)C(CCCc2ccco2)=CCC(=O)N1,524,0.790691975,0.26744186,0.07,0.63850459
CCCNC1=C(C(F)(F)I)CCCc2occc2C(=O)C1CC,524,0.514717218,0.184782609,0.07,0.622458513
CCC=C1CCCC(C(F)(F)F)=C(OCc2ccco2)C(=O)N1,524,0.900237267,0.297619048,0.04,0.726885565
CCCNC(=O)C1=C(OC)c2ccc(Br)c(F)c2CCCCC1,524,0.824905782,0.150537634,0.04,0.757353546
CCCNC(=O)C1=C(OC)c2ccc(Br)c(F)c2CCC1=O,524,0.829567738,0.138297872,0.02,0.793844157
CCCNC(=O)C1=C(OC)c2ccc(Br)c(F)c2CCC1,524,0.891129737,0.139784946,0.04,0.798805911
C=CCCCC(=O)NCCc1oc2ccc(Br)cc2c1CC,524,0.541458261,0.111111111,0.04,0.824499169
C=CNC(=O)CCCc1occc1C(C)(C)CCCCCC,524,0.577173427,0.139784946,0.11,0.769427095
CCCNC(=O)c1ccc(Br)c2c1OC(C)(C)CC2=O,524,0.918267117,0.197674419,0.01,0.825129869
C=C1NC(C(=O)c2ccco2)=CCc2c1cccc2Br,524,0.848745602,0.170454545,0.1,0.763143679
CCCCC(=O)NCCc1ccc(Br)c2occc12,524,0.871090361,0.133333333,0,0.857787439
CCCC(=O)NCCc1ccc(Br)c2occ(CC)c12,524,0.856997584,0.122222222,0.01,0.822679625
CCNC(=O)Cc1occc1C(=O)c1ccc(Br)cc1,524,0.85431903,0.139534884,0.02,0.855084295
C=C1NC(C(=O)c2ccco2)Cc2cccc(Br)c21,524,0.863017022,0.186046512,0.04,0.735807326
CCNC(=O)CSCc1occc1C(=O)c1cccs1,524,0.798933325,0.141304348,0.04,0.822857309
CCCCC(=O)NCCc1occc1C(=O)c1ccco1,524,0.758258011,0.183908046,0,0.832737546
CCCCC(=O)NCCc1occc1C(=O)c1cccs1,524,0.760195641,0.139784946,0.02,0.835303187
CCC(=O)NCCc1c(C(C)(C)Br)oc2ccccc12,524,0.833126092,0.136363636,0.02,0.824388066
CCC(C)(C)C(=O)NCCc1coc2cccc(OC)c12,524,0.884645176,0.141304348,0.02,0.843109624
CCC(Br)C(=O)NCCc1coc2cccc(OC)c12,524,0.821418288,0.127659574,0.02,0.790520065
CCC(Br)C(=O)NCCc1coc2ccc(OC)cc12,524,0.821418288,0.127659574,0.16,0.801290944
CCC(Br)C(=O)NCCOc1ccc(C)c2occc12,524,0.647650555,0.141304348,0.04,0.782536274
CCC(Br)C(=O)NCCOc1ccc2c(CC)coc2c1,524,0.60984849,0.127659574,0.04,0.793651411
CCC(Br)OC(=O)CCC(=O)Nc1ccc2c(c1)OCO2,524,0.625375698,0.11827957,0.02,0.796355713
CCC(Br)C(=O)NCCOc1ccc2occc2c1C,524,0.647650555,0.141304348,0.02,0.790058526
CCC(Br)C(=O)NCCOc1ccc2c(c1)CCCO2,524,0.638756477,0.136842105,0.01,0.806112344
CCC(Br)C(=O)NCCOc1ccc2c(c1)OCO2,524,0.640957758,0.131868132,0.02,0.815760317
CCC(Br)C(=O)Nn1c(C)cc2c1OCCO2,524,0.866567393,0.125,0.01,0.698413119
CCC(Br)C(=O)Nn1c(C)cc2ccoc21,524,0.881391419,0.151162791,0.03,0.698416184
Cc1ccc(C(=O)N2CCCC(CBr)O2)cc1,524,0.785713312,0.168674699,0.01,0.779378265
CCOP(=O)(OCC)C(Nc1ccccc1)c1ccco1,525,0.718767655,1,0,0.782694983
CCOC(=O)C(OCC)c1ccccc1Nc1ccccc1,525,0.782863325,0.285714286,0.03,0.830235647
CCOP(=O)(OCC)C(Nc1ccccc1)c1ccccn1,525,0.727734897,0.586956522,0,0.790862021
CCOC(=O)C(OC)c1ccccc1Nc1ccccc1,525,0.822429285,0.285714286,0.02,0.839086265
CCOP(=O)(OCC)c1ccccc1Nc1ccccc1,525,0.773822923,0.395833333,0.04,0.854496777
CCOC(=O)C(Nc1ccccc1)c1cccnc1,525,0.835683888,0.321428571,0.01,0.848707212
CCOC(=O)C(C)c1ncccc1-c1ccccc1,525,0.785765662,0.24137931,0.05,0.840102768
CCOC(=O)C(C)c1ccccc1Nc1cccnc1,525,0.844881,0.241935484,0.07,0.830103437
CCOP(=O)(OC)c1ccccc1Nc1cccnc1,525,0.827483676,0.305084746,0.09,0.77766646
CCOP(=O)(OC)c1cnccc1Nc1ccccc1,525,0.827483676,0.333333333,0.06,0.776525029
CCS(=O)(=O)C(C)c1cnccc1Nc1ccccc1,525,0.917366425,0.237288136,0.12,0.796628307
CCS(=O)(=O)C(C)CNc1ncccc1-c1ccccc1,525,0.891053108,0.193548387,0.2,0.799012558
CCS(=O)(=O)C(C)CNc1cnccc1-c1ccccc1,525,0.891053108,0.19047619,0.2,0.794147108
CCS(=O)(=O)CCCNc1cnccc1-c1ccccc1,525,0.798938319,0.171875,0.32,0.870842418
CCS(=O)(=O)CCCCNc1cnccc1-c1ccccc1,525,0.758130154,0.169230769,0.31,0.868854181
CCS(=O)CCCCCCNc1cnccc1-c1ccccc1,525,0.652678635,0.164179104,0.28,0.799102983
CCS(=O)CCCCNc1cnccc1-c1ccccc1,525,0.755871566,0.166666667,0.28,0.799412032
C=CCN(C(=O)CNC(=O)c1ccco1)C(C(=O)NC1CCCCC1)c1cccnc1,526,0.602332031,1,0,0.779759681
C=CCN(C(=O)CNC(=O)c1ccco1)C(C(=O)NC1CCCC1)c1cccnc1,526,0.617025687,0.984126984,0,0.780799582
C=CCN(C(=O)c1cccnc1)C(C(=O)NC1CCCCC1)C1CCCN1,526,0.722361536,0.481481481,0.07,0.728699039
C=CCN(C(=O)CNC)C(C(=O)NC1CCCCC1)c1cccnc1,526,0.705465995,0.720588235,0.01,0.785383625
C=CCN(C(=O)CN)C(C(=O)NC1CCCCC1)c1cccnc1,526,0.742444826,0.691176471,0.1,0.787904284
C=CCN(C(=O)CN)C(C(=O)NC1CCCC1)c1cccnc1,526,0.738779938,0.676470588,0.1,0.787259171
C=CC(C(=O)NC(C)C)N(C(=O)c1cccnc1)C1CCCC1,526,0.820663694,0.30952381,0.01,0.767997056
C=CN(C(=O)CN)C(C(=O)NC1CCCC1)c1cccnc1,526,0.823726366,0.534246575,0.1,0.754200262
C=CCN(C(=O)C1CCCC1)C(CN)c1cccnc1OC,526,0.784772352,0.310344828,0.1,0.763010932
C=CCN(C(=O)c1cccnc1)C1CCCCC1(C)CN,526,0.846887365,0.310344828,0.09,0.715016771
C=CCN(C(=O)C1CCCC1)C(CN)c1cccnc1,526,0.808955238,0.434210526,0.09,0.775999523
C=CCN(C(=O)C1(CN)CCCC1)c1cccnc1NC(C)C,526,0.75876375,0.255555556,0.14,0.781480517
C=CCN(C(=O)CC(CN)c1cccnc1)C1CCCCC1(C)C,526,0.778965009,0.367816092,0.14,0.699367495
C=CCN(C(=O)CN)C(CN)C1(c2cccnc2)CCCC1(C)C,526,0.746994477,0.318181818,0.07,0.648071795
C=CN(C(=O)CC(C)(C)CN)C(c1cccnc1)c1ccco1,526,0.852190707,0.341176471,0.07,0.707345133
C=CN(C(=O)CC(CN)(c1cccnc1)C1CCCCC1)C(C)C,526,0.83078416,0.310344828,0.12,0.691292212
C=CN(C(=O)c1cccnc1)C(CN)C1(c2ccccc2)CC1,526,0.892421302,0.235955056,0.08,0.734986508
C=CN(C(=O)CC(CN)c1cccnc1)C1CCCCC1(C)C,526,0.874352654,0.329545455,0.13,0.674239266
C=CCN(C(=O)CC(CN)c1cccnc1)C1CCCCC1,526,0.787824574,0.417721519,0.1,0.772096697
C=CN(C(=O)CC(CN)c1cccnc1)C1CCCCC1,526,0.874918189,0.375,0.1,0.736873957
C=CN(C(=O)CC(CN)c1cccnc1)C1CCNCC1,526,0.825924659,0.317647059,0.14,0.714882932
C=CC(O)(C1CCC(CN)CC1)c1cccnc1,526,0.8008391,0.228915663,0.08,0.73310981
C=CN(C(=O)CN)C(c1cccnc1)C1CCNCC1,526,0.841776193,0.325301205,0.11,0.711460792
C=CN(C(=O)CCCN)C(c1cccnc1)C(C)C,526,0.820011033,0.289156627,0.11,0.739350762
C=CN(C(=O)C(CN)c1cccnc1)C1CCNCC1,526,0.834745408,0.30952381,0.11,0.719629213
C=CN(C(=O)CC(CN)c1cccnc1)C(C)C,526,0.834819839,0.296296296,0.1,0.726246942
C=CN(C(=O)C(CN)c1cccnc1)C(C)C,526,0.838159628,0.2875,0.1,0.728474238
CCOc1ccccc1C1CC(c2ccc(F)cc2)Nc2nc(N)nn21,527,0.74998398,1,0,0.725801317
CCOc1ccccc1C1CC(c2ccc(F)cc2)Nc2ncnn21,527,0.782163069,0.706896552,0.02,0.737087771
CCOc1ccccc1C1CC(c2ccc(F)cc2)=NNC1N,527,0.912042972,0.397058824,0.13,0.74921935
CCOc1ccccc1C1CC(c2ccc(F)cc2)=NN1,527,0.929176565,0.421875,0.08,0.816039271
CCOc1ccccc1C1C=C(c2ccc(F)cc2)NN1,527,0.902329798,0.369230769,0.08,0.793434983
CCOc1ccccc1C1CC(C=Cc2ccc(F)cc2)=NN1,527,0.891610289,0.397058824,0.14,0.786018482
CCOc1ccccc1C1CC(=Cc2ccc(F)cc2)NN1,527,0.900384104,0.388059701,0.05,0.778084109
CCOc1ccccc1C1CC(=Cc2ccc(F)cc2)N=N1,527,0.766650445,0.367647059,0.03,0.764874734
CCOc1ccccc1C1=CC(=CN)C(c2ccc(F)cc2)=N1,527,0.930570443,0.291666667,0.02,0.815455954
CCOc1ccccc1C1=CC(=Nc2ccc(F)cc2)NO1,527,0.78980716,0.277777778,0.09,0.810488243
CCOc1ccccc1C=CC=Nn1cnc(CC(F)(F)F)c1,527,0.755604366,0.227848101,0.05,0.769492662
CCOc1ccccc1C=CC(=O)Nc1ccc(F)cc1CO,527,0.803615922,0.227848101,0.01,0.883174318
CCOc1ccccc1Cn1cc(-c2ccc(F)nc2)cn1,527,0.676343038,0.256756757,0.11,0.868260118
CCOc1ccccc1Cn1cc(-c2ccc(F)cc2)cn1,527,0.707386287,0.304347826,0.11,0.902403628
COc1ccccc1Cn1cc(-c2ccc(F)nc2)cn1,527,0.690551099,0.194805195,0.11,0.873061792
OCCOc1ccccc1Cn1cc(-c2ccc(F)nc2)cn1,527,0.710410287,0.175,0.15,0.856032741
CC(CO)CNc1ncc(F)cc1-c1ccc(OC)nc1,527,0.854743995,0.130952381,0.29,0.78493381
CC(CCO)CNc1ncc(F)cc1-c1ccncc1,527,0.850736814,0.12195122,0.5,0.790089132
CC(CCO)CNc1ncc(F)cc1-c1ccc(OC)nc1,527,0.823047338,0.127906977,0.29,0.7814618
CC(CC=CNc1ncc(F)cc1-c1ccncc1)CCO,527,0.819857276,0.127906977,0.38,0.740566783
CC(CCO)Nc1ncc(F)cc1-c1ccc(OC)nc1,527,0.855534746,0.130952381,0.24,0.78287175
CC(CC=CN)Nc1ncc(F)cc1-c1ccc(OC)cc1,527,0.856201238,0.141176471,0.24,0.765332272
CC(CNc1ncc(-c2ccc(F)cc2)cn1)=CC=CCO,527,0.804318704,0.151898734,0.2,0.814704731
CC(CNc1ncc(-c2ccncc2)cc1CF)=C(C)O,527,0.8193981,0.096385542,0.38,0.78756789
CC(CNc1ncc(-c2ccncc2)cn1)=CC=C(F)F,527,0.852698524,0.113924051,0.3,0.779049341
CC(CN)C=CCNc1ncc(F)cc1-c1ccncc1,527,0.801494003,0.142857143,0.4,0.746497034
CC(CO)CNc1ncc(-c2ccncc2)c2ccccc12,527,0.757263153,0.1125,0.38,0.814535311
CC(C)CNc1ncc(-c2ccncc2)c2ccccc12,527,0.769399339,0.118421053,0.36,0.878538463
CC(CN)Nc1ncc(-c2ccncc2)c2[nH]ccc12,527,0.677775052,0.107142857,0.51,0.760333536
CC1CC=C(c2ncc(-c3ccncc3)[nH]c2=O)CC1,527,0.909433417,0.107142857,0.41,0.764671202
O=C(CCCCO)Nc1ncc(-c2ccncc2)[nH]1,527,0.687499407,0.084337349,0.3,0.849802176
CC(CO)CNc1ncc(-c2ccncc2)[nH]c1=O,527,0.741794692,0.095238095,0.44,0.777319292
CC(CCO)Nc1ncc(-c2ccncc2)[nH]c1=O,527,0.74615508,0.095238095,0.44,0.777057468
CC(CCO)NC(=O)c1ccc(-c2ccncc2)[nH]1,527,0.762467337,0.084337349,0.33,0.793230688
CC(CCCO)Nc1ccc(-c2ccncc2)nc1,527,0.835069074,0.098765432,0.4,0.818637562
CC(CCCO)Nc1ccc(-c2ccncc2)nc1CO,527,0.727450325,0.083333333,0.35,0.782732162
CC(CCCO)Nc1ccc(-c2ccncc2)nc1C(=O)O,527,0.72663591,0.081395349,0.25,0.798101006
CC(CNC(=O)c1cc(COc2c(F)cccc2F)on1)Oc1cccnc1,528,0.637081976,1,0.01,0.782796919
CC(CNC(=O)c1cc(COc2ccccc2F)on1)Oc1cccnc1,528,0.655090406,0.822580645,0.01,0.800845229
CC(CNC(=O)c1cc(COc2ccccc2F)on1)Sc1ccccc1,528,0.584842525,0.5,0.01,0.806360219
CC(CNC(=O)c1cc(COc2ccccc2F)on1)c1cccs1,528,0.691939083,0.486486486,0,0.799931359
CC(CN)c1cc(CNC(=O)c2cc(F)c3c(c2)OCO3)ncn1,528,0.856976479,0.213483146,0.18,0.755414465
CC(C)c1cc(CNC(=O)c2cc(OC3COC3)no2)ccc1F,528,0.879001502,0.255813953,0.01,0.817590742
Cc1ccc(CNC(=O)c2cc(OC(F)F)co2)c(CSC)c1,528,0.827462395,0.206896552,0.02,0.806243017
Cc1ccc(CNC(=O)c2cc(OC3CCOC3)no2)c(CF)c1,528,0.878714041,0.195652174,0,0.758261603
Cc1ccc(CCNC(=O)c2cc(OC3CCOC3)no2)cc1,528,0.883477166,0.191011236,0.01,0.797673362
CC(C)CNC(=O)c1cc(COc2ccc(F)cc2)ncn1,528,0.890587093,0.337837838,0.04,0.878242594
CC(C)(CN)C(=O)c1cc(COc2ccccc2)ccn1,528,0.82835822,0.230769231,0.11,0.855144422
CC(C)(CN)C(=O)c1cc(COc2ccccc2)ncn1,528,0.823330544,0.215189873,0.16,0.830788229
CC(CN)C(=O)NCc1cc(Oc2ccccc2)ncn1,528,0.839117817,0.234567901,0.17,0.812812162
CC(CN)CNC(=O)c1cc(Oc2ccccc2)ncn1,528,0.841335138,0.315789474,0.18,0.814936778
CC(CCCN)CNC(=O)c1cc(Oc2ccccc2)ncn1,528,0.780451026,0.316455696,0.17,0.810952738
CC(CCCN)CNC(=O)c1cc(Oc2cccnc2)ncn1,528,0.769258891,0.415584416,0.22,0.787708915
CC(CN)CNC(=O)c1cc(Oc2cccnc2)ncn1,528,0.820855052,0.418918919,0.22,0.789368573
CC(CN)CCNC(=O)c1cc(Oc2cccnc2)ncn1,528,0.800494782,0.371794872,0.21,0.786065684
CC(CCN)CNC(=O)c1cc(Oc2cccnc2)ncn1,528,0.800494782,0.426666667,0.23,0.787994866
CC(C)(CCN)CNC(=O)c1cc(Oc2cccnc2)ncn1,528,0.806855162,0.358974359,0.21,0.820897632
CC(CCN)CNC(=O)c1cc(Oc2cccnc2)ncc1F,528,0.815903191,0.421052632,0.18,0.789353136
CC(CCN)CNC(=O)c1cc(Oc2cccnc2)cnc1F,528,0.763245093,0.421052632,0.21,0.779636213
CC1CCN(C(=O)c2[nH]cnc2C(=O)NC(C)C(=O)OC(C)(C)C)CC1,529,0.792080914,1,0.01,0.780691767
CC1CCN(C(=O)c2[nH]cnc2C(=O)NC(C)C(=O)OC(C)C)CC1,529,0.78019902,0.777777778,0.01,0.780101231
CC1CCN(C(=O)c2[nH]cnc2C(=O)NC(C)C(=O)OC(C)C)C1,529,0.779489812,0.689655172,0.01,0.748423092
CC1CCN(C(=O)c2[nH]cnc2C(=O)NC(C)C)C(C)(C)C1,529,0.89833188,0.548387097,0.03,0.743309334
CC1CCN(C(=O)c2[nH]cnc2C(=O)NC(C)C)C(C)CC1,529,0.89833188,0.593220339,0.01,0.750426784
CC1CCN(Cc2[nH]ccc2C(=O)NC(C)C)C(=O)C1(C)C,529,0.897565562,0.276315789,0.01,0.724275957
CC1CCN(Cc2nc[nH]c2C(=O)NC(C)C)C(=O)C1(C)C,529,0.892101888,0.361111111,0.04,0.721443362
CC1CCN(Cc2[nH]cnc2C(=O)NC(C)C)C(=O)C1(C)C,529,0.892101888,0.38028169,0.05,0.718601641
CC(C)Cc1[nH]cnc1C(=O)NC(C)C(=O)N1CCCCC1C,529,0.872147665,0.4,0.04,0.73773529
CC1CCN(Cc2nc[nH]c2C(=O)NC(C)C(=O)O)CC1C,529,0.756140458,0.405797101,0.07,0.706715184
CC1CCN(Cc2nc[nH]c2C(=O)NC(=O)N(C)C)CC1C,529,0.881699679,0.319444444,0.08,0.706787041
CC1CCN(C(=O)c2nc[nH]c2CS(=O)C(C)C)CC1C,529,0.926626221,0.376811594,0.06,0.658356414
CC(C)NC(=O)c1ncn(CC(=O)N(C)C(C)C)c1N,529,0.820147439,0.23943662,0,0.820145516
CC(C)NC(=O)c1ncn(CC(=O)N(C)C2CC2)c1N,529,0.806238566,0.273972603,0.02,0.82279052
CC1C(C)S(=O)CC1NC(=O)c1ncccc1NC(C)C,529,0.889307514,0.220779221,0.04,0.648286858
CC1OC(C)C(N)C1NC(=O)c1ncccc1CS(C)=O,529,0.827793156,0.158536585,0.06,0.636143994
CCC(C)NC(=O)c1ncn(C2CCCC(C)C2)c1N,529,0.889089178,0.28,0.05,0.727620235
CCC(C)C(C)NC(=O)c1ncccc1C1CCCC(N)C1,529,0.877211729,0.225,0.06,0.710934358
CCC(C)C(C)NC(=O)c1ncccc1C1CC(N)C(=O)N1,529,0.759470908,0.222222222,0.11,0.680748002
CC(C)OC(=O)c1ncn(CC(=O)C2(C)CCCC2)c1N,529,0.840675623,0.179487179,0.03,0.785938383
CC(C)CC(C)NC(=O)c1ncccc1C1CCCC(N)C1,529,0.877211729,0.227848101,0.05,0.73362518
CC(C)(C)NC(=O)C(N)Cc1ncccc1C(=O)CCl,529,0.633303908,0.151898734,0.04,0.776987357
CC(C)(CCN)NC(=O)c1ncccc1C1CCCC(N)C1,529,0.774401314,0.197530864,0.14,0.722256864
CC(C)(CCN)C(=O)Nc1ncc(-c2cccc(Cl)c2)[nH]1,529,0.793544395,0.144578313,0.29,0.818953921
CCC(C)(C)C(=O)NCCc1ncc(-c2ccncc2)[nH]1,529,0.857050897,0.164556962,0.31,0.83075772
CC(C)(C(=O)NCCc1ncc(-c2ccncc2)[nH]1)CCN,529,0.721806432,0.160493827,0.45,0.810168896
CC(C)(C(=O)NCCc1ncc(-c2ccncc2)[nH]1)C(N)O,529,0.577484381,0.160493827,0.42,0.745340009
CCC(C)(C)C(=O)NCCc1ncc(-c2ccncc2)c(N)n1,529,0.85250942,0.144578313,0.34,0.824864651
CC(C)(CCN)C(=O)NCCc1ncc(-c2ccncc2)[nH]1,529,0.721806432,0.160493827,0.45,0.810168896
O=S(OC1C=P(O)(O)CC1)(c1ccccc1)c1ccccc1,530,0.591777445,0.26,0.02,0.580164097
O=S(OC1C=C(O)CC1)(c1ccccc1)c1ccccc1,530,0.847378332,0.265306122,0,0.631112915
O=S(OC1C=P(O)(c2ccccc2)CC1)c1ccccc1,530,0.880845094,0.222222222,0,0.625962272
OP(O)(c1ccccc1)=C1C=C(c2ccccc2)N=C1,530,0.831743883,0.204081633,0.02,0.784736029
O=P(O)(OC1C=C(O)CC1)c1cc(-c2ccccc2)on1,530,0.843708172,0.25,0.04,0.66288761
NOP(=S)(c1ccccc1)c1cc(N)n(C2CC=CC2)n1,530,0.508020025,0.224137931,0.02,0.658396009
NOP(=O)(c1ccccc1)c1cc(C)c(C2=CCC2)[nH]1,530,0.670978425,0.267857143,0.12,0.683225285
NOP(=N)(c1ccccc1)c1cc(C)c(C2=CC2)[nH]1,530,0.591436048,0.189655172,0.08,0.64664997
NOP(=O)(c1ccccc1)c1cc(C)c(C2C=C2)[nH]1,530,0.509403952,0.288461538,0.03,0.668728634
NOP(=O)(c1ccccc1)c1cc(C=C2CC2)nc(N)n1,530,0.65241969,0.272727273,0.02,0.683874879
NOP(=O)(c1ccccc1)c1cc(N)n(C2CC2)n1,530,0.64005812,0.307692308,0.01,0.702868257
NOP(=O)(c1ccccc1)N1C=C(F)C2(CCC2)C1,530,0.683798122,0.232142857,0.03,0.618420101
NOP(=O)(O)Nc1cc(C)cc(C2=CCCCC2)c1,530,0.582204648,0.125,0.06,0.720614556
NOP(=O)(Nc1cc(F)nc(N)c1)C1=CCCCC1,530,0.446481635,0.123076923,0.06,0.636752147
NOP(=O)(Nc1cc(F)nc(N)c1)C1=CCCC1,530,0.441397074,0.125,0.06,0.623920543
NOP(=O)(NC1=CCCC1)c1cc(F)c2c(c1)CCC2,530,0.662091458,0.123076923,0.06,0.656763356
Nc1nc(NP(=O)(O)OC2C=CCCC2)ccc1F,530,0.580977602,0.1875,0.08,0.653384841
COP(N)(=O)c1cc(N)nc(CC2C=CCCC2)c1,530,0.650174423,0.153846154,0.04,0.618497759
COP(=O)(Nc1cc(C)c2c(c1)CCC2)c1cccnc1,530,0.878848027,0.169230769,0.02,0.727480624
COP(=O)(Nc1cc(C)c2c(n1)CCC2)c1ccccc1,530,0.878848027,0.220338983,0.03,0.740050624
COP(=O)(c1ccc2nc(N)sc2c1)C1CCCCC1,530,0.876633777,0.158730159,0.04,0.711386568
COP(=O)(NC1CCCc2ccccc21)c1cc(N)[nH]n1,530,0.752413832,0.164179104,0.12,0.669670174
COc1cc(NC2CCC(CO)C2)nc2ccccc12,530,0.898328117,0.153846154,0.05,0.78793992
COc1cc(N2CCCC(CO)C2)nc2ccccc12,530,0.931958118,0.151515152,0.01,0.832871997
CCSC(=S)N=C1C(=O)N(c2ccccc2)N(C)C1C,531,0.787235149,1,0,0.687690025
CCSC(=S)N=C1C(=O)N(c2ccccc2)N=C1C,531,0.787058443,0.509433962,0.02,0.786275484
CCSC(=S)N=C1C(=O)N(c2ccccc2)NN1CCC,531,0.879027891,0.482142857,0.01,0.734755113
CCSC(=S)N1C=C2C(=O)N(c3ccccc3)NC21C,531,0.849520835,0.379310345,0.03,0.674013472
CCSC(=S)C1C=C2C(=O)Nc3ccccc3N2CC1C,531,0.843309673,0.298507463,0.08,0.657576354
CCSC(=S)C1CCc2nn(-c3ccccc3)c(=O)n21,531,0.817321641,0.35483871,0.03,0.721982789
CCSC(=S)C1C=C2Nc3ccccc3CN2C1=O,531,0.848774494,0.296875,0.13,0.684173138
CCSC(=S)C1C=C2N(c3ccccc3)NC2=N1,531,0.864471201,0.338983051,0.06,0.66085659
CCSC(=S)C1C=C2C(=O)Nc3ccccc3N21,531,0.841941994,0.306451613,0.1,0.6955626
CCSC1N=C2c3ccccc3N(C(=O)O)C21,531,0.874174277,0.258064516,0.03,0.675662302
CCSC1=NC=C2CN(c3ccccc3)C(=O)C21,531,0.816734382,0.278688525,0.02,0.719059845
CCSC(=S)C1=Nc2ccccc2N(C(C)C)C1,531,0.775173397,0.253968254,0,0.752497158
CCOS(=S)C1=Nc2ccccc2N(C(C)C)C1,531,0.851816638,0.144927536,0,0.675584235
CCCSC(=S)N1N=C(c2ccccc2)C(O)C1,531,0.863046384,0.253968254,0.05,0.72904978
CCCSC(=O)C1N=C(c2ccccc2)CN1C,531,0.835115866,0.253968254,0.02,0.730197895
CCCSC1=NCc2ccccc2N(C(C)O)C1,531,0.911581881,0.15942029,0.05,0.722690202
CCCSC(C)C1=NCc2ccccc2N1CCO,531,0.868835637,0.171428571,0.01,0.727372283
CCCSC(C)C1=NCN(c2ccccc2)C1O,531,0.888018453,0.238095238,0.01,0.691887324
CCC=C(O)N1CN(c2ccccc2)C1C,531,0.790132673,0.263157895,0,0.729912563
CCCOC(=O)N1CN(c2ccccc2)C1C,531,0.805680848,0.266666667,0.01,0.787139804
CCCOC(=O)N1CN(c2ccccc2)C1,531,0.782991119,0.24137931,0,0.879458033
CCCOC(=S)N1CC1(C)c1ccccc1,531,0.590096669,0.213114754,0,0.723779891
CCC1CN(c2ccccc2)CCC1O,531,0.800389803,0.245614035,0.01,0.814221017
CCCN1COC(c2ccccc2)C1C,531,0.7520347,0.228070175,0,0.753736938
CCCN1COC(C(C)O)c2ccccc21,531,0.849831778,0.1875,0.01,0.718833908
CCCN1COC(O)c2ccccc21,531,0.778040789,0.220338983,0,0.75504032
CCCN1CC(OC(C)C)c2ccccc21,531,0.769388701,0.174603175,0.01,0.788063332
CCCN1CCOC(c2ccccc2)C1,531,0.751323462,0.2,0.03,0.8538635
CCCN1CCOC(c2ccccc2F)C1,531,0.780666853,0.169230769,0.04,0.832605755
CCCN1CCOC(O)c2ccccc21,531,0.803896757,0.193548387,0,0.793142391
CCCN1CCOC(O)c2ccccc2C1C,531,0.854485697,0.229508197,0.01,0.746691789
CCCOc1ccccc1C1CN(C)C(O)=N1,531,0.869544858,0.2,0.01,0.766151663
CCCOc1ccccc1C1CN(C(C)O)CCN1,531,0.850402194,0.152777778,0.02,0.75839585
CCCc1ccccc1N1CCOC(O)C(C)C1,531,0.892752262,0.179104478,0,0.767203462
CCCc1ccccc1C1CN(c2ccco2)CCO1,531,0.845278788,0.138888889,0.04,0.779016852
CCCOc1ccccc1-c1nccc(O)n1,531,0.876794376,0.138461538,0.03,0.870000312
CCCOc1ccccc1-c1nccn1CCO,531,0.850597019,0.164179104,0.02,0.875847596
CCCOc1ccccc1-c1nccn1CC,531,0.787158867,0.138461538,0.01,0.886047722
CCCOc1ccccc1-c1nccn1C,531,0.78538233,0.158730159,0.02,0.893537795
CCCOc1ccccc1-c1ncccc1O,531,0.874663174,0.140625,0.01,0.896118365
COc1cccc(Cn2c(OCC3CCCO3)nc3c2c(=O)n(C)c(=O)n3C)c1,532,0.61448091,1,0,0.78350193
COc1ccc(Cn2c(OCC3CCCO3)nc3c2c(=O)n(C)c(=O)n3C)cc1,532,0.61448091,0.80952381,0.03,0.788121818
COc1ccc(Cn2c(NCC3CCCO3)nc3c2c(=O)n(C)c(=O)n3C)cc1,532,0.666959995,0.575342466,0,0.792956339
COc1ccc2c(c1)n(CC1CCCO1)c(=O)n2C1CC(=O)N(C)C1=O,532,0.75838241,0.353658537,0.01,0.740325967
COc1ccc2c(c1)n(CC1CCCCO1)c(=O)n2C1CC(=O)N(C)C1=O,532,0.754942026,0.333333333,0.02,0.739780463
COc1ccc2c(c1)c(=O)n(C)c(=O)n2CC1([NH+]2CCCC2)CCCCO1,532,0.835177649,0.287356322,0.02,0.653784831
Cn1c(=O)c(=O)n(CC2(N(C)C)CC2)c(=O)c2cc3c(cc21)OCO3,532,0.72174846,0.19047619,0,0.786735484
Cn1c(=O)c(=O)n(C(CO)C(=O)N(C)C)c2cc3c(cc21)OCC3,532,0.746650239,0.152173913,0.02,0.7325737
Cn1c(N(C)C)c(C[N+]2(CO)CC2CO)c(=O)n(C2CCCC2)c1=O,532,0.525184797,0.166666667,0.05,0.635568186
Cn1c(N(C)C)c(C[N+]2(CO)CCC2CO)c(=O)n(C2CC2)c1=O,532,0.647944192,0.155555556,0.04,0.619655318
CC1C(=O)N(CC2CCOC2)C(=O)C(CO)=C1N(C)C(=O)CBr,532,0.53364366,0.125,0.0425,0.650309102
CC1C(=O)N(C)C(=O)N(CC2CCOC2)C1=C1CCC(=O)N1,532,0.8132481,0.130434783,0.07,0.672983724
CC1C(=O)N(CC2CCOC2)C(=O)C(CO)=C1N(C)C(C)=O,532,0.723776083,0.117021277,0.01,0.670302073
CN(C)C(=O)C(CC1CCOC1)n1cc2c(cc1=O)N(C)CC2,532,0.82722239,0.145833333,0.03,0.688234218
CN(C)C(=O)C(COCC1CCOC1)n1cc2c(cc1=O)OCC2,532,0.755043869,0.151515152,0.02,0.679471692
CN(C)C(=O)C(CC1CCOC1)n1cc2c(cc1=O)C(O)CC2,532,0.893968359,0.134020619,0.06,0.659792201
CN(C)C(=O)C(COCC1CCOC1)n1cc(I)c(=O)nc1C,532,0.619782079,0.164948454,0.09,0.656562396
CN(C)C(=O)N(CC1CCOC1)CCn1cc(O)c(=O)cc1O,532,0.810639771,0.14893617,0.06,0.712524666
CN(CC1CCOC1)C(CO)N(C)C1=C(O)C(=O)CCC1=O,532,0.662246334,0.108695652,0.03,0.652188066
CN(CC1COCC1=O)C(CO)N(C)c1cc(Br)c(=O)oc1,532,0.716646117,0.126315789,0.06,0.610499348
CN(CC1CCOC1)C(CO)n1cc(I)c(=O)n(C)c1=O,532,0.671100365,0.202247191,0.07,0.655214465
CN(CC1CCOC1)C(=O)C1=C(O)C(=O)C(C)(C)C=C1,532,0.849003048,0.119565217,0,0.696125824
CN(CC1CCOC1)C(=O)C1=C(O)C(=O)CC1(C)C,532,0.836474416,0.111111111,0,0.72189412
CN(CC1CCOC1)C1=C(O)C(=O)C(C)(C)N=C1N,532,0.774478714,0.122222222,0.07,0.672954452
CN(CC1CCOC1)c1cc(N)c(=O)n(C)c1CO,532,0.79809783,0.195402299,0.04,0.72555668
CN(CC1CCOC1)c1cc2c(c(=O)n1C)N(C)CC2,532,0.820784028,0.181818182,0.01,0.712999461
CN(CC1(CO)CC1)c1cnc2c(c1)N(C)C(=O)CC2,532,0.896820351,0.144444444,0.04,0.772575199
CN(CC1(CO)CC1)c1cc2c(c(=O)n1C)OCC2,532,0.861625796,0.159090909,0.02,0.741062182
CN(CC1CCOC1)c1cc(N)c(=O)n(C)c1C1CC1,532,0.901389537,0.183908046,0.07,0.727154081
C=CCNc1sc(C(=O)C(C)(C)C)c(N)c1C#N,533,0.646146017,1,0,0.77133031
C=CCNC(=O)c1sc(C(C)(C)C)c(N)c1C#N,533,0.821872413,0.509433962,0.02,0.757870736
C=CCNC(=O)c1sc(N(C)C)c(C#N)c1Cl,533,0.853279665,0.379310345,0,0.768276021
C=C(CC(C)(C)C)C(=O)c1scc(N)c1C#N,533,0.65833599,0.327586207,0.03,0.732544389
C=C(CC)CNc1scc(Cl)c1C(=O)CC(C)(C)C,533,0.562751827,0.212121212,0.01,0.755253058
C=C(CC)CNc1scc(Cl)c1C(=O)CC(C)C#N,533,0.594645284,0.214285714,0.01,0.686877529
C=C(CNC(C)(C)C)C(=O)c1sccc1CC#N,533,0.655409766,0.25,0,0.752870722
CCCNc1scc(C)c1C(=O)N1CCC(C)(C)C1,533,0.910691098,0.154929577,0,0.804779046
CCCNc1scnc1C(=O)N1CCC(C)(C#N)C1,533,0.917487807,0.175675676,0.03,0.70685026
CCCC(=O)c1c(C)ccnc1N1CCC(C#N)CC1,533,0.789469523,0.12,0.07,0.814647482
CCCC(=O)c1c(C)ccnc1NCCc1nccs1,533,0.792797428,0.121621622,0.09,0.823173099
CCCC(=O)c1c(C)ccnc1NCCc1ncc[nH]1,533,0.760262676,0.121621622,0.2,0.81499766
CCCC(=O)c1c(NC)ncnc1N1CCC(N)CC1,533,0.792058846,0.121621622,0.1,0.811662317
CCCC(=O)c1c(NCCc2ncc[nH]2)ncnc1N,533,0.65860022,0.150684932,0.31,0.801191722
CCCc1cc(N)nc(NCCc2ncc[nH]2)c1C#N,533,0.743027343,0.194444444,0.24,0.790538551
CC(C)c1ncnc(NCCc2ncc[nH]2)c1C#N,533,0.851566169,0.171428571,0.24,0.78934214
CC(C)c1c(N)ncnc1NCCc1ncc[nH]1,533,0.74416918,0.112676056,0.33,0.802585013
CC(C)c1c(N)ncnc1NCCc1cnc[nH]1,533,0.74416918,0.095890411,0.33,0.8096191
CC(C)c1c(N)ncnc1NCCc1cnccn1,533,0.846792373,0.112676056,0.33,0.819677183
CC(C)CC(O)c1c(N)ncnc1Nn1cncn1,533,0.723272463,0.094594595,0.19,0.696436036
CC(C)CCc1c(N)ncnc1NCc1cnccn1,533,0.836153696,0.111111111,0.32,0.817418713
CC(C)CC(=O)c1c(N)ncnc1-c1cnccn1,533,0.838206847,0.114285714,0.34,0.809876645
CC(C)CC(=O)c1c(N)ncnc1NCc1cnc[nH]1,533,0.69043874,0.133333333,0.26,0.80223402
O=C(CC1Oc2ccccc2NC1=O)NCCCN1CCCC1=O,534,0.758459429,1,0.02,0.795786687
O=C(CC1Oc2ccccc2NC1=O)NCCN1CCCC1=O,534,0.828377841,0.888888889,0.02,0.794211246
O=C(CCCN1C(=O)Cc2ccccc21)NC1CCCC1CO,534,0.837955902,0.269230769,0.01,0.773395108
O=C(CCCN1CCCc2ccccc21)NC1CC(=O)N(C)C1=O,534,0.82128818,0.346666667,0,0.807626456
O=C(CCNC1CC(=O)Nc2ccccc21)N1CCCC1CO,534,0.757574922,0.275,0.02,0.758892078
O=C(CCNC1CCN(C)C1=O)NC1CCCc2ccccc21,534,0.863070377,0.265822785,0.02,0.772160842
O=C(CCNC1CC(=O)N2CCCC12)Nc1ccccc1Cl,534,0.871958513,0.2375,0.04,0.775766906
O=C(CCNC1CCN(C)C1)N1CC(=O)Nc2ccccc21,534,0.857273772,0.2625,0.07,0.796912814
O=C(CCNC1CCNc2ccccc21)N1CCC(=O)N(C)C1,534,0.875148982,0.271604938,0.05,0.756019404
O=C(CCNC1CCNc2ccccc21)N1CCCC(CO)C1=O,534,0.75716214,0.240963855,0.05,0.727272981
O=C(CCNC1CCCc2ccccc21)C1CC(=O)N(CCO)C1,534,0.793925207,0.243902439,0,0.754110216
O=C(CCNC(=O)C1CCCc2ccccc21)NC1CC1CCO,534,0.708822199,0.219512195,0,0.739784747
O=C(CCNC(=O)C1CCCc2ccccc21)NCCN1CCC1,534,0.795552789,0.272727273,0,0.828124479
CC(C(=O)NCCCN1CCC1)c1nc2ccccc2n1C,534,0.828915395,0.256410256,0,0.816553364
CN1CCCC(NC(=O)C2(CCN)Cc3ccccc32)C1,534,0.869749338,0.204819277,0.03,0.725841712
CC(C(=O)NCCCN1CCC1)N1CCCc2ccccc21,534,0.81686763,0.293333333,0,0.830578993
CC(C(=O)NCCCN1CCC1)N1CCCc2ccc(Cl)cc21,534,0.811860843,0.24691358,0.01,0.815518816
CN1CCCC1CCNC(=O)CCN1C(=O)c2ccccc2C1,534,0.868008826,0.278481013,0.03,0.809161129
CN1CCCC1CCNC(=O)CCN1C(=O)c2ccccc21,534,0.868820561,0.269230769,0.02,0.823540409
CC(C(=O)NCCN1CCCC1)N1C(=O)Cc2ccccc21,534,0.888252099,0.246753247,0,0.818412692
CN1CCCC(NC(=O)CCN2CCc3ccccc32)C1=O,534,0.908300875,0.272727273,0.01,0.813020018
CC(=O)NC1(CCN2CCCC2)C(=O)Nc2ccccc21,534,0.881015422,0.27027027,0.02,0.777055496
CN1C(=O)C(CC(=O)NCCCCCCN)c2ccccc21,534,0.718723168,0.301369863,0.02,0.810247904
CN1C(=O)C(CC(=O)NCCCCCCO)Nc2ccccc21,534,0.634367905,0.347222222,0.03,0.80284213
CN1C(=O)C(CC(=O)NCCCCCCO)Oc2ccccc21,534,0.711047664,0.432835821,0.01,0.804502248
O=C(CCN1CCCc2ccccc21)NC1(CO)CCCCCCC1,534,0.8604164,0.28,0,0.847055213
O=C(CCN1CCCc2ccccc21)NC1(CO)CCCCCC1,534,0.816084523,0.28,0,0.847409591
O=C(CCN1CCCc2ccccc21)NC1(CO)CCCCC1,534,0.877882624,0.28,0,0.847470858
O=C(CCN1CCCc2ccccc21)NC1(CO)CCC1,534,0.869342193,0.283783784,0,0.85146088
O=C(CCN1CCCc2cccnc21)NC1(CO)CCCCC1,534,0.872031014,0.253164557,0.06,0.81877901
O=C(CCN1CCCc2cccnc21)NC1(CO)CCCCCC1,534,0.813453321,0.253164557,0.06,0.819947393
O=C(CCN1CCOc2cccnc21)NC1(CO)CCCCCC1,534,0.804844234,0.2625,0.05,0.813495305
O=C(CCN1CCCC1)c1cccn(-c2cccnc2)c1=O,534,0.791033381,0.172839506,0.02,0.859858195
O=C(CCN1CCc2cccnc21)NC1(C2CC2)CCCC1=O,534,0.901008346,0.238095238,0.04,0.72838001
COc1ccc(Cl)cc1C(=O)C1CCCN(Cc2cnc(N3CCOCC3)s2)C1,535,0.644137211,1,0.01,0.788127549
COc1ccc(Cl)cc1C(=O)C1CCCN(Cc2cnc(N)s2)C1,535,0.82131482,0.75,0.09,0.797162882
COc1ccc(Cl)cc1C(=O)C1CCCN(c2cnn(C)c2)C1,535,0.806214617,0.527027027,0.05,0.806433372
COc1ccc(Cl)cc1C(=O)C1CCCN(Cc2cncs2)C1,535,0.76687267,0.671428571,0.09,0.799247376
COc1ccc(Cl)cc1C1CCCN(Cc2cnc(N)s2)CC1,535,0.898240536,0.461538462,0.13,0.806725698
Cc1ccc(Cl)cc1C1CCCN(Cc2cnc(N)s2)CC1,535,0.900167928,0.37037037,0.18,0.803193645
Cc1ccc(O)cc1C1CCCN(Cc2cncc(N)n2)C1,535,0.910086543,0.235955056,0.16,0.779843217
Cc1ccc(O)cc1C1CCCN(Cc2cnc(N)s2)C1,535,0.914274497,0.341463415,0.14,0.785837034
Cc1cccc(O)c1C1CCCN(Cc2cnc(N)nc2)C1,535,0.910086543,0.244186047,0.06,0.794869591
COc1ccc(N)cc1C1CCCN(Cc2cnc(N(C)C)s2)C1,535,0.842875102,0.402439024,0.11,0.783356547
COc1ccc(N)cc1C1CCCN(Cc2cnc(NCCCl)s2)C1,535,0.565186147,0.395348837,0.18,0.772508282
COc1ccccc1C1CCCN(Cc2cnc(N)cc2Cl)C1,535,0.92761186,0.333333333,0.07,0.810511945
CN1CCCc2cc(C(=O)N3CCOC3c3cncnc3N)ccc21,535,0.894760123,0.181818182,0.22,0.745934992
Cc1ccccc1C1CCCN(C(=O)c2cnc(CCCN)s2)C1,535,0.905403427,0.241758242,0.12,0.793810321
COc1ccccc1C1CCCN(C(=O)c2cnccc2N)C1,535,0.94601708,0.261363636,0.13,0.822835721
COc1cccc(CO)c1C1CCCN(Cc2cnccc2N)C1,535,0.882886214,0.295454545,0.16,0.784848002
Cc1ccccc1C1CCCN(C(=O)c2cnccc2NCCN)C1,535,0.879283184,0.208333333,0.2,0.803596316
Nc1ccccc1C1CCCN(Cc2cncc(CCCN)c2)C(=O)C1,535,0.782963294,0.175257732,0.2,0.78799669
COc1ccccc1C1CCCN(Cc2cnc(N)nc2CCCN)C1,535,0.792159041,0.285714286,0.18,0.785180895
COc1ccc(N)cc1C1CCCN(Cc2cnccc2N)C1,535,0.848693744,0.321428571,0.19,0.798492132
NCc1ccc(N)cc1C1CCCN(Cc2cnccc2NCCN)C1,535,0.565730661,0.210526316,0.25,0.764392587
NCc1ccc(N)cc1C1CCCN(Cc2cnccc2CN)C1,535,0.730645975,0.215909091,0.29,0.770397835
NCc1ccc(N)c(C2CCCN(Cc3cnccc3CN)C2)c1,535,0.730645975,0.211111111,0.26,0.773330499
NCc1ccc(N)c(C2CCCN(Cc3cnccc3N)C2)c1,535,0.751620346,0.227272727,0.23,0.77834994
NCc1ccc(N)c(C2CCN(Cc3cnccc3N)C2)c1,535,0.746655918,0.191011236,0.23,0.777745537
NCc1ccc(N)c(C2CCN(Cc3cnccc3CN)C2)c1,535,0.728730121,0.175824176,0.26,0.772851572
COc1ccc(N)cc1C1CCN(Cc2cnccc2CN)C1,535,0.827015295,0.261363636,0.27,0.792993763
COc1ccc(N)cc1C1CN(Cc2cnccc2CC#N)CCO1,535,0.842328246,0.252631579,0.33,0.761427513
COc1ccc(N)cc1C1CN(Cc2ccncc2C#N)CCO1,535,0.867277725,0.255319149,0.29,0.775588693
N#Cc1ccc(N)cc1C1CN(CCc2ccncc2CO)CCO1,535,0.804919762,0.156862745,0.33,0.752133068
NCc1ccc(N)cc1C1CN(CCOc2cnccc2C#N)CCO1,535,0.756147447,0.174757282,0.36,0.748074228
COc1ccc(N)cc1C1CN(CCOCc2cnccc2C#N)CCO1,535,0.590906878,0.215686275,0.28,0.76093162
COc1ccc(N)cc1C1CN(Cc2cnccc2C#N)C(=O)O1,535,0.865435406,0.216494845,0.22,0.755084601
COc1ccc(CN)cc1C1CN(Cc2cnccc2C#N)CCO1,535,0.897420778,0.25,0.31,0.773501445
COc1ccc(CN)cc1C1CN(Cc2cnccc2CO)CCO1,535,0.829449286,0.268817204,0.31,0.777392256
COc1cc(CN)ccc1N1CCOC(c2cnccc2C#N)C1,535,0.925766955,0.231578947,0.33,0.772764613
COc1ccc(CN)cc1N1CCOC(c2cnccc2C#N)C1,535,0.925766955,0.242105263,0.32,0.770471636
CC1=CC=CC2=NC(=O)CC(C)(C(=O)O)N12,536,0.713373711,1,0.01,0.689717827
CC1=CC=CC2=NC(=O)CC(C)(S(=O)C=O)N12,536,0.679973138,0.574468085,0.03,0.574268894
CC1=CC=CC2=NC(C)(C)CC(S(=O)(=O)O)C12,536,0.72864537,0.245614035,0.02,0.621546255
CC1=CC=CC2=NC(C)(C)CC(=O)C(=O)C2S1,536,0.618920794,0.267857143,0,0.635217382
CC1=CC=CC2=NC(C)(C)CC(=O)CS(=O)C12,536,0.658936271,0.263157895,0.03,0.570706686
CC1=CC=CC2C(=O)CC(C)(C)N=C(CCO)S12,536,0.754631115,0.25,0.01,0.53807309
CC1CCC=C2C=CCC(=O)NC2(C(=O)CO)S1,536,0.787738251,0.147058824,0.028333333,0.598031119
CC1CCC=C2C=C(C3CCC(=O)N3)SC2(O)C1,536,0.76479353,0.132352941,0.02,0.581245467
CC1CCCCC(=O)NC(C2CCC(F)=CS2=O)C1,536,0.805818342,0.086956522,0.11,0.551274323
CC1CCCCNC(=O)CC(C(C)(O)C=CCO)S1,536,0.68753724,0.098591549,0.05,0.563920231
CC1CCCCC(=O)NC(C2CCC(=O)CS2)=N1,536,0.79024451,0.107692308,0.05,0.587415439
CC1CCCCNC(=O)CC(C(C)(O)C2CC2)S1,536,0.81018962,0.107692308,0.04,0.58926597
CC1CCCCNC(=O)CC(C2CCC=C2F)SC1,536,0.796054014,0.084507042,0.07,0.588557641
CC1=CC=C2SC(C3CCCC3)=NN2C(=O)C1,536,0.713222245,0.163934426,0.01,0.720950704
CC1=CC=C2C=CC(C3CC3)NN2C(=O)CC1,536,0.749287397,0.183333333,0.03,0.658246214
CC1=CC=C2C=CC(=O)CC(C)(C)NN2C1S,536,0.646510807,0.228070175,0.09,0.602665542
CC1=CC=C2CC(=O)CCC2C(C)(C2CC2)S1,536,0.694637857,0.166666667,0.01,0.610113318
CC1=CC=C2C=CC(=O)CC(C)(C)NN2C(S)C1,536,0.659666299,0.216666667,0.03,0.607954006
CC1=CC=C2CC(=O)CCC2C(C2CC2)NC(O)S1,536,0.774353354,0.153846154,0.06,0.536347562
CC1=CC=C2CC(=O)C=C(C3CC3)N2NC(C)S1,536,0.78724166,0.138461538,0.05,0.60331162
CC1=CC=C2CC(=O)CC(C3CC3)N2NC(C=O)S1,536,0.782901633,0.151515152,0.07,0.574799645
CC1=CC=C2CC(=O)CC(C3CC3)N2NC(=C[O-])S1,536,0.738282869,0.147058824,0.07,0.581919926
CC1=CC=CC(=C2C(C3CC3)CC(=O)N2)N(CCO)S1,536,0.782784247,0.227272727,0.01,0.634303032
CC1=CC=CC(=C2CC(C3CC3)NC(=O)C2N)S1,536,0.760403954,0.19047619,0.03,0.604015426
CC1=CC=CC(=C2NN(CCN)C(=O)CC2(O)O)S1,536,0.52308711,0.238095238,0.07,0.639134963
CC1=CC=CC(=C2C(C3CC3)CC(=O)S2)C(N)(O)N1,536,0.635224626,0.21875,0.05,0.585100332
CC1=CC=CC(=C2CC(C)CCC(=O)N2)C(C2CC2)S1,536,0.784978479,0.222222222,0.03,0.651230201
CC1=CC=CC(=C2C(C3CC3)CC(=O)NC2(C)O)S1,536,0.774529076,0.241935484,0.01,0.603568675
CC1=CC=CC(=C2NC(=O)C=C(C)C2C2CC2)S1=O,536,0.799015342,0.237288136,0.08,0.585936131
CC1=CC=CC(=C2C(C)CC(=O)NC2C2CCCC2)S1,536,0.784978479,0.1875,0.03,0.641600868
CC1=CC=CC(=C2NC(=O)C=C(C)C2C2CCCC2)S1,536,0.779313079,0.209677419,0.08,0.652223815
CC1=CC=CC(=C2NC(=O)C=C(C)C2C2CCCC2)N1,536,0.768262849,0.216666667,0.07,0.675821655
CC1=CC=CC(=C2C(C)CC(=O)C=C2C2CCCC2)N1,536,0.778400319,0.209677419,0.05,0.69315256
CC1=CC=CC=C1C1NC(=C2CC2)C(=O)CC1(C)N,536,0.7584082,0.177419355,0.06,0.687375184
CC1=CC=CC=C1C1NC(=C2CCCC2)C(=O)CC1(C)N,536,0.778947779,0.171875,0.06,0.69192681
CC1=CC=CC=CC=CC=C(C2CCC(=O)N2)C(C)(N)C1,536,0.777592949,0.2,0.04,0.586187906
CC1=CC=CC=CC=CNC(=C(C)C2CCCC2)C(=O)N1,536,0.720858747,0.183333333,0.18,0.679108316
CC1=CC=CC=CC1=C1NC(=O)C=C(C2CC2)N1CCN,536,0.832133374,0.176470588,0.07,0.71648184
CC1=CC=CC=CC=C(C)C(=C(N)C2CCCC2)NC1=O,536,0.77422171,0.210526316,0.2,0.701618816
CC1=CC=CC=CC=CC=C(C2CCCC2)C(C)(N)C(=O)N1,536,0.777912884,0.189655172,0.1,0.631801106
CC1=CC=CCN1C1NC(=C2CCCC2)C(=O)C=C1N,536,0.715519778,0.184615385,0.04,0.642744462
CC1=CC=CC=CC=C(C)C(=C(N)C2CCCC2)C(=O)N1,536,0.72425372,0.183333333,0.19,0.696349716
O=S(=O)(NC1C=C(O)S(O)(O)CC1)c1ccc2ccccc2c1,537,0.676897889,0.604166667,0,0.730140325
O=S(=O)(NC1C=C(O)OS(O)=C1)c1ccc2ccccc2c1,537,0.746271992,0.461538462,0,0.665190688
O=S(=O)(NC1CCS(O)(O)C=CC1)c1ccc2ccccc2c1,537,0.787504485,0.54,0.01,0.753789822
O=C(NC1C=S(=O)(O)CCN(O)c2ccc3ccccc3c2)C1,537,0.43776107,0.265625,0.1,0.678906574
O=C(NC1C=S(=O)(O)C=CC1)c1ccc2ccccc2c1,537,0.837185767,0.396226415,0.01,0.709787866
O=C1NC(S(=O)(=O)Nc2ccc(O)cc2)C=Cc2ccccc21,537,0.749284205,0.169230769,0.1,0.758703432
O=C1C=C(NS(=O)(=O)c2ccc(O)cc2)CCc2ccccc21,537,0.905463082,0.233333333,0.05,0.840851715
O=C1C(NS(=O)Nc2ccc(O)cc2)=CCCc2ccccc21,537,0.755164414,0.151515152,0.05,0.747828728
O=C1C=C(NS(=O)c2ccc(O)cc2)C=Cc2ccccc2N1,537,0.810942072,0.117647059,0.03,0.72243409
O=C1C=C(NS(=O)Cc2ccc(O)cc2)CCc2ccccc21,537,0.907285502,0.132352941,0.05,0.743388169
O=C1C=C(S(=O)NCc2ccc(O)cc2)CCc2ccccc21,537,0.907285502,0.132352941,0.04,0.754133157
C=CS(=O)NC1CCN(Cc2ccc3c(O)cccc3c2)CC1,537,0.886181318,0.166666667,0.02,0.75973712
O=C1CCC(NS(=O)Cc2ccc3c(O)cccc3c2)CC1,537,0.911033145,0.179104478,0.07,0.744387051
O=S1CCC(NS(=O)Cc2ccc3c(O)cccc3c2)CC1,537,0.898819097,0.176470588,0.06,0.707838333
O=C1CCN(Cc2ccc3ncccc3c2)CCS1(=O)=O,537,0.838324405,0.144927536,0.03,0.825556777
O=C1NC(c2ccc3ncccc3c2)CCS(=O)(=O)C1,537,0.856235758,0.164179104,0.18,0.760604381
O=C1NC(c2ccc3ncccc3c2)CCS1(=O)=O,537,0.861376265,0.169230769,0.18,0.745035531
O=C1NCCc2cc(-c3ccncc3)ccc2C1O,537,0.809426486,0.125,0.58,0.796206513
O=C1NCCc2cc(-c3ccncc3)ccc21,537,0.804957621,0.098360656,0.67,0.874618585
O=C1NCc2cc(-c3ccncc3)ccc21,537,0.781688047,0.101694915,0.65,0.870496978
Fc1ccc(C2CC(c3ccccc3)Nc3ncnn32)cc1,538,0.785516533,1,0.02,0.74498994
Cc1ccc(C2CC(c3ccccc3)Nc3ncnn32)cc1F,538,0.781197011,0.714285714,0.03,0.732970688
Cc1ccc(SC2CC(c3ccccc3)Nc3ncnn32)cc1,538,0.774212193,0.518518519,0.04,0.712557168
Cc1ccc(SC2CC(c3ccccc3)Nc3ncnn32)cc1F,538,0.758106087,0.517241379,0.06,0.698459288
Cc1ccc(SCC(Cc2ccccc2)c2c(F)ncnc2Cl)cc1,538,0.409935142,0.152777778,0,0.782950162
Cc1ccc(SCC(Cc2ccccc2)c2c(F)ncnc2O)cc1,538,0.512548615,0.169014085,0,0.771021103
Cc1ccc(SCC(Cc2ccccc2)c2ocnc2C(F)F)cc1,538,0.481110416,0.121621622,0,0.763449094
Cc1ccc(OCCOCc2ccccc2)c(-n2ncnc2C(F)F)c1,538,0.568126728,0.178082192,0,0.840446433
Cc1ccc(OCC2CCCCC2)c(-c2ccnc(F)n2)c1,538,0.776936038,0.123287671,0.07,0.852516368
Cc1ccc(OC2CCCCC2)c(-c2ccnc(F)n2)c1,538,0.788893838,0.126760563,0.21,0.848391174
Cc1ccc(OC2CCCCC2)c(-c2ccnc(F)c2)c1,538,0.747642321,0.128571429,0.13,0.868911981
Cc1ccc(OCC2CCCCC2)c(-c2ccnc(F)c2)c1,538,0.727865275,0.125,0.08,0.872075263
Cc1ccc(-c2ccncc2)c(NC2CCCCC2)c1F,538,0.863074217,0.117647059,0.17,0.858251199
Cc1ccc(-c2ccncc2)c(NC2CCCCC2)c1,538,0.862650421,0.088235294,0.15,0.89175706
CCc1ccc(-c2ccncc2)c(NC2CCCCC2)c1,538,0.846792817,0.084507042,0.22,0.882775082
CCc1ccc(-c2ccncc2)cc1NC1CCCCC1F,538,0.858506392,0.095890411,0.45,0.773165743
Cc1ccc(-c2ccncc2)cc1Nc1ccnc(F)c1,538,0.724853081,0.102941176,0.46,0.873493318
Fc1ccc(-c2ccncc2)cc1Nc1cccnc1,538,0.77665439,0.106060606,0.38,0.891962275
Fc1ccc(-c2ccncc2)cc1Nc1cnccn1,538,0.788776935,0.106060606,0.53,0.872344544
Fc1ccc(-c2ccncc2)cc1NC(F)c1cncnc1,538,0.745132753,0.102941176,0.57,0.773336754
Fc1ccc(-c2ccncc2)cc1NC(CF)c1cncnc1,538,0.778319002,0.098591549,0.55,0.774262799
Fc1ccc(-c2ccncc2)cc1Nc1cc(CC2CC2)ncn1,538,0.758023788,0.136986301,0.54,0.845878382
Fc1ccc(-c2ccncc2)cc1Nc1ccncn1,538,0.788776935,0.125,0.57,0.870749498
Fc1ccc(-c2ccncc2)cc1NCc1cncnc1,538,0.796415386,0.104477612,0.55,0.869721484
Fc1ccc(-c2ccncc2)cc1NCc1ccncn1,538,0.796415386,0.119402985,0.53,0.868293692
CC(F)c1cc(-c2cc(-c3ccncc3)ccn2)[nH]c1,538,0.773440314,0.119402985,0.55,0.759129557
CC(F)c1c(-c2cc(-c3ccncc3)ccc2F)nc[nH]1,538,0.778793419,0.114285714,0.63,0.766963188
Cc1ccc(-c2ccncc2)cc1C(F)(F)c1ncn[nH]1,538,0.803270011,0.115942029,0.47,0.805859854
Cc1ccc(-c2ccncc2)cc1C(F)(F)c1ncno1,538,0.738494608,0.1,0.4,0.790475495
Cc1ccc(-c2ccncc2)cc1-c1ncoc1C(F)F,538,0.703147697,0.084507042,0.44,0.814970367
Cc1ccc(-c2ccncc2)cc1C(F)(F)NCCCCCO,538,0.573337775,0.066666667,0.53,0.826586863
Cc1ccc(-c2ccncc2)cc1NC(CCO)C(F)F,538,0.856430879,0.068493151,0.59,0.78510643
CCc1nc2ccccc2n1CC1CC1(Cl)Cl,539,0.77495474,1,0,0.793463528
ClCc1nc2ccccc2n1CC1CC1(Cl)Cl,539,0.781881013,0.775,0,0.778683823
CCc1nc2ccccc2n1CC1C=CC(O)C1,539,0.839875334,0.5625,0.02,0.741620657
CCc1nc2ccccc2n1C1CCCC(O)C1,539,0.881259092,0.41509434,0,0.788419769
CCc1nc2ccccc2n1Cc1ccc(O)o1,539,0.767825014,0.46,0.02,0.840870081
CCn1nnc2c1CCCC2Oc1ccccc1,539,0.83181043,0.19047619,0,0.769905814
CCc1ncnc2c1CCCN2c1ccccc1O,539,0.896104022,0.19047619,0.06,0.834347911
CCc1ncnc2c1CCCN2Cc1ccccc1O,539,0.930423015,0.184615385,0.03,0.830677673
CCc1ncnc2c1NCC2c1ccccc1OC,539,0.915449571,0.184615385,0.08,0.763625254
CCc1ncnc2c1CNCC2c1ccccc1OC,539,0.928358034,0.179104478,0.07,0.760797992
CCc1nc2ccccc2n1Cc1cccc(O)c1,539,0.775886536,0.46,0,0.905810288
CCc1nc2ccccc2n1Cc1cccc(OC)c1,539,0.720341733,0.442307692,0,0.918127806
CCc1nc2ccccc2n1Cc1ccc(Br)o1,539,0.732008275,0.46,0.05,0.874962093
CCc1nc2ccccc2n1CC1CC(OC)CN1,539,0.912214494,0.529411765,0.06,0.757099606
CCc1nc2ccccc2n1CC1CC(O)CN1,539,0.8572335,0.551020408,0.09,0.759239888
CCc1nc2ccccc2n1CC1CNC(C)CO1,539,0.915766475,0.529411765,0.09,0.753269396
CCc1nc2ccccc2n1CC(CO)c1ccco1,539,0.775127042,0.425925926,0.02,0.794226374
CCc1nc2ccccc2n1CC(NC)c1ccco1,539,0.773421641,0.425925926,0,0.805130088
CCc1nc2ccccc2n1CC(N)c1ccco1,539,0.779488436,0.442307692,0.03,0.80923896
Cc1ccc(C(=O)NC(C)CN2C3=NCC(C)N3CC2Cc2ccc(O)cc2)cc1Br,540,0.656893428,1,0,0.687702561
Cc1ccc(C(=O)NC(C)CN2C3=NCC(C)N3CC2Cc2ccc(O)cc2)cc1,540,0.774165917,0.787878788,0.01,0.705061921
CC(CC(=O)N1CC(C)N2CCCC(O)C2=NCC1C)Cc1ccc(Br)cc1,540,0.764380471,0.285714286,0.03,0.661133165
CC(CC(=O)N1CC(C)N2CCCC(O)C2=NCC1Cc1ccccc1)CBr,540,0.701968358,0.290322581,0.05,0.654002543
CC(CC(=O)N1CC(C)N2CCCC2C1=NCc1ccc(O)cc1)CO,540,0.8431046,0.239130435,0.03,0.669927805
CCC(C)CC(=O)N1CC(C)C2=NCC(C)CN2C1Cc1ccccc1,540,0.804859468,0.241758242,0.05,0.644635432
CCC(C)CC(=O)N1CC(C)C2=NCC(C)N2CC1Cc1ccccc1,540,0.80872445,0.329411765,0.03,0.663951133
CCC(C)CC(C)CN1C2=NCC(C)CN2CC1c1ccc(O)cc1,540,0.84399132,0.285714286,0.01,0.649174526
CCC(C)CC1CN2CCCC2C(c2cccc(O)c2)=NCC1C,540,0.891817693,0.210526316,0.05,0.661455595
CCC(C)CC1CN2CCC(C)C2(c2cccc(O)c2)CN1CC,540,0.881428358,0.189473684,0.01,0.631582728
CCC(C)CC1C(=O)N2CCCC2CN1Cc1cccc(C)c1,540,0.828755247,0.193548387,0.01,0.732704497
CC(CO)CC1CN2CCCC2C(C)N1Cc1cccc(O)c1,540,0.87533344,0.206521739,0.03,0.676994081
CCC(C)CN1Cc2ccccc2C2(CCCN2C)C1CO,540,0.926297751,0.147368421,0.03,0.62337937
CCC(C)CN1C(C)CN2CCc3cccc(c32)CC1CO,540,0.9262067,0.173913043,0.03,0.702584233
CCC(C)CN1C(C)COCC12CNCc1ccccc12,540,0.925387488,0.136842105,0.04,0.610170625
CCC(C)CN1C(CO)CN2CCc3cccc(c32)C1C,540,0.922692109,0.161290323,0.02,0.695447317
CCC(C)CN1Cc2ccccc2C12CCCC(O)C2,540,0.90785811,0.127659574,0,0.649664248
CCC(C)CN1C(COC)Cc2ccccc2C12CCCC2,540,0.800230148,0.129032258,0.01,0.670563024
CC(CO)c1ccccc1C1CN2CCCC2CN1CCO,540,0.867248362,0.126315789,0.01,0.71051284
CC(CO)c1ccccc1C1CN2CCCCC2CN1CCO,540,0.871489006,0.125,0.01,0.713096841
CC(CO)c1ccccc1C1NC(C)CN2CC=CCC12,540,0.837901574,0.163043478,0.04,0.643815494
CC(CO)c1ccccc1C1NC(C)CN2CCCCC12,540,0.897414935,0.164835165,0.03,0.6856237
CC(CO)CN1c2ccccc2C2CNCC2CC1C,540,0.886937041,0.179775281,0.03,0.688013341
Cc1ccccc1C1CNC(C(C)C)CN1CCCCO,540,0.790868984,0.153846154,0.05,0.754499952
CC(C)CC1c2ccccc2CN1C(=O)C1CC1CO,540,0.916063832,0.155555556,0.05,0.714734956
CC(C)CC1C(=O)Nc2ccccc2CN1CCCCO,540,0.79193041,0.139784946,0.03,0.792519468
CC(C)CC1c2ccccc2CN1C(=O)C1COC1,540,0.835047647,0.159090909,0.07,0.781244745
CC(C)CC1c2ccccc2CN1C(=O)C1CO1,540,0.766510044,0.16091954,0.02,0.751996042
CC(C)CC1c2ccccc2CN1C(=O)C1COCN1,540,0.917084058,0.163043478,0.05,0.715064296
CC(C)CC(=O)N1Cc2ccccc2NC1CCO,540,0.874299531,0.144444444,0.01,0.765472611
Cc1ccccc1C(=O)N1CCC(NC(C)C)C1CO,540,0.877439412,0.181818182,0,0.763255845
CC(C)NC(=O)C1Cc2ccccc2CN1CCO,540,0.848536217,0.174418605,0,0.81480817
C#Cc1cccc2c1NC(CC(C)C)CN2CCO,540,0.813539357,0.139784946,0.08,0.717996849
CC(C)NC(=O)C1CCCCN1Cc1ccccc1C,540,0.915382329,0.197674419,0,0.851388746
CC(C)Cc1ccccc1NC1CCCCN(O)C1=O,540,0.830986013,0.142857143,0.01,0.79525523
CC(C)Cc1ccccc1C(=O)NN1CCCC1C,540,0.902246304,0.197674419,0,0.797265645
Cc1ccccc1C(=O)C1CCCCN1CC(C)C,540,0.76863316,0.188235294,0,0.835080739
Cc1ccccc1NC(=O)C1CCCCN1CC(C)C,540,0.911833076,0.195402299,0,0.856663472
Cc1ccccc1C(=O)NC1CCCCN(C(C)C)C1,540,0.918733679,0.197674419,0,0.855360724
Cc1ccccc1NC(=O)C1CCCCN1CCCC,540,0.889650408,0.153846154,0,0.863717202
Cc1ccccc1NC(=O)C1CCCCN1CCC,540,0.901346163,0.157303371,0,0.864554619
COc1c(Br)cc(Br)cc1C=C1C(=O)N=C(N)N1C,541,0.789312834,1,0.02,0.783514723
COc1c(Br)cc(Br)cc1C=C1NC(N)=NC(=O)C1C,541,0.796609646,0.509090909,0.1,0.697167989
COc1c(Br)cc(Br)cc1C=C1SC(N)=NC1=O,541,0.786151986,0.58,0.17,0.815742294
COc1c(Br)cc(C=C2SC(N)=NC2=O)cc1C,541,0.848464725,0.379310345,0.15,0.820664743
COc1c(Br)cc(C=C2SC(N)=NC2=O)cc1C(C)C,541,0.843089553,0.360655738,0.15,0.816995111
COc1c(Br)cc(C=C2SC(N)=NC2=O)cc1C(C)(C)C,541,0.808034378,0.360655738,0.14,0.814416246
COc1c(Br)cc(C=C2SC(N)=NC2=O)cc1OC(C)C,541,0.823364948,0.349206349,0.13,0.822779139
CCCCCOc1ccc(C=C2SC(N)=NC2=O)cc1OC,541,0.616703182,0.228571429,0.16,0.863414306
COc1cc(C=C2SC(N)=NC2=O)ccc1OC(C)C,541,0.862614338,0.242424242,0.14,0.854567926
CCCCCOc1ccc(C=C2SC(=N)CC2)cc1OC,541,0.711769101,0.123287671,0,0.800304213
CCCCCOc1ccc(C=C2SC(=N)CS2)cc1OC,541,0.715438616,0.135135135,0.03,0.792649598
COc1cc(C=C2SCC(=N)S2)ccc1OC(C)C,541,0.90195334,0.142857143,0.02,0.773392175
CCCCCNc1ccc(C=C2SC(=N)NC2)cc1OC,541,0.668542363,0.113924051,0.07,0.778371393
COc1cc(C=C2SCC(=O)N2)ccc1OC(C)C,541,0.920162012,0.15942029,0.04,0.821912349
COc1ccc(C=C2SC(=N)NC2=O)cc1OC(C)C,541,0.836836721,0.154929577,0.38,0.814053521
COc1cc(C=C2SC(=N)NC2=O)ccc1OC(C)C,541,0.836836721,0.154929577,0.36,0.81624457
COc1ccc(C=C2SC(N)=NC2=O)cc1OC(C)C,541,0.862614338,0.242424242,0.13,0.852376877
COc1ccc(C=C2SC(N)=NC2=O)cc1OC(C)(C)C,541,0.869218665,0.242424242,0.14,0.83789115
CCc1cc(C=C2SC(N)=NC2=O)ccc1OC(C)C,541,0.865838321,0.202898551,0.21,0.837718136
COc1ccc(C=C2SC(N)=NC2=O)c(OC(C)C)c1,541,0.862614338,0.257575758,0.19,0.843567367
CCc1cc(C=C2SC(N)=NC2=O)ccc1OC(F)F,541,0.868110624,0.2,0.24,0.826565129
CCc1cc(C=C2SC(N)=NC2=O)ccc1OC(F)(F)F,541,0.870472251,0.2,0.22,0.824935954
CCCOc1ccc(C=C2SC(N)=NC2=O)cc1OC(F)F,541,0.812682738,0.189189189,0.19,0.835171862
CCOc1ccc(C=C2SC(N)=NC2=O)cc1OC(F)(F)F,541,0.858334249,0.194444444,0.22,0.833834413
CCOc1ccc(C=C2SC(N)=NC2=O)c(OC(F)F)c1OC,541,0.798936553,0.253521127,0.26,0.810204006
CCOc1ccc(C=C2SC(N)=NC2=O)c(OC(F)(F)F)c1,541,0.858334249,0.208333333,0.36,0.825004157
CCOCCSC(=O)C1C(C)=NC(=O)NC1c1ccccc1,542,0.818481877,0.614035088,0.02,0.71643312
CCOCCSC1=NC(C)=NC(=O)NC1c1ccccc1,542,0.850473613,0.390625,0.04,0.729286521
CCOCCSC1=NC(C)=C(C(=O)O)CC1c1ccccc1,542,0.812268843,0.31884058,0.01,0.747477929
CCOCCSC1=NC(=O)NC(c2ccccc2)C1C(C)=O,542,0.818481877,0.508196721,0,0.71517977
CCOCC(=O)N1C(CC)=NC(=O)NC1c1ccc(Br)cc1,542,0.86895222,0.263888889,0.03,0.73374127
CCOCC(=O)N1C(SC)=NC(=O)NC1c1ccc(Br)cc1,542,0.86409282,0.273972603,0.02,0.729971787
CCOC(=O)N1CCSC(c2ccccc2)C(=NC(C)=O)C1,542,0.84047118,0.246575342,0,0.75672979
CCOC(=O)N1CCSC(c2ccccc2)C(=NC(=O)Br)C1,542,0.572626995,0.243243243,0.01,0.732420113
CCSCC(=O)N1CCOC(c2ccc(Br)cc2)C([O-])=N1,542,0.808346952,0.223684211,0,0.707615426
CCSC(=O)N1CC(c2ccc(OC)cc2)NC(=O)C1Br,542,0.654026098,0.232876712,0.02,0.704988052
CCCS(=O)(=O)N1CCOC(O)C(c2ccc(Br)cc2)N1,542,0.826751804,0.168831169,0.04,0.692239246
CCCS(=O)(=O)N1CCN(C(=O)O)CC1c1ccccc1,542,0.918735978,0.214285714,0,0.81415249
CCCS(=O)(=O)C1CN(C(=O)O)CC1c1ccccc1,542,0.921529749,0.220588235,0.01,0.750974726
CCCS(=O)(=O)C1CN(C(=O)[O-])CC1c1ccc(Br)cc1,542,0.796917738,0.144736842,0,0.691956706
CCCS(=O)C1CN(C(=O)[O-])CC(c2ccc(Br)cc2)N1,542,0.860514555,0.153846154,0.11,0.618457955
CCCS(=O)C1CN(C(=O)[O-])CC1c1ccc(Br)cc1,542,0.822580715,0.144736842,0.01,0.652824991
CCCS(=O)(=O)N1CCOCC(c2ccc([O-])cc2)N1,542,0.868867197,0.128205128,0.13,0.666842043
CCCS(=O)(=O)N1CCOCC(c2ccc([S-])nc2)C1,542,0.780020789,0.135802469,0.02,0.700148087
CCCS(=O)(=O)C1=C(c2ccc(OC)cc2)CNC1,542,0.894432667,0.125,0.09,0.813452262
CC(=O)N1CCOCC(c2ccc(S(=O)[O-])cc2)C1,542,0.755278264,0.116883117,0,0.712691373
CC(=O)N1CCOCC(c2ccc(S(=O)[O-])cn2)C1,542,0.728136908,0.109756098,0.02,0.676328238
CC(=O)N1CCOC(c2ccc(S(=O)[O-])cn2)C1,542,0.718147649,0.1125,0.1,0.671808042
CCOC(=S)N1CCN=C(c2ccc(NC(C)=O)cc2)C1,542,0.868735147,0.166666667,0.01,0.805019259
CCS(=O)(=O)C1=C(c2ccc(OC)cc2)CCNC1,542,0.914620944,0.123287671,0.11,0.823726283
CCS(=O)(=O)C1=C(c2ccc(O)cc2)CCNC1,542,0.871358472,0.126760563,0.15,0.804736235
CCCOC(=S)N1CCCNC(c2ccc(O)cc2)C1,542,0.838454653,0.171052632,0.05,0.76255148
CCCOC(=S)N1CCCNC(c2ccc(NC)cc2)C1,542,0.836676042,0.164556962,0.05,0.760248573
COCCN(C(=O)O)C1CCNCC1c1ccncc1,542,0.845554112,0.202702703,0.09,0.727093446
COCCN(C(=O)O)C1CCCNC1c1ccncc1,542,0.854099529,0.232876712,0.06,0.72979385
CCCCOC(=O)N1CCNC(c2ccncc2)C1,542,0.843771736,0.216216216,0.09,0.797798121
CCSCC1CN(C(=O)O)CCC1c1ccncc1,542,0.921060132,0.23943662,0.04,0.740073058
CCCCN1CCNC(=O)C(c2ccncc2)=C1NC,542,0.846950152,0.128205128,0.35,0.791752856
CC(=O)N1CCCNC(c2ccncc2NC2CC2)C1,542,0.877603695,0.120481928,0.21,0.763931777
CC(=O)N1CCCNC(c2ccncc2NC2CC2)CC1,542,0.892106561,0.120481928,0.22,0.771680624
CC(=O)N1CCCNC(c2ccncc2-c2ccoc2)C1,542,0.918927442,0.129411765,0.28,0.75052376
CC(=O)N1CCNC(c2ccncc2-c2ccncc2)C1,542,0.909412117,0.128205128,0.28,0.775390595
CC(=O)N1CCNC(c2ccncc2-c2ccc(O)cc2)C1,542,0.888956704,0.12345679,0.32,0.784656648
CCC(c1ccncc1)C1CNC(=O)N1c1ccc(O)cc1,542,0.911672317,0.16,0.1,0.734511961
CC1CCC(NC(=O)c2ccc(C=S(O)(O)=Cc3ccccc3F)o2)CC1,543,0.669106959,1,0,0.771146081
CC1CCC(NC(=O)c2ccc(C=S(O)OCc3ccccc3F)c(F)n2)CC1,543,0.52326029,0.391891892,0.03,0.721295927
CC1CCC(N=Cc2ccc(COS(O)O)c3ccc(C(F)(F)F)cc23)CC1,543,0.400376798,0.178571429,0.02,0.72763644
CC1CCC(N=Cc2ccc(COS(O)O)cc2-c2ccccc2F)CC1,543,0.426246596,0.289473684,0.07,0.745881953
CC1CCC(N=Cc2ccc(COO)cc2-c2ccccc2C(F)(F)F)CC1,543,0.366027956,0.240506329,0.05,0.798308542
CC1CCC(=Nc2ccc(COO)cc2C#Cc2ccccc2OC(F)F)N1,543,0.451879095,0.155555556,0.11,0.692538457
CC1CCC(=Cc2ccc(OON)cc2COC(=O)CC(F)(F)F)CC1,543,0.452862156,0.204819277,0.05,0.763522364
CC1CCC(=NN)c2ccc(OOC(F)(F)c3ccccc3CO)cc21,543,0.481834813,0.162790698,0,0.699485634
CC1CCC(N=Cc2ccc(ON)cc2COC(=O)CC(F)(F)F)CC1,543,0.466411459,0.204819277,0.03,0.762660185
CCONC(=O)CCc1ccc(ON=C2CCC(CC(F)(F)F)CC2O)cc1,543,0.652180309,0.168539326,0.07,0.682477154
CCONC(=O)CCc1ccc(ON=C2CCC(C(F)(F)F)CC2O)cc1,543,0.703572774,0.159090909,0.063333333,0.69409111
CCCC(=O)Nc1ccc(ON=C(N)C2CCC(F)(F)CC2)cc1OC,543,0.433405413,0.147727273,0.05,0.798220014
CCONC(=O)c1ccc(CCC(N)Cc2ccccc2OC(F)F)cc1,543,0.621100471,0.170731707,0.02,0.802106446
CCCC(=O)NC1CCC(ON)CCCc2ccc(C(F)(F)F)cc2CC1,543,0.758650495,0.202380952,0.04,0.707310085
CCCC(=O)Nc1ccc(ON2CCC(N)CC2CCC(F)(F)F)cc1,543,0.761762412,0.134831461,0.05,0.716946445
CC(N)Cc1ccccc1C=C(F)CCC(=O)ON1CCC(N)CC1,543,0.790506873,0.192771084,0.15,0.721297824
CC(N)Cc1ccccc1C=C(F)ON1CCC(N)CC1CC(=O)O,543,0.649932837,0.186046512,0.12,0.647866683
CC(N)Cc1ccccc1C(=O)ON1CCC(C(F)(F)F)CC1C,543,0.91041439,0.166666667,0.07,0.691672754
CC(N)Cc1ccccc1C(=O)ON1CCC(N)CC1C(F)(F)F,543,0.872287259,0.152941176,0.13,0.683312754
CC(N)Cc1ccccc1C(=O)ON1CCC(C(F)(F)F)CC1,543,0.922161122,0.1625,0.04,0.768917584
CC(N)Cc1ccccc1OC(=O)N1CCC(C(F)(F)F)CC1,543,0.924549873,0.1625,0.04,0.800175215
CC(N)Cc1ccccc1C(=O)ON1CCC(C(F)F)CC1,543,0.90788747,0.164556962,0.05,0.756923615
CC(N)Cc1ccccc1OC(=O)N1CCC(C(F)F)CC1,543,0.92942767,0.164556962,0.03,0.789206087
CN1C(=O)c2ccccc2C(C(=O)O)C1c1cn(C)c2ccccc12,544,0.782824903,1,0.01,0.772531696
CN1C(=O)c2ccccc2C(C(=O)O)C1c1cn(C)cc1CC,544,0.94726936,0.607843137,0,0.728511114
CN1c2ccccc2C(C(=O)O)C(c2cn(C)cn2)C1CCCN,544,0.875946169,0.304347826,0.12,0.670309871
Cc1cc2ccccc2c(C(=O)O)c1C1CN(C)CCN1C,544,0.92567108,0.23880597,0,0.788925633
Cc1nc2ccccc2c(C(=O)O)c1C1CN(C)CCN1C,544,0.920683595,0.23880597,0.01,0.786547071
Cc1nc2ccccc2c(C(=O)O)c1C1CN(C)N1C,544,0.905885041,0.230769231,0,0.751458696
Cc1nc2ccccc2c(C(=O)O)c1C1CN(C)CCN1,544,0.880823613,0.214285714,0.05,0.774583093
Cc1ccccc1C1CC(C(=O)O)CN1C(C)N1CCCC1,544,0.928591934,0.220588235,0,0.72174329
Cc1ccccc1C1CC(C(=O)O)CN1C(C)N1CCNC1,544,0.885669854,0.205479452,0.01,0.683839071
Cc1ccccc1C1CC(C(=O)O)N(C)C12CCNCC2,544,0.873661757,0.285714286,0.03,0.657692469
CON1C(c2ccccc2C(=O)O)CC(C)N(C)C1,544,0.904255895,0.230769231,0,0.714581693
CON1C(C(=O)O)CC(c2cnccc2C)C1CC,544,0.900493893,0.164383562,0.08,0.664086976
CCN1C(C(=O)O)CC(c2cnccc2C)C1CC,544,0.905142023,0.169014085,0.11,0.689898515
CCN1C(C(=O)O)CC(c2cnccc2C)C1,544,0.863701615,0.173913043,0.05,0.739543105
CCNC1(C(=O)O)CCCCC1c1cnccc1C,544,0.87475893,0.150684932,0.07,0.718344783
Cc1ccccc1C1(C(=O)O)CCCCNCCCC1,544,0.870686358,0.196721311,0.07,0.807441089
Cc1ccccc1C1CC(C(=O)O)N(CC)C1,544,0.870201017,0.241935484,0.02,0.77985178
Cc1ccccc1NC1CC(C(=O)O)N(CC)C1,544,0.854891627,0.194029851,0.01,0.788133888
Cc1ccccc1OC1CCCCN(C(=O)O)C1,544,0.876348072,0.179104478,0.03,0.848070594
Cc1ccccc1C1(C(=O)O)CCCCNCCCCC1,544,0.873411853,0.193548387,0.07,0.76186242
Cc1ccccc1C1(C(=O)O)CCCCNCCCCCC1,544,0.866569419,0.193548387,0.07,0.762191472
Cc1ccccc1C1(C(=O)O)CCCCNCCCCCCC1,544,0.848003098,0.193548387,0.07,0.762167703
Oc1ccc(Cl)cc1C1=NNC(c2cc(Br)cc3c2OCOC3)C1,545,0.783294027,1,0.06,0.723684568
Oc1ccc(Cl)cc1C1=NNC(c2cc(Br)cc3c2OCO3)C1,545,0.807357468,0.74137931,0.05,0.736554836
Oc1ccc(Cl)cc1C1=NNC(c2cc(Cl)cc3c2OC3)C1,545,0.87120155,0.701754386,0.1,0.736126001
Oc1ccc(Cl)cc1C1=NNC(c2cc(Cl)cc3c2OC3)O1,545,0.879416783,0.447761194,0.13,0.702620751
Oc1ccc(Cl)cc1C1=NNC(c2cc(Cl)ccn2)OC1,545,0.89066014,0.402985075,0.13,0.707693957
Oc1ccc(Cl)cc1C1=NNC(c2cc(Cl)ccn2)CC1,545,0.880842996,0.409090909,0.2,0.738644727
Oc1ccc(Cl)cc1C1CC(c2cc(Cl)cc(Cl)c2)=NO1,545,0.81284358,0.294117647,0.05,0.783687395
COc1ccc(Cl)cc1C1CC(O)(c2cc(F)ccn2)CN1,545,0.912131945,0.188235294,0.12,0.710892922
COc1ccc(Cl)cc1C1CC(O)(c2cc(Cl)c[nH]2)CN1,545,0.811034709,0.185185185,0.06,0.685313772
COc1ccc(Cl)cc1C1CC(c2cc(Cl)c[nH]2)=NO1,545,0.923338811,0.220779221,0.1,0.740336365
COc1ccc(Cl)cc1C1CC(c2cc(Cl)cnc2)NO1,545,0.922419221,0.2,0.12,0.721817353
COc1c(Cl)cc(Cl)cc1C1CC(CC(C)(C)O)=NN1,545,0.892705636,0.233766234,0.08,0.708103602
COc1c(Cl)cc(Cl)cc1C1CC(C(C)(C)O)=NN1,545,0.901565761,0.246575342,0.08,0.713866669
CCOC1CC(c2cc(Cl)cc(Cl)c2)NCCC1(CC)CC,545,0.747391832,0.12345679,0.04,0.693011215
CCOC1CC(c2cc(Cl)cc(Cl)c2)NC1C(C)(C)OC,545,0.875380627,0.12345679,0.03,0.658069235
CCOC1CC(c2cc(Cl)cc(Cl)c2)NCC1(CC)C(=O)OC,545,0.806620763,0.127906977,0.03,0.668813824
COc1cc(Cl)cc(Cl)c1C1CC(c2cncnc2)NO1,545,0.935476023,0.146341463,0.16,0.690879661
COc1ccc(Cl)cc1C1CC(c2cc(Cl)cnc2)=NN1,545,0.933901449,0.319444444,0.18,0.77219088
CCCC(C)(O)C1CC(c2cc(Cl)ccc2OC)=NNC1=O,545,0.874511807,0.243902439,0.05,0.709906015
COc1ccc(Cl)cc1C1CC(c2ccncc2)=NN1,545,0.942958017,0.328571429,0.26,0.792357409
COc1ccc(Cl)cc1C1CC(c2ccncc2)=NNC1=O,545,0.946928229,0.2125,0.35,0.78696141
COc1ccc(Cl)cc1C1CC(c2ccncc2)=NNC1NC,545,0.904726814,0.2375,0.31,0.71481026
COc1ccc(Cl)cc1C1CC(c2ccncc2)=NC(C)N1,545,0.940798328,0.230769231,0.24,0.741042609
COc1ccc(Cl)cc1C1CC(c2ccncn2)=NN1,545,0.942908233,0.310810811,0.43,0.765479955
COc1ccc(Cl)cc1C1CC(c2ccncn2)=NNC1=O,545,0.940949185,0.202380952,0.43,0.762217088
COc1ccc(Cl)cc1C1CC(c2ccncn2)=NNC1NC,545,0.898056879,0.226190476,0.45,0.691190679
COc1ccc(Cl)cc1C1CC(c2ccncn2)=NNC1,545,0.946624688,0.209876543,0.41,0.751073318
CCOc1ccc(C2NC(=O)C(C#N)C(=S)N2c2cccc(C)c2)cc1,546,0.840356898,0.758064516,0.01,0.731664639
CCOc1ccc(C2NC(=O)C(C#N)C2c2cccc(C)c2)cc1OC,546,0.895818003,0.542857143,0.03,0.735465635
CCOc1ccc(C2NC(=O)C(C#N)C2c2cccc(C)c2)cc1,546,0.937757363,0.391891892,0.02,0.742234059
CCOc1ccc(C2NC(=O)C(C)C2c2cccc(C)c2)cc1C#N,546,0.923404962,0.407894737,0.06,0.726842001
CCOc1ccc(C2NC(=O)C(C)C2c2ccccc2)cc1C#N,546,0.936860847,0.337662338,0.07,0.739051932
CCOc1ccc(C2NC(=O)C(C)=C2c2ccccc2)cc1C#N,546,0.936593972,0.337662338,0.12,0.792250664
CCOc1ccc(C2NC(=S)C(C)=C2c2ccccc2)cc1C#N,546,0.841743269,0.333333333,0.11,0.771772384
CCOc1ccc(C2NC(=O)C=C2c2ccccc2)cc1C#N,546,0.943106172,0.324675325,0.1,0.779565092
CCOc1ccc(C2=NC(=O)C(C)C2c2ccccc2)cc1C#N,546,0.863089274,0.283950617,0.13,0.748820335
CCOc1ccc(C2C(=O)C(C)=NC2c2ccccc2)cc1C#N,546,0.860485437,0.303797468,0.04,0.745309928
CCOc1ccc(C2C(=O)C(C)=CC2c2ccccc2)cc1C#N,546,0.841892723,0.311688312,0.09,0.753012416
CCOc1ccc(C2C(=O)C(C)=NC2c2ccccc2)cc1C(=O)NC,546,0.899411533,0.247058824,0.02,0.752470962
CCOc1ccc(C2C(=O)C(C)=CC2c2ccccc2)cc1C(=O)NCC,546,0.835456102,0.25,0,0.760451718
CCOc1ccc(C2C(=O)C(C)=CC(=O)C2c2ccccc2)cc1C#N,546,0.842090458,0.303797468,0.07,0.748187716
CCOc1ccc(C2C(=O)N=C(C)C(=O)N2c2ccccc2)cc1C#N,546,0.850963585,0.35443038,0.03,0.778662662
CCOc1ccc(C2C(=O)C(C)C(=O)C2c2ccccc2)cc1C#N,546,0.801669789,0.306666667,0.06,0.721259363
CCOc1ccc(C(C#N)C(=O)CC)c(-c2ccccc2)cc1=O,546,0.813361448,0.24691358,0.06,0.789429985
CCOc1ccc(C2C(=O)C(C)CC2=O)cc1CSc1ccccn1,546,0.578217798,0.24137931,0.06,0.741437408
CCOc1ccc(C2C(=O)C(C)NC2=O)cc1CC(C)c1ccccn1,546,0.811698657,0.26744186,0.09,0.709109049
CCOc1ccc(C(N)C(=O)c2cc(C)ccc2OC)cc1NCCO,546,0.596857692,0.247058824,0.07,0.803301724
CCOc1ccc(C2C(=O)C(C)CC(C)C2c2ccccn2)cc1CN,546,0.881438359,0.227272727,0.17,0.693122471
CCOc1ccc(C2C(=O)C(C)CC(=O)C2c2ccccn2)cc1CN,546,0.894387992,0.227272727,0.16,0.705801567
CCOc1ccc(C2C(=O)C(C)CC(=O)C2=CN)cc1Cc1ccccn1,546,0.824179951,0.222222222,0.08,0.707549491
CCOc1ccc(C2C(=O)C(C)CC2=O)cc1C(N)c1ccccn1,546,0.84779925,0.235294118,0.09,0.7076431
CCOc1ccc(C(N)C(=O)c2cc(C)ccc2Cl)cc1CC(=O)O,546,0.735812573,0.206896552,0.07,0.808771819
CCOc1ccc(N2C(=O)C(O)=C2C(C)c2ccccc2)cc1CN,546,0.845548371,0.220930233,0.05,0.774120462
CCOc1ccc(C(N)C(=O)c2cc(C)ccc2Cl)c2ccccc12,546,0.650331823,0.228915663,0.05,0.820894747
CCOc1ccc(N2C(=O)C(O)CC2c2cc(C)ccn2)cc1CN,546,0.869161508,0.279069767,0.13,0.729439609
CCOc1ccc(N2C(=O)CC(N)C2c2ccccc2Cl)cc1CO,546,0.858887608,0.252873563,0.02,0.766828839
CCOc1ccc(N2C(=O)CC(N)C2c2cc(C)ccn2)cc1Cl,546,0.923134432,0.289156627,0.08,0.747983109
CCOc1ccc(N2C(=O)CC2c2cc(C)ccn2)cc1CC#N,546,0.792285908,0.333333333,0.06,0.762052248
CCOc1ccc(N2C(=O)CC2c2cc(C)ccn2)cc1CN,546,0.862120032,0.296296296,0.13,0.778231242
CCOc1ccc(C2C(=O)CCCCc3cc(C)ccc32)cc1CN,546,0.90576976,0.283950617,0.07,0.797271383
CCOc1ccc(N2C(=O)CC2c2cc(C)ccn2)cc1C#N,546,0.813890527,0.341772152,0.04,0.775510295
CCOc1ccc(C2C(=O)CCC2c2cc(C)ccn2)cc1CN,546,0.914270798,0.258823529,0.15,0.741886398
CCOc1ccc(N2C(=O)CC2c2cc(C)ccn2)cc1C(C)CN,546,0.819788278,0.285714286,0.15,0.732026422
CCOc1ccc(C2C(=O)CCCc3cc(C)c(C)cc32)cc1CN,546,0.850871914,0.240963855,0.06,0.78930222
COc1cccc(NC(=S)NC2CC3CCCC(C2)N3C(C)C)c1,547,0.810928867,0.763636364,0,0.690967518
COc1cccc(NC(=S)NC2CC3CCCC(C2)N3CC(C)C)c1,547,0.774776367,1,0,0.694690476
COc1cccc(NC(=S)NC2CC3CCCC(C2)N3C)c1,547,0.837790659,0.773584906,0,0.711798801
COc1cccc(NC2=NCC3CCCC(C2)N3C)c1,547,0.899940974,0.409090909,0.02,0.66198917
COc1ccc(NC2=NCCCC(CC(C)C)N2C)cc1,547,0.919796412,0.273972603,0.03,0.777178399
CCC(C)C1CCCC(NC(=S)Nc2ccc(F)cc2)C1,547,0.787249916,0.393939394,0,0.763242363
COc1ccc(NC2CC3CCCC(C2)N3C)cc1,547,0.903406576,0.406779661,0.01,0.730254378
COc1ccc(NC2CC3CCCC(C2)N3C(C)C)cc1,547,0.909086095,0.409836066,0,0.706964083
COc1cc(NC2CC3CCCC(C2)N3C(C)C)ccn1,547,0.922633978,0.352941176,0.01,0.665079212
COc1cc(NC2CC3CCCC(C2)N3C(C)C)cc(C)n1,547,0.921887855,0.338235294,0,0.654905284
COc1cc(NC2CCCC(C)CC2)c2[nH]c(C(C)C)cc2c1,547,0.712243942,0.233766234,0.08,0.757626433
COc1cc(NC2CCCC(O)C2)c2cc(C(C)C)[nH]c2c1,547,0.799376426,0.263157895,0.11,0.744080763
COc1cc(NC2CCCC(C)C2)cc(-c2ncc[nH]2)c1C,547,0.880281541,0.209876543,0.14,0.746110985
COc1cc(NC2CCCC(C)C2)c(-c2ccco2)c(C=O)c1,547,0.808692732,0.234567901,0.02,0.744754782
COc1cc(NC2CCCC(C)C2)c(-c2ccco2)c(C(C)C)c1,547,0.723510353,0.269230769,0,0.757487982
COc1cc(NCCc2ccco2)c2c(c1)CC(C(C)C)CC2,547,0.838853612,0.21686747,0.04,0.782111945
COc1cc2c(c(Nc3cccc(C)n3)c1)OC(C(C)C)CC2,547,0.902942737,0.222222222,0.05,0.766779881
COc1cc2c(c(Nc3cccc(C)c3)c1)NC(C(C)C)CC2,547,0.821033993,0.25974026,0.07,0.78480355
COc1cc(Nc2nccc3c2CC(C)CC3)cc(C(C)C)c1,547,0.854570384,0.240506329,0.08,0.795865562
COc1cc(Nc2nccc(C)n2)cc2c1OC(C(C)C)CC2,547,0.927829489,0.176470588,0.5,0.771427455
COc1cc(Nc2nccc(C)n2)cc2c1OC(C)(C)CC2,547,0.937371846,0.127906977,0.48,0.834407854
COc1cc(Nc2nccc(C(C)C)n2)cc2c1OC(C)(C)CC2,547,0.898484531,0.149425287,0.51,0.819625415
COc1cc(Nc2nccc(C(C)C)n2)ccc1C1CCN(C)CC1,547,0.885459282,0.207317073,0.62,0.848519551
COc1cc(Nc2nccc(C(C)(C)C)n2)ccc1C1CCN(C)CC1,547,0.885199789,0.180722892,0.6,0.846669385
COc1cc(Nc2nccc(-c3cccc(F)c3)n2)ccc1C(C)C,547,0.69853223,0.166666667,0.81,0.880578489
COc1cc(Nc2nccc(-c3ccc(C(C)C)cc3)n2)ccc1Cl,547,0.641275501,0.146341463,0.85,0.88938564
COc1cc(Nc2nccc(-c3ccc(C(C)C)cc3)n2)ccc1OC,547,0.67640003,0.15,0.86,0.894857546
Cc1cccc2cc(C3CC(c4ccco4)=NN3S(C)(=O)=O)c(Cl)nc12,548,0.63639323,1,0.01,0.757828521
Cc1cccc2cc(C3CC(c4cccs4)=NN3S(C)(=O)=O)c(Cl)nc12,548,0.607622706,0.682539683,0.01,0.761395645
Cc1ccc2cc(C3CC(c4cccs4)=NN3S(C)(=O)=O)c(Cl)nc2c1,548,0.607622706,0.472222222,0.01,0.765180892
Cc1ccc2cc(C3CC(c4cccs4)=NN3C(C)=O)c(Cl)nc2c1,548,0.599381514,0.308641975,0.01,0.779585359
Cc1ccc2cc(C3C=CSCC3NS(C)(=O)=O)c(Cl)nc2c1,548,0.842693143,0.24691358,0.04,0.687252247
Cc1ccc2cc(C3C=CSC3)c(N3CCC(=O)N=C3Cl)nc2c1,548,0.754802065,0.181818182,0.04,0.678697054
Cc1ccc2cc(C3CCC(N4CCCS4(=O)=O)C3)c(Cl)nc2c1,548,0.759911377,0.214285714,0.02,0.716906308
Cc1ccc2cc(C3CCCN3c3ccnn3C)c(Cl)nc2c1,548,0.659368964,0.265822785,0.02,0.766249008
Cc1ccc2cc(C3CCCN3C)c(NS(C)(=O)=O)nc2c1,548,0.944611658,0.240506329,0.01,0.786801799
Cc1ccc2cc(C3CCCN3C)c(NS(C)(=O)=O)cc2c1,548,0.944559176,0.246753247,0.02,0.793448205
Cc1ccc2cc(C3CCCN(C)C3)c(NS(C)(=O)=O)nc2c1,548,0.937995402,0.204819277,0.01,0.787767008
Cc1ccc2cc(C3CCCN(C(=O)O)C3)c(NC(C)C)nc2c1,548,0.885582295,0.16091954,0.02,0.791769595
Cc1ccc2cc(C3CCS(=O)(=O)CC3)c(NC(C)C)nc2c1,548,0.931755934,0.158536585,0.01,0.822239171
Cc1ccc2cc(C3CCN(C(=O)O)CC3)c(NC(C)C)nc2c1,548,0.885582295,0.164705882,0.04,0.843203831
Cc1cccc(-c2cc(N3CCCS(=O)(=O)CC3)c(Cl)cn2)n1,548,0.83203031,0.195121951,0.05,0.818504969
Cc1cccc(C2CCN(S(C)(=O)=O)CC2c2ccc(=O)[nH]c2)n1,548,0.914277348,0.202380952,0.06,0.724837989
Cc1cccc(C2CCN(S(C)(=O)=O)CC2c2ccc(NN)cc2)n1,548,0.64457942,0.204819277,0.04,0.747141806
Cc1cccc(C2CCN(C(=O)O)CCC2c2ccc(=O)[nH]c2)n1,548,0.887754006,0.151162791,0.09,0.73645857
Cc1cccc(C2CCN(C(=O)O)CC2Nc2ccc(NN)cc2)n1,548,0.503404089,0.147727273,0.02,0.746767635
Cc1cccc(C2CCN(C(=O)O)CC2c2ccc(NC)cn2)c1,548,0.903225284,0.144444444,0.04,0.756972145
Cc1cccc(C2CCN(C(=O)O)CC2c2ccc(=O)[nH]c2)n1,548,0.890658648,0.147727273,0.09,0.733430457
Cc1cccc(C2CCN(Cc3ccc(NS(C)=O)cc3)C2)n1,548,0.916721974,0.166666667,0,0.758692078
Cc1cccc(C2CCN(Cc3ccc(NS(C)=O)o3)C2)n1,548,0.920342616,0.16091954,0.03,0.699509764
Cc1cccc(C2CCN(Cc3ccc(NS(C)=O)o3)CC2)n1,548,0.913441344,0.162790698,0.02,0.737570686
Cc1cccc(C2CCN(Cc3ccc(=O)[nH]c3)CC2)c1N,548,0.856184959,0.168674699,0.08,0.84341169
Cc1ccc(C2CCN(C)CC2)c(-c2ccc(=O)[nH]c2)n1,548,0.921192987,0.160493827,0.11,0.833812675
Cc1ccc(C2CCN(C)CC2)c(-c2ccc(=O)[nH]c2C)n1,548,0.927008641,0.175,0.16,0.825507358
Cc1ccc(C)c(OCc2cc(C(=O)N3CCN(C)CC3C)no2)c1C,549,0.841935136,0.565217391,0.01,0.784391254
Cc1ccc(C)c(OCc2cc(C(=O)N3CCN(C)CC3C)no2)c1,549,0.854076073,0.758064516,0,0.797346396
Cc1ccc(C)c(OCc2cc(C(=O)N3CCN(C)CC3)no2)c1,549,0.860997792,0.575757576,0,0.869400076
Cc1ccc(C)c(OCc2cc(C(=O)N3CCCCC3C)no2)c1,549,0.854331137,0.676923077,0,0.814309714
Cc1ccc(C)c(OCc2cc(CN3CCCCC3C)no2)c1,549,0.826960947,0.472222222,0.05,0.810782574
Cc1ccc(C)c(OCc2cc(CN3CCCC3C)no2)c1,549,0.840321526,0.478873239,0.04,0.810644927
Cc1ccc(C)c(OCc2cc(CN3CCNCC3C)no2)c1,549,0.919107276,0.459459459,0.12,0.78989726
Cc1ccc(COc2cc(CNCCN3CCCCC3C)no2)cc1,549,0.743277181,0.25,0.02,0.779612032
Cc1ccc(OCc2cc(CN3CCNCC3C)no2)c(C)c1,549,0.919107276,0.384615385,0.14,0.793436654
Cc1ccc(COc2cc(CN3CCNCC3C)no2)cc1,549,0.91851542,0.265060241,0.13,0.769418244
Cc1cccc(OCc2cc(CN3CCCCC3C)no2)c1,549,0.838176926,0.341772152,0.06,0.818124975
Cc1cccc(OCc2cc(CN3CCNCCC3C)no2)c1,549,0.919239962,0.329268293,0.15,0.796843052
CC1CCC(OCc2cc(CN3CCNCC3C)no2)C(C)C1,549,0.903565499,0.229885057,0.12,0.679393202
CC1CCCC(OCc2cc(CN3CCNCC3C)no2)C1C,549,0.903565499,0.227272727,0.12,0.67700579
CC1CN(CCOCc2cc(C)no2)Cc2ccccc2N1,549,0.860670233,0.273809524,0.03,0.776232186
CC1CCCC(OCc2cc(CN3CCCCC3C)no2)C1O,549,0.902397824,0.247058824,0.03,0.692263832
CC1CCCCN1CCC(=O)Oc1cccc2c1CC(C)NC2,549,0.684925812,0.184782609,0,0.746168301
CC1CCCCN1CCC(=O)Oc1cccc2[nH]c(C)cc12,549,0.692290195,0.213483146,0.06,0.803508419
CC1CCCCN1CCC(=O)On1ccc2cc(N)ccc21,549,0.881227668,0.175824176,0.1,0.769596087
CC1CCCCN1CCC(=O)On1c(N)cc2ccsc21,549,0.942580834,0.173913043,0.09,0.729701906
CC1CCCC(O)C1NCc1cc(=O)oc2cccn12,549,0.891947909,0.153846154,0.05,0.643271562
CC1CCCCC1OC(=O)CCn1c(N)cc2ccsc21,549,0.874160934,0.152173913,0.02,0.723969918
CC1CCCC(O)C1OCc1cc(N)cc2nccn12,549,0.898101118,0.155555556,0.09,0.67533418
CC1CCCCN1CCCOc1ccnc2c1cc(N)n2C,549,0.862946788,0.179775281,0.15,0.769216844
CC1CCC(O)CN1CCc1c[nH]c2ccnc(N)c12,549,0.792957773,0.166666667,0.34,0.733731502
CC1CCCCN1CCc1c(CO)[nH]c2ccnc(Cl)c12,549,0.853347262,0.150537634,0.14,0.744510368
CC1CCCCN1CCOc1cc(N)nc2ccnc(Cl)c12,549,0.876832789,0.173913043,0.16,0.773501093
NC1CCCCN1CCc1cc(=O)oc2cccc(Cl)c12,549,0.885893857,0.130434783,0.03,0.778539855
CC1CCCCN1CCOC(=O)c1cc(N)nc2ccncc12,549,0.871713455,0.178947368,0.19,0.783805185
CC1CCCCN1CCOC(=O)c1ccnc2[nH]ccc12,549,0.87815409,0.186813187,0.34,0.794457682
NC1CCCCC1OC(=O)c1ccnc2cc[nH]c12,549,0.808057374,0.123595506,0.19,0.726061564
NC1CCCCN(CCCOc2ccnc3[nH]ccc23)C1=O,549,0.822910974,0.138297872,0.5,0.779946129
NCC1CCCCN1CCOc1ccnc2[nH]ccc12,549,0.871494382,0.130434783,0.51,0.784203553
N#CC1CCCCN1CCOc1ccnc2[nH]ccc12,549,0.925617335,0.141304348,0.46,0.768552184
NCC1CCCCN1CC=CCNc1ccnc2[nH]ccc12,549,0.716141532,0.102040816,0.51,0.74044682
NCC1CCCCN1C(=O)C=CCn1ccc2cccnc21,549,0.877287949,0.159574468,0.1,0.758035071
NCCC1CCCCN1C(=O)C=Cc1c[nH]c2ncccc12,549,0.850521371,0.15625,0.49,0.774616321
N#CC1CCCN1C(=O)C=Cc1c[nH]c2ncccc12,549,0.845789773,0.164835165,0.37,0.7610216
NCC1CCCN(C(=O)C=Cc2c[nH]c3ncccc23)C1,549,0.843529125,0.170212766,0.52,0.78232603
NCC1CCCN(CC=Cc2c[nH]c3ncccc23)C1=O,549,0.898228687,0.12371134,0.52,0.739953268
NCC1CCCN(CC=Cc2c[nH]c3ncccc23)C1,549,0.895569826,0.138297872,0.53,0.773713593
COc1ccc(N2C(=O)NC(=O)C(C(C)=Nc3ccc4c(c3)CCC4)C2=O)cc1,550,0.640475423,1,0.01,0.76611769
COc1ccc(N2C(=O)NC(=O)C(C(C)=Nc3ccc(Br)cc3)C2=O)cc1,550,0.594759303,0.684210526,0.01,0.779799099
COc1cccc(N2C(=O)NC(C)=C(c3ccc4c(c3)CCC4)C2=O)c1,550,0.79130974,0.324324324,0.05,0.847750685
COc1cccc(N2C(=O)CCC(C)(c3ccc4c(c3)CCN4)C2=O)c1,550,0.86336352,0.2625,0.09,0.774936091
COc1cccc(N2C(=O)NC(C)C2c2ccc3c(c2)CCC3)c1Br,550,0.816627559,0.285714286,0.02,0.727863843
COc1cccc(C2C(=O)N=C(C)N2c2ccc3c(c2)CCC3)c1Br,550,0.765918614,0.298701299,0.02,0.751945055
COc1cccc(C2NC(=O)C(C)N3c4ccccc4CCC23)c1,550,0.923718204,0.2375,0.04,0.736331905
COc1cccc(C2NCC(=O)N2c2ccc3c(c2)CCC3)c1Br,550,0.875620841,0.315789474,0.05,0.75592381
COc1cccc(C2NCC(=O)N2c2ccc3c(c2)CCC3)c1,550,0.947806176,0.366197183,0.03,0.785480939
COc1cccc(N2CCC(=O)Nc3ccc(Br)cc32)c1C,550,0.869785895,0.185185185,0.03,0.854599666
COc1cccc(N2CCC(=O)Nc3ccc(Br)cc32)c1,550,0.894839104,0.236842105,0.04,0.871326521
COc1cccc(N2CCC(=O)c3ccc(Br)cc3N2)c1,550,0.8953625,0.223684211,0.05,0.829769598
COc1cccc(N2CCC(=O)c3cccnc3C2C)c1,550,0.847714703,0.217948718,0.1,0.793446009
COc1cccc(N2CCC(=O)c3cccnc3N2)c1,550,0.907479663,0.220779221,0.09,0.823296771
COc1cccc(N2CCC(C)=Nc3ccncc32)c1,550,0.831794882,0.179487179,0.2,0.830930724
COc1cccc(N2CCC(C)c3ncccc32)c1,550,0.816058025,0.181818182,0.03,0.809436723
CCOc1ccc(-c2cc3c(nn2)OCC3)c(Cl)c1,550,0.86386153,0.134146341,0.06,0.831422596
COc1ccc(N2CNC(C)c3cccnc32)cc1Cl,550,0.918003261,0.170731707,0.12,0.772384948
COc1ccc(N2CNC(C)c3cccnc32)cc1,550,0.895051872,0.232876712,0.08,0.786556163
CCOc1ccc(-c2cc3c([nH]2)CCNCC3)cc1O,550,0.804250977,0.135802469,0.14,0.823533111
CCOc1ccc(-c2cc3c([nH]2)CCNCC3)cc1Cl,550,0.908692951,0.12195122,0.16,0.834542129
CCOc1cccc(C2=Cc3ccc([O-])nc3SC2)c1,550,0.867959538,0.091954023,0.06,0.750592262
CCOc1cccc(C2(C)CNc3ccc([O-])cc32)c1,550,0.930554573,0.148148148,0.09,0.716141224
COCc1cccc(C2(C)CNc3ccc(OC)cc32)c1,550,0.930144456,0.207792208,0.05,0.782752419
CCOc1cccc(C2=Cc3ccc(OC)cc3NC2)c1,550,0.916388806,0.164556962,0.1,0.840465827
CCOc1ccc(-c2cc3ccc(OC)cc3[nH]2)c(Cl)c1,550,0.74377153,0.153846154,0.14,0.885102418
COCc1ccc(F)c(-c2cc3ccc(OC)cc3[nH]2)c1,550,0.781781576,0.151898734,0.06,0.873561905
COCc1ccc(OC)c(-c2cc3ccc(F)cc3[nH]2)c1,550,0.781781576,0.109756098,0.07,0.875300111
CCOc1ccc(F)c(-c2cc3ccc(OC)cc3[nH]2)c1,550,0.771485742,0.153846154,0.1,0.883822162
CCOc1ccc(F)c(-c2ccc(OC)cc2CCNC)c1,550,0.846478586,0.151898734,0.04,0.885163934
CCOc1ccc(F)c(-c2ccc(CC)c(=O)[nH]2)c1,550,0.918264436,0.142857143,0.1,0.871070259
CCOc1ccc(F)c(-c2ccc(=O)oc2CCNC)c1,550,0.888574142,0.119047619,0.04,0.830071671
CCOc1ccc(F)c(C2=C(CCNC)CC(=O)NC2)c1,550,0.844063696,0.152941176,0.1,0.789105308
CCOC1=C(c2ccc(OC)cc2F)C(=O)CNC(CC)C1,550,0.908408746,0.197530864,0.07,0.740932695
CCOC1=C(c2ccc(F)cc2OC)C(=O)NCC(CC)NC1,550,0.871293966,0.149425287,0.14,0.732784556
CCOC1=C(c2ccc(OC)cc2)C(=O)C(CCNCC)CN1,550,0.71964016,0.197530864,0.23,0.754517633
CCOC1=C(c2ccc(OC)cc2)C(=O)C2(CC2)NC1=O,550,0.914683912,0.216216216,0.24,0.769694665
CCOC1=C(c2ccc(OC)cc2)C(=O)C2=C(CCN2)C1,550,0.923646232,0.207792208,0.21,0.791691393
CCOC1=C(c2ccc(OC)cc2)C(=O)C2=C(CCN2)NC1,550,0.888049213,0.205128205,0.19,0.774816574
COCCC1=C(c2ccc(OC)cc2)C(=O)C2(CC2)NC1=O,550,0.899104129,0.213333333,0.33,0.763291585
COCCC1=C(c2ccc(OC)cc2)C2(CCNC2=O)NC1=O,550,0.845114077,0.202531646,0.35,0.687446272
COCCC1=C(c2ccc(OC)cc2)C(=O)C2=C(CCC2)NC1,550,0.907250185,0.236842105,0.2,0.795070173
COCCC1=C(c2ccc(OC)cc2)C(=O)C2=C(C1)NCC2Cl,550,0.841653522,0.197530864,0.18,0.713671242
COCCC1=C(c2ccc(OC)c(Cl)c2)C(=O)NC2=C1CNC2,550,0.881535846,0.151162791,0.16,0.802727691
COCCC1=C(c2ccc(OC)cc2)C(=O)NC2=C(C1)NC(Cl)C2,550,0.634280358,0.2125,0.38,0.703800438
COCCC1=C(c2ccc(OC)cc2)C(=O)NC(c2ccoc2Cl)C1,550,0.844568176,0.188235294,0.28,0.728021978
COCCC1=C(c2ccc(OC)c(Cl)c2)C(=O)Nc2ccccc2N1,550,0.842130753,0.144578313,0.53,0.833050428
Nc1sc2c(c1C(=O)NC1C=S(O)(O)C=C1)CCC2,551,0.424436867,0.576923077,0.05,0.604158823
Nc1sc2c(c1C(=O)NC1=CCS(O)(O)C=C1)CCC2,551,0.674954068,0.5,0.03,0.715577976
Nc1sc(=S)ccc1C(=O)NC1=C2CCC=C2OS1(O)Cl,551,0.690787481,0.225352113,0.03,0.597144267
Nc1sccc1C(=O)NC1=C2CCC=CC2OS1(O)O,551,0.628191972,0.260869565,0.03,0.618306878
O=S(=O)(Nc1ccc2c(c1O)CCS(=O)C2)C1C=C1,551,0.640812504,0.142857143,0.03,0.654840111
O=S(=O)(NCC1=C2CCC(O)C2S1)c1ccc(O)cc1,551,0.777271124,0.125,0.01,0.703640091
O=S(=O)(NCC1=C2CCC(O)C2S1)c1ccc(Cl)cc1,551,0.886812833,0.123287671,0.01,0.713431849
O=S(=O)(NCC1=C2CCC(O)C2C1)c1ccc(S)cc1,551,0.585852948,0.109589041,0.02,0.696993388
Cc1sccc1NC(=O)C1=C2CCC1CCS2(O)O,551,0.777373097,0.205882353,0.01,0.592286468
Cc1cccc(C(=O)NC2=C3CCC(O)C3S2)c1Cl,551,0.881916292,0.166666667,0,0.702557265
Cc1cccc(P(=O)2CC3=C(CC2)SCCC3)c1O,551,0.798814633,0.126760563,0.03,0.631856614
Cc1ccsc1NC(=O)C1=C2CCC1CCS2(O)O,551,0.777373097,0.223880597,0.01,0.601591257
Cc1ccccc1NC(=O)C1=C2CCC1S2(O)O,551,0.769156208,0.203125,0.02,0.659651427
Cc1ccsc1C(=O)CC1=C2CCC(O)C1C=C2,551,0.846905254,0.152777778,0,0.587202606
Cc1ccsc1C(=O)CC1=C2CCC1C=C2O,551,0.823749987,0.157142857,0.01,0.613939739
Cc1ccsc1C(=O)Nc1ccc2c(c1O)CC2,551,0.814070225,0.196969697,0,0.852899643
Cc1ccsc1C(=O)NC1CC2=C(CCC2O)C1,551,0.804977394,0.205882353,0.07,0.695541321
Cc1ccsc1C(=O)NC1CC2=C(CCC(O)C2)C1,551,0.816686698,0.208955224,0.02,0.696304397
Cc1ccsc1C(=O)CC1CC2=C(CCC(O)C2)C1,551,0.671680201,0.157142857,0,0.68286736
Cc1ccsc1C(=O)Cc1ccc2c(c1O)CCC2=O,551,0.880620261,0.154929577,0.01,0.814111218
Cc1ccsc1C(=O)CC1=C2CCC(O)C=C2CC1,551,0.851197097,0.185714286,0,0.706801058
Cc1ccsc1C(=O)NCC1CCc2ccc(O)cc21,551,0.910327561,0.178082192,0.04,0.796976311
Cc1ccsc1C(=O)NCC1CCc2ccc(O)cc2C1,551,0.913633219,0.175675676,0.03,0.801802932
Cc1ccsc1C(=O)NCC1CCc2ccccc2O1,551,0.941292487,0.180555556,0.01,0.816321069
Cc1ccsc1C(=O)NCC1CCc2cccnc2O1,551,0.944126057,0.171052632,0.01,0.778688974
Cc1ccsc1C(=O)CC1CCc2cccnc2O1,551,0.804357241,0.146666667,0.02,0.757301618
Cc1ccsc1CNC(=O)Cn1ccc2c1CCC2O,551,0.906327946,0.157894737,0,0.764086163
Cc1ccsc1C(=O)NC1CCc2cccnc2C1,551,0.913062126,0.194444444,0.06,0.792174345
Cc1ccsc1NC(=O)C1CCc2cccnc2C1,551,0.911892404,0.162162162,0,0.78106973
Cc1ccsc1NCC1CCc2ccccc2O1,551,0.903344365,0.126760563,0.02,0.788435277
Cc1ccsc1C(=O)NC1CCc2ccccc2C1,551,0.891445347,0.212121212,0.02,0.830526513
Cc1ccsc1C(=O)NCc1ccc2c(c1)CCC2,551,0.909564946,0.208955224,0,0.886031547
Cc1ccsc1C(=O)NNc1ccc2c(c1)CCC2,551,0.841717842,0.212121212,0,0.861567211
Cc1ccsc1C(=O)NCc1ccc2c(c1)CC2,551,0.899181327,0.179104478,0,0.885470673
Cc1ccsc1CNC1CCc2cc(O)ccc2C1,551,0.897960617,0.136986301,0.03,0.799238681
CCOC(=O)C1CNC(=O)N=C1C,552,0.62943557,1,0,0.724118392
CCOC(=O)C1CNC(=O)N=C1C(C)=O,552,0.662816186,0.710526316,0,0.715936577
CCOC(=O)CC1CNC(=O)N=C(C)C1C,552,0.739000566,0.558139535,0,0.685639744
CCOC(=O)CC1CNC(=O)N=C(C(C)=O)C1,552,0.732815783,0.468085106,0.04,0.714599321
CCOC(=O)CC1CNC(=O)N=C(C)C1,552,0.712888507,0.5,0,0.721617159
CCOC(=O)CC1CNC(=O)N(C)N=C1C,552,0.717049759,0.395833333,0.02,0.724006556
CCOC(=O)NC1=NC(CC(=O)O)C(C)=N1,552,0.728496245,0.326530612,0,0.715359687
CCOC(=O)NC1=NC(CC(=O)O)C(C)=CN1,552,0.665287941,0.254545455,0.03,0.707273234
CCOC(=O)Cc1nc(=O)n(C)cc1C(C)C,552,0.73438106,0.236363636,0.01,0.818542687
CCOC(=O)NCc1nc(C(=O)O)c(C)o1,552,0.794218851,0.230769231,0,0.843863765
CCOC(=O)CC1CN(C)C(=O)c2ncccc21,552,0.754173906,0.275862069,0.02,0.776857158
CCOC(=O)CC1CNC(=O)c2ncccc2C1,552,0.808143745,0.321428571,0.08,0.771449478
CCOC(=O)CCC1CNC(=O)C(C(C)C)N1C,552,0.738691482,0.346153846,0.06,0.726752067
CCOC(=O)CCC1CNC(=O)C(C)(C)CN1C,552,0.755421145,0.339622642,0.03,0.73265553
CCOC(=O)CCC1CNC(=O)C(C)(C)N1C,552,0.730953132,0.352941176,0.02,0.743298073
CCOC(=O)c1nc(C(=O)NCCCCCC)cs1,552,0.588331886,0.203389831,0.01,0.874399142
CCOC(=O)CC1CN(C)C(=O)c2ccncc21,552,0.754173906,0.298245614,0.15,0.778324543
CCOC(=O)CC1CNC(=O)C(c2ncccc2C)N1,552,0.782129049,0.315789474,0.03,0.714317838
CCOC(=O)CC1CNC(=O)C(c2cnccc2C)N1,552,0.782129049,0.315789474,0.17,0.708175256
CCOC(=O)CC1CNC(=O)C(c2cnccn2)C1,552,0.806551808,0.315789474,0.04,0.710465366
CCOC(=O)CC1CNC(=O)C1c1cnccc1C,552,0.827088055,0.321428571,0.14,0.723400806
CCOC(=O)CC1CNC(=O)C1(C)c1cncs1,552,0.83029417,0.333333333,0.1,0.661266503
CCOC(=O)CC1CNC(=O)C1Cc1cnccc1C,552,0.821780107,0.310344828,0.12,0.721222509
CCOC(=O)CC1CNC(=O)C(c2cnccc2N)N1,552,0.655497606,0.305084746,0.19,0.695829377
CCOC(=O)CC1CNC(=O)CCC1c1cnccc1C,552,0.860637627,0.3,0.13,0.734384177
CCOC(=O)CC1CNC(c2cnccc2N)CN1,552,0.674113153,0.288135593,0.19,0.700049981
CCOC(=O)CC1CNC(=O)c2cnccc2N1,552,0.764961434,0.327272727,0.2,0.751568634
CC1CC(C)CN(c2ncnc3c2cnn3C)C1,553,0.768914437,1,0.01,0.759851125
CC1CC(C)CN(c2ncnc(N)c2C#N)C1,553,0.790211528,0.446808511,0.2,0.740821011
CC1CC(C)CN(c2ncnc(N)c2C(C)C)C1,553,0.873917459,0.456521739,0.2,0.740847973
CC1CCCN(c2ncnc(N)c2CC(C)C)CC1,553,0.909728504,0.254237288,0.25,0.794448228
CC1CCCN(c2ncnc(N)c2C(C)C)CC1,553,0.874075673,0.267857143,0.27,0.79459962
CC1CCN(c2ncnc(N)c2C(C)C)CC1,553,0.853494376,0.288461538,0.26,0.837807259
CC1CCN(c2ncnc(N)c2F)C(C)C1,553,0.790229107,0.277777778,0.29,0.733518927
CC1CCN(c2ncnc(N)c2F)C(C)(C)C1,553,0.814662456,0.272727273,0.28,0.734910693
CC1CCN(c2ncnc(N)c2F)C(C(C)C)C1,553,0.878108511,0.25862069,0.3,0.715409668
CC1CCN(c2ncnc(N)c2F)C(CC(C)C)C1,553,0.913671598,0.245901639,0.34,0.720428734
CC1CCN(c2ncnc(N)c2F)CC1,553,0.761546495,0.3,0.27,0.846321229
CC1CCCN(c2ncnc(N)c2F)C1,553,0.761546495,0.326923077,0.26,0.792848848
CC1CCCN(c2ncnc(N)c2F)CC1,553,0.790250214,0.277777778,0.28,0.803709486
CC1CCCN(c2ncnc(N)c2C(C)C)C1,553,0.853494376,0.314814815,0.26,0.785096589
CC1CCCN(c2ncnc(N)c2-c2cc[nH]c2)C1,553,0.865592317,0.3,0.44,0.753487072
CC1CCCCCN1c1ncnc(N)c1-n1cc[nH+]c1,553,0.897997453,0.203125,0.45,0.653129822
CC1CCCN(c2ncnc(N)c2-c2cc[nH]c2)CC1,553,0.880632099,0.258064516,0.46,0.762503562
CC1CCCN(c2ncnc(N)c2-c2ccc(F)cc2)C1,553,0.921355808,0.288135593,0.35,0.816497547
CC1CCCN(c2ncnc(N)c2-c2ccc(F)cc2)CC1,553,0.922097989,0.245901639,0.38,0.821181191
CC1CCCN(c2ncnc(N)c2-c2ccc(F)cc2)CC[NH2+]1,553,0.878787609,0.212121212,0.42,0.709146211
CC1CN(c2ncnc(N)c2-c2ccc[nH]2)CCC[NH2+]1,553,0.730026864,0.246153846,0.38,0.635520539
CC1CN(c2ncnc(N)c2-c2ccc[nH]2)CCCCO1,553,0.883434871,0.242424242,0.37,0.749346206
CC1CCCN(c2ncnc(N)c2-c2ccc[nH]2)CCN1,553,0.781381369,0.25,0.43,0.739075084
CC1CCCN(c2ncnc(N)c2-c2cc[nH]c2)CCN1,553,0.781381369,0.25,0.44,0.735668022
CC1CCCCN(c2ncnc(N)c2-c2ccn[nH]2)C1,553,0.874050294,0.274193548,0.35,0.763315764
CC1CCCCN(c2ncnc(N)c2-n2ccnc2)C1,553,0.903164933,0.278688525,0.34,0.766399318
CCC1CCCN1c1ncnc(N)c1-n1ccnc1,553,0.905342056,0.203125,0.33,0.752602876
CC1CCCCN1c1ncnc(N)c1-n1ccnc1,553,0.885817305,0.209677419,0.38,0.759497142
CC1CCCN(c2ncnc(N)c2-n2ccnc2)C1,553,0.882937283,0.283333333,0.28,0.762726792
CC1CCCN(c2ncnc(N)c2-c2ccn[nH]2)C1,553,0.855932218,0.278688525,0.34,0.759475044
O=C(Nc1nnc(C2CC2)s1)C1Cc2ccccc2CN1S(=O)(=O)c1ccccc1F,554,0.63336938,1,0,0.787969391
O=C(Nc1nnc(C2CC2)s1)C1Cc2ccccc2CN1S(=O)(=O)C1CC1,554,0.825311886,0.74137931,0.05,0.767380737
O=C(Nc1nncs1)C1Cc2ccccc2CN1C(=O)C1CC1(F)F,554,0.904936063,0.391891892,0.02,0.725126422
O=C(Nc1ncccc1F)C1Cc2ccccc2CN1C(=O)C1CC1,554,0.934605464,0.402777778,0.09,0.807649281
O=C(CSc1nncs1)N(Cc1ccccc1NC(=O)C1CC1)C1CC1,554,0.703211681,0.202247191,0.02,0.838983741
O=C(C1CC1)N(Cc1nccs1)Cc1ccccc1NC(=O)C1CC1,554,0.827558348,0.202380952,0,0.854336886
O=C(CSc1ncccc1CN(C(=O)C1CC1)C1CC1)NC1CC1,554,0.73485035,0.146067416,0.02,0.840933796
O=C(CN1CCCC1)N(Cc1ncccc1F)C(=O)NC1CC1,554,0.893150803,0.214285714,0.01,0.817650768
O=C(CCCO)N(Cc1ncccc1F)CC(=O)NC1CC1,554,0.736557265,0.2,0.01,0.838114863
O=C(CN1CCCC1)N(Cc1ccccc1)C(=O)NC1CC1,554,0.904598149,0.175,0.01,0.866416819
O=C(CN1CCCC1)N(Cc1ccccc1)C(=O)NC1=NCCC1,554,0.919402928,0.166666667,0,0.821369591
O=C(CNc1nccs1)N(Cc1ccccc1)C(=O)NC1CC1,554,0.853076759,0.188235294,0.04,0.833388355
O=C(CNc1nccs1)N(Cc1ccccc1)C(=O)C1CC1,554,0.889551547,0.195121951,0.02,0.841284706
O=C(CNc1ncccn1)N(Cc1ccc(F)cc1)C(=O)C1CC1,554,0.877596176,0.185185185,0.04,0.842777225
O=C(CNc1ncccn1)N(Cc1ccc(F)cc1)C1CC1,554,0.888460781,0.1875,0.06,0.87020119
O=C(CNc1nccs1)N(Cc1ccncc1)C1CC1,554,0.884514359,0.168674699,0.05,0.842993058
O=C(CNc1nccs1)N(Cc1ccncc1)C1CC1C(F)F,554,0.843111884,0.155555556,0.08,0.702723313
O=C(CNc1nccs1)N(Cc1ccncc1)C1CC1C(F)(F)F,554,0.864646121,0.159090909,0.08,0.707499068
O=C(CNc1nccs1)N(Cc1ccncc1)C1CNC1(F)F,554,0.781578161,0.153846154,0.18,0.711034789
O=C(CNc1nccs1)N(Cc1ccccc1)C1CNC(=O)C1,554,0.841101296,0.181818182,0.04,0.773266244
O=C(CNc1nccs1)N(Cc1ccccc1)C1CNCC1(F)F,554,0.836816283,0.175824176,0.11,0.736787132
O=C(CNc1nccs1)N(Cc1ccccc1)C1CCCCN1C(F)F,554,0.745672082,0.195652174,0.05,0.747334536
O=C(CNc1nccs1)N(Cc1ccccc1C(F)(F)F)C1CC1,554,0.85804188,0.197674419,0.03,0.836107619
O=C(CNc1ccccc1C(F)(F)CO)N(Cc1ccn[nH]1)C1CC1,554,0.68100242,0.164835165,0.12,0.790492549
O=C(CNc1ccncc1)N(Cc1cccs1)C1=NCC(F)(F)C1,554,0.901764594,0.144444444,0.07,0.756995538
Nc1ccccc1C(Cc1ccns1)N(C(=O)CF)C1CNC1,554,0.790147073,0.155555556,0.15,0.672048047
Nc1ccccc1C(C1CC1)N(Cc1ccncn1)C(=O)CF,554,0.831612668,0.170454545,0.22,0.735622248
Cc1ccc(C2(C)NC(=O)N(CC(=O)N3CCN(S(=O)(=O)c4cccs4)CC3)C2=O)cc1,555,0.656003484,1,0,0.795404822
Cc1ccc(C2(C)NC(=O)N(CC(=O)N3CCN(S(=O)(=O)c4cccs4)C3)C2)cc1,555,0.755186877,0.641791045,0.02,0.737417318
Cc1ccc(C2(C)NC(=O)N(CC(=O)N3CCN(S(C)(=O)=O)CC3)C2=O)cc1,555,0.698459254,0.706896552,0,0.809216747
Cc1ccc(C2(C)NC(=O)N(CC(=O)c3cccs3)N(C)C2=O)c(OC)c1,555,0.800032846,0.3375,0.03,0.743053924
Cc1ccc(C2(C)NC(=O)N(CC(=O)N3CCN(C)CC3)C2=O)c(OC)c1,555,0.778417548,0.471428571,0.05,0.803519828
Cc1ccc(C2(NC(=O)N(C)CC(=O)N3CCN(C)CC3)C(=O)N2)c(O)c1,555,0.608039961,0.280487805,0.03,0.748468733
Cc1ccc(C2(NC(=O)CC(=O)N3CCN(C)C3=O)c3ccccc32)cc1,555,0.845011284,0.306666667,0.01,0.790635959
Cc1ccc(C2(NC(=O)CC(=O)N3CCN(C)CC3)C(=O)Nc3ccccc32)s1,555,0.746629859,0.280487805,0.06,0.743768535
Cc1ccc(C2(NC(=O)CC(=O)N3CCN(C)CC3)C(=O)N2)c(F)c1,555,0.577138375,0.294871795,0.04,0.756425891
Cc1ccc(C2(CC)NC(=O)N(C(=O)Cc3cccs3)C2=O)cc1F,555,0.85215804,0.296296296,0.02,0.753735958
Cc1ccc(C23CCN(C(=O)N2)C(=O)N3CC(=O)N(C)C)cc1F,555,0.903417643,0.226190476,0.01,0.608845857
Cc1ccc2c(c1F)NC(=O)N2C1CCN(C(=O)CC(=O)NO)CC1,555,0.432957494,0.2,0.04,0.801318945
Cc1ccccc1N1C(=O)N(C)C12CCN(C(=O)CC(=O)O)CC2,555,0.85425594,0.227848101,0,0.743807514
Cc1ccccc1N1C(=O)N2CCN(C(=O)CC(=O)N3CC3)CC21,555,0.604073436,0.233766234,0.01,0.769428607
Cc1ccccc1N1C(=O)N(C)CC12CCN(C(=O)CCCF)CC2,555,0.840393286,0.21686747,0.02,0.744809473
Cc1ccccc1N1C(=O)N(C(=O)CC(=O)NC2CC2)CCC1F,555,0.677673535,0.176470588,0.02,0.755736185
Cc1ccccc1N1C(=O)N(C(=O)NC(=O)CC(F)F)CCC1C,555,0.920434389,0.172413793,0,0.742913818
Cc1ccccc1N1C(=O)N(C(=O)NC(=O)CCCF)CCC1C,555,0.919401809,0.157303371,0,0.759609378
Cc1ccccc1OC1CCN(C(=O)NC(=O)CC(F)F)CC1C,555,0.916645336,0.157303371,0.02,0.738410257
Cc1ccccc1OC1CCN(C(=O)NC(C)CF)CCC1=O,555,0.926289092,0.183908046,0.02,0.749047199
Cc1ccccc1OCC(C)NC(=O)N1CCN(P(=O)(F)F)CC1,555,0.818833939,0.176470588,0.02,0.766023364
Cc1ccccc1OCC(C)NC(=O)N1CCP(=O)(F)CC1,555,0.864452002,0.164705882,0,0.725339504
Cc1ccccc1C(C)(C)N1CCN(C(=O)CCCF)CC1,555,0.834254607,0.220779221,0.02,0.836069466
Cc1ccccc1C(=O)N1CCN(C(=O)CC(F)F)CC1,555,0.854982345,0.23943662,0.01,0.878081242
Cc1ccccc1N1CCN(C(=O)CC(F)F)CCC1=O,555,0.85785089,0.236842105,0.02,0.853580181
CC(NNC(=O)c1c(C)nc2ccccn12)=C1C=CC(=O)C=C1O,556,0.747418692,1,0.02,0.798687872
CC(NNC(=O)c1c(C)nc2ccccn12)=C1C=CC(=O)C=C1,556,0.848555489,0.745098039,0.01,0.804649348
CC(NOC(=O)c1c(C)nc2ccccn12)=C1C=CC(=O)CN1,556,0.830246139,0.447761194,0.16,0.734408401
CC(NOC(=O)c1c(C)nc2ccccn12)=C1C=CC=CN1,556,0.850030799,0.439393939,0.05,0.751649542
CC(NOCc1c(O)ccc2ccccc12)=C1C=NC(=O)N1,556,0.757468685,0.243243243,0.2,0.768853693
CC(NOC(=O)c1c(C)nc2ccccn12)=C1CCNC1O,556,0.729914587,0.405797101,0.1,0.688473959
CC(NOC(=O)c1c(C)nc2ccccn12)=C1CCNC1,556,0.838396167,0.417910448,0.08,0.757503957
CC(ONOC(=O)c1c(C)nc2ccccn12)=C1CN1,556,0.492484017,0.421875,0.09,0.722929625
CC(=C1CCOCO1)c1c(C)nc2cccc(O)n12,556,0.855427686,0.257142857,0.01,0.7168863
CC1=NC(=O)C(=C(C)OON2CCNC2)c2ccccc21,556,0.394853236,0.184210526,0.14,0.721271393
CC1=NC(=O)C(=C(C)OCN2CCNC2)c2ccccc21,556,0.676882811,0.166666667,0.19,0.755469341
CC1=NC(=O)C(=C(C)OCN2CCNCC2)N1C,556,0.565263456,0.12,0.07,0.724054389
CC1=NN(COC(=O)c2c(C)cccc2)CN1,556,0.799587495,0.166666667,0.09,0.785153072
Cc1c(C(=O)ON2CCCC2)nc2ccccn12,556,0.80921007,0.3125,0.03,0.809922744
Cc1c(C(=O)ON2CCNCC2)nc2ccccn12,556,0.857491385,0.298507463,0.07,0.792790988
Cc1c(C(=O)N2CCOCC2)nc2ccccn12,556,0.75593843,0.333333333,0.01,0.859718306
Cc1c(C(=O)NOCCN)nc2ccccn12,556,0.587111742,0.34375,0.05,0.809372303
CC1NCN(COC(=O)c2ccccc2)C1=N,556,0.765216719,0.135135135,0.01,0.751675701
CC1NCN(COC(=O)c2ccccc2)C1=O,556,0.777103827,0.152777778,0.01,0.790445893
CC1(C(=O)ONc2ccccc2)CCNCCN1,556,0.694706225,0.136986301,0.04,0.743438839
CC1(C(=O)ONc2ccccc2)CCNCC1,556,0.784784113,0.144927536,0.02,0.822288224
CC1(C(=O)Oc2ccccc2)CCNCCN1,556,0.590298403,0.126760563,0.02,0.77536587
CC1(C(=O)c2ccccc2O)CCNCC1,556,0.747527916,0.151515152,0.01,0.836163332
CC(CC1CCNCC1)Oc1ccccc1C=O,556,0.812904269,0.090909091,0.04,0.794928188
CC1CCNCCC1NC(=O)c1ccccc1O,556,0.743199286,0.171428571,0.05,0.80189939
CC1CCNCCN1C(=O)c1ccccc1O,556,0.767806633,0.154929577,0.07,0.831060637
CC1CCNC(C(=O)c2ccccc2O)CN1,556,0.665783987,0.14084507,0.04,0.742112623
CC1CCNC(C(=O)c2ccccc2)CN1,556,0.733094885,0.130434783,0.01,0.766352251
CC1CCNC(C(=O)c2ccccc2Cl)CN1,556,0.789885846,0.123287671,0.02,0.752558135
Cc1c(CNC2CCCC(C)C2C)c(C(=O)O)c(C)n1Cc1ccccc1,557,0.772387275,1,0.01,0.753398382
Cc1c(COC2CCCC(C)C2C)c(C(=O)O)c(C)n1Cc1ccccc1,557,0.761927818,0.655172414,0.01,0.736379305
Cc1c(COC2CCCC(C)C2F)c(C(=O)O)c(C)n1Cc1ccccc1,557,0.783875478,0.580645161,0,0.717257869
Cc1c(COC2CCCC(C)C2F)c(C(=O)O)cn1Cc1ccccc1,557,0.820842541,0.4,0,0.708701251
Cc1c(CC2CCCC(C)C2NC(=O)O)c(COc2ccccc2)co1,557,0.780140496,0.285714286,0.05,0.70220632
Cc1cc(CC2CCCC(C)C2NC(=O)O)c(COc2ccccc2)o1,557,0.780140496,0.269230769,0.05,0.704839377
Cc1ccc(CC(C)C(=O)OC2CCCC2OCc2ccccc2)c(F)c1,557,0.643993836,0.240506329,0,0.756854541
Cc1ccccc1CC1CCCC(CCc2cn[nH]c2C)C1OC(=O)O,557,0.736905111,0.207317073,0.14,0.703182412
COC1CCC(CCc2ccccc2)C1Nc1c(C)c[nH]c1C,557,0.825497349,0.207792208,0.09,0.699893111
Cc1ccc(CC(C)C(=O)OC2CCCC2)c(CN=C(C)N)c1,557,0.495813425,0.158536585,0.04,0.765864123
Cc1ccccc1CC(C)Cc1cn[nH]c1CC1CCCC1N,557,0.852072363,0.175,0.19,0.700545792
Cc1ccccc1CC(C)Cc1cnn(CCCCCN)c1N,557,0.697533107,0.111111111,0.08,0.778778461
Cc1ccccc1CCn1cc(C)c(CC2CCCNC2)c1N,557,0.887676943,0.172839506,0.12,0.766072551
Cc1ccccc1CCn1cc(C)c(NC2CCCC2)c1CCCN,557,0.738300636,0.175,0.04,0.822634051
Cc1ccc(-n2cc(C)c(NC3CCCC3)c2CCCN)cc1,557,0.833114639,0.153846154,0.04,0.829990686
Cc1ccc(-n2cc(C)c(NC3CCCC3)c2CC#N)cc1,557,0.900364687,0.155844156,0.01,0.822188247
Cc1ccc(-n2cc(C)c(NC3CCCC3)c2C#N)cc1,557,0.908602725,0.146666667,0.01,0.828842162
Cc1ccc(-n2cc(C)cn2)c(C(=O)O)c1NC1CCC1,557,0.905217433,0.260273973,0.04,0.829121561
Cc1ccc(-c2ccccn2)c(NC2CCCCC2)c1C#N,557,0.893336916,0.151898734,0.05,0.843462763
Cc1cc(-c2ccccn2)c(C)c(NC2CCCC2)c1C#N,557,0.899267459,0.15,0.08,0.835840018
Cc1cc(-c2ccccn2)c(C)c(N2CCCC2)c1C#N,557,0.837029811,0.126582278,0.07,0.835495495
Cc1cc(-c2ccccn2)c(C)nc1NC1CCCC1C#N,557,0.932618002,0.1875,0.1,0.741302682
Cc1cc(-c2ccccn2)c(C)n1NC1CCCC(C#N)C1,557,0.936611205,0.185185185,0.13,0.703534916
Cc1cc(-c2ccccc2)c(C)n1NC1CCCC(C#N)C1,557,0.91098366,0.213333333,0.04,0.722409642
Cc1cc(C(C)C2CCCC2)c(-c2ccccn2)nc1NC#N,557,0.660062199,0.142857143,0.06,0.734750873
Cc1cc(CN2CCCC2)c(C)c(-c2ccccn2)c1NC#N,557,0.688274627,0.160493827,0.02,0.813895348
Cc1cc(CNC2CCCC2)c(C)nc1-c1ccccn1,557,0.926149254,0.2,0.12,0.85384666
Cc1c(CNC2CCCC2)cn(C(C)C)c1-c1ccccn1,557,0.882024109,0.207792208,0.01,0.824371153
Cc1c(CNC2CCCC2)cn(CNc2ccccn2)c1C#N,557,0.859969221,0.195121951,0.02,0.793638022
CNc1cc(C2CCCC2)c(-c2ccccc2)nc1C(C)=O,557,0.834485313,0.219178082,0.02,0.84533257
Cc1c(CNC2CCCC2)cc(-c2ccc[nH]2)nc1C(C)C,557,0.850279686,0.192307692,0.09,0.800948443
Cc1c(CNC2CCCC2)cn(Cc2ccccn2)c1C#N,557,0.921374728,0.215189873,0,0.817144253
N=C1C(Br)C(=O)NC(=O)N1c1ccc(F)cc1,558,0.773540089,1,0.03,0.755267883
N=C1C(Br)=CC(=O)NC(=O)N1c1ccc(F)cc1,558,0.820684207,0.361702128,0.04,0.825965842
N=C1C(Br)=C(F)C(=O)NC(=O)N1c1ccccc1,558,0.820684207,0.254901961,0.06,0.823879814
N=C1C(Br)=C(Cc2ccc(F)cc2)C(=O)NC1=O,558,0.816166837,0.3125,0.266666667,0.803829892
N=C1C(=O)NC(=O)C(Br)=C1Nc1ccc(F)cc1,558,0.724244794,0.319148936,0.32,0.806603833
N=C1C(=O)NC(=O)C(Br)=C1c1ccc(F)cc1,558,0.773101623,0.333333333,0.5,0.812928016
N=C1C(=O)NC(=O)C1=CCc1ccc(Br)cc1,558,0.641956356,0.196078431,0.19,0.796009878
N=C1CC(Br)=C(F)C(=O)N1c1ccc(F)cc1,558,0.850733094,0.409090909,0,0.77901698
N=C1CC(C(=O)Br)=C(N)N(c2ccc(F)cc2)C1,558,0.822152529,0.294117647,0.04,0.757075418
CNC1CC(=O)C(Br)=C(N)N(c2ccc(F)cc2)C1,558,0.867906266,0.277777778,0.03,0.75341733
NCC1CC=C(Br)C(=O)N1c1ccc(F)c(C#N)c1,558,0.904944238,0.19047619,0.02,0.711885378
NCC1CC=C(Br)C(=O)N1c1ccc(F)cc1C#N,558,0.904944238,0.19047619,0.05,0.70958449
CCC1C=C(Br)C(=O)N(c2ccc(F)cc2)C(N)=C1,558,0.906988818,0.333333333,0.1,0.723714668
CNC1C=C(C#N)C(=O)N(c2ccc(F)cc2)CC1,558,0.877322828,0.245614035,0,0.746672321
CNC1CC(=O)N(C)C(C=Cc2ccc(F)cc2)=C1N,558,0.877751531,0.203389831,0.05,0.74195548
CCC1CC=C(Br)C(=O)N1Cc1ccc(F)cc1C#N,558,0.847504059,0.1875,0.04,0.729288626
COC1=C(C(=O)Nc2ccc(F)cc2)C(N)CC=C1,558,0.874725002,0.166666667,0.05,0.777945761
CNC1=C(c2ccc(F)cc2)C(=C(N)N)CC=C1,558,0.74468053,0.140350877,0.11,0.765261773
COC1=C(c2ccc(F)cc2)C(=O)NC(N)=C1Br,558,0.895069222,0.222222222,0.14,0.840121572
COC1=C(c2ccc(F)cc2)C(=O)NC(N)=C1,558,0.831647164,0.20754717,0.16,0.865745066
NCC1=C(c2ccc(Br)cc2)C(=O)C(F)=CN1,558,0.893951048,0.163636364,0.24,0.814525099
NCC1NC(=O)C(Br)=C1c1ccc(F)cc1,558,0.862405319,0.26,0.216666667,0.759424576
NCC1=C(c2ccc(F)cc2)C(=O)NC=C1,558,0.804574324,0.244897959,0.19,0.86224299
NC1=C(c2ccc(F)cc2)C(=O)NC=C1,558,0.743161987,0.234042553,0.15,0.864838078
NC1=C(c2ccc(F)cc2)C(=O)NC=C1Br,558,0.844480843,0.244897959,0.18,0.8437694
NC1=C(c2ccc(F)cc2)C(=O)C(Br)=CN1,558,0.844480843,0.244897959,0.19,0.818310659
CC1=C(c2ccc(F)cc2)C(=O)NC(N)=N1,558,0.762355145,0.215686275,0.08,0.864385834
CCC1=C(c2ccc(F)cc2)C(=O)NC(N)=N1,558,0.829135301,0.203703704,0.1,0.854427554
NC1=C(c2ccc(F)cc2)C(=O)N(CCO)CC=C1,558,0.849695148,0.192982456,0.05,0.806201754
NCC1=C(c2ccc(F)cc2)C(=O)N(CCO)C(=O)N1,558,0.720681214,0.214285714,0.15,0.832950584
CC(OC(=O)Cc1ccc(Br)cc1)C(=O)NC1CCCCC1,559,0.811175475,0.734693878,0,0.849713165
CC(OC(=O)Cc1ccc(Br)cc1)C(=O)NC1CCCC1,559,0.827488023,0.75,0,0.851420381
CC(OC(=O)Cc1ccc(Cl)cc1)C(=O)NC1CCC1,559,0.849196408,0.555555556,0,0.860681913
CC(OC(=O)Cc1ccc(Cl)cc1)C(=O)NC1CC1,559,0.841054802,0.547169811,0,0.86404307
CC(SCc1ccc(Cl)cc1)C(=O)NC1CCCC1C,559,0.879700955,0.457627119,0,0.78380556
CC(OCc1ccc(Cl)cc1)C(=O)NC1CCCC1C,559,0.90197248,0.535714286,0,0.791943197
CC(NC(=O)Cc1ccc(Cl)cc1)C(=O)N(C)C,559,0.899177272,0.241935484,0,0.861020915
CC(SCc1cccc(Cl)c1)C(=O)NN(C)C(C)C,559,0.817972568,0.183098592,0,0.772507091
CC(Nc1ccc(Cl)cc1)C(=O)NC(=O)N(C)C,559,0.881531097,0.169230769,0,0.834012582
CC(OC(C)Cc1ccc(Cl)cc1)C(=O)N1CCCC1,559,0.834006187,0.246153846,0,0.798028827
CC(Cc1ccc(Br)cc1)C(=O)N(C)C(=O)NCCCl,559,0.81958731,0.276923077,0,0.783710439
CC(Cc1ccc(Br)cc1)C(=O)NN1CCCCC1C,559,0.910134551,0.409836066,0.01,0.763863717
CC(OCc1ccc(Br)cc1)C(=O)N1CCCCC1C,559,0.835358759,0.416666667,0,0.804463717
CC(Cc1ccc(Br)cc1)C(=O)N1CCCCC1C,559,0.82197348,0.406779661,0,0.809568876
CC(Cc1ccc(Br)cc1)C(=O)N1CCCC1C,559,0.834520587,0.389830508,0,0.809210196
CC(Oc1ccc(Br)cc1)C(=O)N1CCCCC1C,559,0.849031999,0.366666667,0.01,0.817581939
CC(=O)c1ccc(C(=O)N2CCCC(CCC(=O)N(C)c3ccccn3)C2)s1,560,0.695522575,0.731343284,0.02,0.778774034
CC(=O)c1ccc(C(=O)N2CCCC(CCC(=O)c3ccccn3)C2)s1,560,0.724274069,0.681818182,0,0.793815717
CC(=O)c1ccc(C(=O)N2CCCC(CCc3ccccn3)C2)s1,560,0.776040493,0.774193548,0,0.805033955
CC(=O)c1ccc(C(=O)N2CCCC(Cc3ccccn3)C2)s1,560,0.807928546,0.6875,0,0.804014742
CC(=O)c1ccc(C(=O)N2CCCC(Cc3ccccn3)C2)cc1,560,0.810923341,0.5,0.01,0.841044435
CN(CCCc1ccccn1)C(=O)c1ccc(N(C)C)cc1,560,0.822402438,0.324324324,0,0.889283537
CN(CCCc1ccccn1)c1ccc(C(=O)N(C)C)cc1,560,0.822402438,0.306666667,0,0.884492718
CN(CCCOc1ccccn1)c1ccc(C(=O)N(C)C)cc1,560,0.737383719,0.219512195,0,0.87659633
CN(CCCOc1ccccn1)c1ncccc1C(=O)NC1CCCC1,560,0.73814799,0.25,0.01,0.852310916
CN(CCCOc1ccccn1)c1ncccc1C(=O)NC1CCC1,560,0.748458729,0.25,0.01,0.852935974
OC(CCCNc1ccccn1)c1cccn1-c1ccc(C(=O)O)cc1,560,0.540794335,0.175824176,0.08,0.796414536
OC(CCCn1ccnc1-c1cccc(N(C)C)c1)Cc1cccs1,560,0.662360377,0.153061224,0.1,0.784026872
OC(CCCn1cnc2c1CCC2)Cc1cccc(N2CCCC2)c1,560,0.840901157,0.145833333,0.03,0.77915227
NC(=O)c1ccc(N2CCCC2CCCNc2ccccn2)cc1,560,0.768016811,0.264367816,0.13,0.818547174
NC(=O)c1ccc(Nc2cccc(-n3cncn3)c2)c(N)c1,560,0.633859172,0.105263158,0.13,0.86496456
OC(CCCn1ccnc1)c1cccc(-c2ccc([NH])cc2)n1,560,0.758317876,0.11827957,0.15,0.751349137
NC1(c2ccc(-n3cncn3)cc2)CCCC12CCCCC2,560,0.921608516,0.103448276,0.05,0.688215697
NC1(c2ccc3nccc(-c4cccs4)c3c2)CCC1,560,0.759747842,0.134831461,0.19,0.837172633
[O-]C1CCCN(c2ncnc3ccc(C4=CCCC4)cc23)C1,560,0.853803161,0.163043478,0.14,0.734030252
NCC1CCC1Nc1ccc(-c2cccc(Cl)c2)nn1,560,0.907794209,0.096774194,0.17,0.773555305
NC1(c2ccc3ncnc(N4CCCC4)c3c2)CCC1,560,0.90918417,0.141176471,0.19,0.841260962
NCc1ccnc(-c2ccc3ncccc3c2)c1,560,0.742675873,0.105882353,0.18,0.88884802
NCc1ccnc(Nc2ccc3nccnc3c2)c1,560,0.746063992,0.082352941,0.28,0.865166113
CCN(CC)c1cc(-c2ccccn2)nc2cc[nH]c12,560,0.786071517,0.151162791,0.2,0.82025831
CCN(CC)c1ccc(-c2ccncn2)c(NC2CCC2)c1,560,0.875912438,0.142857143,0.37,0.841249297
CCC(C)c1ccnc(Nc2cccc(-c3cccnc3)c2)c1,560,0.685369339,0.095744681,0.28,0.827081858
CN(C)Cc1ccnc(Nc2cccc(-c3cccnc3)c2)c1,560,0.774690166,0.120879121,0.32,0.879509894
CN(C)Cc1ccnc(Nc2cccc(-c3ccncn3)c2)c1,560,0.783223604,0.11827957,0.49,0.861951685
CN(C)Cc1cc(-c2cccnc2)nc2c(C(N)=O)cnn12,560,0.773996238,0.150537634,0.13,0.823345323
CN(C)Cc1ccc(-c2ccncn2)c(Nc2ccccn2)c1,560,0.783223604,0.155555556,0.38,0.849717012
CN(C)Cc1ccc(-c2ccncn2)cc1Nc1ccccn1,560,0.783223604,0.155555556,0.5,0.851785669
CN(C)Cc1ccc(-c2ccncn2)cc1Nc1cccc(N)n1,560,0.752216956,0.113402062,0.53,0.832148269
CN(C)Cc1ccccc1-c1cc(Nc2cccc(F)c2)ncn1,560,0.768047951,0.11827957,0.28,0.868999774
CN(C)Cc1ccccc1-c1cc(Nc2cccnc2)ncn1,560,0.783223604,0.130434783,0.34,0.859032282
CN(C)Cc1ccccc1-c1cc(Nc2ccc(N)nc2)ncn1,560,0.752216956,0.117021277,0.27,0.845304568
NC(N)c1ccnc(Nc2cccc(-c3ccncn3)c2)n1,560,0.625404107,0.073684211,0.7,0.824774782
NC(N)c1ccnc(Nc2cccc(-c3ccncc3)c2)n1,560,0.636954655,0.076923077,0.64,0.842391849
NC(=O)c1ccnc(Nc2cccc(-c3ccncc3)c2)n1,560,0.769346847,0.123595506,0.56,0.873856032
Cc1ccc(-c2ccnc(Nc3ccnc(N)c3)n2)cc1,560,0.768575476,0.078651685,0.73,0.877251704
Nc1ccnc(-c2ccnc(Nc3cccnc3)n2)c1,560,0.753797395,0.090909091,0.67,0.854454583
Cn1ccnc1C1CCCCN1Cc1nc(-c2ccc3c(c2)OCO3)no1,561,0.701378437,1,0.04,0.773698612
Cn1ccnc1C1CCCCN1Cc1nc(-c2ccco2)co1,561,0.738721123,0.5,0.04,0.751073922
Cn1cccc1C1CCNCC1c1nc(Cc2ccc(O)cc2)no1,561,0.764523542,0.186813187,0.07,0.721492407
Cn1cccc1C1CCNCC(c2ccc3c(c2)OCO3)=N1,561,0.924859954,0.320512821,0.15,0.735143152
Cn1ccnc1CCCC1NCC(c2ccc(O)cc2)=NO1,561,0.882999539,0.223529412,0.2,0.719711273
CC1CCCCN1Cc1nc(-c2ccc(O)cc2)c(Cl)[nH]1,561,0.906355047,0.253164557,0.14,0.796046265
Cc1nc(C2(C)CCCCN2)nn1Cc1cccc(O)c1,561,0.908755185,0.144444444,0.03,0.739620111
CN1CCCCC1c1nc(CNc2cccc(O)c2)c(Cl)[nH]1,561,0.80598255,0.229885057,0.07,0.755401948
CN1CCCCC1CNCc1[nH]c(-c2ccc(O)cc2)nc1Cl,561,0.786176003,0.209302326,0.24,0.777016141
CN1CCCCC1c1nc(CNCc2ccc(O)cc2)no1,561,0.881952556,0.259259259,0.01,0.796511033
CN1CCCCC1CNCc1cc(-c2ccc(O)cc2)n[nH]1,561,0.792966512,0.211764706,0.2,0.794685311
CC1CCCCN1Cc1nc(-c2ccc(O)cc2)c([O-])[nH]1,561,0.90697216,0.256410256,0.12,0.75449447
CC1CCCCN1Cc1ncc(-c2ccc(O)cc2)[nH]1,561,0.901285505,0.272727273,0.21,0.807518682
CN1CCCCC1CNCc1cc(-c2cccnc2)n[nH]1,561,0.882527927,0.204545455,0.2,0.786436968
CC1CCCCN1Cc1cc(Br)cc(-c2nnco2)n1,561,0.860397636,0.228915663,0.05,0.747367753
CC1CCCCN1Cc1cc(Br)cc(-c2cncnc2)n1,561,0.849553347,0.2375,0.13,0.774799926
CC1CCCCN1Cc1cc(Br)cc(-c2cncnc2)c1,561,0.830653052,0.227848101,0.11,0.80338202
CC1CCCCN1Cc1cc(Br)cc(-c2cnc[nH]2)c1,561,0.911620782,0.21686747,0.17,0.786004358
CC1CCCCN1Cc1cc(-c2cccnc2)c(Br)cn1,561,0.830653052,0.256097561,0.08,0.794497026
CC1CCCCN1Cc1cnccc1-c1cc(Br)n[nH]1,561,0.931967144,0.256097561,0.3,0.745051573
CC1CCCCN1Cc1cnccc1-c1cc(Br)c(=O)[nH]n1,561,0.910935422,0.229885057,0.3,0.762805122
CC1CCCCN1Cc1cc(-c2cnc[nH]2)ccc1OCC1CC1,561,0.863447648,0.255813953,0.15,0.788332449
CC1CCCCN1Cc1nc(-c2cccnc2)c(Br)[nH]1,561,0.931967144,0.243902439,0.13,0.77065847
CC1CCCCN1Cc1cnccc1NCc1cc(=O)[nH][nH]1,561,0.790065899,0.229885057,0.21,0.748169927
CC1CCCCN1Cc1cnccc1NCc1cc(O)n[nH]1,561,0.790733837,0.227272727,0.22,0.742336273
CC1CCCCN1Cc1cnccc1-c1cc(N)[nH]n1,561,0.899106086,0.240963855,0.32,0.759978098
CC1CCCCN1Cc1cnccc1-c1cc(O)[nH]n1,561,0.900918274,0.240963855,0.26,0.752267753
CC1CCCCN1Cc1cnccc1-c1cc[nH]c1,561,0.91060052,0.265822785,0.35,0.775548586
O=C(Nc1ccccn1)C1CCCN(c2ncnc3c2nc2n3CCCCC2)C1,562,0.738523726,1,0.01,0.775959311
O=C(Nc1ccccn1)C1CCCN(c2ncnc3c2nc2n3CCCC2)C1,562,0.754005775,0.982758621,0.01,0.776474683
O=C(NCc1ccccn1)C1CCCN(c2ncnc3c2nc2n3CCCC2)C1,562,0.732606153,0.735294118,0,0.774712799
O=C(Nc1ccccn1)C1CCCN(c2ncnc3c2cnn3CC2CC2)C1,562,0.734814533,0.589041096,0.06,0.782576098
O=C(Nc1ccccn1)C1CCCN(c2nccc3c2[nH+]c2n3CCCC2)C1,562,0.760512167,0.589041096,0.06,0.70124966
O=C(NCCc1ccccn1)C1CCCN(c2ncc[nH+]c2C2CCCCC2)C1,562,0.817659702,0.380952381,0.01,0.717106717
O=C(O)C1CCCCN(c2ccccc2Nc2ncc3c(n2)CCCC3)C1,562,0.857092833,0.337349398,0.35,0.800192122
O=C(O)C1CCCCN(C(=O)Nc2ccncc2-c2ncccn2)CCCC1,562,0.840526713,0.268292683,0.11,0.798594737
O=C(O)C1CCCCN(C(=O)Nc2ccccc2-c2ncncn2)CCCC1,562,0.840526713,0.2875,0.1,0.804997016
NC(=O)OC1(c2ccccn2)CCCN(c2ncnc3c2CCCCN3)C1,562,0.855244062,0.277777778,0.18,0.708315199
NC(=O)OCc1cccnc1C1CCCN(c2ncnc3c2CCCC3)C1,562,0.892818323,0.337209302,0.11,0.758099425
NC(=O)OC1(c2ccccn2)CCCN(c2ncnc3c2CCCC3)C1,562,0.910057599,0.305882353,0.13,0.725613386
NC(=O)OC1(c2cccnc2)CCCN(c2ncnc3[nH]ccc23)C1,562,0.755027922,0.225806452,0.45,0.724637743
NC(=O)Oc1cccc(C2CC2)c1Nc1ncccc1C1CCCCN1,562,0.757360217,0.182795699,0.17,0.7515011
NC(=O)Oc1cccc(CCCc2ccncc2)c1[NH+]1CCCCCC1,562,0.837986131,0.131868132,0.06,0.731906867
NC(=O)Oc1cccc(CC(c2ccncc2)C(F)F)c1N1CC1,562,0.82543189,0.141304348,0.08,0.744798986
NC(COCc1cccnc1)CCCC(=O)c1n[nH]c2c1CCCC2,562,0.683174438,0.14,0.13,0.75502847
NC(CCOc1ccccc1)CCCC(=O)c1n[nH]c2c1CCCC2,562,0.684692025,0.161290323,0.11,0.779610346
NC(=O)CCCCSc1ccccc1-c1nc2c([nH]1)CCCCCC2,562,0.566578483,0.166666667,0.15,0.820256899
NC(=O)CCCCSc1ccccc1-c1nc2c(c(N)n1)CCCC2,562,0.585802834,0.153846154,0.06,0.827826572
NC(=O)CCSc1cccc(CC2=NNC(=O)C3CCCCN23)c1,562,0.764163265,0.164948454,0.08,0.74616439
NC(=O)CCCc1cccc(CC2=NNC(=O)C3CCCCN23)c1,562,0.825718075,0.184782609,0.08,0.763499953
NC(=O)CCCc1ccccc1CC1=NNC(=O)C2CCCCN12,562,0.825718075,0.188888889,0.06,0.756995382
NC(=O)CCCCCSc1ccccc1C1=NNC(=O)N=CC1,562,0.56554821,0.106382979,0.04,0.764630313
NC(=O)CCCc1ccccc1CC1=CCC(=O)N=CC=C1,562,0.875718707,0.122222222,0.05,0.785251984
NC(=O)CCCCCCc1ccncc1C1=NNC(=O)C=CC1,562,0.716325146,0.09375,0.18,0.773439404
NC(=O)CCCc1ccncc1C1=CCCCC(=O)NC=CC1,562,0.875424394,0.112244898,0.24,0.714303087
NC(=O)OCCCCCc1ccncc1C(=O)C1=NCCCC1,562,0.588817269,0.129032258,0.11,0.790898844
NC(=O)OCCCCCc1ccncc1C1=NCC=CC=CC1,562,0.785206937,0.092783505,0.18,0.763052718
NC(=O)OCCCCCc1ccncc1C1=CCCC=CC=CN1,562,0.748898541,0.089108911,0.23,0.720022558
NC(=O)OCCCCCc1ccncc1C1(F)C=CC=CCN1,562,0.598246318,0.089108911,0.16,0.695144346
NC(=O)OCCCCCc1ccncc1C1(F)C=CC=CCNC1,562,0.752313314,0.098039216,0.14,0.69266361
NC(=O)OCCCCc1c(C2=CC=CC2)cnc2ccccc12,562,0.820360401,0.115789474,0.14,0.810088539
NC(=O)OCCCCc1c(C2=CC=CC2)ccc2[nH]ccc12,562,0.792991387,0.082474227,0.13,0.793498099
NC(=O)OCC(Cc1ccncc1)C1=CCCCc2[nH]ccc21,562,0.890034756,0.114583333,0.2,0.713848333
N#CCCCOC(=O)C1(c2ccncc2)CCCCc2[nH]ccc21,562,0.520170331,0.134020619,0.1,0.712970471
N#CCCCOC(=O)C1(c2ccncc2)C=CC=C2NC=CCC21,562,0.66649768,0.097087379,0.06,0.632065442
CCC(C)OC(=O)C1(c2ccncc2)C=CC=CC12CCCCN2,562,0.862693767,0.103092784,0.09,0.570746019
NCCCCC(OC(=O)C1CCCCC1)c1ccnc2[nH]ccc12,562,0.59687481,0.197802198,0.49,0.772068273
NCCOCC(Cc1ccncc1)c1cc(N)cc2c1CCCC2,562,0.606233951,0.094736842,0.22,0.756546734
NCCOCC(Cc1ccncc1)c1cc(N)cc2[nH]cnc12,562,0.456194809,0.071428571,0.37,0.739761996
CCC(N)(COCc1ccncc1)C1CCCCc2c1[nH]cnc2=O,562,0.785705711,0.131313131,0.22,0.684435482
CCC(N)(COCc1ccncc1)C1CCCCc2[nH]cnc2C1CC,562,0.786927274,0.121212121,0.3,0.662518229
CCC(NC)C(Cc1ccncc1)c1cc(N)nc2c1CCCC2,562,0.855870932,0.117021277,0.19,0.707151019
CCC(NC)C(Cc1ccncc1)c1cc(N)nc2[nH]ccc12,562,0.653925107,0.072164948,0.31,0.699508395
CCC(Nc1ncnc2[nH]ccc12)c1ccncc1CCCCN,562,0.5533606,0.091836735,0.55,0.753573108
CCC(NC1CCCC1)C(N)Cc1ccnc2[nH]ccc12,562,0.764677908,0.119565217,0.48,0.725204045
CCC(Nc1ncnc2[nH]ccc12)C1CCCCC1CCCCN,562,0.637451442,0.125,0.52,0.691094647
CCC(Nc1ccnc2[nH]ccc12)C1CCCCC1CCCCN,562,0.615889151,0.112244898,0.52,0.695252449
CCC(Nc1ccnc2[nH]ccc12)C1CCCCC1CCCN,562,0.71358369,0.113402062,0.51,0.691831548
CCC(=O)C1(Cc2ccnc3[nH]ccc23)CCCCC1N,562,0.906800501,0.150537634,0.46,0.689724276
CCC(=O)CC1CCCCC1Cc1ccnc2[nH]ccc12,562,0.890296763,0.159090909,0.37,0.732580842
Cc1ccc2[nH]c(C)c(CCNC(=O)c3c(N)no[n+]3[O-])c2c1,563,0.618582064,1,0.05,0.78145119
Cc1ccc2[nH]c(C)c(CCNC(=O)c3nonc3N)c2c1,563,0.6791892,0.677966102,0.04,0.840088251
Cc1ccc2[nH]cc(CCCNC(C)c3nonc3N)c2c1,563,0.608539241,0.315789474,0.19,0.76635555
Cc1ccc2[nH]c(C)c(CCNC(C)c3nonc3N)c2c1,563,0.673220008,0.507692308,0.12,0.756858823
Cc1ccc2[nH]c(CCCNC(C)c3nonc3N)cc2c1,563,0.608539241,0.302631579,0.16,0.753452009
Cc1ccc2[nH]c(-c3cccnc3NC(C)CON)cc2c1,563,0.631801772,0.207317073,0.31,0.7667829
Cc1ccc2[nH]c(-c3cccnc3N)c(C)c2c1,563,0.680905062,0.318181818,0.31,0.857977472
Cc1ccc2[nH]nc(NC(C)c3cccnc3)c2c1,563,0.750412868,0.210526316,0.37,0.812297702
Cc1ccc2[nH]nc(NC(C)c3ccncc3)c2c1,563,0.750412868,0.222222222,0.31,0.810323156
Cc1ccc2[nH]nc(NC(C)c3cccc(N)c3)c2c1,563,0.634123946,0.243243243,0.55,0.813238929
Cc1ccc2[nH]nc(-c3ccc(N)nc3)c2c1,563,0.666984345,0.25,0.59,0.865675351
Cc1ccc2[nH]nc(-c3ccnc(N)c3)c2c1,563,0.666984345,0.253731343,0.6,0.860888852
CC1(C)Oc2ccc3ccc(=O)oc3c2C(C=N)C1=O,564,0.636932322,1,0,0.704200514
CCC1(C)Oc2ccc3ccc(=O)oc3c2C(C=N)C1=O,564,0.679128478,0.739130435,0.01,0.663640572
CCC1(C)Oc2ccc3ccc(=O)oc3c2C(C=N)C1,564,0.67151624,0.557692308,0,0.661281849
CCC1Oc2ccc3ccc(=O)oc3c2C(C=N)C1=O,564,0.670753243,0.56,0.01,0.669771684
CCC1=Cc2ccc3ccc(=O)oc3c2C(C=N)C1,564,0.654645897,0.410714286,0.01,0.683189662
CCC1=Nc2ccc3ccc(=O)oc3c2C(C=N)C1,564,0.65878929,0.403508772,0.01,0.676375417
CCc1ccc2ccc(=O)oc2c1C(C=N)CN,564,0.637675071,0.339285714,0.1,0.706217466
CCc1ccc2ccc(=O)oc2c1C(C#N)CN,564,0.833677336,0.271186441,0.01,0.73383962
CCc1ccc2ccc(=O)oc2c1C1CC1C=N,564,0.662723019,0.433962264,0,0.681335589
CCc1ccc2ccc(=O)oc2c1C(CN)C=O,564,0.655505463,0.298245614,0.08,0.731150389
CCc1ccc2ccc(=O)oc2c1C(CN)CN,564,0.79783381,0.296296296,0.01,0.796521158
CCc1ccc2ccc(=O)oc2c1C(CC)CN,564,0.842575077,0.285714286,0.01,0.763250082
CCc1ccc(C2CCC(=O)O2)c(C(=O)CN)c1,564,0.649954424,0.112676056,0.02,0.769339312
CCc1ccc(C2CC2)c(=O)c(C(C)=O)c1OC,564,0.767080618,0.104477612,0,0.83741335
CCc1ccc(C2CC2)c(=O)c(C(C)=O)c1,564,0.727859607,0.109375,0.01,0.863268774
CCC(=O)N1CC(C2CC2)OC1=NC(CC)CC,564,0.754365537,0.071428571,0.01,0.674955576
CCC(=O)N1C=C(C2CC2)OC(=O)C1CCCC,564,0.705497073,0.1,0,0.695886188
CCC(=O)N1C=C(C2CC2)OC1=C(C)C(C)=O,564,0.705185698,0.090909091,0.02,0.699090038
CCC(=O)N1C=C(C2CC2)OC(=O)C1C(C)CN,564,0.757439385,0.097222222,0.04,0.633552067
CCC(=O)N1CC(C)(CC)OC1=CC(C)C1CC1,564,0.766860341,0.164179104,0.01,0.63956617
CCC(=O)N1CC(C)(CC)OC1=CC(=O)C1CC1,564,0.719853118,0.153846154,0,0.68603053
CCC(=O)N1CC(=O)OC(C)(C)C1C(C)C1CC1,564,0.722451974,0.134328358,0.02,0.682399708
CCC(=O)N1CC(=O)OC(C(C)CC)C1C1=NCCC1,564,0.737779516,0.077922078,0.03,0.641461354
CCC(=O)N1C=C(CC(C)CN)C(C)(C(C)=O)C1,564,0.809736639,0.085714286,0.03,0.633662228
CCC(C)(C)n1cc(C(=O)CN)c(=O)cc1C1CC1,564,0.825488744,0.083333333,0.01,0.762145365
CCC(C)(C)n1cc(C(C)=O)c(=O)cc1C1CC1,564,0.766931142,0.086956522,0.01,0.781478264
CCC(C)(C)n1cc(C(=O)CNCC2CC2)c(=O)o1,564,0.76387984,0.112676056,0.03,0.742607332
CCC(C)(C)n1cc(C(C)=O)c(=O)cc1CCCO,564,0.801465471,0.070422535,0,0.783050596
CCC(=O)N(CC(C)CN)c1ccc2c(c1)OCCC2,564,0.897833002,0.090909091,0.07,0.76743957
CCC(C)(C)C(=O)Cc1ccc2c(c1)N(CCCO)CC2,564,0.838675078,0.078947368,0.01,0.831921826
CCC(C)(C)C(=O)Cc1ccc2c(c1)N(C)CCO2,564,0.833957002,0.114285714,0,0.831676383
CCC(C)(C)C(=O)Nc1ccc2c(c1)OC(CN)C2,564,0.874920798,0.109589041,0.05,0.792992774
CCC(C)(CO)C(=O)Nc1ccc2c(c1)CN(C)C2,564,0.87209134,0.069444444,0.01,0.777942774
CC(=O)N(CCCC)c1ccc2c(c1)NCC(CO)O2,564,0.864582905,0.12,0.02,0.767101384
Cc1oc2cc3oc(=O)c(CCC(=O)NC(C(=O)O)C(C)C)c(C)c3cc2c1C,565,0.612766772,1,0,0.778437087
Cc1oc2cc3oc(=O)c(CCC(=O)NC(C(=O)O)C(C)C)c(F)c3cc2c1C,565,0.61023185,0.865384615,0.01,0.760237679
Cc1oc2cc(OC(=O)CCC(C(=O)O)C(F)(F)C(=O)O)c(C)cc2c1C,565,0.554871614,0.347826087,0.02,0.743129289
Cc1cc2oc(=O)c(CCC(=O)C(C(=O)O)C(F)(F)C3CC3C)cc2cc1C,565,0.570571778,0.263157895,0.09,0.670203307
Cc1cc2oc(=O)c(CCC(=O)C(F)(C(=O)O)C(C)C)cc2c(C)c1Cl,565,0.602245944,0.338028169,0.04,0.726040726
Cc1cc2oc(=O)c(CCC(=O)C(F)(C(=O)O)C3CC3C)cc2c(C)c1Cl,565,0.590608859,0.293333333,0.05,0.664206798
Cc1cc2oc(=O)c(CCC(=O)C(C(=O)O)C(C)C)cc2c(C)c1CCCN,565,0.505002017,0.432835821,0.07,0.745472291
Cc1cc2oc(=O)c(CCC(=O)C3(C(O)COC)CCC3)cc2c(C)c1Cl,565,0.726066249,0.282051282,0.04,0.717589913
Cc1cc2cc(C(C)C(=O)NC(CCCO)C(=O)O)ccc2c(C)c1Cl,565,0.688174629,0.220779221,0.02,0.763248057
Cc1cc2cc(C(C)C(=O)NCC(O)CCCO)ccc2c(=O)n1C(C)C,565,0.660798576,0.170731707,0.02,0.739920446
Cc1cc2cc(C(C)C(=O)NCC(O)CCCOC)ccc2c(=O)n1C,565,0.704294548,0.164705882,0.05,0.751792418
Cc1cc2cc(C(C)C(=O)NC3(O)CCOC3=O)ccc2nc1CCCCl,565,0.449315476,0.170454545,0.03,0.683296854
Cc1cc2c(cc1C(C)C(=O)NCC(O)CCCO)C(=O)CCCN2C,565,0.687662259,0.151162791,0.05,0.72261777
COCCC1(C(=O)NCc2cc3oc(=O)ccc3cc2Cl)CCCN1C,565,0.782023178,0.142857143,0.03,0.733819881
Cc1cc2c(cc1C(C)C(=O)NCC(O)CCCO)oc(=O)n2C,565,0.693360939,0.202531646,0.05,0.722243683
CCCCc1cc2cc(C(=O)CCC(O)COC)c(=O)[nH]c2cc1Cl,565,0.666447593,0.152941176,0.06,0.776941309
COCCCn1c(=O)[nH]c2cc(C(=O)CCC3(C)COCCN3C)ccc21,565,0.564464323,0.130434783,0.07,0.740249361
CCCCc1cc2cc(C(=O)CCC3(O)CCC3)c(=O)[nH]c2nc1C,565,0.755006512,0.168674699,0.08,0.793956849
COCCC1(C(=O)NCc2cc3c(C)cc(=O)oc3cn2)CCCN1,565,0.818916365,0.181818182,0.05,0.718312553
COCCCn1c(=O)ccc2cc(C(=O)NC3(C)CCOC3)c(Cl)cc21,565,0.784294843,0.120879121,0.04,0.75840576
COCCCn1c(=O)ccc2cc(C(=O)NC3(C)CCOC3)cnc21,565,0.799155353,0.120879121,0.09,0.752951122
Cc1cc2oc(=O)n(CCC(=O)NCC3CCCO3)c2cc1C(C)Cl,565,0.797628302,0.234567901,0.01,0.737951477
COc1cc2oc(=O)n(CCC(=O)CCC3(C)CC3)c2cc1Cl,565,0.770671563,0.158536585,0.02,0.808378853
Cc1cc2oc(=O)c(CCC(=O)NC3(C)CCC3)cc2cc1Cl,565,0.866843962,0.273972603,0.08,0.822111454
Cc1cc2occ(CCC(=O)NCC3(C)CCCO3)c2cc1Cl,565,0.897679419,0.225,0.03,0.757141065
Cc1cc2occ(C)c2cc1CCC(=O)NCC(C)(C)CCC=O,565,0.741666488,0.220779221,0.03,0.802790683
Cc1cc2occc2c(C)c1CCC(=O)NC1(C)CCC(=O)N1,565,0.911258103,0.293333333,0.02,0.72800571
Cc1cc2occc2c(C)c1CCC(=O)NCC1(O)CCCC1,565,0.888625051,0.291666667,0.01,0.825542366
CC1(C)CCC(=O)c2cc(CCC(=O)C3COCCN3)c(Cl)cc21,565,0.907163955,0.151162791,0.07,0.72737855
Cc1cc2occc2c(C)c1CCC(=O)C1(C)CCC(=O)NC1,565,0.93998395,0.246753247,0.04,0.729310517
Cc1cc2occc2c(Cl)c1CCC(=O)C1(C)CCC(=O)NC1,565,0.925057743,0.225,0.02,0.713139604
Cc1cc2occ(C)c2cc1CCC(=O)C1(C)CCCNC1,565,0.929470504,0.192307692,0.03,0.740612172
Cc1cc2occc2c(C)c1CCC(=O)N1CCCNC(=O)C1,565,0.945563629,0.25974026,0.03,0.828010768
Cc1cc2oc(=O)n(C)c2cc1CCC(=O)C1CCCNC1,565,0.937224339,0.202531646,0.03,0.760535249
Cc1cc2occc2c(C)c1CCC(=O)N1CCCNC1=O,565,0.947665581,0.273972603,0.04,0.823674852
Cc1cc2oc(=O)n(C)c2cc1CCC(=O)C1CCCCN1,565,0.938966109,0.205128205,0.03,0.759529542
Cc1csc(NC(=O)C=S(O)(O)=Cc2ccccc2)n1,566,0.761347246,1,0,0.773242262
Cc1csc(NC(=O)C=P(O)(O)=Cc2ccccc2)n1,566,0.752247027,0.6,0,0.732393636
Cc1csc(NC(=O)C=P(O)(O)C=Cc2ccccc2)n1,566,0.755944345,0.576923077,0,0.786697225
Cc1csc(NC(=O)C=P(O)(O)Cc2ccc(C)cc2)n1,566,0.754891839,0.446428571,0.01,0.798234027
Cc1cnc(NC(=O)C=P(O)(O)CNCc2ccccc2)s1,566,0.601932194,0.307692308,0.04,0.787145323
CCCc1nsc(N=CP(O)(O)=Cc2ccc(CC)cc2)n1,566,0.625413875,0.152777778,0.03,0.727123239
CCc1nsc(N=CP(O)(O)=Cc2ccc(CC)cc2)n1,566,0.65473528,0.15942029,0.03,0.722930602
CCCc1ncc(P(=O)(O)CNCc2ccc(C)cc2)s1,566,0.768571384,0.138888889,0.02,0.735096782
CCCc1ncc(P(=O)(O)CNCc2ccccc2)cn1,566,0.766011851,0.161764706,0.02,0.753149086
CCCc1ncc(P(=O)(O)CNCc2ccccc2)s1,566,0.772003744,0.173913043,0.02,0.738284543
CCCc1ncc(C(O)CNCCc2ccccc2)s1,566,0.734748245,0.157142857,0.04,0.805458735
CCCc1ncc(C=CCNCCc2ccccc2)s1,566,0.743480955,0.157142857,0.02,0.835911949
CCCNc1ncc(C=CCNCCc2ccccc2)s1,566,0.69156719,0.169014085,0.06,0.837339101
CCCNc1ncc(C=CCP=Cc2ccccc2)s1,566,0.744848714,0.202898551,0.07,0.734972445
CCCNc1ncc(-c2ccccc2)c(CCN)n1,566,0.833046557,0.147058824,0.24,0.861059239
CCCNc1ncc(-c2ccccc2)c(C=S)n1,566,0.833885542,0.166666667,0.27,0.82637156
CCCNc1ncc(C=O)c(-c2ccccc2)n1,566,0.817695808,0.1875,0.15,0.863750554
CCCNc1nccc(-c2ccccc2CN)n1,566,0.844840199,0.132352941,0.45,0.876830436
CCCNc1nccc(-c2ccccc2COC)n1,566,0.863399911,0.128571429,0.48,0.878123295
CCCNc1nccc(-c2ccccc2CNC)n1,566,0.834019915,0.130434783,0.46,0.875360218
CCCNc1nccc(-c2ccc(C#N)cc2)n1,566,0.889240317,0.101449275,0.46,0.88546801
CCCNc1nccc(-c2ccc(CCN)cc2)n1,566,0.833046557,0.1,0.51,0.888700918
CCCNc1nccc(-c2ccc(CCN)c(C)c2)n1,566,0.846894441,0.108108108,0.56,0.867313989
CC1=CC=CN2C(=O)C(C=O)C(=Nc3ccc(S(N)(=O)=O)cc3)N=C12,567,0.636632856,1,0.02,0.675688912
CC1=CC=CN2C(=O)C(C)C(=O)C2=Nc2ccc(S(N)(=O)=O)cc21,567,0.788776096,0.27027027,0.04,0.716054529
CC1=CC=CC(=O)C1C(=O)c1nc2ccc(S(N)(=O)=O)cc2n1C,567,0.661195017,0.256410256,0.05,0.724890149
CC(C)N1C(=O)C(C=Nc2ccc(S(N)(=O)=O)cc2)Nc2ccccc21,567,0.803279058,0.297297297,0.04,0.74475728
CC(C)N1C(=O)C(C=Nc2ccc(S(N)=O)cc2)=Nc2ccccc21,567,0.730440218,0.172839506,0.04,0.733913648
CC(C)N1C(=O)C(=Nc2ccc(S(N)=O)cc2)Nc2cccc(C)c21,567,0.754078458,0.1875,0.08,0.70216093
CC(C)N1C(=O)C(C=Nc2ccc(S(N)=O)cc2)Oc2ccccc21,567,0.853576337,0.172839506,0.02,0.679769718
CC(C)N1C(=O)C(C)Oc2ccc(C(=O)Nc3ccccc3S)cc21,567,0.823691952,0.103448276,0.01,0.790692479
CC(C)N1C(=O)C(C)Oc2ccc(C(N)=Nc3ccccc3F)cc21,567,0.6872353,0.139534884,0.02,0.768519235
CC(C)N1C(=O)C(C=Nc2ccccc2S(N)=O)=Nc2ccccc21,567,0.730440218,0.144578313,0.05,0.727340462
CC(C)N1C(=O)C(C=Nc2ccc(S(N)=O)cc2)c2ccccc21,567,0.868249823,0.192307692,0.04,0.699531904
CC(C)N1C(=O)C(=CNc2ccccc2)S(=O)(=O)c2ccccc21,567,0.870247812,0.1,0.05,0.819437126
CC(C)N1C(=O)C(C=Nc2ccccc2)S(=O)(=O)c2ccccc21,567,0.805482076,0.155844156,0,0.736833889
CCN1C(=O)C(CCOc2ccccc2)Nc2ccc(S(C)=O)cc21,567,0.862253491,0.101123596,0.05,0.743389737
CC(C)N1C(=O)C(CCOc2ccccc2)S(=O)c2ccccc21,567,0.835941408,0.109756098,0.01,0.728193412
CC(C)N1C(=O)C(CCOc2ccccc2)Sc2ccccc21,567,0.816433935,0.139240506,0.01,0.814163926
CC(C)N1C(=O)C(CCNc2ccccc2)Nc2ccccc21,567,0.884417692,0.111111111,0.01,0.807481409
CC(C)N1CC=C(CNc2ccccc2Sc2ccccc2)C1=O,567,0.845681768,0.095238095,0.01,0.818889852
CC(C)N1CC=C(Sc2ccccc2)N(c2ccccc2)C1=O,567,0.792431637,0.08974359,0,0.821331711
CC(C)C(O)CCN1CC=C(Sc2ccccc2)C(=O)CC1,567,0.872844284,0.081395349,0.02,0.757239964
CC1C(=O)N(c2ccccc2)N=C1Sc1ccccc1,567,0.839504183,0.14084507,0.02,0.795692687
CC1C(=O)N(c2ccccc2)N=C1COc1ccccc1,567,0.863221264,0.135135135,0.02,0.821893495
CC1C(=O)N(c2ccccc2)N=C1COc1ccc(I)cc1,567,0.727102093,0.126582278,0.09,0.796811227
Cc1cccc(NC(=O)c2c3c(oc2C(O)O)CC3)c1,568,0.746078624,0.6875,0,0.810971108
Cc1cccc(C(=O)Nc2c3c(oc2C(O)O)CC3)c1,568,0.746078624,0.472727273,0,0.80888979
Cc1cccc(C(=O)Nc2oc3c(c2C(C)O)CC3)c1,568,0.901691292,0.464285714,0,0.77129479
Cc1ccc(C(=O)Nc2c3c(oc2C(C)O)CC3)cc1,568,0.901691292,0.344827586,0.01,0.779888472
Cc1cccc(C(O)c2oc(CNC(C)O)c3c2CC3)c1,568,0.737624111,0.322580645,0,0.696258753
Cc1cc(C(O)Cc2ccccc2C(O)NC2CC2)co1,568,0.714547224,0.185714286,0.02,0.704689522
Cc1cc(C(O)Cc2ccoc2CNC(C)C)ccc1O,568,0.764390476,0.154929577,0.04,0.776668935
Cc1cc(C(O)c2ccccc2)c2n1C(CC(C)O)CC2,568,0.906222463,0.191176471,0.01,0.705204814
Cc1cc(C(O)Cc2ccccc2)c(CNC(C)C)cn1,568,0.856181207,0.161764706,0.02,0.814889481
Cc1cc(C(O)NCc2ccccc2)c(CC(C)C)cc1O,568,0.713216472,0.161764706,0.02,0.793011383
Cc1cc(C(O)NCc2ccco2)c(CC(C)C)cc1O,568,0.714058793,0.169014085,0.01,0.75835302
Cc1cc(C(O)NCc2cncnc2)cc(CC(C)C)c1O,568,0.7144276,0.125,0.06,0.751758924
Cc1cc(C(O)NCc2cccnc2)cc(CC(C)C)c1O,568,0.717358113,0.148648649,0.04,0.77678818
CC(C)CCN(c1cccnc1)C1CCC(CC(C)(C)O)C1,568,0.817234481,0.101265823,0.02,0.726157243
CC(C)CC(O)c1ccccc1C(=O)NC1CCC(CN)C1,568,0.755981674,0.214285714,0.02,0.752098824
CC(C)CCN(C)C(CCCCN)c1cc(O)c(O)c(OC)c1,568,0.45465644,0.08,0.13,0.773958873
CC(C)CCN(C)C(CCCCN)c1cc(O)c(O)c(CC)c1,568,0.452422586,0.094594595,0.09,0.763773762
CC(C)CCN(C)C(=O)c1ncc(CC)c(O)c1CCCC,568,0.794288217,0.106666667,0.03,0.815275617
CCCC(C)NC(=O)c1nccc2c1CCC(N(C)C)C2,568,0.905199536,0.157894737,0.02,0.74627028
CC(C)CCC(C)(O)c1cc(CN)c2c(c1)CC(N)O2,568,0.769267217,0.106666667,0.08,0.672743123
Cc1cc(C(O)C(CC(C)C)NC2CCCC2)cnc1O,568,0.753655639,0.138888889,0.04,0.718131818
CC(=O)N(C)C(Cc1ccccc1)c1ncc(O)c(O)c1,568,0.903806107,0.161764706,0.03,0.77151111
CC(=O)N(C)C(Cc1cccnc1)c1cccc(O)c1,568,0.928556405,0.154929577,0.07,0.807446439
CC(=O)N(C)C(Cc1ccccc1)c1nccc(O)c1,568,0.928556405,0.161764706,0.01,0.78763545
CC(C)C(=O)c1cc(O)cnc1-c1ccccc1,568,0.838710655,0.158730159,0.03,0.869956235
CC(C)N(O)C(Cc1ccccc1)c1nccc(O)c1,568,0.820821401,0.115942029,0.01,0.76485468
CC(C)NC(=O)c1ncc(-c2ccccc2)cc1O,568,0.886879582,0.19047619,0.11,0.895121058
CC(C)NC(=O)c1cc(-c2ccccc2)cnc1O,568,0.886879582,0.19047619,0.11,0.880138184
CC(C)NC(=O)c1cc(-c2cccnc2)cnc1O,568,0.88131398,0.179104478,0.12,0.853054294
Cc1cccc(-c2ncnc(CC(O)CN)c2F)c1,568,0.873510787,0.212121212,0.18,0.774100768
CC(C)NC(=O)c1ncncc1-c1cccc(O)c1,568,0.88131398,0.194029851,0.19,0.858752407
CC(C)NC(CO)c1ncncc1-c1cccc(F)c1,568,0.878896841,0.136986301,0.24,0.774586548
CC(=O)NCc1cncc(-c2cccc(CN)c2)c1,568,0.875624408,0.164179104,0.29,0.888102539
CC(=O)Nc1cncc(-c2cccc(CN)c2)c1O,568,0.782830534,0.173913043,0.28,0.851967211
Cc1cc(-c2ncnc3cc(CN)cnc23)ccc1O,568,0.742113316,0.111111111,0.25,0.835557174
CC(C)NC(=O)c1cncnc1-c1ccc(CN)c(O)c1,568,0.789277293,0.148648649,0.27,0.839619439
COc1ccc(NC(=O)C2C=NC(=O)N(c3ccc(C)c(C)c3)C2=O)cc1OC,569,0.784799619,1,0.01,0.769733492
COc1ccc(NC(=O)C2C=NC(=O)N(c3ccc(C)c(C)c3)C2=O)cc1,569,0.843477615,0.781818182,0.02,0.776626996
COc1ccc(NC(=O)C2C=NC(=O)N(c3ccc(C)c(C)c3)C2)cc1,569,0.915124711,0.5,0.03,0.773241377
COc1ccc(NC(=O)C2C=NC(=O)N(c3ccc(C)cc3)C2)cc1OC,569,0.87942181,0.546875,0.01,0.775072235
COc1ccc(NC(=O)C2C=NC(=O)C(c3ccc(C)cc3)C2)cc1OC,569,0.880285973,0.462686567,0.04,0.748256576
COc1cc(NC(=O)C2C=NC(=O)C(c3ccc(C)cc3)C2)ccc1OC,569,0.880285973,0.462686567,0.04,0.748256576
COc1cc(S(=O)C2C=NCC(=O)C2)cc2ccc(C)c(OC)c12,569,0.854493852,0.225,0.02,0.651633626
COc1cc(NC(=O)C2CN=Cc3ccc(C)cc3N2)ccc1OC,569,0.898385855,0.375,0.06,0.778927504
COc1cc(NC(=O)C2CN=Cc3ccc(C)cc32)ccc1OC,569,0.939538706,0.391304348,0.03,0.786219895
COc1cc(NC(=O)C2C=NC(=O)CC2)ccc1C(C)=O,569,0.856662033,0.376811594,0.01,0.751857795
COc1cc(NC(=O)C2C=NC(=O)CC2)ccc1OC,569,0.906712638,0.467741935,0.01,0.76725468
COC(=O)C(O)c1cnc2ccc(C)cc2c1NC=O,569,0.648074503,0.164556962,0.02,0.767112682
COC(=O)C(O)c1cnc2ccc(C)c(OC)c2c1,569,0.85250409,0.219178082,0,0.797341591
COC(=O)C(C)C(=O)c1cnc2ccc(C)c(F)c2c1,569,0.490704812,0.197368421,0.02,0.787708445
COC(=O)C(C)Cn1cnc2ccc(C(F)(F)F)cc21,569,0.814898052,0.1625,0.04,0.800237505
COC(=O)C(C)Cn1cnc2ccc(C(C)=O)cc21,569,0.623203897,0.181818182,0,0.811483307
CCC(C(N)=O)c1cnc2ccc(OC)c(C)c2n1,569,0.909515531,0.226666667,0.03,0.773869993
CNc1cc(C(=O)NC2CC2)nc(C(C)(C)OC)n1,569,0.837819123,0.168831169,0.02,0.802758463
COC(=O)C(C)CCn1cnc(-c2ccc(OC)c(C)c2)n1,569,0.766914798,0.25974026,0.03,0.794187676
CCC(CC[NH3+])c1ncnc(-c2ccc(OC)c(C)c2)n1,569,0.881152573,0.205128205,0.08,0.717800824
CNC(=O)c1cnc(C)c(-c2ccc(OC)c(C)c2)n1,569,0.928456484,0.263888889,0.09,0.868946388
CNC(=S)Nc1cnc(-c2ccc(OC)c(OC)c2)cn1,569,0.838104312,0.236111111,0.15,0.86293347
CNC(=S)Nc1cnc(-c2ccc(OC)c(OC)c2)nc1,569,0.838104312,0.264705882,0.1,0.872218476
CNC(=O)C(N)c1cnc(-c2ccc(OC)c(C)c2)nc1,569,0.881265205,0.277777778,0.09,0.801260182
CNC(=O)C(c1ccc(OC)c(C)c1)c1ncc(C)cn1,569,0.932645992,0.267605634,0.03,0.78599493
CC(=O)Nc1ncnc(-c2ccc(OC)c(OC)c2)c1C,569,0.934524444,0.308823529,0.22,0.876453656
CNC(=S)Nc1ncnc(-c2ccc(OC)c(OC)c2)c1C,569,0.838893891,0.263888889,0.25,0.851045002
CN=C([S-])Nc1ncnc(-c2ccc(OC)c(OC)c2)c1C,569,0.530464902,0.260273973,0.24,0.78270881
CNCc1ncnc(-c2ccc(OC)c(OC)c2)c1NC1CC1,569,0.818054058,0.220779221,0.18,0.834515857
CNc1ncnc(-c2ccc(OC)c(OC)c2)c1C1CCNC1,569,0.882322682,0.215189873,0.33,0.777595861
CNc1ncnc(-c2ccc(OC)c(C)c2)c1C1CCNC1,569,0.908302179,0.209876543,0.29,0.769687662
CNc1ncnc(-c2ccc(OC)c(C)c2)c1C1CCN1,569,0.90324786,0.217948718,0.27,0.770760146
O=C(NCCCO)C1C(=O)c2cccc3c2N(CCC3)C1=O,570,0.617541339,1,0,0.777538475
O=C(NCCO)C1C(=O)c2cccc3c2N(CCC3)C1=O,570,0.759646335,0.87755102,0,0.776371098
O=C(NCCO)C1C(=O)c2cccc3c2N(CCC3)C1,570,0.780910509,0.559322034,0.02,0.779733126
O=C(NCCO)C1C(=O)c2cccc3c2N(CC3)C1,570,0.748840994,0.5,0.02,0.776195645
O=C(CCCO)C1C(=O)c2cccc3c2N(CCC3)C1,570,0.846471542,0.491803279,0.03,0.761931507
O=C(CCCN)C1C(=O)c2cccc3c2N(CCC3)C1,570,0.844879384,0.415384615,0.05,0.761315852
CC(=O)CCC1C(=O)c2cccc(C)c2N2CCCC12,570,0.847201639,0.285714286,0,0.735733772
CC(=O)C1CCC(C(=O)NCCO)c2cccc(C)c21,570,0.877823649,0.264705882,0.01,0.738503398
CC1Cc2cccc3c(N)ccc(c23)C(=O)N1CCO,570,0.817735734,0.25,0.06,0.787231054
CC1Cc2cccc(N)c2C(=O)C1C1CCCN1CCO,570,0.831139375,0.281690141,0.02,0.70303428
CC1Cc2cccc(N)c2C(=O)C1C1CCCN1C,570,0.786543364,0.228571429,0.01,0.706579172
CC1CCc2c(C(=O)NCCN)cccc2C1C1CC1,570,0.884297977,0.219178082,0.04,0.758248058
CC1CCc2c(N)cccc2C(C(=O)NCC#N)C1,570,0.482702538,0.213333333,0.06,0.733974391
CC1C(=O)c2cccc(N)c2C(=O)C1C1CCNC1,570,0.748915019,0.180555556,0.1,0.693609071
CC1C(=O)C(C(=O)NCCN)c2cccc3c2C1CC3,570,0.809167054,0.314285714,0.01,0.692656934
CC1CCc2cccc(N)c2C(=O)C1C1CN=C1C,570,0.620180169,0.208333333,0.09,0.66521894
CC1C(=O)N(CCN)c2cccc3c(C)cnc1c23,570,0.89192807,0.155844156,0.16,0.752937343
CC1C(=O)N(CC2CCCC2=O)c2c(C)cccc21,570,0.816647788,0.242857143,0.02,0.730158716
CC1C(=O)CCC(C(=O)NCCN)c2cccc(C)c21,570,0.822686418,0.246575342,0.02,0.734967733
CC1=CC(C)C(C(=O)N2CCCC2)c2cccc(N)c21,570,0.797285355,0.191780822,0.02,0.733449157
CC1=C(C)C(C(=O)N2CCCC2)c2cccc(N)c21,570,0.78530287,0.217391304,0.03,0.770674933
CC1=CC(C(=O)N2CCCC2)c2c(N)cccc21,570,0.768543098,0.235294118,0.03,0.766200911
CC1=C(C(N)=O)CCC1Cc1cccc2c1NCC2,570,0.872234862,0.184210526,0.08,0.721976842
CC1C(=O)C(C2CCCC2)c2c(N)cccc21,570,0.751207975,0.176470588,0.07,0.726303969
NCC1C(=O)c2cccc(N)c2N1CC1CCCC1,570,0.81171547,0.268656716,0.08,0.751602768
CC1C(=O)C=C(C2CCCc3c2cccc3N)CO1,570,0.786723265,0.171052632,0.05,0.690630038
CCC1c2cccc(N)c2C(=O)C=C1N1CCCC1,570,0.827497017,0.214285714,0.04,0.752420431
CC1C(=O)N=C(C2CCCC2)c2c(N)cccc21,570,0.769725543,0.169014085,0.1,0.744742088
CC(=O)N1CCCCC1Cc1cccc2c1N=CC2,570,0.800489793,0.213333333,0.02,0.749541338
CC(=O)N1CCCCC1Cc1cccc2c1NCC2CO,570,0.895661896,0.189873418,0.02,0.721483251
CC(=O)N1CCOCC1CNc1cccc2c1CCCC2,570,0.927082111,0.253333333,0.04,0.789002701
CC(=O)N1CCCCC1Cc1cccc2c1NCC2CN,570,0.89481686,0.172839506,0.04,0.720037866
CC1C(C(=O)[O-])C2CCCCC2N1Cc1cccc(N)c1,570,0.853164401,0.197368421,0.02,0.666169897
CC1C(=O)N=C(N)C1Nc1cccc2c1CCCC2,570,0.849696859,0.225352113,0.04,0.716371064
CC(=O)N1CCCCC1Cc1cccc2c(N)cncc12,570,0.921610299,0.192307692,0.17,0.790985496
CC1C(N)CCCC1Cc1cccc2c(N)nccc12,570,0.880009132,0.128205128,0.15,0.732511238
CC1CN(Cc2cccc3c(N)ccnc23)CCCC1CO,570,0.914412309,0.170731707,0.13,0.763180826
CC(C)C1CCCCC1Cc1cccc2c(N)nccc12,570,0.876028679,0.128205128,0.2,0.759739405
CCCCCC(C(=O)O)C(C)CC(=O)NC1CCCCC1,571,0.637027269,1,0,0.784715903
CC(CC(C)C(=O)O)CC(=O)NC1CCCCC1,571,0.766253486,0.52173913,0,0.791154409
CC(C)CC(C(=O)O)C(C)CC(=O)NC1CCCC1,571,0.746548517,0.651162791,0,0.77743091
CC(C)C(CC(=O)O)C(=O)NC1CCCCC1,571,0.774960579,0.446808511,0.01,0.831017047
CC(C)C(CC(=O)O)CC(=O)NC1CCCCC1,571,0.766253486,0.511111111,0.01,0.812130144
CC(C)C(C)(C=O)CC(=O)NC1CCCCC1,571,0.749717523,0.392156863,0.01,0.761913703
CC(CC(=O)NC1CCCC1)C(=O)c1ccccc1,571,0.826299289,0.431372549,0.01,0.851089377
CC(C)(C)C(CC(=O)NC1CCCC1)c1ccccc1,571,0.871991023,0.396226415,0.01,0.830615944
CC(C)C(CC(=O)NC1CCCC1)c1ccccc1,571,0.854041611,0.431372549,0,0.844539805
CC(C)C(CC(=O)NC1CCCC1)c1ccccc1N,571,0.807896526,0.375,0.09,0.811674735
CC(C)(CC(=O)NC1CCCC1)c1ccccc1N,571,0.817649896,0.293103448,0.07,0.865859229
CC(C)CC(CC(=O)NC1CC1)c1ccccc1N,571,0.772295613,0.305084746,0.07,0.80730668
CC(CC(=O)NC1CCCCC1)c1ccccc1N,571,0.816699914,0.407407407,0.07,0.833471144
CC(CC(=O)NC1CCCCC1)c1cccnc1N,571,0.875052144,0.379310345,0.14,0.814876557
CC(CC(=O)NC1CC1)c1cccnc1N,571,0.804683612,0.305084746,0.16,0.810311988
Cc1ccc(-c2nnc(N3CC(C)OC(C)C3)c3ccccc23)cc1,572,0.703691807,1,0.01,0.790126721
Cc1ccc(-c2nnc(N3CC(C)OC(C)C3)cc2C)cc1,572,0.851564171,0.586956522,0.08,0.776857438
Cc1ccc(-c2ncc(N3CC(C)OC(C)C3)c3ccccc23)cc1,572,0.672321729,0.652173913,0.06,0.791497875
Cc1ccc(-c2nc(N3CCOC(C)C3)c(Br)c(C)n2)cc1,572,0.815760199,0.362068966,0.09,0.802144927
Cc1ccc(-c2nc(N3CCOC(C)C3)c(CBr)c(C)n2)cc1,572,0.762468636,0.344262295,0.02,0.791735621
Cc1ccc(-c2nc(N3CCOC(C)C3)c(C)c(C)n2)cc1,572,0.852294699,0.375,0.02,0.816322842
Cc1ccc(-c2nc(N3CCOC(C)C3)c(C)cc2Br)cc1,572,0.795161225,0.403508772,0.05,0.799179418
Cc1ccc(-c2nc(N3CC(C)OC(C)C3)ccc2Br)cc1,572,0.791205955,0.510204082,0.03,0.779923195
Cc1ccc(-c2nc(N3CCC(O)C3)ccc2C(C)Br)cc1,572,0.83717411,0.290322581,0.06,0.767050242
Cc1ccc(-c2nc(N3CCC(O)C3)ccc2C(C)C)cc1,572,0.936801682,0.3,0.03,0.817664778
Cc1ccc(-c2nc(N3CCC(O)C3)cc(C)n2)c(C(C)Br)c1,572,0.828612635,0.2,0.07,0.746619554
Cc1ccc(-c2nc3ccc(OC(C)C)cc3o2)c(C)c1,572,0.684668403,0.134328358,0,0.885361892
Cc1ccc(-c2nc3ccc(C(=O)O)cc3o2)cc1C(C)C,572,0.76511515,0.128571429,0.02,0.877041219
Cc1ccc(-c2nc3ccc(OC(C)C)cc3s2)c(C)c1,572,0.64831554,0.117647059,0.02,0.885870106
Cc1ccc(-c2cc(N3CCC(O)C3)c(C)cn2)c(C)c1,572,0.918311558,0.2,0.06,0.812025596
Cc1ccc(-c2nc3ccc(OC(C)C)cc3[nH]2)c(C)c1,572,0.758970069,0.134328358,0.1,0.881886273
Cc1ccc(-c2cc(N3CCC(O)C3)c(C)nn2)c(C)c1,572,0.920238385,0.21875,0.01,0.791504344
Cc1ccc(-c2cc(N3CCC(O)C3)c(C)nn2)cc1C,572,0.920238385,0.222222222,0.05,0.796365361
Cc1ccc(-c2cc(N3CCC(O)C3)c(C)nn2)cc1,572,0.908775616,0.293103448,0.03,0.807478336
Cc1ccc(-c2nc(N3CCN(C(C)O)C3)sc2C)cc1,572,0.9462664,0.266666667,0.03,0.776665231
Cc1ccc(-c2nc(N3CCN(C(=O)O)C3)sc2C)cc1,572,0.925463757,0.262295082,0,0.843146508
Cc1ccc(-c2nc(N3CCN(C(=O)O)CC3)sc2C)cc1,572,0.923723442,0.271186441,0,0.87800438
Cc1ccc(-c2nc(N3CCN(C(C)O)CC3)sc2C)cc1,572,0.944740062,0.275862069,0.02,0.80952979
Cc1ccc(-c2nc(N3CCNC(C)C3)c(CO)[nH]2)cc1,572,0.803011308,0.290322581,0.14,0.765006521
Cc1ccc(-c2nc(N3CCNC(C)C3)ccc2O)cc1,572,0.889080588,0.327586207,0.06,0.803522162
Cc1ccc(-c2nc(N3CCNC(C)C3)cnc2N)cc1,572,0.879940975,0.316666667,0.31,0.793199342
Cc1ccc(-c2ncc(N3CCNC(O)C3)cc2C)cc1,572,0.885878126,0.295081967,0.2,0.780198829
Cc1ccc(-c2ncc(N3CCNCC3)cc2CO)cc1,572,0.90384926,0.305084746,0.18,0.859296596
Cc1ccc(-c2ncc(N3CCNCC3)cc2C)cc1,572,0.90660533,0.285714286,0.19,0.876841599
CCOC(=O)c1[nH]c2cc3c(cc2c1NC(=O)CN1CCCCC1C)OCO3,573,0.766636096,1,0.02,0.784373265
CCOC(=O)c1[nH]c2cc3c(cc2c1NC1CCCCC1C)CC(C)O3,573,0.782308987,0.473684211,0.02,0.717484907
CCOC(=O)c1[nH]c2cc3c(cc2c1NC1CCCCC1C)OC(C)C3,573,0.782308987,0.473684211,0.03,0.715010686
CCOC(=O)c1[nH]c2cc3c(cc2c1NC1CCCC1)C(C)CC(C)O3,573,0.759014011,0.48,0.03,0.721941802
CC1C(=O)Nc2cc3c(cc21)OCCCN3CC(=O)NC1CCCC1C,573,0.872421826,0.241758242,0.06,0.713063493
CC1C(=O)Nc2cc3c(cc21)OCCCN3CC(=O)NC1CCCC1,573,0.88401177,0.264367816,0.08,0.773476017
CC1[N]C(=O)c2cc3c(cc2N1CCN1CCCCC1C)OCCO3,573,0.841670294,0.303797468,0.03,0.690974157
CC1[N]C(=O)c2cccc(SC3CCCC3)c2N1CC1(C)CCCO1,573,0.807977122,0.134020619,0.08,0.637638687
CC1C[N]C(=O)c2cc3c(cc2N1SCC1CCCO1)OC(C)CO3,573,0.769584136,0.191489362,0.06,0.603124821
CC1C[N+](=O)c2cc3c(cc2N1Sc1ccccc1Cl)OCCO3,573,0.582600973,0.157303371,0.02,0.687733175
CC1C[N+](=O)c2cc3c(cc2N1SCC1CCCO1)OC(C)CO3,573,0.61519184,0.195652174,0.04,0.592026888
CC1C[N+](=O)c2cc3c(cc2N1Sc1ccccc1Cl)OCO3,573,0.593642524,0.197674419,0.01,0.685121036
CC1C[N+](Cc2ccccc2F)(C(=O)SC2CCCC2)C(C)CO1,573,0.734756626,0.166666667,0.02,0.635195597
CC1C[N+]2(c3ccccc3F)CCCN2C(=O)CSC(C)CN1,573,0.798265929,0.139784946,0.05,0.542680001
CC1C[N+]2(c3ccccc3F)CCCN2C(=O)CSCCCO1,573,0.737072623,0.138297872,0.03,0.584193757
CC1C[N+]2(c3ccccc3F)CCCN2C(=O)CCCCCCO1,573,0.733321304,0.142857143,0.02,0.623403706
CC1CN(C(=O)CS)c2cccc(OC3CCCC3)c2O1,573,0.87241145,0.197674419,0.02,0.75185447
CC1CCCC[N+]1(C(=O)CS)c1cc2c(cc1Br)OCO2,573,0.636668558,0.2625,0.01,0.641670748
CCC1CC(=O)Nc2cccc(N3CCCCC3C)c2O1,573,0.904322909,0.223529412,0.01,0.740911712
CCC1CC(=O)Nc2cccc(N3CCCC3C)c2O1,573,0.900284524,0.197674419,0.01,0.737764161
CCC1C(=O)Nc2cccc(N3CCCCC3C)c21,573,0.880055183,0.225,0.05,0.742153115
CCC1C(=O)Nc2cccc(N3CCCC3C)c2O1,573,0.888681054,0.202380952,0.04,0.733287873
CCC1C(=O)Nc2cccc(N3CCCCC3C)c2O1,573,0.900284524,0.228915663,0.05,0.737202487
CCC1C(=O)Nc2cccc(N3CCCC3C)c2OC1C,573,0.906316774,0.197674419,0.05,0.698487474
CCC1C(=O)Nc2cccc(N(CCCO)C3CCCC3)c21,573,0.847777753,0.146067416,0.02,0.752286197
CCC1C(=O)NCCN1c1cccc(NC2CCCC2)c1N,573,0.746684131,0.181818182,0.09,0.772491081
CCC1C(=O)Nc2cccc(N(CCCN)C3=CCCC3)c21,573,0.846572579,0.104166667,0.07,0.706528443
CCC1C(=O)NCCN1c1cccc(NC2CCCCC2)c1N,573,0.747076113,0.179775281,0.09,0.774104253
CCC1C(=O)NCCN1c1cccc(NC(=O)CC2CCC2)c1,573,0.877548308,0.215909091,0.05,0.806330414
CCC1C(=O)NCCc2cc(N(CCCN)CC3CCCO3)ccc21,573,0.794827738,0.128712871,0.11,0.719282276
CCC1C(=O)NCCCN1c1cc(NC(=O)CN)ccc1C,573,0.774133925,0.215909091,0.01,0.793460059
CC1C(=O)Nc2cc(N(CCCN)C(=O)c3ccco3)ccc21,573,0.886405653,0.125,0.14,0.771173254
CCC(Sc1nc(C)cc(C)n1)C(=O)Nc1nccs1,574,0.678944603,1,0,0.790943417
CCC(Sc1nc(C)ccc1C)C(=O)Nc1nccs1,574,0.856449258,0.673076923,0,0.779451658
CCC(Sc1nc(C)ccc1C)C(=O)c1nc(C)cs1,574,0.612609544,0.322580645,0,0.746662053
CCC(Sc1nc(C)ccc1C)C(=O)n1nc(C)cn1,574,0.810292523,0.276923077,0.02,0.710344291
CCC(Sc1nc(C)ccc1C)C(=O)n1cccn1,574,0.804414243,0.292307692,0.02,0.74034518
CCC(Sc1ncccc1C)C(=O)N(C)c1nc(C)cs1,574,0.788030912,0.328358209,0.04,0.747246389
CCC(Sc1ncccc1C)C(=O)n1nc(C)cc1O,574,0.877274468,0.303030303,0.01,0.726774221
CCC(Nc1ncccc1C)C(=O)n1cc(I)cn1,574,0.841334122,0.211267606,0.06,0.737706573
CCCN(C(=O)Sc1nc(C)ccc1Br)C1=NCCO1,574,0.776842614,0.173333333,0.06,0.738223031
CCCN(C)c1nc(C)ccc1C(=O)OC(C)C,574,0.75358581,0.194029851,0,0.855933222
CCCN(C)c1nc(C)ccc1C(=O)OCCN,574,0.772918708,0.171428571,0.05,0.843888919
CCCN(C)c1cc(C)ncc1C(=O)OC,574,0.730898868,0.21875,0,0.852781118
CCCN(C)c1nc(C)ccc1C(=O)OC,574,0.730898868,0.203125,0,0.86676788
CCCN(C)c1ccc(C)nc1C(=O)OC,574,0.730898868,0.203125,0.01,0.844420831
CCCN(C)c1ccc(C)nc1C(=O)NCCO,574,0.790053853,0.191176471,0.01,0.843060662
CCCN(C(=O)c1nc(C)ccc1O)C(C)C,574,0.872709533,0.203125,0.02,0.848304397
CCCN(C(=O)c1ncc(C)cc1N)C(C)C,574,0.870234134,0.196969697,0.07,0.835998756
COCCCN(C(=O)O)c1ncc(C)cc1N,574,0.75983261,0.173913043,0.04,0.824428351
CCCN(C(=O)Nc1ncc(C)cc1N)CCN,574,0.731473199,0.223880597,0.14,0.823793472
CCCN(C(=O)Nc1ncc(C)cc1N)C(C)C,574,0.862500073,0.242424242,0.08,0.833262389
CCCN(C(=O)Nc1cnc(C)cc1N)C(C)C,574,0.862500073,0.242424242,0.09,0.838954055
CCCN(C(=O)Nc1cnccc1N)C(C)C,574,0.842318616,0.194029851,0.11,0.849165475
CC(C)(C#N)Cc1cc(CC(C)(C)C#N)cc(C(C)(C)C)c1,575,0.769264319,1,0.01,0.777186923
CC(C)(C#N)Cc1cc(CC(C)(C)C#N)cc(C#N)c1,575,0.831998383,0.678571429,0.04,0.762542335
CC(C)(C#N)Cc1cc(CC(C)(C)C)cc(C#N)c1,575,0.809601254,0.612903226,0.05,0.796479519
CC(C)(C#N)Cc1cc(CC#N)cc(C(C)(C)C)c1,575,0.813379947,0.821428571,0.01,0.800373981
CC(CC#N)Cc1cc(C#N)cc(C(C)(C)C)c1,575,0.802769495,0.4,0.06,0.77296162
CC(CC(C)(C)C)c1cc(CC#N)cc(CCCl)c1,575,0.689159179,0.260869565,0.01,0.75377768
CC(CCCc1cc(C#N)cc(C)c1)C(C)(C)C,575,0.739645697,0.239130435,0.01,0.797157774
CC(C)(C)C#Cc1cccc(CC(C)(C)C#N)c1,575,0.710294884,0.447368421,0.02,0.804124568
CC(C)COc1cc(CC(C)(C)C)cc(C#N)c1,575,0.796790307,0.295454545,0.06,0.853334504
CC(C)(C)c1cccc(CC(C)(C)C#N)c1,575,0.729006276,0.666666667,0,0.851589364
CC(C)Oc1cc(C#N)cc(CC(C)(C)C)c1,575,0.789151092,0.30952381,0.05,0.852059611
CC(C)Oc1cc(C=O)cc(CC(C)(C)C#N)c1,575,0.747097047,0.428571429,0.05,0.808915914
CC(C)Oc1cc(C=N)cc(CC(C)(C)C#N)c1,575,0.804939867,0.43902439,0.06,0.770283542
CC(C)Oc1cc(C#N)cc(CC(C)(C)C#N)c1,575,0.812230795,0.461538462,0.06,0.811897004
COC(C)c1cc(C#N)cc(CC(C)(C)C#N)c1,575,0.813037482,0.45,0.04,0.738677005
CC(C)(CN)Cc1cc(C#N)cc(C(C)(C)C)c1,575,0.885739224,0.5,0.04,0.824594794
CC(C)(C)c1cc(C#N)cc(-c2ccncc2)c1,575,0.752114237,0.325,0.23,0.874398081
CC(C)(C)c1cc(C#N)cc(-c2ccnc(=O)[nH]2)c1,575,0.848831596,0.276595745,0.32,0.824612478
CC(C)(C)c1cc(C#N)cc(-c2ccnc3cc[nH]c23)c1,575,0.715296391,0.26,0.37,0.815330341
CC(C)(C)c1cc(C#N)cc(-c2ccncn2)c1,575,0.764104253,0.288888889,0.47,0.850722696
CC(C)(C)c1cc(CCN)cc(-c2ccnc(N)n2)c1,575,0.898027373,0.270833333,0.25,0.851226108
CC(C)(F)c1cc(CCN)cc(-c2ccncn2)c1,575,0.918170488,0.192307692,0.45,0.825446457
CC(C)(C)c1cc(CCN)cc(-c2ccncn2)c1,575,0.917056161,0.276595745,0.44,0.856153278
CC(C)(C)Cc1cc(CCN)cc(-c2ccncn2)c1,575,0.926740815,0.224489796,0.48,0.838353526
CCOC(=O)c1ccc2nc(CCC(=O)NC(C(=O)OC)C(C)C)c(=O)n(CC)c2c1,576,0.602222231,1,0.01,0.795639846
CCOC(=O)c1ccc2cc(CCC(=O)NC(CC)C(=O)N(C)C)c(=O)n(CC)c2c1,576,0.615961435,0.513513514,0.01,0.785607062
CCOC(=O)c1ccc(CCC(=O)NC(C(=O)OC)C2CCC(C)CC2)c(=O)n1CC,576,0.599003178,0.3875,0,0.761119348
CCOC(=O)c1cc(CCC(=O)NC(CC)C(=O)OC(C)C)c(=O)n(CC)c1C,576,0.59500927,0.394736842,0,0.778661632
CCOC(=O)C(NC(=O)CCC(=O)c1cc2ccc(CC)cc2nc1CC)C(C)C,576,0.470401056,0.426666667,0.03,0.789582636
CCOC(=O)C(NC(=O)CCC(=O)c1cc2ccc(CC)cc2nc1C)C(C)C,576,0.513259839,0.394736842,0.02,0.801044128
CCOC(=O)C(NC(=O)CCC(=O)c1cc2ccc(CC)cc2n1CC)C(C)C,576,0.484779921,0.445945946,0.03,0.789079571
CCOC(=O)C(NC(=O)CCC(=O)c1cc2ccccc2nc1CC)C(F)F,576,0.523645397,0.341772152,0.03,0.77622858
CCOC(=O)C(NC(=O)CCC(C#N)c1cc2c(cc1CC)OCCO2)C(F)F,576,0.628930766,0.252873563,0.02,0.699816568
CCOC(=O)C(NC(=O)c1cc2cc(C#N)ccc2nc1CC)C(F)F,576,0.798652317,0.289156627,0.07,0.765379806
CCOC(=O)C(NC(=O)c1cc2c(cc1C#N)OCCCO2)C(F)(F)F,576,0.81158261,0.179775281,0.01,0.757811225
CCOC(=O)C(CCSC)NC(=O)c1ccc(C#N)c(OC(F)F)c1,576,0.670479948,0.213483146,0,0.79674467
CCOC(=O)C(NC(=O)c1ccc2nc(CCl)oc2c1)C(C)(C)C,576,0.659325707,0.296296296,0.02,0.782975593
CCOC(=O)C(NC(=O)c1ccc2cc(C#N)oc2c1)C(C)C,576,0.856383758,0.320512821,0.01,0.793232358
CCOC(=O)c1ccc(C(=O)NC(C)C(=O)OC(C)CC)cc1F,576,0.771850638,0.282051282,0.01,0.798861568
CCOC(=O)c1ccc(C(=O)NC(C)C(=O)NCC#N)c(F)c1,576,0.593832096,0.320512821,0,0.824571529
CCOC(=O)c1ccc(C(=O)NC(C)C(=O)NCCF)c(OC)c1,576,0.690747677,0.316455696,0,0.830093936
CCOC(=O)c1ccc(C(=O)NC(C)C(=O)NC2CC2)c(OC)c1,576,0.732510018,0.316455696,0,0.849881629
CCOC(=O)c1ccc(C(=O)NC(C)C(=O)NC2CC2)c(F)c1,576,0.775463653,0.303797468,0,0.847321653
CCOC(=O)c1ccc2cc(C(=O)NC(C)C)n(CC)c2c1,576,0.863781776,0.462686567,0.02,0.87649749
CCOC(=O)c1ccc2nc(CC)n(CC(=O)NC(C)C)c2c1,576,0.829764489,0.514705882,0,0.877588621
CCOC(=O)c1ccc2cc(CCN)n(CC(=O)NC(C)C)c2c1,576,0.758134084,0.418918919,0.03,0.851469238
CCOC(=O)c1ccc2nc(NC(=O)C(C)C)n(CCN)c2c1,576,0.790754483,0.458333333,0.1,0.856454311
O=C(C1C=C(C2CC2)CC(OCc2ccc(CO)cc2)O1)N1CCN(Cc2ccccc2)CC1,577,0.608820831,1,0,0.725527347
O=C(C1CCC(CO)CC1)N1CCC(OCc2ccccc2)C(N2CC=C(CO)CC2)C1,577,0.635330636,0.305882353,0.02,0.717471287
O=C(C1CCC(CO)CC1)N1CCC(OCc2ccccc2)C(C2CC=C(F)CC2)C1,577,0.701703646,0.294117647,0.07,0.702524376
O=C(C1CCC(CO)CC1)N1CCC(OCc2ccccc2)C(C2CC=CCC2)C1,577,0.697521661,0.301204819,0.07,0.717207059
O=C(C1CCCCC(CO)N(OC2CCCC2)CC1)N1CCN(c2ccccc2)CC1,577,0.776971458,0.2625,0.01,0.708805933
O=C(C1CCC(CO)CC1)N1CCC(OCc2ccccc2C2CC=CCC2)CC1,577,0.683163632,0.261904762,0.01,0.765529856
O=C(C1CCC(CO)CC1)N1CCC(OCc2ccccc2C2CC=CC2)CC1,577,0.722797964,0.275,0.01,0.814176376
O=C(C1CCC(CO)CC1)N1CCC(OCc2ccccc2)Cc2ccccc21,577,0.821597699,0.324675325,0.01,0.808250495
NC1(C(=O)N2CCC(OCc3ccccc3)CC2)CCCCc2ccccc2C1,577,0.859556555,0.337662338,0.03,0.799900268
NC1(C(=O)N2CCC(OCc3ccccc3Cl)CC2)Cc2ccccc2CC1,577,0.853134524,0.253012048,0.06,0.787188089
NC1(C(=O)N2CCC(OC3CCCCC3)CC2)Cc2cccc(Cl)c2C=CC1,577,0.817755911,0.193181818,0.03,0.726089324
NC1(C(=O)N2CCC(OCc3ccccc3Cl)CC2)Cc2ccccc2C1,577,0.879036164,0.253164557,0.06,0.833265426
NC1CCC(C(=O)N2Cc3cccc(OCc4ccccc4Cl)c3C2)CC1,577,0.855482102,0.211764706,0.07,0.851426175
NC1CCC(C(=O)N2CC(OCc3ccccc3Cl)=C3CCCCC32)CC1,577,0.830449124,0.235294118,0.05,0.755427675
NC1CCC(C(=O)N2CC(OCc3ccccc3Cl)C3=C2CCC3)CC1,577,0.86534583,0.223529412,0.09,0.738231972
CN1CCC(C(=O)N2Cc3ccccc3OCc3ccccc32)CC1,577,0.799489363,0.189873418,0.02,0.862951525
CN1CCC(C(=O)N2Cc3ccccc3OCc3ccccc32)C1,577,0.808804607,0.182926829,0.02,0.808975306
CN1CCC(C(=O)N2Cc3cccc(CO)c3C2O)CC1,577,0.847560681,0.217948718,0.02,0.771136678
CN1CCC(CO)C(C(O)c2cccc3ccccc23)C1,577,0.910086938,0.158536585,0,0.749932932
CN1CCC(C(=O)N2Cc3ccccc3CO2)CC1,577,0.771671181,0.202702703,0.02,0.826530848
CCN1CCc2nc3ccccc3c(CO)c2C1,577,0.875866296,0.179487179,0.01,0.850622448
CCn1cccc1C(=O)N1CCc2ccccc2C1,577,0.808603153,0.197368421,0,0.876247491
CCN1CCC(C(=O)c2ccccc2CO)CC1,577,0.8282691,0.253521127,0.01,0.889266159
CCN1CCC(C(=O)c2ccccc2OC)CC1,577,0.765952197,0.232876712,0,0.914962992
CCN1CCC(C(=O)c2ccccc2O)C(N)C1,577,0.789909629,0.207792208,0.07,0.769359734
CCN1CCC(C(=O)c2ccccc2OC)C(N)C1,577,0.836433123,0.215189873,0.05,0.784076278
CCn1ccc(COCc2ccccc2C(N)=O)n1,577,0.858262326,0.160493827,0.03,0.85950026
CCN1CCC(C(=O)N2Cc3ccccc3CO2)CC1,577,0.828537343,0.223684211,0.01,0.831240803
CCn1ccc(COC2CCc3ccccc3C2CO)n1,577,0.918432243,0.176470588,0.03,0.737259531
CCOc1ccc2c(c1)C(CO)N(Cc1ccccc1)CC2,577,0.919826329,0.225,0,0.836461994
CCOc1ccccc1C(=O)N1CCc2ccccc2C1,577,0.863753088,0.210526316,0,0.917577303
CCOc1ccccc1CN1CCc2ccccc2C1CO,577,0.919826329,0.170731707,0,0.8320656
CCOc1ccccc1COC1CCc2ccccc2C1,577,0.819545411,0.181818182,0.01,0.841215628
CCOc1ccccc1COC1CCCCc2ccccc21,577,0.717156204,0.160493827,0.03,0.839910726
CCOc1ccc(CN2CCOCC2)c2ccccc12,577,0.852755505,0.184210526,0,0.909125769
CCOc1ccc(CN2CCCCC2)c(C(N)CC)c1,577,0.864204412,0.1375,0.05,0.826878336
CCOc1ccc(CNC(=O)N2CCCCC2)c(CO)c1,577,0.874907807,0.170731707,0.01,0.887881649
O=C(c1ccc(O)cc1)N1CCCCc2ccccc2C1,577,0.870297094,0.205479452,0,0.915569232
CC12CCC(C(=O)OC3CCCCC3)(OC1=O)C2(C)C,578,0.729656604,1,0,0.653548799
Cc1ccc(C(=O)OC2CCCCC2)c2c1OC(C)(C)C2,578,0.765138798,0.350877193,0.01,0.833413783
Cc1ccc(C(=O)OC2CCCCC2)c2c1OC(C)(C)O2,578,0.772459579,0.37037037,0.01,0.824752505
Cn1nc(C(=O)OC2CCCCC2)c2c1CCCC2(C)C,578,0.782720359,0.327586207,0,0.798044552
CC1(C(=O)OC2CCCCC2)C2CCC(C2)C1(C)C,578,0.694073582,0.404255319,0,0.620721621
CC(CC(=O)O)C1CCCCC2CCCCC1C2(C)C,578,0.778703702,0.196428571,0.01,0.632973187
CCOC(=O)CCC1CCCCC2CCCCC12C(C)(C)N,578,0.764119316,0.1875,0.04,0.685155823
CCOC(=O)CCC1CCCCC2CCCCC12NC(C)(C)C,578,0.735939256,0.184615385,0.01,0.682203499
CCOC(=O)CCC1CCCCC2CCCCC12NC(C)=O,578,0.789679531,0.1875,0.02,0.698544282
CC1CCN(C(CC(=O)O)NC2CCCCC2(C)C)CC1,578,0.818420444,0.1875,0.04,0.711296805
CCOC(=O)C(CC1CCCCC1)N1CCC(C)(C)CC1,578,0.717720081,0.237288136,0,0.787867056
CC1(C)CCC(C(CC(=O)O)NC2CCCCC2)CC1,578,0.80140752,0.228070175,0,0.774850285
CC1(C)CCC(C(CC(=O)O)NC2CCCCC2)OC1,578,0.814182775,0.229508197,0.01,0.719085146
CC(CC1CCCCC1)N1CCC(C(=O)O)C(C)(C)C1,578,0.852279515,0.216666667,0.02,0.732952628
CCOC(=O)C(CC1CCCCC1)N1CCC(C)(N)C1,578,0.786246684,0.222222222,0.07,0.731006575
CC1(C)CCC(N2CCCCC2)C(CC(=O)O)=N1,578,0.838396526,0.220338983,0,0.728762697
CC(CC(=O)O)NC1C2CCC(C2)C1(C)C1CC1,578,0.789485196,0.14516129,0.01,0.567532082
CC(=O)CC(NC1CCCCC1)C1CCC(C)(C)CC1,578,0.804026443,0.228070175,0.02,0.762212647
CCN1CCC(NC2CCCCC2)C(CC(=O)OCC)C1,578,0.76500085,0.166666667,0,0.765822482
CN1CCC(C(=O)NC2CCCCC2)C(CC(=O)O)C1,578,0.819169842,0.158730159,0.01,0.769502728
CN1CCC(C(=O)NC2CCCCC2)C(CC(=O)O)CC1,578,0.830690118,0.161290323,0.01,0.776344802
CN1CCN(C(=O)C2CCCCC2)C(CC(=O)O)CC1,578,0.853395818,0.186440678,0.02,0.818457702
CC1(C)CCN(C2CCCCC2)C(CC(=O)O)CC1,578,0.847778322,0.228070175,0.02,0.783780594
CCOC(=O)C1=C(C)OC(=N)C(C(=O)OCC)C12C(=O)Nc1ccc(Br)cc12,579,0.680800615,1,0.02,0.625977647
CCOC(=O)C1C(=N)OC(C)C(C(=O)OCC)C1C(=O)Nc1ccc(F)cc1,579,0.714598933,0.269230769,0,0.692521523
CCOC(=O)C1C(=N)OC(C)C(C(=O)OCC)C1C(=O)Nc1ccccc1,579,0.733986287,0.276315789,0,0.697632384
CCOC(=O)C1C(C)OC(=N)C(C(=O)OCC)C1(O)c1ccccc1,579,0.782776101,0.319444444,0.01,0.668038288
CCOC(=O)C1CC(C)C(C(=O)OC(C)C)=NC1(O)c1ccccc1,579,0.827072324,0.21686747,0,0.677114037
CCOC(=O)C1C(C)CC(C(=O)OC(C)C)C1=Nc1ccccn1,579,0.774749504,0.2,0.04,0.673295206
CCOC(=O)C1CC(C)C(C(=O)OC(C)C)=NC12CCCCCC2,579,0.733909792,0.197530864,0.01,0.63439422
CC=C1C(C)CC1(C(=O)OC(C)C)C(=O)OCc1ccccn1,579,0.474261489,0.133333333,0.02,0.690497927
CC=C1C(C)CC1(C(=O)OC(C)C)C(=O)OCc1ccon1,579,0.472530858,0.146067416,0.01,0.641755759
CCCC1(C)CC1C(=NC(=O)OC(C)C)c1nc(C)co1,579,0.764836058,0.172413793,0.02,0.626460349
CCOC(=O)C1CC1(C(=O)OC(C)C)c1nc(C)co1,579,0.765080377,0.215189873,0.04,0.679843978
CCOC(=O)C1CC1(C)OC(=O)NCc1cccc(C)n1,579,0.839355917,0.225,0.01,0.733568423
CCOC(=O)C1CC1(C)C(=N)OCCc1cccc(O)c1,579,0.479295303,0.2375,0.04,0.718572933
CCOC(=O)C1COC(C)(C(C)C)C1=Nc1ccccn1,579,0.799971647,0.214285714,0,0.667539246
CC=C(C)C(C)(C(=O)OCC1CC1)c1nc(C)co1,579,0.60456672,0.142857143,0.01,0.691637408
CC=C(C)C(C)(C(=O)OCC1CC1)c1cccc(O)c1,579,0.65926205,0.144578313,0.01,0.751174542
CCOC(=O)C(C)(C)C(=NC)OCc1ccc(O)cn1,579,0.506053659,0.1625,0.02,0.773134997
CC=CC(C)C(C)(C(=O)OCC)c1ccc(O)cn1,579,0.655235065,0.158536585,0.04,0.686855646
CC=CC(C)(C)C(C(=O)OCC)c1ccc(O)cn1,579,0.654950803,0.1625,0.03,0.714222325
CCOC(=O)C(C)(CC)COC(=N)c1ccc(O)cn1,579,0.472726917,0.175,0,0.737818986
CCOC(=O)C(C)(CC)COc1ccc(O)c(C=N)c1,579,0.593839168,0.1875,0.01,0.749412719
CCCC(C)(C)C(=O)OCCCc1ccc(O)c(O)c1,579,0.456168342,0.151898734,0,0.854776877
CCOC(=O)C(C)(CC)COc1ccc(O)c(CN)c1,579,0.748779541,0.175,0.06,0.783569414
CCCC(C)(C)OC(=O)C1CC1c1ccc(O)cn1,579,0.829516779,0.144578313,0.05,0.719855066
CCCC1CC1(C)C(=O)OCc1ccc(O)c(O)c1,579,0.633506596,0.17721519,0.05,0.739044119
CCOC(=O)C(C)(CC)COc1ccc(O)c(Br)c1,579,0.810667533,0.210526316,0.02,0.787798192
CCC1CC1(C)C(=O)OCc1ccc(O)c(Br)c1,579,0.863458183,0.207792208,0.03,0.734678742
CCOC(=O)C(C)(CC)Oc1ccc(O)c(Br)c1,579,0.84701331,0.216216216,0.06,0.789464505
CCC1CC1(C)C(=O)Oc1ccc(O)c(Br)c1,579,0.686157196,0.197368421,0.01,0.719360532
CCOC(=O)C1CC1(CO)c1ccc(O)c(Br)c1,579,0.833824213,0.27027027,0.01,0.718809982
CCC1CC1(CO)C(=O)OCc1ccc(F)cc1Br,579,0.843883388,0.2,0.02,0.723529918
CCOC1CC(CO)(c2ccc(F)cc2Br)C1(C)C,579,0.912507848,0.189873418,0,0.693034228
CCC1(C(=O)OC(C)(C)C)CC1c1ccc(Br)cc1,579,0.754733872,0.216216216,0.01,0.744667712
CCC1(C(=O)OC(C)C)CC1c1cc(Br)ccc1O,579,0.850755181,0.233766234,0.02,0.713212509
CC1CC1(C(=O)OCCO)c1cc(Br)ccc1Br,579,0.820081378,0.3,0.01,0.725180593
CCOC(=O)C1CC1c1cc(Br)ccc1OC(C)C,579,0.769553242,0.301369863,0.03,0.785118971
CCOC(=O)C1(C)CC1c1cc(Br)ccc1O,579,0.871771806,0.295774648,0.03,0.7449107
CCOC(=O)C1CC1c1cc(Br)ccc1OCCC,579,0.743444138,0.301369863,0.01,0.793062055
CCOC(=O)C1CC1c1cc(Br)ccc1OCC,579,0.780418152,0.314285714,0.01,0.797687426
O=C1OCCC1Sc1nnc(-c2cccs2)n1Cc1ccccc1,580,0.654641038,1,0.01,0.797630118
O=C1NCCC1Sc1nnc(-c2cccs2)n1Cc1ccccc1,580,0.763304732,0.689655172,0.06,0.790835318
O=C1NCCC1Sc1nnc(-c2ccccc2)n1Cc1ccco1,580,0.772669735,0.394366197,0.08,0.788234018
O=C1NCCC1Sc1nnc(-c2ccccc2)n1CC1CC1,580,0.920031555,0.367647059,0.1,0.788864398
O=C1NCCC1Sc1nnc(-c2ccccc2)n1CCCl,580,0.857042002,0.382352941,0.11,0.778173697
O=C1NCCC1c1nnc(Sc2ccccc2)n1CCCl,580,0.857910109,0.287671233,0.07,0.753085929
O=C1NCCN1Cc1nnc(-c2ccccc2)nc1Cl,580,0.933742596,0.202702703,0.11,0.825076082
CC1NC(c2ccccc2)=NN1Cc1ccc(SC)cc1,580,0.875065148,0.191780822,0.11,0.773535866
O=C1NC(c2ccccc2)=NN1Cc1ccc(S)cc1,580,0.725873005,0.2,0.05,0.8305851
CC1(C)NN=C(Sc2ccccc2)N(CC(C)C)C1=O,580,0.931034364,0.157894737,0.04,0.784915339
C=C(Sc1ncc(Cc2ccccc2)n1CC)C(C)C,580,0.71277425,0.186666667,0.05,0.795640614
C=Cc1ccc(Sc2ccccc2)n1NC(=O)C(C)C,580,0.900820916,0.113924051,0,0.779842812
C=Cc1ccccc1Sc1ncc(C(=O)C(C)C)[nH]1,580,0.83537348,0.111111111,0.04,0.789999722
CCCSc1ccccc1Sc1ncc(C(C)=O)n1CC,580,0.544077308,0.153846154,0.04,0.810364761
CCC(C)C(=O)Nn1c(Sc2ccccc2)nnc1I,580,0.781218454,0.181818182,0,0.749157702
CCCCc1ccccc1Sc1ncc(C(C)=O)n1CC,580,0.701093547,0.15,0.07,0.834527212
CCCCc1ccccc1SC1=NNC(=O)C1(C)CC,580,0.890823283,0.125,0.06,0.732953307
CCCCc1ccc(SC2=NNC(=O)C2CC)nc1,580,0.899856346,0.12345679,0.07,0.729100204
O=C1OC2(N=C1CCCO)c1ccccc1S2,580,0.827825124,0.146666667,0.07,0.635998618
CCCSc1cccc2nc(OC3CC3)ccc12,580,0.748253961,0.142857143,0.02,0.856553217
CCCCc1cccc2c1NC(=O)C2(CC)CC,580,0.833082611,0.093333333,0.01,0.820820542
O=C1OCc2cc(SC3CCCC3)ncc2C1O,580,0.830715576,0.173333333,0.05,0.709583218
CCCCc1cccc2c1NC(=O)C2(CC)CCOC,580,0.824296906,0.084337349,0.04,0.761415944
O=C1CC(O)c2ccc(SC3CCCC3)nc2N1,580,0.861182138,0.144736842,0.07,0.72821665
CCCCc1cc(=O)[nH]c2ccc(SC3CC3)nc12,580,0.907029708,0.15,0.08,0.810827895
CCCCc1c[nH]c2ccc(SC3CCC(C)C3)nc12,580,0.820234459,0.119047619,0.08,0.728708886
CC1CC(Oc2ccc([NH])cc2)=NC2C1CCCC2=O,580,0.787231192,0.1125,0,0.631121764
O=C1NCCc2cnc(SC3CC3)nc2C1CCCCO,580,0.617251174,0.129411765,0.14,0.710167034
O=C1NCCc2cnc(Sc3ccc(F)cc3)nc21,580,0.852295839,0.1,0.3,0.828433785
O=C1NCCc2cnc(Nc3ccc(F)cc3)nc21,580,0.859065905,0.086419753,0.69,0.854869589
O=C1NCCc2cnc(Sc3ccc(F)cc3)n12,580,0.903904437,0.131578947,0.15,0.797539016
O=C1CCCC(Nc2ccc(F)cc2Br)=NN1,580,0.837400983,0.088607595,0.05,0.809359482
O=C1CCC(NCc2ccc(F)cc2Br)=NN1,580,0.876276893,0.101265823,0.04,0.801921021
O=C1CC(NCc2ccc(F)cc2Br)CCN1,580,0.895850469,0.1125,0.04,0.798355509
O=C1COCCN1Cc1ccc(N)cc1CF,580,0.802097459,0.144736842,0.07,0.822925187
O=C1COCCN1Cc1ccc(N)cn1,580,0.742082685,0.164383562,0.08,0.836757739
O=C1COCCN1Cc1ccc(CF)cn1,580,0.766024877,0.175675676,0.02,0.822674584
O=C1COCCN1Cc1ccc(C(F)F)cn1,580,0.803727197,0.157894737,0.03,0.819344098
O=C1CCCN1Cc1ccc(C(F)F)cn1,580,0.790690614,0.133333333,0.02,0.841037862
O=C(O)C1C=C(c2ccc(Br)cc2)CC(OCCCCO)O1,581,0.721291039,1,0,0.716019721
O=C(O)C1C=C(c2ccc(Br)cc2)CC(OCCO)O1,581,0.855794247,0.847826087,0,0.708867838
O=C(O)C1C=C(c2ccc(Br)cc2)CC(O)O1,581,0.876570552,0.571428571,0.04,0.711094333
O=C(O)C1C=C(c2ccccc2)CC(OCCO)O1,581,0.837447338,0.6875,0.01,0.720853685
O=S(O)C1C=C(c2ccccc2)CC(OCCO)C1,581,0.808624779,0.338709677,0.01,0.680041173
O=C(O)C1C=C(c2ccccc2)CC(OCCO)C1,581,0.850705443,0.396551724,0,0.737608671
NC1C=C(c2ccccc2)CC(OCCCCO)C1,581,0.772849241,0.438596491,0.06,0.745553032
NC1CN(CC=CO)CC(c2ccccc2)OCC1,581,0.816212423,0.150684932,0.12,0.735279746
NC1CC=C(c2ccccc2)C(OC(=O)O)C1,581,0.768322349,0.184615385,0.03,0.723867751
NC1C=C(OCCCCO)CC(c2ccccc2)C1,581,0.773791226,0.306451613,0.04,0.735539606
NC1CC=C(c2ccccc2)C(OCCCCO)C1,581,0.772849241,0.344262295,0.04,0.731456529
NC1CCCN(CCCCO)C(c2ccccc2)C1,581,0.800656755,0.205882353,0.05,0.791961144
NC1C=C(OCCc2ccccc2)C(CO)CCC1,581,0.854449286,0.188405797,0.03,0.739443662
NC1CC=C(c2ccccc2)N(CCCCO)C1,581,0.779342061,0.230769231,0.03,0.771439727
NC1CCCC(c2ccccc2)N(CCCCO)C1,581,0.800656755,0.227272727,0.08,0.793572613
NC1CCCN(CCCO)C(c2ccncc2)C1,581,0.844527988,0.152777778,0.15,0.761317403
NC1CC=C(c2ccncc2)N(CCCCCO)C1,581,0.763867057,0.185714286,0.22,0.747122317
NC1CCCc2cc(-c3ccncc3)n(CCO)c21,581,0.882062777,0.150684932,0.24,0.750163436
NC1CCCc2cc(-c3ccncc3)ncc2C1,581,0.77710885,0.142857143,0.38,0.794731649
NCCCC1c2cc(-c3ccncc3)cnc2CCN1,581,0.890721987,0.131578947,0.48,0.763663788
NCCCC1c2cc(-c3ccncc3)cnc2NC1O,581,0.787355103,0.103896104,0.48,0.710970159
NCCCCc1c(-c2ccncc2)[nH]c2cncc(O)c12,581,0.627613844,0.090909091,0.54,0.812993696
NCCCCC1c2cc(-c3ccncc3)cc(O)c2CCN1,581,0.742156511,0.142857143,0.49,0.769616802
NCCCCc1c(-c2cnccc2)cc(O)c2cnccc12,581,0.708063562,0.105263158,0.25,0.832062763
NCCCCC1c2c(O)ncnc2CCCC1c1ccccc1,581,0.654452652,0.155844156,0.17,0.734209265
NCCCCc1c(-c2cncc(O)c2)[nH]c2cnccc2c1=O,581,0.624881167,0.109756098,0.46,0.808881129
NCCCCc1c(-c2ccncc2)[nH]c2cncc(OC(F)F)c12,581,0.649217067,0.085365854,0.52,0.799904345
CCC(CCCCN)c1cc2cncc(-c3ccncc3)c2[nH]1,581,0.64119957,0.1125,0.38,0.744769573
CCC(N)c1cc2cncc(-c3ccncc3)c2n1CCCCO,581,0.653895917,0.153846154,0.32,0.74173429
CCN1CCCC1CNC(=O)Cn1nc(C)n2c(cc3cc(F)ccc32)c1=O,582,0.725709386,1,0.01,0.769484063
CCN1CCCC1CNC(=O)Cn1nc(C)c2cc3ccccc3n2c1=O,582,0.742864439,0.602739726,0.05,0.770869546
CCN1CCCC1CNC(=O)Cn1nc(C)n2c(cc3ccccc32)c1=O,582,0.742864439,0.8,0.03,0.781902513
CCN1CCCC1CNC(=O)Cn1nc(C)n2c(ccc2F)c1=O,582,0.865881686,0.753846154,0,0.748432281
CCN1CCCNC1Cn1nc(C)n2c(cc3ccccc32)c1=O,582,0.794636525,0.447368421,0.12,0.736139864
CCN1CCNC1CNC(=O)Cn1nc(C)c2ccccc2c1=O,582,0.811666527,0.423076923,0.05,0.768661298
CCN1CCNC1CNC(=O)Cn1nc(C)c2ccccc21,582,0.853800384,0.375,0.06,0.762654939
CCN1CCCC1CNC(=O)Cn1nc(C)c2ccccc21,582,0.917944355,0.535211268,0,0.816901825
CCN1CCCC1C(=O)NCC(C)Cn1nc(C)cc1C,582,0.868620718,0.317073171,0.01,0.763426513
CCC1OCC(CNCC=Cc2ccccc2)N1C(C)=O,582,0.816547177,0.164835165,0.01,0.714739148
CCn1nc(C)cc1C(=O)NCCN1CCCC1CC,582,0.863239582,0.346153846,0,0.802530779
CCC1SCC(CNCCc2ccccc2)N1C(C)=O,582,0.81780552,0.170454545,0.02,0.751356064
CCN1CCCC1CN(C)C(=O)c1ccccc1F,582,0.83334207,0.328947368,0,0.832497285
CCC1SCCNC1CN(Cc1ccccc1)C(C)=O,582,0.904884127,0.146067416,0.02,0.728850531
CCN1CCCC1CN(C)C(=O)c1ccccc1,582,0.813198583,0.306666667,0,0.847868784
CCN1CCCC1CN(C)C(=O)c1cccs1,582,0.82070939,0.324675325,0.01,0.808204868
CCN1CCCC1CN(C)C(=O)c1ccsc1,582,0.82070939,0.291139241,0,0.794213201
CCN1CCCC1CN(Cc1cccs1)C(C)=O,582,0.81758829,0.3,0,0.801098045
CCn1nc(C(O)CN2CCCCC2)cc1C,582,0.866816065,0.205128205,0.02,0.790826983
CC1CNC(CO)CN1C(C)Cc1ccsc1,582,0.850838201,0.10989011,0.06,0.686837112
CC1CCCN1C(CO)Cc1ccc(Br)cc1,582,0.923727546,0.158536585,0,0.783010059
CCNCC1OCCN(Cc2ccccc2)C1CO,582,0.79968363,0.16091954,0,0.764876109
CCn1nccc1OC(CN)c1ccc(C)cc1,582,0.878947529,0.129411765,0.05,0.782248573
CCn1nccc1OC(CNC(C)=O)C1CC1,582,0.808400016,0.214285714,0.03,0.730552235
CCN1OCCN(C(=O)c2ccc(F)cc2)CC1C,582,0.819634071,0.234567901,0.01,0.790665064
CCN1CCCN(C(=O)c2ccc(F)cc2)CC1CO,582,0.908824838,0.333333333,0,0.837882428
Cc1cc(C)c(C(=O)NC2CCCc3c2cnn3-c2ccc(C)c(C)c2)c(O)n1,583,0.707990009,1,0,0.762930812
Cc1cc(C)c(C(=O)NC2CCCc3c2cnn3-c2ccc(C)c(C)c2)o1,583,0.744864994,0.671875,0,0.773618996
Cc1cc(C)c(C(=O)NC2CCCc3c2cnn3Cc2ccc(C)cc2)[nH]1,583,0.736982537,0.41025641,0.02,0.780098717
Cc1cc(C)c(C(=O)NC2CCCc3c2cnn3Cc2ccc(Cl)cc2)[nH]1,583,0.70468654,0.405063291,0.05,0.778689126
Cc1cc(C)n(C(=O)NC2CCCc3c2cnn3Cc2ccc(Cl)cc2)n1,583,0.742040318,0.375,0.03,0.775425989
Cc1cc(C2CCCC2)c(C(=O)NCCCc2cn[nH]c2C(C)N)o1,583,0.671007408,0.206521739,0.16,0.73167615
Cc1cc(C2CCCC2)c(C(=O)NCCCc2cn[nH]c2C)nn1,583,0.799183827,0.220930233,0.06,0.809657745
Cc1cc(C2CCCC2)c(C(=O)NCCCc2cn[nH]c2N)o1,583,0.713770556,0.215909091,0.08,0.795514928
Cc1cc(C2CCCC2)c(C(=O)NCCCc2cn[nH]c2)nn1,583,0.802728163,0.220930233,0.07,0.805042156
Cc1cc(C2CCCC2)c(C(=O)NCCCc2cn[nH]c2)[nH]1,583,0.717281646,0.209302326,0.06,0.804501465
Cc1cc(C2CCCC2)c(C(=O)Nc2cn[nH]c2N)o1,583,0.801262694,0.234567901,0.1,0.794274853
Cc1cc(N2CCCC2)ncc1C(=O)Nc1[nH]ncc1N,583,0.79452848,0.19047619,0.13,0.816755752
Cc1cc(N2CCCC2)nc(C(=O)Nc2cn[nH]c2)n1,583,0.880624004,0.227848101,0.06,0.829398098
Cc1cc(N2CCCC2)c(C(=O)Nc2cn[nH]c2)nn1,583,0.880624004,0.195121951,0.04,0.816742395
Cc1cc(C2CCCC2)c(Cc2c[nH]nc2C(N)=O)[nH]1,583,0.797626001,0.192771084,0.15,0.749967161
Cc1cc(N2CCCc3c2cnn3C2CCCC2)[nH]n1,583,0.912678456,0.227848101,0.07,0.748612601
Cc1cc(N2CCCC2)nc(-n2cnc3c2CCCC3)n1,583,0.849104438,0.192307692,0.01,0.815361434
Cc1cc(C2CCCC2)n(-c2ncnc3[nH]cnc23)n1,583,0.774720482,0.185185185,0.3,0.782989915
Cc1cc(C2CCCC2)n(-c2ncnc3[nH]ccc23)n1,583,0.775739222,0.197530864,0.62,0.810000345
Cc1cc(C2CCCC2)nc(Cn2nnc3c2CCC3)n1,583,0.868430869,0.227848101,0.03,0.785003618
Cc1cc(C2CCCC2)n(-c2n[nH]c(N)c2Cl)n1,583,0.87694648,0.175,0.15,0.774352434
Cc1cc(C2CCCC2)n(Cc2[nH]nc(N)c2Cl)n1,583,0.907291841,0.156626506,0.24,0.77401479
C1CCC(Cc2ccc(-n3cncn3)c(Cl)c2)=N1,583,0.851616953,0.11627907,0.02,0.802751939
C1CCC(Cc2cc(C3CC3)nc3[nH]ncc23)C1,583,0.892168989,0.153846154,0.2,0.804097077
CC1CCC(n2cnc(Cc3cc(C)n[nH]3)c2)CC1,583,0.918178097,0.130952381,0.13,0.762754624
CC1CCC(C)N1Cc1cc(C2CC2)nc(Cl)n1,583,0.784861468,0.173333333,0.03,0.724450811
CC1CCC(C)N1Cc1cc(C2CCCO2)nc(Cl)n1,583,0.801638936,0.158536585,0.08,0.682006784
CC1CCC(C)N1Cc1cc(C2(CCO)CC2)n[nH]1,583,0.855998922,0.148148148,0.1,0.663391518
CCc1cc(C2CCCO2)nn1-c1[nH]c(CCl)nc1Cl,583,0.879863557,0.133333333,0.07,0.674476446
CC1CCC(C)N1Cc1cc(C2(CCO)CC2)ncn1,583,0.895282279,0.146341463,0.08,0.685892838
CC1CCC(C)N1Cc1cc(C(=O)Cl)n(C2CC2)n1,583,0.796572332,0.164556962,0.01,0.697688202
CCOC(=O)c1cc(CC2CCCN2)n(C2CCNC2)c1Cl,583,0.814505747,0.141304348,0.1,0.693781558
CCOC(=O)c1ccc(CC2CCCN2c2[nH]cnc2Cl)o1,583,0.856235739,0.147368421,0.02,0.72928986
CCOC(=O)c1cc(CC2CCCN2)n(C2CC2)c1Cl,583,0.8496874,0.149425287,0.08,0.742611274
CCOC(=O)c1cc(CC2CC2)n(-c2[nH]cnc2Cl)c1,583,0.86222677,0.144444444,0.06,0.764780724
CCOC(=O)c1cc(CC)n(-c2[nH]c(CCl)nc2Br)n1,583,0.656342922,0.136363636,0.1,0.752916458
CCOC(=O)c1cc(CC)n(-c2ocnc2C)c1Cl,583,0.808369768,0.11627907,0.01,0.764676975
CCC(=O)c1cc(CO)n(-c2cc(C)ncn2)c1Cl,583,0.872270992,0.130952381,0.01,0.778303602
CC(=O)c1cc(CO)n(-c2cc(C)ncn2)c1Cl,583,0.861245367,0.134146341,0.01,0.78301388
CC(=O)c1cc(CCO)n(-c2cc(C)ncn2)c1Cl,583,0.869002951,0.144578313,0.01,0.784265732
CC(=O)c1cc(CO)n(-c2cc(C)ncn2)c1CCCl,583,0.676594837,0.127906977,0.02,0.763190024
CC(=O)c1cc(CCO)n(-c2cc(C)ncn2)c1CCl,583,0.676594837,0.141176471,0.01,0.772165968
CCOC(=O)c1cc(CC)n(-c2nc(C)cs2)c1CC,583,0.791667408,0.144578313,0,0.80376429
O=C(CC[NH+]1CCCCC1)c1ccccc1,584,0.756459999,1,0,0.728823328
O=C(CC[NH+]1CCCCC1)c1ccc(O)cc1,584,0.764186261,0.727272727,0.02,0.717365775
O=C(CC[NH+]1CCCCC1)c1ccc(Br)cc1,584,0.844457514,0.705882353,0,0.720134692
O=C(CCN1CCCCC1)c1ccc(Br)cc1,584,0.792510464,0.348837209,0,0.918913656
O=C(CCN1CCCCC1)c1ccc(Cl)cc1,584,0.764826377,0.348837209,0,0.92733532
O=C(CCN1CCCCC1)c1cccc(Cl)c1,584,0.764826377,0.347826087,0.01,0.918003451
O=C(CCN1CCCCC1)c1cccc(Br)c1,584,0.792510464,0.347826087,0.01,0.910663734
O=C(CCN1CCCCC1)C(O)c1ccccc1,584,0.866548779,0.304347826,0,0.841975229
O=C(CCN1CCCCC1)c1ccccc1Br,584,0.792510464,0.304347826,0.02,0.908049605
O=C(CCN1CCCCC1)c1ccccc1,584,0.722727849,0.513513514,0,0.936060971
O=C(CCN1CCCCC1)c1ccccc1O,584,0.812020743,0.311111111,0,0.9095124
O=C(CCN1CCCCC1=O)c1ccccc1,584,0.745373082,0.418604651,0.01,0.911651175
O=C(CCN1CCCCC1=O)c1ccccc1Cl,584,0.785242628,0.25,0,0.896007336
O=C(CN1CCCCC1=O)NCCc1ccccc1,584,0.868690346,0.222222222,0,0.916367491
CCC(=O)N(CCCCO)Cc1ccccc1[N+](=O)[O-],584,0.448813245,0.152542373,0,0.872041493
O=C(O)CC(CCN1CCCC1=O)c1ccccc1,584,0.85414755,0.226415094,0,0.831042654
CCC(=O)N(C)CC(COc1ccccc1)CC1CC1,584,0.727885689,0.189655172,0,0.807795889
CCC(=O)N(CCCCC)CCC(O)c1ccccc1,584,0.701353191,0.185185185,0.02,0.838323636
CCC(=O)N(CCC(C)C)CCc1ccccc1O,584,0.820241452,0.163636364,0,0.87504443
CC(=O)CC(C)(C)COCCc1ccccc1O,584,0.756730032,0.166666667,0.02,0.843660034
CC(=O)CC(C)(C)COc1ccccc1CCO,584,0.808797434,0.166666667,0.01,0.855085465
CCC(=O)N(C)CCC(CO)Cc1ccccc1,584,0.80361568,0.188679245,0,0.825296851
CCC(=O)N(C)CC(CO)Cc1ccccc1,584,0.815084985,0.196078431,0,0.823250108
CCC(=O)N(C)CC(O)Cc1ccccc1,584,0.817392933,0.204081633,0.01,0.844838911
CN(C(=O)Cc1ccc(Cl)c(Cl)c1)C1CCCCC1N1CCCC1,585,0.785423099,1,0,0.779111964
CN(C(=O)Cc1ccc(Cl)c(Cl)c1)C1CCCCC1N1CCC1,585,0.814788458,0.954545455,0,0.780493112
CN(C(=O)Cc1ccc(Cl)c(Cl)c1)C1CCCCC1N,585,0.930389221,0.693877551,0.04,0.782261999
CN(C(=O)Cc1ccc(Cl)c(Cl)c1)C1CCCCC1C,585,0.799901894,0.708333333,0.03,0.794895566
CN(C(=O)Cc1cc(Cl)c(Cl)cc1)C1CCCCC1,585,0.813468646,0.645833333,0,0.893082161
CN(C(=O)Cc1cc(Cl)ccc1Cl)C1CCCCC1,585,0.813468646,0.428571429,0,0.88463891
CN(C(=O)Cc1cc(Cl)cs1)C1CCCCC1Cl,585,0.774300105,0.406779661,0.02,0.705235734
CN(C(=O)Cc1cc(Cl)ccc1Cl)C1CCCC1,585,0.823886522,0.436363636,0,0.884721773
CN(C(=O)Cc1cc(Cl)ccc1F)C1CCCC1,585,0.823328982,0.403508772,0,0.88420085
CN(C(=O)Cc1cc(F)ccc1Cl)C1CCC1,585,0.813065609,0.410714286,0,0.883997916
CN(C(=O)Cc1cc(F)ccc1Cl)C(C)CCN,585,0.893356792,0.276923077,0.04,0.807828928
CN(C(=O)CCc1cc(F)ccc1Cl)C(C)CCN,585,0.873658425,0.25,0.04,0.807629263
CN(C(=O)CCc1cc(F)ccc1Cl)C1CCCC1,585,0.822676448,0.366666667,0,0.881243844
CN(C(=O)Cc1ccc(F)cc1)C1CCCCC1N,585,0.908407887,0.454545455,0.03,0.795789486
CC(N)(Cc1ccc(F)cc1)C(=O)N1CCCC1,585,0.887328822,0.241935484,0.05,0.826603005
CC(N)C(=O)Nc1ccc(F)c(C2CCCCN2)c1,585,0.781956131,0.191780822,0.06,0.78024667
CCN(C(=O)Cc1cc(C2CCCCO2)ccc1F)CC,585,0.831571991,0.279411765,0.02,0.804542936
CCN(C(=O)Cc1cc(C2CCCC2)ccc1F)CCCl,585,0.723902735,0.28358209,0,0.852304787
CCN(C(=O)Cc1cc(C2CCCC2)ccn1)C(F)F,585,0.775892991,0.264705882,0.04,0.809966713
CCN(C(=O)Cc1cc(C2CCCCN2)ccc1F)CC,585,0.904396584,0.264705882,0.01,0.798724422
CCN(C(=O)Cc1ccc(F)cc1)C1CCCCC1N,585,0.919445134,0.344262295,0.01,0.792418937
CCN(C(=O)Cc1cc(N)ccc1F)C1CCCC1,585,0.8499157,0.276923077,0.01,0.867748343
CN(C(=O)Cc1cc(N)ccc1F)C1CCCCNC1,585,0.825417578,0.318181818,0.07,0.796557153
CN(C(=O)Cc1cc(N)ccc1F)C1CCCCN1,585,0.814452885,0.323076923,0.06,0.770393076
CN(C(=O)Cc1cc(N)ccn1)C1CCCCC1F,585,0.908314183,0.365079365,0.22,0.726445509
CN(C(=O)Cc1cc(N)ccn1)C1CCCCC1,585,0.888341696,0.322580645,0.11,0.851624229
CN(C(=O)Cc1cc(N)ccn1)C1CCCC1,585,0.862431822,0.327868852,0.11,0.849286726
N#CC(C(=O)c1cccs1)c1nc2ccccc2[nH]1,586,0.741112338,1,0.02,0.794475044
N#CC(C(=O)C1CC1)c1nc2ccccc2[nH]1,586,0.869580934,0.58,0.06,0.789678586
N#CC(C(=O)N1CCCC1)c1ccc(C#N)s1,586,0.798088471,0.225806452,0.01,0.74593756
CN(C)C(=NC1CCCC1)C(C#N)c1cccs1,586,0.618619926,0.26984127,0.03,0.717937864
CN(C)C(=Nc1ccccc1)C(C#N)C1CC1,586,0.58808523,0.19047619,0.01,0.738953217
CN(C)C(=NC(=O)C1CCCC1)c1ccccc1,586,0.591656125,0.123076923,0.01,0.842464048
CN(C)C(=NC1CCCC1)NC(=O)Cc1cccs1,586,0.681202007,0.169014085,0.01,0.79908573
CN(C)C(=NC1CCCC1)NC(=O)CCc1cccs1,586,0.684978222,0.164383562,0.01,0.801772829
CN(C)C(=NC(=O)CC1CCCC1)n1cccc1,586,0.594080163,0.071428571,0.01,0.770823625
CN(C)C(C(=O)NC1CCCC1)c1ccccc1,586,0.884158958,0.138461538,0,0.859242842
CN(C)CC1CCCCN1C(=O)CC(N)c1cccs1,586,0.904603095,0.173333333,0.03,0.7567813
CC(C)C(C(=O)N1CCCC1)n1cccc1C#N,586,0.819137681,0.164179104,0,0.761036543
CN(C)CC1CCCCN1C(=O)CC(N)c1ccsc1,586,0.904603095,0.113924051,0.02,0.750474157
CN(C)CC1CCCCN1C(=O)CCc1ccsc1,586,0.82757068,0.103896104,0,0.807022141
CN(C)CC1CCCCN1C(=O)Cc1ccsc1,586,0.834174584,0.121621622,0,0.806400308
NCCC(=O)N1CCCCC1CCNC(=O)Cc1cccs1,586,0.7988025,0.153846154,0,0.803271545
NCCC(=O)N1CCCCC1Cc1ccccc1,586,0.882436567,0.117647059,0,0.848787951
NCCC(=O)N1CCCCC1CCNc1ncccn1,586,0.810386341,0.092105263,0.11,0.79774839
NCCC(=O)NCC1CCCCN1c1ccccc1,586,0.844447449,0.111111111,0.03,0.836216303
NCCC(=O)N1CCCCC1c1nc2ccccc2s1,586,0.944785647,0.180555556,0.03,0.820616295
NCCC(=O)N1CCCCC1c1nc2ccccc2[nH]1,586,0.896591087,0.268656716,0.06,0.820025578
NCCC(=O)N1CCCCC1c1ncc2ccccn12,586,0.925284184,0.118421053,0.12,0.773883403
NCCC(Cc1ccccc1)c1nccn1C1CC1,586,0.862204314,0.111111111,0.14,0.791547492
NCCC(Cc1ccccc1)Cc1nccn1C1CC1,586,0.839507001,0.109589041,0.17,0.792882608
CCC1CCC(c2nccn2-c2ccccc2)CN1,586,0.912933036,0.094594595,0.12,0.756631524
CCC1CCC(c2nccn2Cc2ccccc2)CN1,586,0.923600189,0.121621622,0.11,0.769452877
c1ccc(CN2CCCCC2CNc2nccs2)cc1,586,0.910287906,0.135135135,0.02,0.829398673
CCC1CCC(c2nccn2-c2ccccc2)C(N)C1,586,0.926543979,0.078947368,0.07,0.738151998
CCC1CCc2ccccc2C(NCc2cccnc2)C1,586,0.845760879,0.075949367,0.08,0.789814492
C=CCn1c(CC#N)nnc1N1CCOCC1,587,0.702660526,1,0,0.797084456
C=CCn1c(CC#N)nnc1N1CCSCC1,587,0.747433968,0.720930233,0.01,0.765910202
C=CCn1c(CC#N)nnc1N1CCNCC1,587,0.736433495,0.720930233,0.06,0.782364833
C=CCn1c(CC#N)cnc1N1CCNCC1,587,0.768622152,0.433962264,0.13,0.770270641
C=CCCn1c(CC#N)cnc1N1CCNCC1,587,0.784235992,0.344827586,0.16,0.759606767
C=CCn1c(CC#N)cnc1CN1CCNCC1,587,0.769308453,0.392857143,0.11,0.775898779
C=CCn1c(CC#N)cnc1SC1CCNCC1,587,0.824432404,0.31147541,0.15,0.746616826
C=CCn1cncc1CNc1c(CC#N)cnn1C,587,0.794593662,0.242424242,0.11,0.754117639
C=C(C)Cn1c(CC#N)cnc1SC1CCNCC1,587,0.838918799,0.188405797,0.15,0.747833023
C=C(C)Cn1c(CC#N)cnc1NCC1CCNCC1,587,0.777384413,0.183098592,0.16,0.757915609
C=C(C)Cn1c(CC#N)cnc1SCCN1CCNCC1,587,0.61132097,0.197183099,0.15,0.776348572
C=C(C)Cn1c(CC#N)cnc1CCN1CCNCC1,587,0.784853174,0.223880597,0.17,0.772601169
C=CCn1cncc1C1C(CC(C)C)CCN1CCCN,587,0.748934807,0.162162162,0.16,0.684935154
C=CCn1cnnc1C(C(C)CC)N1CCNCC1,587,0.789302505,0.196969697,0.06,0.692340865
C=CCn1cnnc1CCN1CCNCC1CC(C)C,587,0.763800088,0.197183099,0.06,0.728435421
C=C(C)C(C)n1cnnc1CCN1CCNCC1C,587,0.812283543,0.121621622,0.11,0.681484986
C=C(C)C(C)n1cnnc1CCN1CCNCC1CC,587,0.803088517,0.118421053,0.13,0.681501904
C=C(C)C(C)n1cnnc1CCN1CCNCC1C#N,587,0.802602733,0.16,0.14,0.646852728
C=C(C)C(C)N1CCCC1CCn1cnc(CC#N)c1,587,0.747987128,0.178082192,0.13,0.673225256
C=C(C)C(C)N1CCCC1CCn1cnc(CCC#N)c1,587,0.723246725,0.144736842,0.1,0.678365402
C=C(C)C(C)N(C)CCCn1cncc1C1CCCNC1,587,0.783761596,0.073170732,0.14,0.686194607
CC=CN(C)C(C)(C)CCn1cnc(CCCC#N)c1C,587,0.685536575,0.121621622,0.01,0.719697627
CC=CN(C)C(C)(C)CCc1cnc(N2CCCNC2)nc1,587,0.874114433,0.108108108,0.16,0.733964926
CC=CN(C)CCC1CCCN1CCc1cc(C#N)cnn1,587,0.772403815,0.139240506,0.093333333,0.68803467
CC=CN(C)CCc1cc(C2CCCN2CCCC#N)cnc1,587,0.688784292,0.1375,0.11,0.71879726
CC=CN(C)CCc1cc(C#N)cnc1N1CCCN(C)C1,587,0.832630539,0.144736842,0.02,0.742308847
CC=CC(C)N(C)c1cc(CCCN2CCCC2)ncc1N,587,0.786230416,0.090909091,0.1,0.732672966
CC=CC(C)N(C)c1cc(CCCN)cnc1-n1ccnc1,587,0.7982657,0.06097561,0.14,0.700295795
C=C(C1=CC(C)(C)CN1C)c1ccc(CCCN)nc1,587,0.895139965,0.094594595,0.12,0.741227227
C=CCOC(=O)C1=C(C)OC(=N)C(C#N)C1c1ccc(F)cc1,588,0.68362806,1,0,0.703287427
C=CCOC(=O)C1=C(C)OC(=N)C(C#N)C1c1ccc(Br)cc1,588,0.642864774,0.807692308,0,0.697367769
C=CCOC(=O)C1=C(C)OC(=N)C(C#N)C1c1ccc(C)cc1,588,0.683343074,0.84,0,0.705640785
C=CCOC(=O)C1=C(C)OC(=N)C(C#N)C1c1ccc(CC)cc1,588,0.663659531,0.807692308,0,0.705571795
C=CCOC(=O)C1=C(C)OC(=N)C(C2CC2)C1c1ccc(C)cc1,588,0.654310282,0.568965517,0,0.710410024
C=CCOC(=O)C1=C(C)OC(=N)CC1C1(c2ccccc2)CCCC1,588,0.633827842,0.391304348,0.01,0.719325987
C=CCOC(=O)C1=C(C)OC(=N)CC1c1ccccc1-c1cccs1,588,0.614247154,0.369863014,0.01,0.737298468
C=CCOC(=O)C1=C(C)OC(N)=C(C2CCCC2)C1c1ccccc1Br,588,0.544436159,0.347222222,0.04,0.747358974
C=CCOC(=O)C1=C(C)OC(N)=C(C2CC2)C1c1ccccc1I,588,0.430163632,0.376811594,0.08,0.733045975
CC1=C(c2nc(N)c(C(=O)OCCO)c(=O)s2)C(c2ccccc2Br)C1,588,0.697816117,0.144444444,0.2,0.719016468
CC1=C(c2ccccc2)C(C(=O)OC(=O)CN)c2ccc(OCCN)cc21,588,0.599044913,0.129411765,0.09,0.755276486
C=CCC1C(c2ccccc2)c2ccc(C(=O)OCC)c(O)c2C(N)=N1,588,0.639489316,0.253164557,0.04,0.71299151
CC1=C(c2ccccc2)c2ccc(C(=O)OCCO)c(F)c2C(N)CS1,588,0.802792653,0.192771084,0.11,0.738590797
CC1=C(c2ccccc2)c2ccc(C(=O)OCCO)c(F)c2C(N)=NC1,588,0.826471891,0.166666667,0.13,0.796420702
CC1=C(c2ccccc2)c2ccc(C(=O)OCCO)c(F)c2C(N)C1,588,0.837854315,0.2,0.1,0.758822879
CC1=C(c2ccccc2)c2ccc(C(=O)OCCO)c(F)c2C(N)=N1,588,0.713021862,0.202531646,0.17,0.84263123
CC1=CCCc2cc(-c3ccccc3F)c(C(=O)OCC#N)c(O)c21,588,0.851067317,0.207317073,0.03,0.795892549
CC1=CCCc2cc(-c3ccccc3F)c(C(=O)OCCO)c(N)c21,588,0.658559988,0.166666667,0.06,0.805980021
CC1=CCCc2cc(-c3ccccc3F)c(C(=O)OCCN)c(O)c21,588,0.832554879,0.168674699,0.03,0.805160021
CC1=C(c2ccccc2)C(c2cc(C(=O)OCCO)ccc2F)C(N)=N1,588,0.808791675,0.197530864,0.1,0.777758342
CC1=C(c2ncccc2F)c2ccc(C(=O)OCCO)cc2C(N)CC1,588,0.822818919,0.168539326,0.15,0.755328416
CC1=C(c2nc(N)ncc2F)c2ccc(C(=O)OCCO)cc2CCC1,588,0.816044239,0.157303371,0.23,0.809045149
CC1=C(c2nc(N)ncc2F)c2ccc(C(=O)OCCN)cc2CCC1,588,0.815716828,0.159090909,0.26,0.804575391
CC1=C(c2nc(N)ncc2F)C(c2ccc(C(=O)OCC)cc2)CCO1,588,0.844897775,0.231707317,0.17,0.757993116
CC1=C(c2nc(N)ncc2F)C(c2ccc(C(=O)OCC)cc2)CCC1,588,0.83497865,0.204819277,0.16,0.770037794
CC1=C(c2nc(N)ncc2F)C(c2ccc(C3CC3)cc2)=C(OCCO)C1,588,0.814065806,0.154761905,0.2,0.775901749
CC1=C(c2nc(N)ncc2F)C(c2ccc(C3CC3)cc2)CC(OCCO)=N1,588,0.826588781,0.151162791,0.2,0.720569166
CC1=C(c2nc(N)ncc2F)C(c2ccc(C3CC3)cc2)=CCC(=NO)O1,588,0.630038719,0.16091954,0.28,0.738510858
CC1=C(c2nc(N)ncc2F)C(c2ccc3c(c2)CCO3)=NC(=O)CC1,588,0.897323331,0.10989011,0.24,0.766574178
CC1=C(c2nc(N)ncc2F)C(c2ccc3c(c2)CCO3)=NCC=CCO1,588,0.826555251,0.095744681,0.3,0.693830436
CC1=C(c2ccc3c(c2)CCN3)c2cc(F)ccc2C(C(N)=O)=NC1,588,0.885996329,0.139534884,0.28,0.776767655
CC1=C(c2ccc3c(c2)CCN3)c2cc(F)ccc2C(C(=O)O)=NC1,588,0.882201866,0.141176471,0.19,0.779462996
CC1=C(c2cc(F)ccc2F)C(c2ccc3ncncc3c2)=NCCN1,588,0.766109636,0.113636364,0.4,0.791765817
CC1=C(c2ncncc2F)C(c2ccc3c(c2)CCO3)=NC(N)=NC1,588,0.909583815,0.097826087,0.32,0.749050076
NC1=C(c2ccc3c(c2)CCNC3)C(c2cc(F)ccc2F)=NC=NC1=O,588,0.728859473,0.101123596,0.27,0.799872163
CC1=C(c2ccc3c(F)cc(F)cc3c2)C(c2ncncc2N)=NCCN1,588,0.730498378,0.098901099,0.45,0.761339895
CC1=C(c2ccc3c(c2)CCN3)C(c2cc(F)ccc2F)=NC=NC1=NN,588,0.540353199,0.111111111,0.36,0.769892942
CC1=C(c2ccc3c(c2)CCN3)C(c2cc(F)ccc2F)=NC=NC1N,588,0.868577904,0.125,0.35,0.709573513
CC1=C(c2ccc(F)cc2F)C(c2ccc3c(N)ncnc3c2)=NCCN1,588,0.730498378,0.125,0.49,0.794290145
CC1=C(c2ncc(F)cc2F)C(c2ccc3c(N)ncnc3c2)=NCCN1,588,0.727938132,0.112359551,0.56,0.771149685
CC1=C(c2ccc(F)cc2C(C)c2ccc3c(N)ncnc3c2)NCC1,588,0.743483471,0.112359551,0.38,0.741506569
CC1=C(c2ncc(F)c(-c3ccc4c(N)nccc4c3C)n2)NCCN1,588,0.658332047,0.08045977,0.42,0.759799334
C=C1N=C2SC=CN2C(=O)C1=S(O)(O)=Nc1cc(OC)ccc1OC,589,0.616242774,1,0.01,0.689636225
C=C1N=C2SC=CN2C(=O)C1=P(O)(O)N=C(OC)c1ccccc1OC,589,0.46212281,0.444444444,0.01,0.685852493
C=C1N=C2SC=CN2C(=O)C1=C(O)C(N)=Nc1cc(OC)ccc1O,589,0.455163561,0.273809524,0.05,0.719281933
C=C1N=C2OC=CN2C(=O)C1=C(O)C(N)=CS(O)(O)c1ccccc1,589,0.545959205,0.136363636,0.05,0.680753058
C=C1N=C2OC=CN2C(=O)C1=C(O)C(Nc1ccccc1O)=S(C)Cl,589,0.459034534,0.117021277,0.04,0.629627819
C=C1N=C2OC=CC=C2C1=C(O)C(N)=C(OC)Sc1ccc(O)cc1,589,0.486055905,0.10989011,0.08,0.720130571
C=C1OCCN=C1C=C(C(=O)C(C)(C)Sc1ccccc1O)C(N)=NCl,589,0.334380514,0.103092784,0.05,0.670802405
C=C1OCCN=C1C=C(C(C)=O)C(O)=C(Sc1ccccc1)S(C)=N,589,0.339968336,0.096774194,0.06,0.623890027
C=C1OCCN=C1C=C(C(C)=O)C(O)=C(Nc1ccccc1)SC,589,0.467788303,0.101123596,0.01,0.7298222
C=C(COC1CNC=CO1)C(=O)C1=C(C)SC(Nc2ccco2)=N1,589,0.588105253,0.121212121,0.06,0.624785572
C=C1OC(c2ccccc2OC(C)C)=C(C(N)=O)C1=NC=CCl,589,0.897961371,0.122222222,0.11,0.719414262
C=C1OC(c2ccccc2OC(C)C)=NC(=O)C1=C(N)SCCl,589,0.827337788,0.146067416,0.07,0.738444787
C=C1C(c2ccc(OC(C)C)cc2)=NC(=O)C(Cc2ccco2)N1,589,0.91768355,0.147727273,0.15,0.735399533
CC1=C(c2ccc(OC(C)C)cc2)C(=O)N=C(OC2CCCN2)S1,589,0.899486159,0.123595506,0.12,0.741355416
CC1=C(c2ccc(OC(C)C)cc2)C(=O)N=C(OC2CC2)S1,589,0.841206924,0.134146341,0.07,0.833074258
CC1=C(c2ccc(Oc3ccccc3)cc2)C(=O)N=C1ON,589,0.882750255,0.144736842,0.05,0.829274694
C=C1C(c2ccc(OC(C)C)cc2)=NSN1CC1CCCO1,589,0.77269623,0.151162791,0.07,0.725113303
C=C1C(c2ccc(OC(C)C)cc2)=NSN1Oc1ccco1,589,0.772048376,0.142857143,0.07,0.73308959
C=C1N=C(c2cccs2)C(C)=C1OC1CCCN1C(C)C,589,0.833012481,0.151162791,0.01,0.683406821
CC1OC(c2ccc(Oc3ccccc3)cc2)=NC1=O,589,0.857750842,0.148648649,0.03,0.814249716
C=C1C(c2ccc(Oc3ccco3)cc2)=NNN1C(C)C,589,0.932404287,0.13253012,0.05,0.760142931
C=C1C(c2ccc(Oc3ccco3)cc2)=NCN1C(C)C,589,0.84849416,0.13253012,0.07,0.76869447
C=C1N=C(c2ccc(Oc3cccs3)cc2)C(C(C)C)O1,589,0.807228998,0.160493827,0.07,0.721747804
COC1C(c2ccc(Oc3cccs3)cc2)=NNC(=O)C1C,589,0.942956149,0.170731707,0.18,0.707141265
COC1CNC(c2ccc(Oc3cccs3)cc2)=NC1C(C)C,589,0.903092341,0.113636364,0.23,0.685681122
C=C1N=C(c2ccc(OC(C)C)cc2)SC1C(C)CC1CCCN1,589,0.816834003,0.134831461,0.09,0.660456683
COc1ccc(C2=NC(=O)C(C(C)C)=C2Nc2cccs2)cc1,589,0.899427638,0.185185185,0.09,0.798480591
COc1ccccc1C1=NC(=O)C(c2ccc(O)cc2)=C1N,589,0.907498739,0.181818182,0.11,0.844211328
COc1ccccc1C1=NC(=O)C(C#N)=C(N)SC1c1ccco1,589,0.92235476,0.157303371,0.12,0.71699252
COc1ccccc1C1C(C(C)C)=NNC(N)=C1c1ccco1,589,0.908281101,0.11627907,0.08,0.733837396
COc1ccccc1C1C(C(C)C)=NNC(N)=C1c1ccc(O)cc1,589,0.798417608,0.130952381,0.17,0.752096286
COc1ccccc1C1=NC(=O)C(c2ccc(O)cc2)=C1NN,589,0.588653227,0.175,0.12,0.826014555
COc1ccc(C2=NNC(=O)C(c3ccc(O)cc3)=C2C)cc1,589,0.779246442,0.186666667,0.3,0.877066626
C=CC1=C(C)C(c2ccc(OC)cc2)=NC(=O)C1(c1ccco1)NN,589,0.646092148,0.211764706,0.07,0.702102879
C=CC1=C(C)C(c2ccc(OC)cc2)=NC(=O)C1(c1ccco1)CN,589,0.910233302,0.183908046,0.18,0.713059802
C=CC1=C(c2ccc(OC)cc2)C(c2ccc(O)cc2)=NNC1=O,589,0.771721565,0.207792208,0.32,0.848086727
C=CC1=C(C)C(c2ccc(OC)cc2)=NC(=O)C1c1csc(N)n1,589,0.926435397,0.204819277,0.04,0.717875909
C=CC1=C(C)C(c2ccc(OC)c(O)c2)=NC(=O)C1c1cccnc1,589,0.929868337,0.193181818,0.16,0.733425517
COc1ccc(C2=NNC(=O)C(c3ccc(O)cc3)=C2C(C)C)cc1,589,0.756496368,0.179487179,0.34,0.855979802
CN1C(=O)CC(=NC(=O)C2CCCC2)N(C)C1=O,590,0.698121338,1,0.01,0.780397239
CN1CC(=O)C(=NC(=O)C2CCCC2)N(C)C1=O,590,0.687326766,0.511627907,0.01,0.771198181
CN1CCC(=NC(=O)C2CCCC2)N(C)C1=O,590,0.693453879,0.625,0.01,0.778095639
CN1CCC(=NC(=O)C2CCCC2)N(C)C(=O)C1,590,0.69537917,0.558139535,0.02,0.782301773
CN(C)CC1(CN=C2CCCC2)NC(=O)N(C)C1=O,590,0.752880541,0.172413793,0.03,0.679700467
CN(C)CC1=NC(=NC2CCCC2)N(C)C1=O,590,0.726064282,0.288461538,0,0.731133282
CN(C)CC1=NC(=NC2CCCC2)N(C)C(=O)O1,590,0.774771202,0.206896552,0.05,0.75425285
CN1C(=O)N=C(CNC2CC2)N(C)C(=O)CCC1,590,0.792408015,0.232142857,0,0.722829987
CN1C(=O)N=C(CNC(=O)C2CC2)N(C)C1=O,590,0.694444682,0.222222222,0.01,0.835110893
CN1C(=O)NC(=NC2CCCCC2)N(C)S1(=O)=O,590,0.755888654,0.235294118,0.02,0.716934131
CN1C(=O)NC(=NC2CCCCC2)N(C(=O)C2CC2)C1,590,0.83211118,0.277777778,0.05,0.747762866
CN1C(=O)NC(=NC2CCCCC2)N(CC2(C)CC2)C1=O,590,0.899080906,0.2,0.03,0.747738271
CN1C(=O)N(C2CCCCC2)C(=O)NC1=NCC1(C)CC1,590,0.905204562,0.2,0.05,0.739806972
CN1C(=O)NC(=O)N(C2CCCCC2)C1=NCC1(C)CC1,590,0.905204562,0.203389831,0.05,0.751851534
CN(C)CC1(CC2CCCCC2)NC(=O)N(C2CC2)C1=O,590,0.788556638,0.189655172,0.02,0.740016681
CN(C)CC1CCC(=O)N(C2(C)CCCCC2)C(=O)NC1=O,590,0.862003808,0.186440678,0.05,0.732489542
CN(C)C(=O)N1CCC(CC2CCCCC2)=NC(=O)N(C)C1=O,590,0.784265196,0.271186441,0.01,0.763162492
CN(C)C(=O)N1CCC(=NOC2CCCCC2)NC(=O)C1(C)C,590,0.788805904,0.206349206,0,0.73964381
CC(CO)N1CC2(CCCCC2)NC(=O)N(C2CCCCC2)C1=O,590,0.831558339,0.237288136,0.03,0.685727498
CN(C)C(=O)N1CCC(CC2CCCCC2)NC(=O)N(C)C1=O,590,0.847842044,0.25862069,0,0.73167436
CC1C(=O)N(C2CCCCC2)C(=O)N1CC1CCC(CO)N1,590,0.762454461,0.224137931,0.04,0.670164133
CC1C(=O)N(C2CCCCC2)C(=O)N1CC1CCC(=O)N1,590,0.79620412,0.210526316,0.02,0.716138283
CC(=O)N1CCN(C2CCCCC2)N(C)C(=O)NC1=O,590,0.783003512,0.245283019,0.03,0.774868346
CCCC(=O)N1CCN(C2CCCCC2)N(C)C(=O)N1,590,0.857501768,0.25,0.07,0.755629075
CCCN1C(=O)N(C2CCCCC2)C(=O)NC1(C)C,590,0.854447986,0.245283019,0.02,0.800346797
CCCC(=O)N1CCN(C)N(C2CCCCC2)C1=O,590,0.787333522,0.307692308,0,0.796086805
CCC(=O)N1CCN(C2CCCCC2)N(C)C1=O,590,0.753964303,0.269230769,0.01,0.785715004
CCC(=O)N1CCC(C)N(C2CCCCC2)C1=O,590,0.757905428,0.245283019,0.01,0.774649466
CCC(=O)N1CCC(C)(C2CCCCC2)NC1=O,590,0.821086684,0.214285714,0.03,0.742567005
CC(OC(=O)CC1Sc2ccccc2NC1=O)C(=O)NC1CCCC1,591,0.786329856,1,0,0.771993421
CC(OC(=O)CC1Sc2ccccc2NC1=O)C(=O)NC1CC1,591,0.800810872,0.923076923,0,0.772932054
CC(OC(=O)CC1Sc2ccccc2NC1=O)C1CCCC1,591,0.861419151,0.745454545,0.01,0.75404212
CC(OC(=O)CC1CSc2ccccc2N1)C(=O)NC1CC1,591,0.814032622,0.571428571,0.03,0.744803592
CC(OC(=O)CC1CNc2ccccc2O1)C(=O)N1CCCC1,591,0.857583118,0.342465753,0,0.765845691
CC(OC(=O)CC1CCNCC1)C(=O)Nc1ccc2c(c1)CCO2,591,0.805316589,0.303797468,0.04,0.803137857
CC(OC1CCCNC1=O)C(=O)Nc1ccc2c(c1)OCCO2,591,0.866882649,0.25,0.02,0.757944059
CC(SC1CCOCC1)C(=O)Nc1ccc2c(c1)OCC(=O)N2,591,0.881852185,0.231707317,0.02,0.771861129
CC(SC1(C(=O)OC2CCCC2)CC1)C(=O)c1ccccc1O,591,0.634440838,0.24,0,0.749929748
NC(CC1CCOCC1)C(=O)Nc1ccc2c(c1)OCCO2,591,0.881452191,0.1625,0,0.808049975
CC(OC1CCC(c2ccc3c(c2)OCCN3)C1)C(=O)NCCO,591,0.736938038,0.215909091,0.06,0.709165795
CC(OC1CCCCC1)(C(=O)NC1CC1)c1ccc2c(c1)OCO2,591,0.899633604,0.215189873,0,0.766639306
NC(CC1CCOc2ccccc21)C(=O)NC1CCCC1,591,0.89344963,0.309859155,0.01,0.774698371
NCCCOC1CCC(c2ccc3c(c2)OCC3)C(=O)N1,591,0.801874606,0.151162791,0.12,0.705034058
NCCCOC1(c2ccc3c(c2)OCCN3)CCCCC1=O,591,0.815831068,0.162790698,0.17,0.716112715
NCCCOC1(c2ccc3c(c2)OCO3)CCNCC1=O,591,0.770759264,0.141176471,0.08,0.718029687
NCCCOC1(c2ccc3c(c2)NCCO3)CCCCC1=O,591,0.815831068,0.162790698,0.12,0.712631706
OC(COc1ccc2c(c1)CNCCO2)C1CCCCC1=O,591,0.885458132,0.172413793,0.04,0.729097714
NC(COc1ccc2c(c1)CNCCO2)C(=O)C1CCCC1,591,0.864796949,0.176470588,0.08,0.771761513
OC(COc1ccc2c(c1)CNCCO2)c1ccccc1Cl,591,0.909506558,0.126436782,0.08,0.802779302
O=C(COC1CCNC1)c1ccc2c(Cl)cccc2c1,591,0.879345445,0.156626506,0.04,0.810189769
CC(COc1ccc2c(c1)CNCCS2)C(=O)NC1CCO1,591,0.864942585,0.235294118,0.02,0.692380093
OC(COc1ccc2c(c1)CCNC2=O)C1CCCCC1=O,591,0.88302319,0.180722892,0.2,0.735894379
OC(COc1ccc2c(c1)CCNC2=O)C1CCCCS1,591,0.893082556,0.19047619,0.22,0.707728635
OC(COc1ccc2c(c1)CCNC2=O)CC1CCCCS1,591,0.874134072,0.186046512,0.19,0.717186416
OC(COc1ccc2c(c1)CCNC2=O)Cc1ccccc1Cl,591,0.88511598,0.151162791,0.21,0.812620803
O=C(COc1ccc2c(Cl)cccc2c1)C1CCNC1=O,591,0.883317512,0.182926829,0.07,0.78870088
O=C(CC1CCNC1)Oc1ccc2c(Cl)cccc2c1CCO,591,0.652209415,0.19047619,0.06,0.785465325
O=C(CC1CCNC1)Oc1ccc(Cl)c2ccccc12,591,0.69510588,0.226666667,0.04,0.820390565
O=C(CCN1CCCC1)COc1ccc(Cl)c2ccccc12,591,0.808264565,0.151898734,0.01,0.886377426
O=C(CN1CCCC1)COc1ccc(Cl)c2ccccc12,591,0.845973232,0.155844156,0,0.889444894
O=C(CCNC1CCCC1)COc1ccc(Cl)c2ccccc12,591,0.818672037,0.236842105,0.03,0.873376714
O=C(CCn1cc(Cl)cn1)Nc1cccc2ccccc12,591,0.797897723,0.134146341,0.02,0.896498866
O=C(CCn1cc(Cl)cn1)Nc1cccc(C2CCCC2)c1,591,0.896981664,0.164705882,0.01,0.874897138
CC(=O)Nc1cccc(Cl)c1-c1cnc2c(c1)CCCC2,591,0.901104564,0.144578313,0.07,0.854810367
CC(=O)CCn1cncc1-c1c(Cl)cccc1NC1CCCC1,591,0.84506439,0.219512195,0.06,0.824234509
COc1c(Cl)cccc1NC(=O)CCn1cncc1C1CCCC1,591,0.850210382,0.195402299,0.05,0.839692751
COc1c(Cl)cccc1-n1cncc1C1CCC(=O)CC1,591,0.866927728,0.146341463,0.06,0.804390623
CNC(=O)C1CCN(c2c(Cl)cncc2-c2ccccc2)C1,591,0.946831325,0.154761905,0.13,0.814115012
COc1cc(C2CCCC2)cnc1Nc1cccc(CC=O)c1,591,0.811113131,0.180722892,0.09,0.844908516
COc1cc(C2CCCC2)cnc1Nc1cccc(CCN)c1,591,0.846494151,0.166666667,0.18,0.861238711
COc1cc(C2CCCC2)cnc1Nc1cccc(F)c1CN,591,0.872230471,0.176470588,0.17,0.842281129
COc1cc(C2CCCC2)ccc1Nc1c(F)cccc1CCN,591,0.805184846,0.182926829,0.06,0.861026084
CSc1nc(-c2ccccc2NC2CCCC2)cc(N)c1CO,591,0.725771134,0.225,0.02,0.827135208
COc1cc(-c2cccnc2)cc(N)c1NC1CCCCC1,591,0.834654399,0.172839506,0.17,0.861334397
COc1cc(F)ccc1-c1cncc(NC2CCCC2)n1,591,0.932168563,0.1625,0.18,0.864432536
COc1cc(F)ccc1Nc1cncc(C2CCCCC2)n1,591,0.908010494,0.146341463,0.17,0.851466609
COc1ccc(-c2c(C)oc3c(CN4CCCCC4C)c(O)ccc3c2=O)cc1,592,0.685992813,1,0.02,0.796084107
COc1ccc(-c2c(C)oc3c(CN4CCCCC4C)c(O)ccc23)cc1,592,0.663289714,0.862068966,0.04,0.801182433
COc1ccc(-c2c(CO)n(CC3CCCCC3F)c(C)cc2=O)cc1,592,0.882086043,0.346153846,0.03,0.732903628
COc1ccc(-c2c(CO)c3cccc(C)c3c(=O)n2CC(F)F)cc1,592,0.754973484,0.253012048,0.05,0.832092877
COc1ccc(-c2c(COCC(F)F)c(C)cc(=O)n2C2CCCCC2)cc1,592,0.657780967,0.289156627,0.01,0.819072904
COc1ccc(-c2c(COCC(F)(F)C3(C)CCCCC3)coc2C)cc1,592,0.559639509,0.253012048,0.07,0.781092842
COc1ccc(-c2c(COCC(F)(F)F)c(C)cc(=O)n2CCCCCO)cc1,592,0.596715308,0.227272727,0.04,0.826350415
COc1ccc(-c2c(COCC(F)F)c(C)cc(=O)n2C2CCCC2)cc1,592,0.700419171,0.292682927,0.01,0.819036567
COc1ccc(-c2c(COCC(F)(F)F)c(C)c[nH]c2=O)cc1,592,0.915139739,0.256410256,0.11,0.834395459
CNc1ccc(-c2c(OCC(C)(C)F)cc(C)[nH]c2=O)cc1,592,0.888384429,0.152941176,0.13,0.820945952
CNc1ccc(-c2c(OCC(C)(C)O)cc[nH]c2=O)c(C)c1,592,0.793261337,0.122222222,0.11,0.815252362
CNc1cc(-c2cccnc2OCC(C)(C)C2CCCCC2)ccn1,592,0.788403782,0.157303371,0.2,0.819514393
CNc1ccc2c(OCC(C)(C)CC3CCCCC3)ccnc2c1,592,0.744312134,0.146067416,0.08,0.829853286
CNc1ccc2c(COCC(C)(C)O)cc(C)nc2c1CCCO,592,0.693007555,0.11827957,0.03,0.797628911
COc1ccc2c(C(C)(O)CCC3CCCCC3)c(C)cnc2c1,592,0.828523766,0.240963855,0.05,0.778489805
COc1ccc2c(C(C)(O)CCC3CCCCC3)c[nH]c2c1,592,0.837168123,0.234567901,0.04,0.786569225
COc1ccc2c(C(C)(O)CC3CCCCC3)ccnc2c1,592,0.908299198,0.234567901,0.08,0.795221239
COc1ccc2c(C(C)(O)CC3CCCCC3)c[nH]c2c1,592,0.877536823,0.2375,0.05,0.784761393
COc1ccc(C(C)(O)COCCCC2CCCCC2)c(C)n1,592,0.735779715,0.176470588,0.07,0.76763929
COc1ccc2c(C(F)(F)COCC(C)C)c[nH]c2c1,592,0.870928621,0.154761905,0.08,0.819103031
COc1ccc(C(C)(O)COCC2CCCCC2)c(C)n1,592,0.874798069,0.180722892,0.06,0.766263927
COc1ccc(C(C)(O)C#CCC2CCCCC2)c(C)n1,592,0.86404186,0.178571429,0.04,0.740246456
COc1ccc(C(C)(O)C#CC2CC3CCC2C3)cn1,592,0.841011027,0.136363636,0.05,0.57472613
COc1ccc(N(CC(C)(C)O)C2CCCCC2)cn1,592,0.899067616,0.185185185,0,0.822455174
COc1ccc(-c2nccc3c2CCCC3)c(C(C)(C)O)c1,592,0.935016946,0.166666667,0.04,0.837477581
COc1ccc(-c2nccn(CCC(C)(C)O)c2=O)cc1,592,0.914589103,0.243589744,0.08,0.85621546
COc1ccc(-c2nccc(C)c2CCC(C)(C)O)cn1,592,0.916969975,0.168674699,0.11,0.828161879
COc1ccc(-c2nccc(C)c2C#CC(C)(C)O)cc1,592,0.859632855,0.205128205,0.11,0.842445964
COc1ccc(-c2nccc(=O)n2CCC(C)(C)O)cc1,592,0.914589103,0.246753247,0.06,0.861545168
COc1ccc(-c2ncc(C)c(=O)n2CCC(C)C)cc1,592,0.846987349,0.233766234,0.06,0.877862144
COc1ccc(-c2ncc(C)c(=O)n2CC(C)CCO)cc1,592,0.888614538,0.2375,0.06,0.805861068
COc1ccc(-c2ncc(C)n2CC(C)(C)CCCN)cc1,592,0.849297282,0.2125,0.13,0.832106792
COc1ccc(-c2ncc(C)n2CC(C)(C)CCN)cc1,592,0.887050231,0.202531646,0.12,0.833881508
CCc1ccccc1NC(=S)NC1CC2CCC(C1)N2Cc1ccco1,593,0.768159004,1,0,0.687222999
CCc1ccccc1NC(S)C1CCN(Cc2ccco2)C1,593,0.622425199,0.447761194,0.03,0.744212618
CCc1ccccc1NC1CCC(Cc2ccccc2)N1C,593,0.883002393,0.298507463,0.02,0.766477762
CCc1ccccc1NC1CCC(c2ccccc2)N(C)C1,593,0.893083384,0.313432836,0.01,0.807511656
CCc1ccccc1NC1CC(c2ccc(C)nc2)C1O,593,0.904273425,0.273972603,0.03,0.746497035
CCc1ccccc1NC1CC(c2ccc(C)n2C)C1,593,0.876661431,0.333333333,0,0.838179075
CCc1cccnc1NC1CC(c2ccc(C)nc2)C1,593,0.917392099,0.232876712,0.09,0.839646243
CCc1ccccc1N1CCC(NCc2cccnc2)C1,593,0.912888746,0.236842105,0.02,0.838813643
CCc1cccnc1N1CC(NCc2cccnc2)C1,593,0.900472278,0.210526316,0.05,0.860722501
CCc1cccnc1CNC1CC(c2cccnc2)C1O,593,0.881480254,0.202531646,0.05,0.718264668
CCc1cccnc1N1CCOC(c2cnccn2)C1,593,0.853650347,0.202531646,0.22,0.771102119
CCc1cccnc1N1CCOC(c2ccc(CC)cn2)C1,593,0.868527804,0.2,0.15,0.781481946
CCc1cccnc1N1CCOC(c2cnc(CC)cn2)C1,593,0.86807513,0.202531646,0.15,0.756875696
CCc1ccncc1N1CCOC(c2ccc(CC)cn2)C1,593,0.868527804,0.172839506,0.31,0.773372331
CCc1ccncc1N1CCOC(c2ccc(CN)cn2)C1,593,0.935935877,0.166666667,0.44,0.765241802
CCc1cnccc1N1CCOC(c2ccc(CN)cn2)C1,593,0.935935877,0.164705882,0.44,0.765436754
Cc1ccncc1N1CCOC(c2ccc(CN)cn2)C1,593,0.931138767,0.127906977,0.46,0.769863482
CCOC(=O)C1CCCN(S(=O)(=O)c2cc3c4c(c2)CCN4CCC3)C1,594,0.749536077,0.728813559,0,0.795159168
CCOC(=O)C1CCCN(S(=O)(=O)c2cc3c4c(c2)CCN4C(=O)CC3)C1,594,0.725076971,1,0,0.786155636
COC(=O)C1CCCN(S(=O)(=O)c2cc3c4c(c2)CCN4C(=O)CC3)C1,594,0.735581494,0.803571429,0,0.78493242
CNC(=O)C1CCCN(S(=O)(=O)c2cc3c4c(c2)CCN4C(=O)CC3)C1,594,0.838762834,0.724137931,0,0.781611029
COC(=O)C1CCCN(S(=O)(=O)c2cc(Cl)cc3c2CC2CCCN2C3=O)C1,594,0.690691842,0.358974359,0.02,0.736154077
COC(=O)C1CCCN(S(=O)(=O)c2cc(Cl)cc(CN3CCC(=O)C3)c2)C1,594,0.681540636,0.44,0,0.786989048
CNC(=O)C1CCCN(S(=O)(=O)c2cc(Cl)cc(CN3CCc4cccnc43)c2)C1,594,0.759207656,0.369047619,0.02,0.775420744
CNC(=O)C1CCCN(S(=O)(=O)c2cc(Cl)cc(CN3CCCC3=O)c2)C1,594,0.793978829,0.413333333,0,0.794930381
CNC(=O)CN1CCCN(S(=O)(=O)c2cc(Cl)cc(C#N)c2)c2cccc1c2,594,0.822140851,0.188888889,0.01,0.728147371
CNC(=O)C1CCCN(S(=O)(=O)c2cc(Cl)cc(C#N)c2)C2CCCN2C1,594,0.819248646,0.268292683,0.03,0.724722905
CNC(=O)N1CCCN(S(=O)(=O)c2cc(Cl)cc(C#N)c2)C2CCCN2C1,594,0.797219479,0.229885057,0.03,0.730996022
CN1Cc2cc(C#N)cc(c2OS(=O)(=O)c2ccn3ccnc3c2)C1,594,0.667913266,0.136363636,0.07,0.682718881
CCC(=O)N1CCCN(S(=O)c2cc(Cl)cc(C#N)c2)C2CC(=O)C=C21,594,0.791786592,0.161290323,0.08,0.647766958
CCC(=O)N1CC(OS(=O)c2cc(Cl)cc(C#N)c2)c2cccn2C1,594,0.820313152,0.159574468,0.04,0.640111696
CN1C(=O)C2Cc3cc(C#N)cc(c32)Cn2cccc2C(=O)CS1,594,0.69227776,0.108695652,0.05,0.618361661
CCC(=O)N1CCCc2cc(C#N)cc(Cn3ccccc3=O)c2C1,594,0.865207784,0.191011236,0,0.81910655
CCC(=O)N1CCCc2cc(C#N)cc(Cn3ccncc3=O)c21,594,0.863675468,0.218390805,0.06,0.791856637
CCC(=O)N(Cc1cc(=O)n2cc1c1cccnc12)SCCC#N,594,0.508946279,0.127659574,0.05,0.613624318
CCC(=O)N(Cc1cc(=O)n2ccsc2n1)c1cccc(Cl)c1,594,0.726863987,0.146067416,0.01,0.836172662
CCC(=O)OCc1cc(Cl)cc(C#N)c1Cc1cc2n(c1)CCS2,594,0.750993057,0.150537634,0.03,0.740581297
CCC(=O)N1CCCC1SC(=O)Cc1cc(Cl)cc2c1cnn2C,594,0.832933516,0.206896552,0.09,0.714028607
CCC(=O)N1CCCC1SC(=O)Cc1cc(Cl)cc(C#N)c1,594,0.845318642,0.202380952,0.05,0.728048205
CCC(=O)c1cc(SCc2cccnc2)c2c(c1)N(C#N)CC2=O,594,0.472508661,0.139784946,0.04,0.764365913
CCC(=O)c1cc(Cl)cc(Cc2ccc3c(c2)C(=O)NS3)c1,594,0.719025642,0.11627907,0.09,0.815224231
CCC(=O)c1cc(Cl)cc(C#Cc2ccc3c(c2)C(=O)NS3)c1,594,0.559695,0.114942529,0.11,0.789442011
CCC(=O)N1CCCC1NC(=O)Cc1cc(Cl)c2c(c1)CCCS2,594,0.888035799,0.209302326,0.01,0.73248347
CCC(=O)N1CCSC1CC(=O)c1ccc2c(c1)CCCN2C#N,594,0.621212385,0.195402299,0.026666667,0.710066728
CCC(=O)N1CCSC1CC(=O)c1ccc2c(c1)CCCN2,594,0.867328169,0.186046512,0.1,0.745539921
CCC(=O)c1cc(Cl)cc(C#N)c1CC1CSCC(=O)N1,594,0.864931281,0.149425287,0.09,0.711428086
CCC(=O)N1CCSC1CC(=O)c1cc(Cl)cc(C#N)c1,594,0.799117532,0.151162791,0.03,0.743107132
CCC(=O)N1CCSC1C(=O)c1cc(Cl)c2c(c1)CCCN2,594,0.859834936,0.186046512,0.05,0.722672718
CCC(=O)N1CC(=O)NC1Cc1cc(Cl)cc(C#N)c1,594,0.915840224,0.152941176,0.05,0.738891144
CCC(=O)N1CCNC(=O)C1Cc1cc(Cl)cc(C=O)c1,594,0.855798069,0.166666667,0.03,0.772887503
CCC(=O)N1CCNC(=O)C1Cc1ccc(Cl)cc1,594,0.914646128,0.164556962,0.02,0.821526893
CCC(=O)N1CCNC(=O)C1Cc1cc(Cl)cc(C#N)c1,594,0.919271339,0.164705882,0.03,0.775374771
CCC(=O)N1CCNCC1CC(=O)c1ccc(Cl)cc1,594,0.865570253,0.148148148,0.02,0.810860999
CCC(=O)N1CCNCC1CC(=O)c1cc(Cl)cc(OC)c1,594,0.84299952,0.162790698,0.06,0.788074687
CCC(=O)N1CCNCC1CC(=O)c1cc(Cl)ccn1,594,0.855627032,0.151162791,0.17,0.770248636
c1ccc(C2COC(c3cccs3)=N2)cc1,595,0.774156709,1,0,0.799068311
Clc1ccc(C2COC(c3cccs3)=N2)cc1,595,0.80476966,0.763157895,0.02,0.792994278
Cc1ccc(C2COC(c3cccs3)=N2)cc1,595,0.789756436,0.763157895,0,0.795165047
CC(=O)N1C=C(c2ccc(Cl)cc2)COC1,595,0.751277773,0.101694915,0.01,0.79882658
CC(=O)C1COC(c2ccc(I)cc2)=NC1C,595,0.774789981,0.218181818,0.08,0.713821665
CC(=O)OCC1COC(c2ccc(I)cc2)=NC1,595,0.614528371,0.180327869,0.11,0.762297744
CC(=O)OCC1COC(c2ccc(I)cc2)=NC1Cl,595,0.34335199,0.193548387,0.11,0.708609515
CC(=O)OCC1CNC(c2ccc(I)cc2)=NC1O,595,0.615140896,0.107692308,0.21,0.69179355
CC(=O)c1ccc(OCC2CNCC(c3cccs3)O2)cc1,595,0.861139272,0.179104478,0,0.756111175
Cc1ccc(COCC2CNCC(c3cccs3)O2)cc1,595,0.919086687,0.1875,0.03,0.753059901
Cc1ccc(COCC2CN=C(c3cccs3)ON2)cc1,595,0.923228561,0.3,0.07,0.746135231
Cc1ccc(COCC2CNCC(c3cccs3)=N2)cc1,595,0.920608169,0.262295082,0.1,0.757617365
Cc1ccc(COCC2CNC(c3cccs3)=NO2)cc1,595,0.923228561,0.258064516,0.02,0.761662775
Cc1ccc(COCC2COCC(c3cccs3)N2)cc1,595,0.919086687,0.206349206,0.06,0.745090918
Cc1ccc(COCC2COC(c3cccs3)=N2)cc1,595,0.843381809,0.442307692,0.02,0.78446457
Cc1ccc(C2=CC(c3cccs3)NCCO2)cc1,595,0.897703045,0.224137931,0.06,0.755936223
Cc1ccc(C2COC(c3cccs3)=NC2)c(CO)c1,595,0.942161816,0.368421053,0.04,0.750836188
COC1COC(c2ccccc2)=NC1c1cc(C)cs1,595,0.863463283,0.298245614,0.05,0.723264058
COC1=CC(c2ccccc2)=NC(c2cccs2)CC1,595,0.806222744,0.285714286,0.06,0.763316982
COC1=CC(c2ccccc2)C(c2cccs2)=NCC1,595,0.824682357,0.358490566,0.02,0.748080998
ClC1=CC(COCc2ccco2)C(c2ccccc2)=N1,595,0.779275259,0.142857143,0.06,0.748197556
COC1=CC(c2ccccc2)C(c2cccs2)=NC1,595,0.828689029,0.37254902,0.03,0.747320838
C1=CC(OCc2ccccc2)C(c2cccs2)=NC1,595,0.775658132,0.314814815,0.03,0.751008751
Cc1ccccc1OCC1COC(c2ccsc2)OC1,595,0.856995211,0.2,0.01,0.833689263
Cc1ccc(C2=CC(c3cccs3)OC2)c(CO)c1,595,0.922769647,0.19047619,0.03,0.739205953
Cc1ccc(C2COS(=O)OC2)cc1-c1cccs1,595,0.850961729,0.339622642,0.07,0.763502876
Cc1ccccc1C1COC(c2ccsc2)C(CO)O1,595,0.942819369,0.196721311,0.02,0.701539001
Cc1ccccc1C1COC(c2ccsc2)C1CO,595,0.927647161,0.2,0.06,0.710974485
Cc1cccnc1OCC1COC(=O)C1c1ccsc1,595,0.812084334,0.215384615,0.06,0.711799867
Cc1cccnc1COc1ccsc1C1COS(=O)O1,595,0.868673837,0.194029851,0.01,0.656399072
Cc1cccnc1OCc1ccsc1C1COS(=O)O1,595,0.868673837,0.215384615,0,0.654159549
Cc1cccnc1-c1cccc(C2COC(CO)CO2)c1,595,0.941140631,0.171875,0.07,0.755476176
Cc1cc(-c2cccs2)ccc1OCC1COCCC1=O,595,0.863464902,0.25,0.03,0.782664491
Cc1cccnc1-c1cccc(C2COCC(CO)O2)c1,595,0.941140631,0.169230769,0.1,0.754551586
Cc1cc(-c2cccs2)ccc1OCC1COCCCN1,595,0.937775394,0.246153846,0.15,0.790100244
Cc1ccc(-c2cccs2)cc1OCC1COCCCN1,595,0.937775394,0.246153846,0.15,0.788637961
Cc1ccc(-c2cccs2)cc1OCC1COC(=O)N1,595,0.939850558,0.274193548,0.09,0.787542289
CCCCN(C(=O)NC(=O)NC1C2CC3CC(C2)CC1C3)S(C)(=O)=O,596,0.774936969,1,0,0.672811854
CCCCN(C(=O)NC(=O)C1C2CC3CC(C2)CC1C3)S(C)(=O)=O,596,0.819479883,0.695652174,0,0.6683594
CCCCN(C(=O)NC(=O)C1C2CC3CC(C2)CC1C3)C(C)=O,596,0.865791686,0.433962264,0.01,0.668546189
CCCCN(C(=O)NC1C2CC3CC(C2)CC1C3)S(C)(=O)=O,596,0.843310613,0.80952381,0,0.674229692
CCCCN(C(=O)NC1C2CC3CC(C2)CC1C3)C(C)(C)CO,596,0.787330731,0.509803922,0,0.663564699
CCCCN(C(=O)NC(=O)C1C2CC3CC(C2)CC1C3)C(C)CC,596,0.791359012,0.410714286,0,0.635680524
CCCCN(C(=O)NC(=O)NC1CC2CCC1C2)C1CC(C)C1,596,0.813948138,0.431034483,0.01,0.637469219
CCCCN(C(=O)NC(=O)CC1CC2CCC1C2)C(=O)CCCC,596,0.731511752,0.344262295,0,0.635048736
CCCCN(C(=O)NC1C2CC3CC1CCC3)C(=O)C2(C)C,596,0.86644401,0.188405797,0.05,0.591926801
CCCCN(CC(=O)NC1CC2CCC1C2)C(=O)CCCC,596,0.711290799,0.333333333,0.01,0.677126372
CCCCN(CC(=O)NC1CC1)C1CCCN(CC)C1=O,596,0.735829509,0.235294118,0.01,0.784307132
CCCCN(CC(=O)NC1CC1)C1CCCS(=O)(=O)C1,596,0.760038028,0.246153846,0.01,0.788344291
CCCCN(CC(=O)CC1CC2CCC1N2)S(C)(=O)=O,596,0.730192218,0.306451613,0.03,0.593966336
CCCCN(CC1CC1C1CCCNC1)S(C)(=O)=O,596,0.775296491,0.306451613,0.04,0.696676124
CCCCN(CCCC)C(=O)CC1CC1NC(C)=O,596,0.697484872,0.303571429,0.01,0.760647373
CCCCN(CCCC)C(=O)CC1CCOCC1NC(C)=O,596,0.710766778,0.25,0.01,0.748469727
CCCCN(CCCC)C(=O)CC1CCCNC1CCCO,596,0.616574854,0.212121212,0.03,0.735677785
CCCCN(C)C(=O)NC1CCCOC1C1CCCNC1,596,0.815621014,0.260869565,0.03,0.704514214
CCCCn1c(CC2CCCNC2(C)CCO)n[nH]c1=O,596,0.702272898,0.126582278,0.04,0.669914294
CCCCn1c(CC2CCCNC2=O)nc(N)c1CCC,596,0.809533398,0.116883117,0.16,0.732891567
CCCCN(CCC)C(=O)CC1CCCN=C1NCCC,596,0.709588602,0.223880597,0.05,0.745295218
CCCCn1c(CC2CCCNC2=O)n[nH]c1=CC,596,0.795609331,0.12,0.1,0.676212739
CCCCN(CCC)C(=O)Cc1c[nH]c(N)n1,596,0.756845126,0.184615385,0.09,0.792385983
CCCCN(CCC)Cc1c[nH]c(NC2CCOCC2)n1,596,0.734897779,0.166666667,0.07,0.782074907
CCCCN(CCC)Cc1c[nH]nc1NC1CCOCC1,596,0.734897779,0.166666667,0.15,0.786816142
CCCCN(C)CCCc1c[nH]nc1NC1CCOCC1,596,0.735019703,0.166666667,0.09,0.785164692
CCCCN1C(=O)OCC1Cc1ccnc(NCCC)c1,596,0.799492861,0.128205128,0.07,0.779817291
CCCCN(C)Cc1c[nH]nc1Cc1ccnc(NC)c1,596,0.78350618,0.131578947,0.15,0.786911136
CCCCN(C)Cc1c[nH]nc1Cc1ccnc(NCC)c1,596,0.74718663,0.128205128,0.15,0.790100579
CCCCN(C)Cc1c[nH]nc1-c1ccnc(NCCC)c1,596,0.743751992,0.12987013,0.39,0.799383607
CCCCN(C)Cc1c[nH]nc1-c1ccnc(NC2CC2)c1,596,0.785183819,0.153846154,0.38,0.79590815
CCCN(CCCC)Cc1ccncc1-c1ccnc(NC)c1,596,0.753286279,0.133333333,0.33,0.838778798
CCCNCC(O)c1ccncc1Cc1ccnc(NCCC)c1,596,0.585094589,0.074074074,0.22,0.777927824
CC(=CCN)Cc1c[nH]nc1-c1ccnc(NC2CC2)c1,596,0.711592227,0.073170732,0.5,0.751727034
CN1C(=O)N(C)C(=O)C2(Cc3ccccc3N3CCCC32)C1=O,597,0.676403723,1,0,0.72321047
CN1C(=O)N(C)C(=O)C2(Cc3ccccc3N3CCCC32)C1,597,0.732513821,0.673469388,0.01,0.658495007
CN1C(=O)N(C)C(=O)C2(Cc3ccccc3N2CCCO)C1,597,0.892369096,0.372881356,0,0.690878143
CN1C(=O)N(C)C(=O)C2(Cc3cccnc32)C1(C)C,597,0.702685957,0.310344828,0.04,0.657499762
CN1C(=O)N(C)C2(CCCc3ccc(CN)cc32)C1=O,597,0.781844278,0.258064516,0.06,0.696716459
CN1C(=O)C(C)(Cc2cc3cccnc3n2C)CC1=O,597,0.777977051,0.208955224,0.03,0.731362473
CN1C(=O)C(C)(Cc2cc3cccnc3n2CC)C1=O,597,0.629177316,0.179104478,0.01,0.782121773
CN1C(=O)N(C)C(Cc2cccn2CC2CCC2)C1=O,597,0.785490099,0.234375,0.02,0.74729506
CN1C(=O)C(C)(Cc2cccn2CC2CCC2)C1=O,597,0.612074782,0.262295082,0.01,0.780664549
CN1C(=O)C(C)(Cc2ccccc2CN2CCC2)C1=O,597,0.614944637,0.280701754,0,0.843101912
CN1C(=O)C(C)(Cc2ccccc2CCCN(C)C)C1=O,597,0.591081545,0.213114754,0,0.830010988
CN1C(=O)C(C)(Cc2ccccc2CNCC)CCC1=O,597,0.84441663,0.21875,0.01,0.783170527
CN1C(=O)C(C)(Cc2ccccc2CN(C)C)C1=O,597,0.604932718,0.228070175,0.01,0.831071284
CN1C(=O)C(CCCN)(CCCN)Cc2ccccc21,597,0.829209541,0.37037037,0.02,0.805526877
CN1C(=O)C(CO)(CCCN(C)C)Cc2ccccc21,597,0.886674591,0.333333333,0.03,0.767455619
CN1C(=O)C(CO)(CCCN)Cc2ccccc21,597,0.832474866,0.344827586,0.03,0.762909774
CN1C(=O)C(CCCN)Cc2ccccc2C1(C)C,597,0.906077009,0.238095238,0,0.768947508
CN1C(=O)C(CCCN)Cc2ccccc2N(C)C1,597,0.895684431,0.262295082,0.04,0.775580594
CN1C(=O)C(CCCN)Cc2ccccc2N1C,597,0.878245213,0.271186441,0.02,0.758680851
CN1C(=O)C(CC2CCCNC2)Cc2ccccc21,597,0.881841988,0.306451613,0.11,0.754381284
CN1C(=O)C(CC2CCCNC2)Nc2ccccc21,597,0.851453239,0.265625,0.09,0.744721424
CN1C(=O)C(CC2CCCNC2)c2ccccc2C1C,597,0.897498967,0.212121212,0.09,0.698753883
CN1C(=O)C(CC2CCCNC2)c2ccccc21,597,0.864130267,0.274193548,0.14,0.74669758
CN1C(=O)C(NC2CCCNC2)c2ccccc21,597,0.818211758,0.274193548,0.07,0.748372136
CN1C(=O)CN(C2CCCNC2)c2ccccc21,597,0.807857015,0.310344828,0.02,0.792660732
CC(c1nnnn1C(C)(C)C)N(Cc1cccnc1)Cc1ccccc1,598,0.679842342,0.79245283,0,0.791369147
CC(c1nnnn1C(C)(C)C)N(Cc1cccnc1)Cc1ccccc1Cl,598,0.635702317,1,0,0.77919349
CC(c1nnnn1C(C)(C)C)N(Cc1ccccc1)Cc1cccnc1,598,0.679842342,0.79245283,0,0.791369147
CC(c1nnnn1C(C)(C)C)N(CC1CC1)Cc1ccccc1Cl,598,0.790304453,0.65,0,0.773318935
CC(c1nnnn1C(C)(C)C)N(CC1CC1)C(=O)Cc1ccccc1,598,0.810155196,0.408450704,0.01,0.7867286
CC(C1=NN=CC1)N(CC(C)(C)C)C(=O)C=Cc1ccccc1Cl,598,0.727091389,0.21686747,0.06,0.705037117
CC(C1=NNC(C(C)(C)C)C1)N(CC1CC1)C(=O)Cc1ccccc1Cl,598,0.806273207,0.253012048,0.05,0.699368366
CC(C1=NNC(C(C)(C)C)C1)N(CC1CC1)C(=O)COCc1ccccc1,598,0.759647307,0.179775281,0.05,0.704062392
CC(C)C1=NN(CC2CC2)C(=O)N1C(C)(C)COC(=O)Cc1ccccc1,598,0.668963595,0.197674419,0.01,0.803099287
CC(C)C1=NN(CC2CC2)C(=O)N1C(C)(CO)COCc1ccccc1,598,0.746822623,0.183908046,0.01,0.739972664
CC(C)C1=NN(C(C)CC2CC2)C(=O)N1CC(CO)Cc1ccccc1,598,0.748305297,0.164705882,0.02,0.722703069
CC(C)C1=NN(CC2CC2)C(=O)C1C(C)(CO)Cc1ccccc1Cl,598,0.802412558,0.243902439,0.03,0.675808232
CC(C)C1=NN(C(C)C2CCCC2)C(=O)N1CC(CO)Cc1ccccc1,598,0.768281902,0.180722892,0.01,0.725373985
CC(C)C1=NN(C(C)CO)C(=O)N(CC2CC2)C1c1ccccc1,598,0.870658976,0.129411765,0.02,0.703802098
CC(C)C1=NN(Cc2ccccc2)C(=O)N1CC(CN)CC1CC1,598,0.809800892,0.180722892,0.04,0.771732626
CC(C)C1=NN(Cc2ccccc2)C(=O)N1CC1(C(N)=O)CCCC1,598,0.873892077,0.195121951,0.01,0.818062219
CC(C)(C)C1=NN(Cc2ccccc2)C(=O)N1CC1(CO)CCCC1,598,0.907880715,0.185185185,0.05,0.815558263
CC(C)C1=NN(Cc2ccccc2)C(=O)C1CN1CCCCC1C(N)=O,598,0.84655011,0.170454545,0.07,0.731257685
CC(C)(C)c1nnnn1CC1CCCCN1C(=O)C(CO)Cc1ccccc1,598,0.824074579,0.204545455,0,0.739095535
CC(C)(C)c1nnnn1C1CCCCN(C(CO)Cc2ccccc2)C1=O,598,0.870325458,0.226190476,0,0.7304086
CC(C)(C)c1nnnn1C1(c2ccccc2)CCCCN(CO)C1=O,598,0.916440858,0.192771084,0.01,0.723193209
CC(C)(C)c1nnc(-c2ccccc2)n1CN1CCCCC1C(N)=O,598,0.926926838,0.151162791,0.03,0.788632989
CC(C)(C)c1nnc(-c2ccccc2)n1CC1CCCCN1C(N)=O,598,0.931237957,0.137931034,0.02,0.787831231
CC(C)(C)c1nnc(-c2ccccc2)n1CC1CCCCN(CO)C1,598,0.92620031,0.139534884,0.08,0.785019595
CC(C)(C)c1nnc(-c2ccccc2)n1Cc1ccnn1CCCCO,598,0.662082214,0.168674699,0.06,0.820644448
CC(C)(C)c1nnc(-c2ccccc2)n1Cc1ccnn1CO,598,0.803281633,0.179487179,0.06,0.810289348
CC(C)(CO)c1nnc(-c2ccccc2)n1Cc1cccnc1,598,0.786824059,0.291666667,0.08,0.846965045
CC(C)(CO)c1nnc(-c2ccccc2)n1Cc1ccncc1,598,0.786824059,0.216216216,0.1,0.846118425
CC(C)(C)c1nnc(-c2ccccc2)n1Cc1ccnc(CO)c1,598,0.801095957,0.17721519,0.06,0.849525189
CC(C)(CN)c1nnc(-c2ccccc2)n1Cc1ccnc(CO)c1,598,0.718929796,0.168674699,0.15,0.822316734
Cc1cc(-n2c(O)c3c(c2O)CC(c2ccccc2)C3)no1,599,0.762106809,0.840909091,0.01,0.804476404
Cc1cc(-n2c(O)c3c(c2O)CC(c2ccco2)C3)no1,599,0.756201298,0.615384615,0.02,0.766141649
Cc1cc(-n2c(O)c3c(c2O)CC(Cl)CC3)no1,599,0.778605174,0.653061224,0,0.698772851
Cc1cc(-n2c(O)c3c(c2O)CC(C)C3)ccn1,599,0.809045195,0.310344828,0.04,0.784347619
Cc1cc(-n2c(O)cc(CC3CCC3)c2O)co1,599,0.875600826,0.227272727,0.04,0.752818696
Cc1cc(C2=C(O)C(CC3CCCC3)C2)cnc1Cl,599,0.796242458,0.188405797,0.05,0.734714733
Cc1cc(C2=C(O)C(CC3CCC3)C2F)ccn1,599,0.880458876,0.169014085,0.13,0.69543758
Cc1cc(C2=C(O)C(CC3CCC3)C2)ccc1Cl,599,0.80083271,0.191176471,0.04,0.762179928
Cc1cc(C2=C(O)C(CC3CCC3)C2)ccc1N,599,0.786411949,0.173913043,0.04,0.750956235
Cc1cc(C2=C(O)CC(C3COC3)C2F)ccn1,599,0.875801889,0.188405797,0.13,0.675505888
Cc1cc(C2=C(O)C(COCF)C2)c2ccccn12,599,0.913793624,0.194444444,0.06,0.686381685
Cc1cc(-c2oc(C)c(COCF)c2N)ccn1,599,0.905679936,0.106666667,0.18,0.765681465
Cc1cc(C2=C(O)C(COCF)C2)ccc1N,599,0.791572871,0.154929577,0.05,0.707917538
Cc1cc(C2=C(Br)C(COCF)CO2)ccc1N,599,0.867531515,0.121621622,0.06,0.693633774
Cc1cc(-c2[nH]nc(N)c2CO)ccc1C(F)F,599,0.785805617,0.108108108,0.29,0.798759249
Cc1cc(-c2[nH]nc(N)c2CO)ccc1C1CCC1,599,0.791041588,0.164383562,0.28,0.824384918
Cc1cc(-c2[nH]nc(N)c2C)ccc1CN1CCCOC1,599,0.909243391,0.125,0.27,0.806526264
Cc1cc(-c2[nH]nc(N)c2C)ccc1CN1CCCOCC1,599,0.913697696,0.125,0.26,0.839185805
Cc1cc(-c2[nH]nc(N)c2C2(C)CCCO2)ccc1CO,599,0.809443181,0.1375,0.3,0.724684527
Cc1cc(-c2[nH]nc(N)c2C2CCCO2)ccc1COC,599,0.906392423,0.153846154,0.3,0.761671393
Cc1cc(-c2[nH]nc(N)c2C2(C)CCCO2)ccn1,599,0.866699561,0.12987013,0.47,0.715481685
Cc1cc(-c2[nH]nc(N)c2CN2CCCO2)ccn1,599,0.87277246,0.141025641,0.41,0.764691687
Cc1cc(-c2[nH]nc(N)c2CN(C)C2CC2)ccn1,599,0.877985322,0.131578947,0.44,0.805124541
Cc1cc(-c2[nH]nc(N)c2C2CCCCC2)ccn1,599,0.864814683,0.154929577,0.48,0.823266792
