SMILES,mol_id,qed,sim,gsk3,sa
Cc1c[nH]c(CN2CCc3c([nH]c4ccccc34)C2CC(C)C)n1,0,0.750193807,1,0.04,0.73109148
Cc1c[nH]c(CN2CCc3c([nH]c4ccccc34)C2CCO)n1,0,0.693822534,0.754385965,0.04,0.724648333
Cc1cn(CC(C)N2CCc3[nH]ccc3C2CC(C)C)cn1,0,0.916495072,0.297297297,0.22,0.659337835
Cc1cnc(N2CCc3[nH]ccc3C2CC(C)C)cn1,0,0.930714005,0.309859155,0.25,0.721411129
Cc1cc(N2CCc3[nH]ccc3C2CC(C)C)ccc1N,0,0.834507121,0.27027027,0.16,0.742941632
Cc1cc(N2CCc3[nH]ccc3C2CC(C)C)ncn1,0,0.930714005,0.301369863,0.26,0.723000333
Cc1cc(N2CCc3[nH]ccc3C2CNC(C)C)ncn1,0,0.904120684,0.225,0.26,0.711578573
Cc1cc(-n2c(CCN)nc3c2CC(C)(C)CC3)ccn1,0,0.942216313,0.142857143,0.12,0.78287819
Cc1cc(-n2c(CCN)nc3c2CCC(C)C3)ccn1,0,0.929925605,0.158536585,0.18,0.750731507
CC(C)(N)CNc1nc2[nH]ccc2cc1CC(C)C,0,0.774062637,0.155844156,0.27,0.786020466
Cc1nc(C2CCc3[nH]ccc3CN2)c(CC(C)C)[nH]1,0,0.80415747,0.217948718,0.08,0.669382519
Cc1nc(-c2ncc3[nH]ccc3n2)c(CC(C)C)[nH]1,0,0.755645067,0.2,0.26,0.774905958
Cc1nc(-c2ccc3c(c2)CNC3)c(CC(C)C)[nH]1,0,0.884010075,0.222222222,0.18,0.796392568
Cc1nc(-c2ccc3c(c2CCN)CC3)[nH]c1CC(C)C,0,0.885168801,0.220779221,0.18,0.787599181
Cc1nc(-c2ccc3[nH]ccc3c2CCN)cn1C(C)C,0,0.769952684,0.205128205,0.24,0.789759024
Cc1nc(-c2cnc3[nH]ccc3c2)c(CCN)n1C(C)C,0,0.773004602,0.158536585,0.5,0.788911827
Cc1nc(-c2ccc3[nH]ccc3c2)c(CCN)nc1CCC,0,0.757658488,0.135802469,0.3,0.810259065
Cc1nc(-c2cnc3[nH]ccc3c2)c(CCN)n1CC(C)C,0,0.760277803,0.168674699,0.5,0.790437383
Cc1nc(-c2cnc3[nH]ccc3c2CCN)ccc1OC(C)C,0,0.758310893,0.152941176,0.47,0.80171207
Cc1cc(-c2cnc3[nH]ccc3c2CCN)ccc1OC(C)C,0,0.752655689,0.139534884,0.5,0.826559644
Cc1cc(-c2cnc3[nH]ncc3c2CCN)ccc1OC(C)C,0,0.758310893,0.126436782,0.41,0.814619526
Cc1cc(-c2ccc3[nH]ncc3c2CCN)cnc1OC(C)C,0,0.758310893,0.139534884,0.48,0.807080354
Cc1cc(-c2ccnc3[nH]ccc23)cnc1CC(C)CCN,0,0.756922875,0.141176471,0.58,0.761387784
CC(C)(N)Cc1ccc(-c2ccnc3[nH]ccc23)cc1CN,0,0.691700595,0.107142857,0.65,0.812318276
CC(C)(N)Cc1ccc(-c2ccnc3[nH]ccc23)nc1CN,0,0.688480191,0.119047619,0.61,0.786035646
CC(C)(N)Cc1ccc(-c2ccnc3[nH]ccc23)cc1C1CN1,0,0.64801723,0.126436782,0.6,0.74460142
CC(C)(CN)c1ccc(-c2ccnc3[nH]ccc23)cc1C1CC1,0,0.752901037,0.127906977,0.73,0.809410768
CC(C)(N)Cc1ccc(-c2ccnc3[nH]ccc23)cc1CCCN,0,0.650391618,0.102272727,0.66,0.810359804
CC(C)(CN)Cc1ccc(-c2ccnc3[nH]ccc23)cc1CCCN,0,0.615864128,0.101123596,0.67,0.804505033
CC(C)(CN)Cc1ccc(-c2ccnc3[nH]ccc23)cc1F,0,0.767149043,0.104651163,0.68,0.822742842
CC(C)(N)Cc1ccc(-c2ccnc3[nH]ccc23)cc1C(F)F,0,0.747211846,0.11627907,0.63,0.792779796
CC(C)(N)Cc1ccc(-c2ccnc3[nH]ccc23)cc1F,0,0.770586167,0.107142857,0.68,0.829325387
CC(C)Cc1cc(-c2ccnc3[nH]ccc23)cc(CC#N)c1,0,0.768744796,0.146341463,0.6,0.825309859
CC(C)Cc1cc(-c2ccnc3[nH]ccc23)ccc1CCCN,0,0.712306749,0.142857143,0.69,0.834584392
CC(C)Cc1cc(-c2ccnc3[nH]ccc23)ccc1CCN,0,0.748586955,0.146341463,0.69,0.835843681
CC(C)Cc1cc(-c2ccnc3[nH]ccc23)ccc1CN,0,0.7609859,0.15,0.69,0.839649341
CCOC(=O)C1SC(=NC)N(CC)C1=Nc1ccccc1C,1,0.800615621,0.516666667,0.01,0.717308735
CCOC(=S)N1CC(CC)SC1=NC(=O)c1ccccc1C,1,0.788424963,0.483870968,0.03,0.723906213
CCOC(=S)N1CC(CC)SC1=NC(=O)c1ccccc1,1,0.798562828,0.343283582,0.04,0.732501215
CCN1CC(=O)SC1=NC(=O)OCc1ccccc1CC,1,0.85581618,0.257142857,0,0.788245856
CCC1SC(NCCOC)=NC1=NC(=O)c1ccccc1,1,0.848208981,0.260273973,0.01,0.750235496
CCn1cc(NC(=O)OC)nc1CSc1ccccc1,1,0.858075789,0.189189189,0.02,0.83294017
CCn1cc(NCCSC)nc1C(=O)Nc1cccnc1,1,0.768193455,0.144578313,0.1,0.809574213
CCn1cc(NCCSC)nc1C(=O)c1cccnc1,1,0.626110634,0.148148148,0.09,0.799147998
CCN1C(=S)N=CN=C1Nc1ccccc1COCC,1,0.827192679,0.191780822,0.02,0.80939874
CCN1C(=O)N=CN=C1SCc1ccccc1CC,1,0.786686507,0.173913043,0.03,0.838762653
CCN1C(=O)N=CN=C1Nc1ccccc1CSCC,1,0.885982165,0.144736842,0.03,0.801576877
CCC(=O)c1ccccc1SCc1cc(NC)no1,1,0.645029172,0.208333333,0.01,0.832722197
CCn1cc(NCCN)nc1Sc1ccccc1COC,1,0.784514742,0.15,0.1,0.795404726
CCn1cc(NOCC)nc1Sc1ccccc1CN,1,0.768217906,0.171052632,0.11,0.77522627
CCC(=O)c1nc(Nc2ccccc2)cs1,1,0.820473133,0.176470588,0.01,0.852246156
CCCOc1nc(=O)n(Cc2cccs2)c(NC)n1,1,0.869695543,0.139240506,0.01,0.802784305
CCCOC(=O)c1nc(Nc2ccco2)cs1,1,0.82841375,0.171052632,0.03,0.778475037
CCCOC(=O)c1nc(Nc2ccon2)cs1,1,0.824519286,0.157894737,0.03,0.785904236
CCCOC(=O)c1nc(Nc2ccccc2)cs1,1,0.838386776,0.197183099,0.03,0.861453217
CCCOC(=O)c1nc(Nc2ccccc2)ns1,1,0.840245538,0.197183099,0.11,0.842883394
CCCOC(=O)c1nc(Nc2ccccc2CC)ns1,1,0.826218367,0.189189189,0.07,0.828008996
CCOC(=O)c1nc(Nc2ccccc2CC)ns1,1,0.851010986,0.228571429,0.06,0.834409662
CCOC(=O)c1nc(Nc2ccccc2CC)ncc1N,1,0.820841656,0.202702703,0.21,0.863870106
CCOC(=O)c1cc(Nc2ccccc2OC)nc(N)n1,1,0.811376659,0.216216216,0.08,0.877415608
CCOC(=O)c1nc(Nc2ccc(OC)cc2)c(N)cn1,1,0.811376659,0.171052632,0.16,0.866630732
CCOC(=O)c1nc(Nc2ccc(OC)cc2)ncc1O,1,0.81397969,0.173333333,0.42,0.872902701
CCOC(=O)c1nc(Nc2ccc(OC)cc2)ncc1N,1,0.811376659,0.171052632,0.4,0.878984317
CCN1C(=O)CC(Nc2ncc(CC)cn2)c2ccccc21,1,0.94211826,0.186666667,0.06,0.79223638
CCc1cc(Nc2ncc(CC)cn2)cc(F)c1NC(C)=O,1,0.887542034,0.102564103,0.28,0.842378167
CCc1nc(-c2ncc(Nc3cccc(F)c3)cn2)cn1N,1,0.723206499,0.097560976,0.16,0.812410225
CCc1cc(Nc2ncc(CC)cn2)nc2cccc(F)c12,1,0.789354571,0.102564103,0.16,0.836782386
CCc1nc(Nc2ncc(CC)cn2)nc2cccc(F)c12,1,0.799016591,0.090909091,0.1,0.831555036
CNC(=O)c1nc(Nc2cccc(F)c2)ncc1OC,1,0.888992518,0.111111111,0.6,0.863456548
CNC(=O)c1nc(Nc2cccc(F)c2)ncc1O,1,0.778405669,0.101265823,0.6,0.852069388
CNC(=O)c1nc(Nc2cccc(F)c2)ncc1N,1,0.774035307,0.1,0.53,0.861512349
CNc1nc(Nc2cccc(F)c2)ncc1C=O,1,0.809488365,0.075949367,0.73,0.849900548
CNc1nc(Nc2cccc(F)c2)ncc1Br,1,0.913384336,0.064102564,0.69,0.870443457
CNc1nc(Nc2cccc(F)c2)ncc1C=N,1,0.723000554,0.0625,0.69,0.821651076
CNc1nc(Nc2cccc(F)c2)ncc1C(N)F,1,0.739609405,0.0625,0.69,0.774915572
CNc1nc(Nc2cccc(F)c2)ncc1C(F)F,1,0.892509231,0.063291139,0.69,0.840826718
CNc1nc(Nc2cccc(F)c2)ncc1F,1,0.859378145,0.065789474,0.7,0.875838649
CNc1nc(Nc2ccccc2)ncc1C(F)F,1,0.874447345,0.082191781,0.8,0.855279432
CNc1nc(Nc2ccccc2)ncc1F,1,0.830125542,0.084507042,0.84,0.892701674
O=C1C2CCC=C2N=C2SC3=C(C(=O)N(c4ccccc4)C3=O)N12,2,0.735204952,1,0.01,0.702507534
O=C1C2CCCC=C2N2C(=O)N(C3CC(=O)N(c4ccccc4)C3)C12,2,0.830441156,0.232876712,0,0.663792556
O=C1C2CCCC=C2N2C(=O)N(c3ccccc3)C(=O)N=C2S1,2,0.796358446,0.298507463,0.01,0.713345045
O=C1CCCCC2C(=O)N(c3ccccc3)C(=O)N(C(=O)O)C12,2,0.857172443,0.257575758,0,0.75559191
O=C1CCCCC2C(=O)N(c3ccccc3)C(=O)N2C1,2,0.734314517,0.274193548,0,0.813267269
NC1(Cc2ccccc2)C(=O)N(C(=O)O)CCCCC1=O,2,0.796626062,0.138888889,0.02,0.768293604
O=C(O)C1CCC2C(=O)N(c3ccccc3)C(=O)NC12,2,0.848611353,0.274193548,0,0.738207758
O=C1CNC(=O)C(c2ccccc2)N(C2CCC2)C1=O,2,0.810082651,0.196969697,0.04,0.784941219
O=C1CCCCC(c2ccccc2)C(=O)N(C(=O)O)CN1,2,0.826987401,0.205882353,0.02,0.735922937
CCC(O)Nc1ccccc1N1C(=O)CCN(C)C1=O,2,0.820181437,0.133333333,0,0.762817018
CCC(O)Nc1cccc(N2C(=O)CCN(C)C2=O)c1,2,0.820181437,0.146666667,0,0.770771144
CCC(O)C1CCC2C(=O)N(c3ccccc3)C(=O)C2C1,2,0.868272257,0.261538462,0,0.74241579
CCCC1(C)CNC(=O)N(c2ccccc2)C(=O)CCCC1,2,0.913138572,0.214285714,0.02,0.740210287
NC(=O)C1CCC2C(=O)N(c3ccccc3)NC2=C1,2,0.827334255,0.242424242,0.09,0.703087018
NC(=O)C1CCC2C(=O)NCN(c3ccccc3)C2=C1,2,0.841470133,0.217391304,0.09,0.686608155
NC(=O)Nc1ccc2c(c1)C(=O)NCC2c1ccccc1,2,0.786780504,0.164383562,0.13,0.815743188
NC1CC2CNC(=O)N(c3ccccc3)C2C(=O)NC1,2,0.675865882,0.194029851,0.1,0.694497473
CC1CNc2c(c(-c3ccccc3)nn2C)C(=O)NC1,2,0.831512997,0.223880597,0.17,0.746769564
CC1CNc2cccc(-c3ccccc3)c2C(=O)NC1,2,0.832220076,0.164179104,0.22,0.797364305
CC1CNc2cc(c(-c3ccccc3)cc2)C(=O)NC1,2,0.832220076,0.164179104,0.27,0.656920611
CC1CNc2cc(c(-c3ccccc3)cc2)C(=O)NCCO1,2,0.850484436,0.133333333,0.28,0.6500606
CC1CCc2cc(-c3ccccc3)cc(NN)c2C(=O)NC1,2,0.589234073,0.144736842,0.24,0.787936258
CC1CNc2cc(-c3ccccc3)cc(OCCOC)c2CN1,2,0.831591187,0.1,0.11,0.779006312
C(C)c1ccc2c(c1)CNC(=O)C(c1ccccc1)=NN2,2,0.88773672,0.133333333,0.27,0.828480707
C(C)c1ccc2c(c1)CNC(=O)C(c1ccccc1)=N2,2,0.889734265,0.152777778,0.23,0.843682713
C1CCNc2c(-c3ccccc3)ccnc2NC1=O,2,0.82126639,0.161764706,0.21,0.841751552
C1CCNc2c(cccc2-c2ccccc2)C(=O)NC1,2,0.831279465,0.140625,0.23,0.81707135
CC1CNc2c(cccc2-c2ccccc2)C(=O)NCC1,2,0.838658787,0.15942029,0.19,0.750194303
CC1CNc2c(cccc2-c2ccccc2)C(=O)NCCO1,2,0.850484436,0.136986301,0.19,0.741084302
CC1(C)CCc2c(cccc2-c2ccccc2)C(=O)NN1,2,0.841131352,0.128571429,0.16,0.826352675
CC1(C)Cc2c(cccc2-c2ccccc2)C(=O)NCCN1,2,0.848658984,0.126760563,0.27,0.795063486
CC1(C)CNc2c(-c3ccccc3)ccnc2C(=O)NCCO1,2,0.849787485,0.16,0.17,0.744356001
CC1(C)CNc2c(-c3ccccc3)ccc(C3COCN3)c2C1,2,0.880613771,0.12987013,0.1,0.724081169
CC1(C)CNc2c(-c3ccccc3)ccc(C3CCNC3)c2O1,2,0.879112305,0.128205128,0.14,0.747152811
CCC(C)c1cc2c(c(-c3ccccc3)c1)NCCOC2=O,2,0.850181803,0.118421053,0.17,0.77750207
CC1(C)CNc2c(cccc2-c2ccccc2)C(=O)NCCO1,2,0.849464753,0.136986301,0.21,0.767932458
CC1(C)COc2c(-c3ccncc3)ccc(C3CCCN3)c2NC1,2,0.876623168,0.096385542,0.28,0.723642339
CCC(C)c1cc2c(c(-c3ccncc3)c1)NCCOC2=O,2,0.874212574,0.101265823,0.29,0.753940897
CC1(C)COc2c(-c3ccncc3)ccc(C3CCNN3)c21,2,0.893973859,0.101265823,0.33,0.706265119
CC1(C)CNc2c(-c3ccncc3)cccc2C(=O)NCCO1,2,0.849787485,0.118421053,0.39,0.745442248
CC1(C)CNc2c(-c3ccncc3)cccc2OCC1=O,2,0.872660915,0.12,0.27,0.799002418
CC1(C)CNc2ccncc2-c2ccnc(OCC3CC3)c21,2,0.938904915,0.113924051,0.22,0.775394596
CC1(C)CNC(c2ccncc2-c2ccncc2)=N1,2,0.891660092,0.085714286,0.33,0.782097561
CC1CNc2ccc(-c3ccncc3)cc2C(=O)N1,2,0.819539195,0.111111111,0.58,0.787285953
CC1CNc2c(-c3ccncc3)ccnc2NC1=O,2,0.8178766,0.125,0.35,0.750223296
CC1CNc2ccc(-c3ccncc3)cc2NC1=O,2,0.821281939,0.112676056,0.47,0.791224415
CC1CNc2ccc(-c3ccncc3)cc2C(=O)NC1,2,0.834534018,0.128571429,0.62,0.783215499
CC1CNc2cc(-c3ccncc3)cc(C3CC3)c2C1=O,2,0.906344518,0.121621622,0.28,0.756016521
CC1(C)CNC(=O)c2cc(-c3ccncc3)ccc2N1,2,0.834920061,0.097222222,0.63,0.824733962
CC1Cc2ccc(-c3ccncc3)cc2C(=O)NC1,2,0.847469322,0.111111111,0.56,0.805814065
CC1CNc2ccc(-c3ccncc3)cc2C(=O)CC1,2,0.853872566,0.123287671,0.56,0.794801175
CCOc1cc(C2CC(=O)N=C3CC(C)C(C(=O)OC)C32)cc(Cl)c1O,3,0.810688941,0.71875,0.05,0.655025872
CCOc1cc(C2CC(=O)N=C3C2=C(C)C(C)C3=O)cc(Cl)c1O,3,0.90833038,0.472222222,0.06,0.68676818
CCOc1cc(C2CC(=O)N=C3C2C(C)C(OC)C3)cc(Cl)c1O,3,0.899953513,0.597014925,0.03,0.643227932
CCOc1cc(C2CC(=O)N=C3C2C(O)C3OC)cc(Cl)c1O,3,0.87436741,0.558823529,0.06,0.649073578
CCOc1cc(Cl)ccc1C1=C2C(=NC(=O)CC2C)N(C)C1O,3,0.922873561,0.325,0.04,0.693896462
CCOc1cc(Cl)ccc1C1=c2cccc(O)c2=NC(=O)CC1O,3,0.88438186,0.3375,0.07,0.734542729
CCOc1cc(O)ccc1C1=c2cccc(OC)c2=NC(=O)C1,3,0.930001845,0.271604938,0.02,0.793815029
CCOc1cc(O)ccc1C1=c2ccccc2=NC(=O)C(C)C1,3,0.945145071,0.291139241,0.06,0.767244023
CCOc1cc(O)ccc1C1=c2ccccc2=NC(=O)C(C)N1,3,0.889999178,0.259259259,0.13,0.752003787
CCOc1cc(O)ccc1C1=c2ccccc2=NC(=O)N1CCO,3,0.750403821,0.211764706,0.03,0.839900076
CCOc1cc(C2CC(=O)c3ccccc3N=C2O)ccc1O,3,0.904490965,0.307692308,0.08,0.774115976
CCOc1cc(-c2cccc3c2OCC(=O)N3C)ccc1O,3,0.946503752,0.197674419,0.03,0.854542842
CCOc1cc(C2CC(=O)Nc3ccccc3C2C)ccc1O,3,0.899788899,0.337662338,0.05,0.771466196
CCOc1cc(Cl)ccc1C1CC(=O)c2cccc(O)c2N=1,3,0.925180625,0.259259259,0.05,0.826579566
CCOc1cc(C2CC(=O)Nc3cccc(O)c32)ccc1O,3,0.813847541,0.298701299,0.06,0.799605721
CCOc1cc(C2CC(=O)Nc3ccccc3C2=N)ccc1O,3,0.8132866,0.3,0.1,0.783954792
CCOc1cc(C2CC(=O)Nc3ccccc3C(=O)C2)ccc1O,3,0.905557789,0.320512821,0.18,0.814445687
CCOc1cc(C2CC(=O)Nc3nc(Cl)ccc3C2=O)ccc1O,3,0.833330273,0.304878049,0.09,0.768878665
CCOc1cc(C2CC(=O)Nc3nc4ccccc4c(Cl)c32)ccc1O,3,0.71524116,0.305882353,0.09,0.782327151
CCOc1cc(C2CC(=O)Nc3nc4ccccc4c(Cl)c32)ccn1,3,0.767630847,0.255813953,0.06,0.765637769
CCOc1cc(C2CC(=O)Nc3ccccc3C(=O)N2)ccc1Br,3,0.842178205,0.268292683,0.19,0.797947271
CCOc1cc(C2CC(=O)Nc3ccccc3C(=O)N2)ccc1O,3,0.808874492,0.3,0.23,0.802932112
CCOc1cc(C2NC(=O)c3ccccc3NC2=O)ccc1Cl,3,0.90801647,0.294871795,0.15,0.816907692
COc1cc(C2Nc3ccccc3C(=O)NC2=O)ccc1Cl,3,0.836054976,0.227848101,0.31,0.81805113
COc1cc(C2Nc3ccccc3C(=O)NC2=O)ccc1F,3,0.834877646,0.182926829,0.35,0.815401999
COc1cc(C2Nc3ccccc3C(=O)NC2=O)ccc1O,3,0.736162504,0.2125,0.4,0.814203984
COc1cc(C2Nc3ccccc3C(=O)NC2=O)ccc1OC,3,0.849127254,0.189873418,0.32,0.826436923
Cc1cccn2c(=O)c3cc(C(=O)N4COCC4(C)C)c(C)nc3cc12,4,0.632482981,0.584615385,0.03,0.786864031
CC(=O)c1cccn2c(=O)c(C(=O)N3CC4(C)COC4)cc(C)c3cc12,4,0.834720703,0.209302326,0.05,0.569972202
CC(=O)c1cccn2cc(C(=O)OCC3CC4(C)CC43)c(=O)cc12,4,0.640266373,0.186046512,0.03,0.655590698
CC(=O)c1cccn2c(=O)c3cc(C4(C)COC4)c(OC)cc3cc12,4,0.544575236,0.328947368,0.04,0.79004492
CC(=O)c1cccc(-n2c(=O)cc(N3CCCC3)c3c2COC3)c1,4,0.814682893,0.168674699,0,0.816012483
CC(=O)c1cccc(-n2c(=O)cc(N3CCCC3)c3c2OCC3)c1,4,0.814444949,0.152941176,0,0.817740688
CC(=O)c1cc2c(=O)n3c(c(C)c2cc1N1CCCC1)COCC3,4,0.796282269,0.2,0.01,0.804439895
CN(C)n1ccc2cc(C3(CO)CCN(C)C3)ccc2c1=O,4,0.909418598,0.197530864,0.02,0.731126894
COC(C)c1ccc2c(=O)n3c(c(N4CCCC4)c2c1)COC3,4,0.873640759,0.168674699,0.02,0.727714975
COC(C)c1ccc2c(=O)n(C3CCN(C)C3)ccc2c1,4,0.869547299,0.170731707,0.04,0.754696302
CN(C)c1ccc2c(=O)c(C3CCOC3)cn(CC)c2c1,4,0.869565475,0.141176471,0.04,0.769921554
COCC(C)c1ccc2c(=O)n(C3CCNC3)ccc2c1,4,0.937505813,0.151162791,0.06,0.746407097
CC(C)c1ccc2c(=O)n3c(cc2c1)N(C)CCC3,4,0.783473039,0.189189189,0.02,0.831233104
COc1cccc2c(=O)n(C3CCN(C)C3)ccc12,4,0.824678349,0.166666667,0.05,0.81988311
CC(C)c1ccc2c(=O)n(C3CCOC3)ccc2n1,4,0.830879885,0.192307692,0.01,0.783470289
CN(C)CNc1ccc2c(=O)ncn(C3CC3)c2c1,4,0.847422728,0.135802469,0.01,0.81355502
CN(C)c1ccc2c(=O)ncn(C3CCOC3)c2c1,4,0.818156366,0.160493827,0.07,0.773888523
CN(C)CNc1cccc2c(=O)[nH]cc(C3CC3)c12,4,0.82648302,0.1375,0.03,0.807823815
CN(C)CNc1ccc2c(=O)[nH]cc(C3CC3)c2c1CO,4,0.733925325,0.130952381,0.06,0.7785579
CN(C)CNc1ccc2c(=O)ncn(C3CCOC3)c2c1,4,0.859124995,0.151162791,0.01,0.745826265
CN(C)c1ccc2c(CN)c(C3CCOCC3)cnc2c1,4,0.941682627,0.119047619,0.15,0.817031905
COc1ccc2c(CNC3CCOC3)cc(=O)n(CC)c2c1,4,0.916470044,0.134831461,0.04,0.795896453
CN(C)c1ccc2c(CN)c(-c3cccc(OC)c3)cnc2c1,4,0.802027801,0.090909091,0.17,0.857612662
COc1ccc2c(=O)nc(-c3ccncc3)n(C3CC3)c2c1,4,0.744824413,0.175,0.15,0.866199725
CNc1ccc2c(=O)nc(-c3ccncc3)n(C3CCOC3)c2n1,4,0.792064721,0.19047619,0.19,0.763186734
CCc1ccc2c(=O)nc(-c3ccncc3)n(C3CC3)c2n1,4,0.744441554,0.17721519,0.2,0.838707417
CCc1ccc2c(=O)nc(-c3ccncc3)[nH]c2c1CNC,4,0.774114598,0.107142857,0.52,0.829536965
CCc1ccc(-c2ccnc3[nH]c(=O)c(CC)cc23)nc1,4,0.801063051,0.109756098,0.33,0.846714213
CCc1n[nH]c(=O)c2cc(-c3ccncc3)c(CC)nc12,4,0.799808556,0.141025641,0.39,0.812976264
CCc1n[nH]c(=O)c2cc(-c3ccncc3)c(OC)cc12,4,0.800792335,0.108433735,0.38,0.846789085
Cn1cc(-c2cc[nH]c(=O)c2)c2cc(-c3ccncc3)ncc21,4,0.61889029,0.13253012,0.5,0.81634847
CN1CCC(c2c[nH]c(=O)c3cc(-c4ccncc4)ncc23)C1,4,0.789544629,0.137931034,0.44,0.7713349
CN1CCC(c2cc(=O)[nH]c3cc(-c4ccncc4)ncc23)C1,4,0.789544629,0.137931034,0.36,0.773367736
CN1CCC(c2cc(=O)[nH]c3cc(-c4ccncc4)nn23)C1,4,0.777907077,0.127906977,0.35,0.73179685
CN(C)c1cc2cc(-c3ccncc3)[nH]c(=O)c2cn1,4,0.770815323,0.12987013,0.44,0.826599549
CN(C)c1cc(-c2cc[nH]c(=O)c2)c2cc(N)ncc2n1,4,0.745122013,0.13253012,0.33,0.794045074
CN(C)Cc1cc2cc(-c3ccncc3)[nH]c(=O)c2cn1,4,0.797296164,0.12195122,0.47,0.82442447
CN(C)Cc1cc2cc(-c3ccncc3)nc(=O)c2c[nH]1,4,0.796800903,0.109756098,0.6,0.806016777
CN(C)Cc1cc(=O)[nH]c2cc(-c3ccncc3)ncc12,4,0.797296164,0.108433735,0.4,0.837096264
CN(C)CCOc1cc(=O)[nH]c2cc(-c3ccncc3)ncc12,4,0.779422885,0.103448276,0.42,0.835620289
CCc1cn(-c2cc(=O)[nH]c(-c3ccncc3)c2CCN)nc1,4,0.750206315,0.112359551,0.42,0.796418891
CN(C)CCCNc1cc(-c2ccncc2)nc2[nH]ccc12,4,0.686444046,0.105882353,0.49,0.836181513
CN(C)CCc1cc(-c2ccncc2)nc(CCCCN)c1,4,0.760944786,0.084337349,0.41,0.849359676
CN(C)CCCc1cc(-c2ccncc2)nc2[nH]ccc12,4,0.780712402,0.095238095,0.47,0.839032032
CN(C)Cc1cc(-c2ccncc2)nc2[nH]cc(CCN)c12,4,0.756687134,0.093023256,0.54,0.810805097
CN(C)CCOc1ccc(-c2ccnc3[nH]ccc23)cc1CCN,4,0.701041482,0.075268817,0.71,0.840257968
CN(C)CCCCNc1cc(-c2ccncc2)nc2[nH]ccc12,4,0.656978725,0.104651163,0.49,0.835630675
CN(C)CCc1cc(-c2ccncc2)cc2[nH]cc(CCN)c12,4,0.735994129,0.094117647,0.5,0.828105138
CN1C(=O)CC(c2ccco2)Sc2ccccc21,5,0.785815468,1,0,0.790389431
CN1C(=O)CC(c2ccco2)c2ccccc21,5,0.7501765,0.6,0.04,0.809030234
CN1C(=O)CC(c2cccs2)c2ccccc21,5,0.752600785,0.384615385,0.06,0.813058491
CN1C(=O)CC(c2cccs2)Nc2ccccc21,5,0.851114041,0.363636364,0.02,0.792845052
CN1C(=O)CC(c2cncs2)Nc2ccccc21,5,0.856029092,0.344827586,0.12,0.747909549
CN1C(=O)CC(c2cccs2)Nc2cccnc21,5,0.856029092,0.253968254,0.08,0.758947123
CN1C(=O)CC(c2nccs2)Nc2ccccc21,5,0.856029092,0.344827586,0.11,0.770197419
CN1C(=O)CC(c2ccco2)Nc2cccnc21,5,0.833714715,0.410714286,0.06,0.751050377
CN1C(=O)CC(c2ncns2)Nc2ccccc21,5,0.852313512,0.344827586,0.09,0.725764579
CN1C(=O)CC(c2ccncn2)Nc2ccccc21,5,0.845227247,0.322033898,0.25,0.770970709
CN1C(=O)CC(c2ccncc2)Nc2ccccc21,5,0.849305962,0.345454545,0.16,0.801266653
CN1C(=O)CCCNc2cc(-c3cnccn3)ccc21,5,0.861933658,0.194029851,0.33,0.833720379
CN1C(=O)CCCNc2cc(-c3ccncc3)ccc21,5,0.863736804,0.209677419,0.54,0.853332846
CN1C(=O)CCCNc2cc(-c3ccncn3)ccc21,5,0.861933658,0.194029851,0.57,0.833893323
CN1C(=O)CCCCc2cc(-c3ccncc3)ccc2N1,5,0.872327594,0.153846154,0.48,0.791678867
Cc1ccc(-c2cc(-c3ccncn3)c(=O)[nH]c2C)cc1,5,0.782611459,0.088235294,0.47,0.859617803
Cc1ccc(-c2cc(-c3ccncc3)ccn2)c(=O)[nH]1,5,0.773053465,0.126984127,0.45,0.852302342
CC1=C(c2ccnc(-c3ccncc3)c2)C=CNC(=O)C1,5,0.917832976,0.117647059,0.35,0.784054226
C1=Cc2cc(-c3ccncc3)ccc2N(CCCN)C1=O,5,0.797475132,0.102941176,0.55,0.87488903
CC1Cc2cc(-c3ccncc3)ccc2N(CCCO)C1=O,5,0.943424467,0.173913043,0.49,0.807232717
CN1Cc2cc(-c3ccncc3)ccc2N(CCC=O)C1=O,5,0.814930095,0.144927536,0.5,0.824700335
CN1Cc2cc(-c3ccncc3)ccc2NC(=O)CC1C,5,0.873875687,0.181818182,0.37,0.798293188
CN1Cc2cc(-c3ccncc3)ccc2NC(=O)C1,5,0.846490268,0.158730159,0.42,0.858250848
CN1Cc2cc(-c3ccncc3)ccc2NC1=O,5,0.83121853,0.147540984,0.44,0.855054992
CN1Cc2cc(-c3ccncn3)ccc2NC1=O,5,0.830198101,0.134328358,0.48,0.833372448
CN1Cc2cc(-c3ccncn3)ccc2CCC1=O,5,0.78105148,0.151515152,0.53,0.850211967
CN1C(=O)Cc2cc(-c3ccncn3)ccc2C1=O,5,0.718495002,0.169230769,0.56,0.852547268
CN1C(=O)Cc2cc(-c3ccncn3)ccc2CC1,5,0.77679375,0.149253731,0.56,0.846804974
CN1C(=O)Cc2cc(-c3ccncn3)ccc21,5,0.741140269,0.233333333,0.57,0.856686968
COc1ccc(C=NOCC(=O)N2CC3(C)CC2CC(C)(C)C3)cc1,6,0.606934038,1,0,0.664303591
COc1ccc(C=NOCC(=O)N2CC(C)(C)CC2(C)C)cc1,6,0.619075665,0.620689655,0,0.798812064
COc1ccc(C=CC(=O)NOCCN2CC(C)(C)CC2C)cc1,6,0.473818919,0.369863014,0.04,0.759421259
COc1ccc(C=CC(=O)N2CC(C)(C)CC2(C)C)cc1,6,0.792482379,0.396825397,0,0.82286038
COc1cccc(C=CC(=O)N2CCC(C)(C)C2)c1,6,0.78101223,0.3,0.02,0.86479769
COc1cccc(C=CC(=O)N2CCC(C)(C)C2(C)C)c1,6,0.792482379,0.260273973,0,0.812386156
COc1cccc(C=CC(=O)N2CCC(C)(C)CC2CCO)c1,6,0.849031169,0.311688312,0,0.784748979
COc1cc2ccc(OC)cc2cc1C(=O)N1CCC(C)(C)C1,6,0.866464738,0.263888889,0.01,0.869821622
COc1cc(C=CC(=O)N2CC(C)(C)CC(C)(C)C2)ccn1,6,0.803811132,0.277777778,0,0.793348772
COc1cc(CCC(=O)N2CC(CO)CC(C)(C)C2)ccc1C,6,0.907733629,0.253164557,0,0.795224544
COc1ccc(CCC(=O)N2CC(CO)CC(C)(C)C2)cc1,6,0.909069439,0.342857143,0,0.810483514
COc1ccc(CCC(=O)N2CC(C)OC(C)(C)C2)cc1,6,0.855817865,0.309859155,0.01,0.823354081
COc1ccc(C=CC(=O)N2CCC(C)(C)CC2)cc1OC,6,0.800587497,0.271428571,0,0.874467953
COc1ccc(C=CC(=O)N2CCCC(C)(O)CC2)cc1,6,0.869704665,0.31884058,0.02,0.818448282
COc1ccc(C=CC(=O)N2CCC(C)(O)CC2)cc1,6,0.859276513,0.338461538,0.02,0.86664968
COc1ccc(C=CC(=O)N2CCC(C)(CN)C2)cc1,6,0.853258674,0.347826087,0.05,0.79224479
COc1ccc(C=CC(=O)N2CCC(C)(O)C2)cc1,6,0.842389207,0.348484848,0.05,0.811904251
COc1ccc(C=CC(=O)N2CCCC(C)(O)C2)cc1,6,0.859276513,0.338235294,0.01,0.810737373
CC1Cc2ccccc2N1C(=O)CSc1nnnn1-c1ccc2c(c1)OCO2,7,0.627723054,0.9,0,0.792740263
CC1Cc2ccccc2N1C(=O)Cn1nnnc1-c1ccc2c(c1)OCO2,7,0.70828298,0.520547945,0.03,0.790072161
CC1CCc2ccccc2N1Cc1nnnn1-c1ccc2c(c1)OCO2,7,0.724360819,0.44,0,0.78896871
CC1CCCN1C(=O)Cn1nnnc1-c1ccc2c(c1)CCN2,7,0.924824826,0.247191011,0.14,0.774970721
CC1CCCN1C(=O)Cn1nnnc1-c1ccc2c(c1)OCO2,7,0.842717347,0.333333333,0.01,0.794150974
CC1CCCC1NCc1cc(Cl)ccc1-n1cnnn1,7,0.940604841,0.157303371,0.02,0.764948143
CC1C(CN)CCCC1Cc1nnnn1-c1cccc(Cl)c1,7,0.940396917,0.256097561,0.04,0.713497455
CC1C(CN)CCC1Cc1nnnn1-c1cccc(Cl)c1,7,0.94186093,0.259259259,0.04,0.709003189
CC1C(C(=O)NCc2nnnn2-c2cccc(Cl)c2)CCN1,7,0.875166907,0.26744186,0.05,0.744164709
CC1C(=O)NCCN1Cc1ccc(Cl)c2c1nnn2CCO,7,0.85060283,0.175824176,0.1,0.743896292
CC1c2cccc(Cl)c2CCC1CC(=O)NCc1cn[nH]c1,7,0.907254988,0.135416667,0.02,0.735331497
CC1c2cccc(Cl)c2CCC1CC(=O)N(C)Cc1cn[nH]c1,7,0.926505004,0.134020619,0.03,0.723274954
CC1c2cccc(Cl)c2CN1c1ccc2c(c1)CCNC2,7,0.853680232,0.147727273,0.06,0.774203709
CCCC(=O)N(C)Cc1ccc2c(c1)CNCc1cccn1-2,7,0.941987096,0.153846154,0.05,0.812853449
CCC1C(=O)NCc2cc(-c3cccc(Cl)c3)ccc2O1,7,0.916150457,0.162790698,0.11,0.801504214
CCC1C(=O)NCc2cc(-c3cnn(CC4CC4)c3)ccc21,7,0.941928845,0.141304348,0.16,0.756114524
CCn1ccc(-n2ncc3cc(C4(CN)CC4)ccc32)n1,7,0.797417129,0.120879121,0.14,0.792392162
CCn1ccc(-n2ncc3cc(C4(CN)CC4)ccc32)c1Cl,7,0.801061704,0.130434783,0.14,0.778254752
CCn1ncc(-c2ccc3c(c2)OCc2ccccc2-3)n1,7,0.719162526,0.209876543,0.07,0.834585255
CCn1ncc(-c2ccc3c(c2)NCc2ccccc2-3)c1Cl,7,0.735502089,0.147727273,0.16,0.82083608
CCC(=O)N(C)c1ccc(-c2ccc3c(c2)CCCNC3)cn1,7,0.94705039,0.130434783,0.18,0.831138238
CCC(=O)n1ncc(-c2ccc3c(c2)NCc2ccccc2-3)n1,7,0.785753632,0.193181818,0.17,0.795736071
CCn1ncc(-c2cnn(-c3ccc4c(c3)NCCC4)c2)c1N,7,0.779976781,0.126315789,0.26,0.796083947
CCC(=O)N(C)c1ccccc1-c1cnn(-c2cccnc2)c1,7,0.742828232,0.144444444,0.05,0.842454788
CCCC(=O)n1nccc1-c1ccc(-c2ccncc2)c(N)c1,7,0.746844575,0.162790698,0.31,0.825251525
CCC(N)C(=O)CNc1cc(-c2cnn(-c3ccccc3)c2)cnn1,7,0.684965077,0.163043478,0.17,0.763624521
CCC(N)C(=O)CNc1cc(-c2ccc3c(c2)NCCC3)ccn1,7,0.761205223,0.126315789,0.38,0.764830834
CCC(N)C(=O)Cc1cc(-c2ccc3c(c2)NCCC3)ccn1,7,0.890796943,0.129032258,0.33,0.770884905
CCCC(N)C(=O)Cc1cncc(-c2ccc3[nH]ncc3c2)n1,7,0.727574734,0.104166667,0.71,0.758909847
CCC(N)C(=O)Cc1cc(-c2ccc3[nH]ncc3c2)ccn1,7,0.756751321,0.107526882,0.66,0.776705244
Cn1cc(-c2ccc(-c3ccncc3)c(CCCN)n2)cn1,7,0.784119427,0.08988764,0.3,0.833325022
O=C(Cc1cc(-c2ccc(N)cc2)cnn1)c1ccn[nH]1,7,0.56097935,0.114942529,0.22,0.810835815
CCC(N)C(=O)CC1CC1c1ccc(N)c(-c2ccncc2)c1,7,0.803161028,0.131868132,0.25,0.719639172
CCC(N)Cc1cc(-c2ccc3[nH]ncc3c2)cnc1N,7,0.684526234,0.076086957,0.75,0.77890806
CCC(N)c1cc(-c2ccc3[nH]ncc3c2)cnc1N,7,0.679595086,0.076923077,0.69,0.778688862
CCC(N)c1ccc(-c2ccc3[nH]ncc3c2)cn1,7,0.752487831,0.079545455,0.76,0.792116723
CCC(N)c1cc2cc(-c3ccncc3)cnc2[nH]1,7,0.752487831,0.091954023,0.51,0.770664135
CCCc1cc(-c2ccc3cnccc3c2)[nH]n1,7,0.756113799,0.08045977,0.35,0.840562098
NCCCc1cc2ccc(-c3ccncc3)cc2[nH]1,7,0.748181472,0.070588235,0.64,0.863870233
CCCNc1ccc(-c2ccc3cnccc3c2)[nH]1,7,0.734008614,0.079545455,0.43,0.831629025
CCCNc1[nH]c(CC)cc1-c1ccc2cnccc2n1,7,0.742156277,0.075268817,0.33,0.801507189
CCC(CN)c1ccc(-c2ccc3[nH]ccc3c2)cn1,7,0.755677253,0.077777778,0.45,0.784952369
CCC(CN)c1ccc(-c2ccc3[nH]ncc3c2)cn1,7,0.76220791,0.077777778,0.77,0.778546533
CCCNc1ccc(-c2ccc3[nH]ncc3c2)c(CC)n1,7,0.742156277,0.076923077,0.85,0.841144516
CCC(CN)Cc1ccc(-c2ccc3[nH]ncc3c2)cn1,7,0.754076272,0.076086957,0.77,0.784812789
CCC(CN)c1ccc(-c2ccc3[nH]ncc3c2)c(CCCC)n1,7,0.676356606,0.071428571,0.74,0.756836408
CCC(CN)c1ccc(-c2ccc3[nH]ncc3c2)c(CCC)n1,7,0.722154857,0.072916667,0.78,0.755911479
CCC(CN)c1ccc(-c2ccc3[nH]ncc3c2)c(CC)n1,7,0.754603459,0.074468085,0.79,0.757419286
CCc1ccc(-c2ccc3[nH]ncc3c2)c(CCN)n1,7,0.762579181,0.076923077,0.79,0.823640007
CCCc1ccc(-c2ccc3[nH]ncc3c2)c(CC)n1,7,0.769925555,0.078651685,0.84,0.841635763
CCc1ccc(-c2ccc3[nH]ncc3c2)c(CC)n1,7,0.769884215,0.081395349,0.85,0.840236023
CCc1cnc(-c2ccc3[nH]ncc3c2)nc1CC,7,0.778701361,0.093023256,0.8,0.831172806
CCCc1ccc(-c2ccc3[nH]ncc3c2)n1CC,7,0.748673508,0.090909091,0.9,0.829026512
CCCc1cc(-c2ccc3[nH]ncc3c2)cnc1CC,7,0.769925555,0.079545455,0.85,0.840060962
CCCc1cc(-c2ccc3[nH]ncc3c2)ncc1CC,7,0.769925555,0.090909091,0.83,0.842766267
CCCc1cc(-c2ccc3[nH]ncc3c2)ncn1,7,0.762796486,0.079545455,0.8,0.844891561
CCCc1cc(-c2ccc3[nH]ncc3c2)on1,7,0.747251052,0.104651163,0.94,0.844521354
CCCc1ccc(-c2ccc3[nH]ncc3c2)nc1,7,0.756113799,0.08045977,0.86,0.872427701
Cc1nc(O)nc(C)c1S(=O)(=O)N1CCCC(C(=O)N2CCN(c3ccccc3)CC2)C1,8,0.739173046,0.737704918,0,0.774110234
Cc1nc(O)ccc1S(=O)(=O)N1CCCC(N2CCc3ccccc32)CC1,8,0.876568061,0.358974359,0.04,0.777589426
Cc1cc(O)ccc1S(=O)(=O)N1CCC(N2CCCNCC2C)CC1,8,0.847793038,0.226190476,0.04,0.78102222
Nc1ncccc1S(=O)(=O)N1CCC(c2ccccc2O)CC1,8,0.894548639,0.243589744,0.13,0.865287691
Cc1cc(O)cc(S(=O)(=O)N2CCCNc3ccccc32)c1,8,0.893064517,0.240506329,0.05,0.841938127
Nc1ncccc1S(=O)(=O)N1CCC(c2ccccc2)CC1,8,0.941595449,0.223684211,0.15,0.884290079
Cc1cc(S(=O)(=O)N2CCCNc3ccccc32)ccn1,8,0.925143579,0.227848101,0.05,0.840809341
Nc1ncccc1S(=O)(=O)N1CCC(c2ccccc2)C(C)C1,8,0.937225973,0.2375,0.14,0.780190457
Nc1nocc1S(=O)(=O)N1CCC(c2ccc3ccccc3c2)C1,8,0.789331484,0.231707317,0.17,0.775374869
Nc1nocc1S(=O)(=O)N1CCCC1c1ccc2ccncc2c1,8,0.782115376,0.206896552,0.37,0.748222584
Nc1nocc1S(=O)(=O)N1CCCC(c2ccc3ccncc3c2)C1,8,0.77099156,0.244186047,0.37,0.751760419
Nc1nnccc1S(=O)(=O)N1CCCC1c1ccc2cc[nH]c2c1,8,0.757210583,0.193181818,0.32,0.751639975
Nc1n[nH]cc1S(=O)(=O)N1CCCN1c1ccc2ccncc2c1,8,0.742474235,0.157303371,0.38,0.74232508
Nc1n[nH]cc1S(=O)(=O)N1CCCN1c1ncc2cc(CCF)ncc2n1,8,0.646588927,0.132653061,0.31,0.693757277
Nc1n[nH]cc1S(=O)(=O)N1CCCN1c1cc2ccncc2cn1,8,0.718183913,0.153846154,0.42,0.720431881
Nc1n[nH]cc1S(=O)(=O)N1CCCC1c1cc2ccncc2cn1,8,0.742484466,0.202247191,0.46,0.710300176
Nc1n[nH]cc1S(=O)(=O)N1CCCN1c1cc2ccncc2cc1CCF,8,0.688497421,0.154639175,0.4,0.711108726
Nc1n[nH]cc1S(=O)(=O)N1CCC=C(c2cc3ccncc3cn2)C1,8,0.732501273,0.14893617,0.44,0.741614179
Nc1n[nH]cc1S(=O)(=O)N1CCC=C(c2ccn3ccnc3c2)CC1F,8,0.677637021,0.131313131,0.39,0.650722578
Nc1nscc1S(=O)(=O)N1CC=C(c2ccncc2)c2cc[nH]c2C1,8,0.731264361,0.129032258,0.46,0.730466102
Nc1n[nH]cc1S(=O)(=O)N1CCCc2cc(-c3ccncc3)ccc21,8,0.74918401,0.144444444,0.64,0.802947512
Nc1nscc1S(=O)(=O)N1CCCc2cc(-c3ccncc3)ccc21,8,0.763438471,0.146067416,0.41,0.80288576
Nc1n[nH]cc1CCCN1CCS(=O)(=O)c2ccc(-c3ccncc3)cc21,8,0.700261221,0.090909091,0.61,0.760524795
Nc1n[nH]cc1CCCN1CCOc2ccc(-c3ccncc3)cc2C1=O,8,0.725907894,0.078431373,0.65,0.795616016
NCCS(=O)(=O)c1cn(CCF)nc1-c1ccc2ccncc2c1,8,0.733383982,0.107526882,0.43,0.793532655
Nc1n[nH]cc1CCC(=O)N1CCOc2ccc(-c3ccncc3)cc2C1,8,0.741826489,0.121212121,0.6,0.802663338
NCCC1CCN(CCc2nc(-c3cn[nH]c3)cc3ccccc23)S(=O)(=O)O1,8,0.651499064,0.138613861,0.36,0.690338517
CC1=CN(CCS(=O)(=O)c2n[nH]c3ccc(-c4cncnc4)cc23)CCO1,8,0.716530231,0.134020619,0.61,0.741952013
CC1=CN(S(=O)(=O)c2n[nH]c3ccc(-c4cncnc4)cc23)CCO1,8,0.768196264,0.153846154,0.55,0.742582341
CC1=NN(C(=O)c2n[nH]c3ccc(-c4cncnc4)cc23)CCO1,8,0.77612986,0.141304348,0.55,0.770905635
CC1=NN(C(=O)c2n[nH]c3cccc(-c4cncnc4)c23)CCS1=O,8,0.751871617,0.152173913,0.34,0.680261487
CC1=NN(C(=O)c2n[nH]c3ccc(-c4cncnc4)cc23)CCS1=O,8,0.751871617,0.141304348,0.52,0.695851872
CC1=NN(C(=O)c2nc(CCN)cc3cnccc23)CC12CCSCC2,8,0.898371906,0.134020619,0.23,0.670168998
CC1(CS(=O)(=O)N2CCCc3ccc(-c4cn[nH]c4)nc32)CCOCC1,8,0.884969542,0.145833333,0.25,0.745991458
CC1(CS(=O)(=O)N2CCc3ccc(-c4nnccn4)cc3C2)CCNC1,8,0.867134096,0.121212121,0.26,0.718517921
CC1(CS(=O)(=O)N2CCc3ccc(-c4nn[nH]n4)cc3C2)CCNCC1,8,0.823157162,0.127659574,0.14,0.775045407
CC1(CS(=O)(=O)N2CCc3ccc(-c4nn[nH]n4)cc3C2)CCSCC1,8,0.855097503,0.126315789,0.13,0.757997612
CC1(CS(=O)(=O)N2CCN(c3ncc(CN)cn3)CC2)CCc2cn[nH]c21,8,0.736485692,0.152173913,0.2,0.708260555
CC1(CS(=O)(=O)c2n[nH]c3ccc(-c4cncnc4)cc23)CCNCC1,8,0.728996626,0.107526882,0.69,0.757959869
CC1(CS(=O)(=O)c2n[nH]c3ccc(-c4cncc(Br)c4)cc23)CCN1,8,0.676632378,0.115789474,0.62,0.716577604
CC1(CS(=O)(=O)c2n[nH]c3ccc(-c4cncc(Cl)c4)cc23)CCN1,8,0.730589064,0.130434783,0.62,0.718983099
CC1CN(S(=O)(=O)c2n[nH]c3ccc(-c4cncc(Cl)c4)cc23)CCN1,8,0.714200691,0.215909091,0.58,0.747014469
CC1(CS(=O)(=O)c2n[nH]c3ccc(-c4cncc(Cl)c4)cc23)CCNC1,8,0.714390182,0.127659574,0.66,0.714145862
CC1(CS(=O)(=O)c2n[nH]c3ccc(-c4cncc(Cl)c4)cc23)CCNCC1,8,0.69495577,0.129032258,0.7,0.762600234
CC1(CS(=O)(=O)c2n[nH]c3ccc(-c4cncc(CN)c4)cc23)CCC1,8,0.718581504,0.114583333,0.73,0.774043673
CC1(CS(=O)(=O)c2n[nH]c3ccc(-c4cncc(CN)c4)cc23)CC1,8,0.731606732,0.105263158,0.76,0.773167933
CC1(CS(=O)(=O)c2n[nH]c3ccc(-c4cncc(CN)c4)cc23)CCNCC1,8,0.606290497,0.101010101,0.76,0.757661533
CC1(CS(=O)(=O)c2n[nH]c3ccc(-c4cncc(CN5CCC5)c4)cc23)CC1,8,0.690765189,0.134020619,0.61,0.783305621
COc1ccc(-c2[nH]ncc2CNC(C)CCn2cccn2)cc1F,9,0.659736953,1,0.03,0.778936701
COc1ccc(-c2n[nH]cc2CNC(C)CCC(C)C)cn1,9,0.784303587,0.315789474,0.37,0.74939381
COc1ccc(-c2n[nH]cc2CNC(C)CCC(C)C)cc1,9,0.774566824,0.315068493,0.21,0.781108699
COc1cc(-c2n[nH]cc2CNC(C)CCC(C)C)ccc1O,9,0.694017657,0.342105263,0.26,0.760788883
COc1cc(-c2n[nH]cc2CNC(C)CCC(C)C)ccc1OC,9,0.7287652,0.375,0.25,0.774775794
COc1cc(-c2n[nH]cc2CNC(C)CCC#N)ccc1OCCF,9,0.690086813,0.337349398,0.29,0.729942455
COc1cc(-c2n[nH]cc2CNC(C)CCCN)ccc1OCCC#N,9,0.533407807,0.329411765,0.36,0.744969355
COc1ccc(-c2n[nH]c(CNC(C)CCCN)c2)cc1OCCC,9,0.582056996,0.3625,0.28,0.795586659
COc1ccc(-c2n[nH]c(CNC(C)CCCN)c2)cc1OCCF,9,0.580055385,0.3625,0.3,0.776304535
COc1ccc(-c2n[nH]c(CNC(C)CCCN)c2)cc1OC#N,9,0.608308199,0.329268293,0.25,0.7568708
COc1ccc(-c2n[nH]cc2CNC(C)CCC#N)cc1CO,9,0.695173672,0.3375,0.26,0.734434082
COc1ccc(-c2n[nH]cc2CNC(C)CC#N)cc1C#N,9,0.852115128,0.320512821,0.25,0.72878587
COc1ccc(-c2n[nH]cc2CNC(C)CCCN)cc1OC,9,0.660466019,0.378378378,0.32,0.770525207
COc1ccc(-c2n[nH]cc2CNC(C)CCN)cc1OC,9,0.693578733,0.388888889,0.3,0.767141205
COc1ccc(-c2n[nH]cc2CNC(C)CCN)cc1Cl,9,0.734560738,0.378378378,0.32,0.757027421
COc1ccc(-c2n[nH]cc2CNC(C)N)cc1OC(C)C,9,0.683264069,0.298701299,0.25,0.742886793
COc1ccc(-c2nnc3n2CCC(CC#N)CC3)cc1F,9,0.87390388,0.265060241,0.04,0.780000971
COc1ccc(-c2cnc3[nH]ccc3c2)cc1CC(C)N,9,0.771927435,0.265822785,0.5,0.803722675
COc1ccc(-c2cnccc2CC(N)CC(C)N)cc1F,9,0.859616184,0.351351351,0.39,0.763255351
COc1ccc(-c2cnccc2CC(C)CC(C)N)cc1F,9,0.882339179,0.346666667,0.39,0.769268718
COc1ccc(-c2cnccc2CC(C)CCCC(C)N)cc1F,9,0.769731661,0.350649351,0.37,0.767840515
COc1ccc(-c2cnccc2CCCC(C)CCCN)cc1F,9,0.731089965,0.355263158,0.39,0.80449433
COc1ccc(-c2cnccc2CC(C)c2cc[nH]c2)cc1F,9,0.749308408,0.368421053,0.48,0.772194463
COc1ccc(-c2cnccc2CCCC(C)c2cc[nH]c2)cc1F,9,0.630331353,0.367088608,0.47,0.770688624
COc1ccc(-c2cnccc2CCCC(C)NCCN)cc1F,9,0.740896587,0.407894737,0.42,0.79971175
CCC(N)CCCc1cncc(-c2ccc3[nH]ccc3c2)c1C,9,0.699063436,0.170454545,0.49,0.769571852
CCc1ccc(-c2cnccc2CC(C)CCCN)cc1F,9,0.82445844,0.25,0.4,0.793393562
CCc1ccc(-c2cnccc2CCCC(C)N)cc1F,9,0.867217374,0.253164557,0.37,0.803952323
CCC(N)Cc1cnccc1-c1ccc2[nH]ccc2c1,9,0.758122643,0.178571429,0.53,0.793803562
CCC(N)Cc1c[nH]c2ccc(-c3cncnc3)cc12,9,0.762622621,0.185185185,0.53,0.801019743
CCC(N)Cc1c[nH]c2ccc(-c3cnccc3C)cc12,9,0.762520729,0.188235294,0.65,0.807435496
CCC(N)Cc1c[nH]c2ccc(-c3ccncc3)cc12,9,0.758122643,0.1875,0.79,0.822663775
CN1C(=O)CC(C=Nc2ccccc2)N(C)C1=O,10,0.744133396,1,0,0.743699928
CN1C(=O)CC(C=Nc2ccccc2)N(C)c2cc1c2,10,0.771010404,0.731707317,0.01,0.62265141
CN1C(=O)CC(C=Nc2ccccc2)c2cc(Cl)cn21,10,0.782078297,0.442307692,0,0.693115583
CN1C(=O)CC(C=Nc2cc(-c3ccccc3)ccn2)N(C)C1,10,0.818895683,0.385964912,0.14,0.723124299
CN1C(=O)CC(c2ncc(-c3ccccc3)cn2)N(C)C1=O,10,0.850890768,0.428571429,0.01,0.784174952
CN1C(=O)CC(CNc2ncc(-c3ccccc3)cn2)N(C)C1,10,0.930601391,0.245901639,0.15,0.770235954
CN1C(=O)CC(CNc2nccc(-c3ccccc3)n2)CN1C,10,0.933980311,0.230769231,0.48,0.771636421
CN1C(=O)CCC(c2ncc(-c3ccccc3)cc2N)CN1C,10,0.925581323,0.21875,0.14,0.75572355
CN1C(=O)CCC(c2ncc(-c3ccccc3)c(N)c2C#N)C1,10,0.923868695,0.205882353,0.08,0.764795739
CC1C(=O)CN(C(N)=Nc2ncc(-c3ccccc3)s2)CCN1C,10,0.666366457,0.2,0.1,0.729748402
CC1C(=O)CN(C(N)=Nc2nccc(-c3ccccc3)n2)CC1C,10,0.676629327,0.188405797,0.16,0.70851219
CN1CCC(CNc2nccc(-c3ccccc3)n2)CC1C(N)=O,10,0.874788977,0.164383562,0.47,0.769520473
CCCCN1CCC(CNc2nccc(-c3cc[nH]c(=O)c3)n2)CC1,10,0.809934191,0.12987013,0.56,0.834345624
CCCCN1CCC(CNc2nccc(-c3cc[nH]c3)n2)CC1=O,10,0.819839463,0.155844156,0.5,0.754817504
CC1CN(C)CCC1CNc1nccc(-c2cc[nH]c2)n1,10,0.905847109,0.108108108,0.56,0.714105937
CC1CN(C)CCC1CNc1nccc(-c2cc[nH+]cc2)n1,10,0.93725853,0.109589041,0.46,0.644140022
CC1CC(CNc2nccc(-c3ccncc3)n2)CCN1CCCN,10,0.805547015,0.102564103,0.63,0.747541301
CCCC1CN(C)CCC1CNc1nccc(-c2ccncc2)n1,10,0.882788977,0.108108108,0.59,0.751144343
CCCN1CCC(CNc2nccc(-c3cc[nH+]cc3)n2)C(C)C1,10,0.886677046,0.103896104,0.51,0.655978409
CCCN1CCC(CNc2nccc(-c3ccncc3)n2)C(C)C1,10,0.882788977,0.106666667,0.53,0.75931731
CCCN1CCC(CNc2nccc(-c3ccncc3)n2)CC1,10,0.888292402,0.114285714,0.61,0.862059533
CCCN1CCC(CNc2nccc(-c3cccnc3)n2)CC1,10,0.888292402,0.138888889,0.62,0.862509759
CCCN1CCC(CNc2nccc(-c3cccnc3)n2)C1,10,0.888159551,0.135135135,0.62,0.810526584
CCCN1CC(CNc2nccc(-c3cccnc3)n2)CC1,10,0.888159551,0.135135135,0.62,0.810526584
Cc1cc([N+](=O)[O-])cc2c1NC(O)C2(C)N1CCCC(C)C1,11,0.648379949,0.655172414,0.01,0.659580312
Cc1cc2c(cc1N)NC(=O)C2(C)N1CCCC(C)C1,11,0.772833867,0.444444444,0.11,0.70800102
Cc1cc(N2CCCCC2=O)c2[nH]c(C)cc2c1N=O,11,0.84619315,0.171052632,0.06,0.784035119
Cc1cc(N2CCCCC2)c(N)c2c(=O)[nH]ccc12,11,0.771128396,0.178082192,0.15,0.833715644
CN1c2ccnc(N)c2NC(=O)C1N1CCCCC1,11,0.784162103,0.191780822,0.18,0.737193936
CN1CCC(N2CCCCC2)C(=O)Nc2c(C)cccc21,11,0.86224357,0.23943662,0.06,0.784347804
CN1CCC(N2CCCCC2)C(=O)Nc2ccncc21,11,0.846809696,0.186666667,0.14,0.777103562
CN1CCC(NC(=O)c2cnccc2N)c2ccccc21,11,0.883186678,0.119047619,0.15,0.801277034
CN1CCCCC1C(=O)Nc1cnccc1N1CCCCC1,11,0.931762176,0.1375,0.04,0.819245408
CN1CCCCCC1C(=O)Nc1cnccc1N1CCCCC1,11,0.931350778,0.1375,0.04,0.818693339
CN1CCCCCC1C(=O)Nc1ccncc1N1CCCCC1,11,0.931350778,0.1375,0.06,0.813859125
Cc1ccncc1NC(=O)C1NCCCC1N1CCCCC1,11,0.895684883,0.205128205,0.2,0.751300118
Cc1ccncc1NC(=O)C1CC=CCN1C1CCNCC1,11,0.834539845,0.142857143,0.23,0.743561273
Cc1ccncc1NC(=O)C1CCCc2[nH]ccc2N1,11,0.784837844,0.144578313,0.27,0.755105154
Cc1ccncc1NC(=O)C1CCNc2cc[nH]c2N1,11,0.672684309,0.13253012,0.26,0.727464836
CN1CCCCC1C(=O)Nc1ccnc2[nH]ccc12,11,0.865604709,0.164556962,0.44,0.802583016
CN1CCC(C(N)Cc2ccnc3[nH]ccc23)CC1,11,0.881942424,0.111111111,0.54,0.771203436
CN1CCC(C(N)c2ccnc3[nH]ccc23)CC1,11,0.848042314,0.115384615,0.64,0.764338543
CN1CCC(c2ccnc3[nH]ccc23)C(N)=C1,11,0.781904368,0.113924051,0.58,0.703574347
CC1(C(N)c2ccnc3[nH]ccc23)CCOCC1,11,0.853437919,0.0875,0.59,0.714178188
O=C(NS(=O)(=O)c1cccc(Cl)c1Cl)OCC1CCCN2CCCC12,12,0.829280325,0.706896552,0.02,0.756143784
O=C(NS(=O)(=O)c1cccc(Cl)c1Cl)OCC1CCCN2CCC12,12,0.851583308,0.683333333,0.02,0.753812501
O=C(NS(=O)c1cccc(Cl)c1Cl)OC1CCCN2CCCC12,12,0.877692705,0.411764706,0.04,0.678948521
O=C(Nc1nccc2cccc(Cl)c12)OC1CCC2OCCCC12,12,0.875382654,0.223529412,0.16,0.712573988
O=C(Nc1nccc2cccc(Cl)c12)OC1CN2CCCC12,12,0.923207768,0.328947368,0.08,0.74489531
O=C(Nc1cccc(Cl)c1)OCc1nccc2c1CCCC2,12,0.914813612,0.209876543,0.02,0.858939926
O=C(Nc1cccc(Cl)c1)c1ncn2c1C1CCC2C1,12,0.916993238,0.182926829,0.03,0.684782539
O=C(Cc1cccc(Cl)c1)c1ncnc2c1CCCC2,12,0.811956338,0.164556962,0.01,0.851493854
O=C(Cc1cccc(F)c1)c1ncn2c1CCCCC2Cl,12,0.636304007,0.207317073,0.01,0.755799855
O=C(Cc1cccc(F)c1)Nc1ncn2c1CCCC2,12,0.933803996,0.197530864,0.04,0.839994915
O=C(Cc1cccc(F)c1)Nc1ncn2c1CCCCC2,12,0.943164273,0.209876543,0.04,0.841341994
O=C(Cc1cccc(Cl)c1)Nc1ncn2c1CCCCC2,12,0.943846687,0.240506329,0.03,0.842056496
O=C(Nc1ncnc2ccccc12)C1CCCCCN1CCCl,12,0.874206451,0.234567901,0.15,0.810374854
O=C(Nc1ncnc2ccccc12)C1CCCCC(CCl)S1,12,0.865473986,0.182926829,0.13,0.734701079
O=C(Nc1ncnc2cccc(Cl)c12)C1CCCCCN1,12,0.895052902,0.25974026,0.27,0.797865752
O=C(Nc1ncnc2ccccc12)C1CCC(CCl)CC1,12,0.881240334,0.179487179,0.27,0.867362422
O=C(Nc1ncnc2cc(Cl)ccc12)C1CCCCCN1,12,0.895052902,0.197530864,0.37,0.8111341
O=C(Nc1ncnc2[nH]cnc12)C1CCC(CCCl)CC1,12,0.850693206,0.1625,0.43,0.809656748
O=C(Nc1ncnc2[nH]cnc12)C1CCC(Cl)CCN1,12,0.719392169,0.148148148,0.38,0.696477586
O=C(Nc1ncnc2[nH]ccc12)C1CCC(Cl)CCN1,12,0.735314162,0.160493827,0.51,0.712864324
O=C(Nc1ncnc2[nH]ccc12)C1CCC(Cl)CC1,12,0.829901981,0.173333333,0.61,0.819157141
O=C(Nc1ncnc2[nH]ccc12)C1CCCCCN1,12,0.761568224,0.17721519,0.49,0.78101452
O=C(Nc1ncnc2[nH]ccc12)C1CCCCC1,12,0.852117201,0.205479452,0.54,0.859114493
C=CCOC1C(C)=NC2(O)C(=O)c3ccccc3C(=O)C12,13,0.85205431,0.435483871,0.05,0.658969891
C=CCCC1C(C)C2(O)N=C(c3ccccc3CO)C12O,13,0.720751604,0.289855072,0.06,0.616512382
C=CCCC1C(C)C2(O)C(=O)c3ccccc3C12O,13,0.815612098,0.423728814,0.03,0.646911471
C=CC1C2C(C)=NC(=O)C2(c2ccccc2)C1O,13,0.801395236,0.28125,0.03,0.64729808
C=CC1C2C(C)=NC(=O)C2(c2ccccc2)C1C,13,0.729431042,0.261538462,0.03,0.649295003
C=CC1C2C(=O)c3ccccc3C(=N)C12CCC,13,0.806066541,0.257575758,0.04,0.653298698
C=CC1C(=NCCC)C(=O)c2cccc(C)c21,13,0.728307885,0.235294118,0.03,0.716165329
C=CC1C(Nc2ccccc2)=NC(=O)c2ccccc21,13,0.839726151,0.230769231,0.05,0.77970091
C=CCOC1C(C)=NC(=O)c2ccccc2C1=C,13,0.763112443,0.366666667,0.05,0.720913774
C=CCOC1C(N)=NC(=O)c2ccccc21,13,0.777377817,0.306451613,0.08,0.738735811
C=CCOC1C(C)=NC(=O)c2ccccc21,13,0.726624259,0.372881356,0.05,0.746952221
C=CCOC1C(=O)N=C(N)c2ccccc21,13,0.771326859,0.301587302,0.09,0.73753376
Oc1cc(C(O)NCc2ccco2)cn1-c1ccc(Cl)cc1,14,0.631741565,1,0,0.753442485
Oc1cc(C(O)NCc2ccco2)cn2cc(Cl)cc12,14,0.64668995,0.6,0.02,0.721713153
Oc1cc(CCNCc2ccco2)cn2cc(Cl)cc12,14,0.709442911,0.375,0.01,0.809763084
Oc1cc(CCNCc2ccco2)cc2c1cc(Cl)n2C,14,0.70974487,0.343283582,0.01,0.8139237
Cn1cc(CCOCc2ccco2)cc1-c1cc(Cl)ccn1,14,0.642955163,0.260273973,0.09,0.81226709
Cn1cc(C(O)c2ccco2)cc1-c1cc(Cl)ccn1,14,0.803297359,0.28358209,0.07,0.744743113
Cn1cc(C(O)c2ccoc2)cc1-c1ccco1,14,0.768997216,0.242424242,0.03,0.729084105
CC(c1ccco1)CCc1cc(C=O)ccc1-c1cscn1,14,0.604755255,0.1625,0.07,0.751965119
CC(c1ccoc1)NCc1ccc(F)cc1C#N,14,0.898353198,0.180555556,0.05,0.783483867
CC(c1ccoc1)C(O)c1ccc(F)cc1O,14,0.860947263,0.161764706,0.02,0.732410209
CC(CO)c1ccc(O)cc1-c1ccccc1F,14,0.871988085,0.132352941,0.02,0.825496235
CC(CO)c1ccc(O)cc1-c1ccc(F)cc1,14,0.871988085,0.119402985,0.06,0.833993158
CC(CO)c1ccc(O)cc1-c1ccc(F)cn1,14,0.87634831,0.109589041,0.07,0.794494697
CC(CO)C(O)c1ccc(-c2ccco2)cc1F,14,0.876837397,0.205882353,0.05,0.766681272
CC(CO)C(O)Cc1ccc(-c2ccco2)cc1F,14,0.872461677,0.2,0.1,0.767805451
CC(CO)NCC(O)Cc1ccc(-c2ccco2)cc1,14,0.720928409,0.220588235,0.04,0.788575497
CC(CO)NCC(O)Cc1ccc(-c2ccco2)cc1F,14,0.729926922,0.219178082,0.11,0.766478049
CC(CCCO)NCc1ccc(-c2ccco2)cc1F,14,0.815609393,0.222222222,0.1,0.813902897
CC(CO)NCc1cc(-c2ccco2)ccc1NCCP,14,0.656419529,0.216216216,0.13,0.725604276
CC(CO)NCc1ccc(-c2ccco2)cc1F,14,0.855636812,0.235294118,0.07,0.818631982
CC(CCO)NCc1ccc(-c2ccco2)cc1F,14,0.841918072,0.228571429,0.09,0.812955474
CC(CCO)NCc1ccc(-c2ccco2)cc1N,14,0.697350551,0.228571429,0.19,0.799412169
CC(CCO)NCc1ccc(-c2ccco2)cc1-n1cccc1,14,0.700859448,0.232876712,0.13,0.782485991
C(=NN=C1CCCCCN1)c1c[nH]c2ccccc12,15,0.627778411,1,0.05,0.772251962
C(=NC1CCCCCN1)c1c[nH]c2ccccc12,15,0.779318629,0.509803922,0.07,0.73845464
C1=NN=C2CCCCC2NC1=NNc1ccccn1,15,0.792000809,0.169014085,0.09,0.675936956
C1=NN=CC2CCCCC2=Nc2cccc(N)c2N1,15,0.699178807,0.126760563,0.11,0.608789026
C(Nc1n[nH]c2ccccc12)c1ccc2c(n1)CCC2,15,0.764114841,0.194029851,0.36,0.845849954
C(=NNc1nccc2cc[nH]c12)C1CCCCC1,15,0.638587422,0.181818182,0.21,0.78968689
C(=C1CCCCN1)c1ncc2cccc(N)c2n1,15,0.750823025,0.21875,0.22,0.763468049
C(=C1CCCCN1)c1ncc2ccccc2n1,15,0.810549,0.254237288,0.13,0.796292552
C(Nc1nccc2cc[nH]c12)c1ccc2c(c1)CCN2,15,0.680889915,0.154929577,0.28,0.821031236
C(=C1CCCCN1)Nc1ncc2ccccc2n1,15,0.846957888,0.241935484,0.19,0.79991481
C(Nc1ncc2ccccc2n1)c1[nH]ccc1O,15,0.656249551,0.102941176,0.22,0.822253825
C(Nc1ncc2ccccc2n1)=C1NCCCS1,15,0.866732968,0.179104478,0.24,0.772539312
C(=C1CCCCN1)c1cnc2ccccc2n1,15,0.810549,0.25862069,0.17,0.815318796
C(Nc1ncc2ccccc2n1)=C1CCCCN1,15,0.846957888,0.241935484,0.19,0.79991481
c1ccc(C=Nc2ncc3c(n2)CCCN3)cc1,15,0.818008201,0.241935484,0.11,0.795819654
c1ccc2c(NC3CCCC3)ncc(NC=O)c2n1,15,0.824922617,0.144927536,0.17,0.832167486
c1cc(CCNc2ncc3c(n2)CCCN3)ccn1,15,0.873139462,0.144927536,0.31,0.822992313
c1ccc2c(NC3CCCCN3)ncc(N)c2n1,15,0.748501161,0.176470588,0.32,0.747302912
C1=C(Nc2ncc3ccccc3n2)CCCNC1,15,0.845414831,0.149253731,0.37,0.80760028
C(=C1CCCN1)c1cnc2ccccc2n1,15,0.78644102,0.220338983,0.17,0.810598887
C1=C(CCNc2ncc3ccccc3n2)CCCN1,15,0.880463271,0.142857143,0.13,0.80791296
c1cc(Nc2ncc3c(n2)CCCN3)cc(CN)n1,15,0.769585263,0.138888889,0.59,0.799215014
c1cc(Nc2ncc3c(n2)CCCN3)ccn1,15,0.820910906,0.15625,0.48,0.820959218
c1cc(Nc2ncc3c(n2)CCCN3)ccc1,15,0.825966455,0.193548387,0.56,0.853313668
c1cc(Nc2ncc3c(n2)CCCN3)ccc1F,15,0.852424218,0.151515152,0.53,0.84717429
c1ccc(Nc2ncc3ccccc3n2)cc1,15,0.720512097,0.083333333,0.63,0.92702136
c1ccc(Nc2ncc3c(n2)CCCCC3)cc1,15,0.815108073,0.163934426,0.55,0.893664668
c1ccc(Nc2ncc3c(n2)CCCCN3)cc1F,15,0.868645394,0.191176471,0.59,0.841191937
c1ccc(Nc2ncc3c(n2)CCCCC3)cc1CCN,15,0.846187228,0.123287671,0.55,0.864393196
c1ccc(Nc2ncc3c(n2)CCCCN3)cc1,15,0.846952554,0.229508197,0.56,0.855024212
c1ccc(Nc2ncc3cnn(CCCCN)c3n2)cc1,15,0.677955864,0.067567568,0.68,0.862276322
c1ccc(Nc2ncc3ccn(CCCCN)c3n2)cc1,15,0.68161897,0.067567568,0.71,0.863986744
c1ccc(Nc2ncc3c(n2)CCCCN3CCO)cc1,15,0.902201938,0.138888889,0.6,0.854999399
c1ccc(Nc2ncc3cn[nH]c3n2)cc1,15,0.680769349,0.098360656,0.53,0.866321003
CC1(C)Cc2c(C#N)c(OCc3ccccc3)nc(-c3ccoc3)c2CO1,16,0.677647713,0.738461538,0.07,0.801681008
COCC1(C)Cc2c(OC)c(-c3ccccc3)nc(C#N)c2CO1,16,0.864436188,0.320987654,0.07,0.734642067
COCC1(C)Cc2c(cc(OC)c(C#N)c2-c2ccccc2)C1,16,0.857566178,0.256097561,0.04,0.760133727
CC(C)Oc1c(C#N)c(-c2ccccc2)nc2c1CCC2,16,0.855113931,0.25,0.04,0.841470111
CC1(C)C=C(OCc2ccccc2)C(C#N)=C(CO)C1,16,0.91177791,0.2375,0.01,0.794006273
CC(=O)c1ncc2ccccc2c1OC1(C#N)CC1,16,0.787793357,0.25,0.08,0.790420332
CC1(C)C=CC(OCc2ccccc2)=C(C#N)C1,16,0.799244509,0.25,0.02,0.798956054
CC(=O)c1cnc2ccccc2c1OCc1ccoc1,16,0.677480714,0.24691358,0.03,0.852732315
N#Cc1cnc2cc(OCc3ccccc3)cnc2c1Cl,16,0.738422654,0.178571429,0.09,0.853603028
N#Cc1cnc2c(CO)c(OCc3ccccc3)cnc2c1,16,0.798859764,0.174418605,0.05,0.840970215
N#Cc1cncc(-c2ccccc2)c1CCc1ccc(O)cc1,16,0.788489728,0.182926829,0.18,0.866638252
N#Cc1cncc(-c2ccccc2OCc2ccc(F)cc2)c1,16,0.720056645,0.162790698,0.19,0.89200289
N#Cc1cncc(-c2ccc(F)cc2)c1-c1cn[nH]c1CO,16,0.777243778,0.149425287,0.27,0.804284951
N#Cc1cnccc1-c1ccccc1OCc1cn[nH]c1C#N,16,0.798516048,0.172413793,0.28,0.806881191
N#Cc1cnccc1-c1ccc(OCc2ccccc2)c(C#N)c1,16,0.727915023,0.19047619,0.35,0.871619261
N#Cc1cnccc1-c1cc(-c2ccccc2)cnc1OCCCN,16,0.700104518,0.202380952,0.32,0.843796204
N#Cc1cnccc1-c1cc(-c2ccccc2)cnc1OCCN,16,0.781789265,0.204819277,0.32,0.843143437
N#Cc1cnccc1-c1cc(-c2ccncc2)c(C#N)[nH]1,16,0.775587912,0.13253012,0.49,0.788829762
N#Cc1cnccc1-c1cc(-c2cn[nH]c2)ccc1OCCC#N,16,0.728257373,0.152173913,0.58,0.807945635
N#Cc1cnccc1-c1cc(-c2ccncc2)c(C#CC#N)[nH]1,16,0.736023853,0.112359551,0.46,0.748447207
N#Cc1cnccc1-c1cc(-c2ccncc2)c[nH]c1=NOCCCN,16,0.52455476,0.135416667,0.42,0.761758487
N#Cc1cnccc1-c1cc2c(-c3ccncc3)c[nH]c2cc1O,16,0.588100669,0.123595506,0.68,0.818352668
N#Cc1cnccc1-c1cc(-c2ccncc2)c(CCCO)[nH]c1=O,16,0.746049563,0.142857143,0.48,0.80095435
N#Cc1cnccc1Cc1cc(-c2ccncc2)c[nH]c1=O,16,0.801252114,0.137931034,0.47,0.814915167
N#Cc1cnccc1-c1cc(-c2ccncc2)c[nH]c1=O,16,0.777297544,0.129411765,0.53,0.829481716
N#Cc1ncc(-c2ccncc2CO)cc1-c1cc[nH]c1,16,0.76923754,0.131868132,0.51,0.781700127
N#Cc1ncc(-c2ccncc2CO)cc1-c1cn[nH]c1,16,0.761405826,0.157303371,0.5,0.787525348
N#Cc1ncc(-c2ccncc2)cc1-c1c[nH]ccc1=O,16,0.777297544,0.125,0.52,0.7979599
N#Cc1ncc(-c2ccncc2)cc1-c1cc(CO)c[nH]1,16,0.76923754,0.147727273,0.53,0.793520304
N#Cc1cnc(-c2ccncc2)cc1-c1cc(CO)c[nH]1,16,0.76923754,0.16091954,0.54,0.796627492
N#Cc1cnc(-c2ccncc2)cc1-c1cc(CF)ccn1,16,0.739731262,0.166666667,0.34,0.819165407
N#Cc1cnc(-c2ccc(CF)cc2)cc1-c1ccncc1,16,0.727358862,0.142857143,0.42,0.851128868
N#Cc1cnc(-c2ccncc2)cc1-c1ccc(CF)cc1,16,0.727358862,0.142857143,0.42,0.851128868
N#Cc1ccc(-c2ccncc2)cc1-c1cc(CF)c[nH]1,16,0.783686523,0.137931034,0.71,0.804096092
N#Cc1ccc(-c2ccncc2)cc1-c1ccc(F)cc1,16,0.692937001,0.125,0.49,0.896247921
N#Cc1ccc(-c2ccncc2)cc1-c1cc(CF)[nH]n1,16,0.797244384,0.137931034,0.6,0.81278613
N#Cc1ccc(-c2ccncc2)cc1-c1cc(N)[nH]n1,16,0.741264048,0.129411765,0.58,0.819271572
N#Cc1cc(-c2ccncc2)ccc1-c1cc(N)c[nH]1,16,0.742238742,0.11627907,0.61,0.821559371
N#Cc1cc(-c2ccncc2)ccc1-c1cc(CF)n[nH]1,16,0.797244384,0.152941176,0.55,0.803135436
N#Cc1cc(-c2ccncc2)ccc1-c1cc(CF)ccn1,16,0.727358862,0.166666667,0.45,0.843726224
N#Cc1cc(-c2ccncc2)ccc1-c1cc(CF)ccc1F,16,0.690082318,0.126436782,0.46,0.853324019
N#Cc1ccc(-c2cc(-c3ccncc3)ccc2F)cc1C#N,16,0.708521757,0.12195122,0.47,0.860928215
N#Cc1ccc(-c2cc(-c3ccncc3)ccc2F)cc1N,16,0.724943138,0.117647059,0.42,0.865078601
N#Cc1ccc(-c2cc(-c3ccncc3)cnc2F)cc1,16,0.667878489,0.12195122,0.51,0.869435058
N#Cc1ccc(-c2cc(-c3ccncc3)c[nH]2)cc1CF,16,0.783686523,0.126436782,0.66,0.809182599
N#Cc1ccc(-c2cc(-c3ccncc3)ccc2F)[nH]1,16,0.765020392,0.117647059,0.63,0.831270511
N#Cc1ccc(-c2cc(-c3ccncc3)ccc2CF)[nH]1,16,0.783686523,0.126436782,0.59,0.803663053
Cc1ccc(S(=O)(=O)N(C2=CC=S(O)C2)c2cccc(C(F)(F)F)c2)cc1,17,0.739821931,0.631578947,0.02,0.70774436
Cc1ccc(S(=O)(=O)N(C2=CC=SC2)C(F)(F)F)cc1C(F)(F)F,17,0.369417552,0.257142857,0.01,0.696280848
Cc1ccc(S(=O)(=O)N(CC=S)c2cccc(C(F)(F)F)c2)cc1,17,0.737111196,0.517241379,0,0.841521983
Cc1ccc(S(=O)(=O)N(CCO)c2cccc(C(F)(F)F)c2)cc1,17,0.891936594,0.553571429,0.01,0.87860577
Cc1csc(S(=O)(=O)N(CCO)c2cccc(C(F)(F)F)c2)c1,17,0.884828797,0.4,0.01,0.827918327
Cc1coc(S(=O)(=O)N(CC(F)(F)F)c2cccc(C)c2)c1,17,0.857961283,0.28358209,0.01,0.79920078
Cc1coc(S(=O)(=O)N(Cc2cccc(C(F)(F)F)c2)CCS)c1,17,0.778451876,0.314285714,0,0.790203403
Cc1ccc(S(=O)(=O)Nc2cccc(C(F)(F)F)c2)c(CCN)c1,17,0.861242909,0.304347826,0.04,0.872408137
Cc1ccc(S(=O)(=O)Nc2cccc(C(F)(F)F)c2)c(CCl)c1,17,0.809677223,0.313432836,0,0.869746118
CCS(=O)(=O)N(Cc1cccc(C(F)(F)F)c1)c1cc(C)on1,17,0.83113544,0.304347826,0.01,0.823825275
CCS(=O)(=O)N(Cc1cccc(C(F)(F)F)c1)c1ccc(C)cc1,17,0.796794121,0.393442623,0,0.874400089
CCS(=O)(=O)N(c1cccc(C(F)(F)F)c1)c1ccc(C)cc1,17,0.819471204,0.518518519,0,0.852178625
CCN(c1cccc(C(F)(F)F)c1)c1ccc(S(=O)(=O)Cl)cc1,17,0.732738915,0.4,0.02,0.857534456
CCN(c1cccc(C(F)(F)F)c1)S(=O)(=O)c1ccc(C)cc1,17,0.833062189,0.555555556,0.01,0.89193396
CCN(c1cccc(C(F)(F)F)c1)S(=O)(=O)c1ccsc1C,17,0.825644018,0.375,0.04,0.833383309
CCN(c1cccc(C(F)(F)F)c1)S(=O)(=O)c1ccc(C)s1,17,0.825644018,0.380952381,0.02,0.853429203
CCN(c1cccc(C(F)(F)F)c1)S(=O)(=O)c1ccc[n+](C)c1,17,0.799806833,0.375,0.02,0.819010138
CCN(c1cccc(C(F)(F)F)c1)S(=O)(=O)c1cc[nH]c1C,17,0.930652793,0.375,0.06,0.818516295
CCN(c1cccc(C(F)(F)F)c1)S(=O)(=O)c1cn[nH]c1C,17,0.935355507,0.363636364,0.09,0.839190611
CCN(c1cccc(C(F)(F)F)c1)S(=O)(=O)c1cn[nH]c1C(C)C,17,0.881602029,0.328571429,0.15,0.81384729
CCN(c1cccc(C(F)(F)F)c1)S(=O)(=O)c1cn[nH]c1CN(C)C,17,0.841704427,0.323943662,0.22,0.80580487
CCN(c1cccc(C(F)(F)F)c1)S(=O)(=O)Nc1cn[nH]c1C(C)C,17,0.806259592,0.305555556,0.11,0.789412906
CCN(c1cccc(C(F)(F)F)c1)S(=O)(=O)Nc1cn[nH]c1-c1cn[nH]c1,17,0.591249204,0.302631579,0.24,0.76798956
CN(c1cccc(C(F)(F)F)c1)S(=O)(=O)Nc1cn[nH]c1-c1cn[nH]c1,17,0.626529868,0.310810811,0.26,0.768158903
CN(c1cccc(C(F)(F)F)c1)S(=O)(=O)c1cn[nH]c1-c1cn[nH]c1,17,0.737109746,0.342857143,0.29,0.790460751
CN(c1cccc(C(F)(F)F)c1)S(=O)(=O)c1cn[nH]c1-c1cnn(C)c1,17,0.748433016,0.328767123,0.23,0.80377792
CN(c1cccc(C(F)(F)F)c1)S(=O)(=O)c1cc(-c2cn[nH]c2)ccc1N,17,0.660464104,0.315068493,0.34,0.823544401
CN(c1cccc(C(F)(F)F)c1)S(=O)(=O)c1cc(C(N)=NO)c2cn[nH]c2c1,17,0.262340101,0.328947368,0.33,0.803352131
CN(c1cccc(C(F)(F)F)c1)S(=O)(=O)c1ccc(CNc2cn[nH]c2)cc1,17,0.646861455,0.361111111,0.11,0.839773718
CN(c1cccc(C(F)(F)F)c1)S(=O)(=O)c1ccc2cn[nH]c2c1,17,0.782982646,0.378787879,0.25,0.848641732
CN(c1cccc(F)c1)S(=O)(=O)c1cc(C(N)=NO)ccc1-n1cnnc1,17,0.292816571,0.197530864,0.02,0.803022585
CN(c1cccc(C(F)(F)F)c1)S(=O)(=O)c1cc(-c2cn[nH]c2)cnc1N,17,0.704348117,0.310810811,0.41,0.810388892
CN(c1cccc(C(F)(F)F)c1)S(=O)(=O)c1cccc(-c2cn[nH]c2)c1,17,0.744937992,0.358208955,0.27,0.844570228
CCN(c1cccc(C(F)(F)F)c1)c1cc(-c2cn[nH]c2)cnc1NOC,17,0.613759295,0.253164557,0.41,0.777635757
CN(c1cccc(C(F)(F)F)c1)c1cc(-c2cn[nH]c2)cnc1NCCCO,17,0.529867757,0.259259259,0.34,0.796265893
CN(c1cccc(C(F)(F)F)c1)c1cc(-c2cnc[nH]2)cc(N)c1CO,17,0.614553478,0.256410256,0.32,0.788231125
CN(c1cccc(C(F)(F)F)c1)c1cc(-c2nn[nH]n2)cnc1N,17,0.763642832,0.27027027,0.36,0.803952625
CN(c1cccc(C(F)(F)F)c1)c1cc(-c2cn[nH]c2)cnc1NOS,17,0.346266374,0.25974026,0.37,0.754279079
CN(c1cccc(C(F)(F)F)c1)c1cc(-c2cn[nH]c2N)cnc1N,17,0.673763103,0.256756757,0.36,0.794654062
CCCCOc1ccc(C(O)C(CN2CCOCC2)c2ccccc2)cc1,18,0.67821353,1,0,0.79692667
CCCCc1cc(C(O)CN2CCOCC2)ccc1Oc1ccccc1,18,0.770992288,0.5,0,0.828993953
CCCc1ccc(C(O)CN2CCOCC2)c2ccccc12,18,0.92031495,0.4,0.02,0.827416802
CCCc1cc(C(O)CN2CCOCC2)ccc1OCCCCC,18,0.663806413,0.475409836,0.01,0.821575092
CCCc1cc(C(O)CN2CCOCC2)ccc1OCC,18,0.838051883,0.426229508,0.01,0.827147034
CCCc1cc(C(O)CN2CCOCC2)ccc1OC,18,0.864768206,0.409836066,0.01,0.832133936
CCOc1ccc(C(O)CN2CCOCC2)cc1CBr,18,0.804774021,0.403225806,0.02,0.811914233
CCOc1ccc(C(O)CN2CCOCC2)cc1OC,18,0.855278645,0.416666667,0.01,0.845330967
CCOc1ccc(C(O)CN2CCOCC2)cc1,18,0.859820801,0.549019608,0,0.856190614
CCOc1ccc(C(O)CN2CCSCC2)cc1,18,0.886043012,0.385964912,0.01,0.827195348
CCOc1ccc(C(O)C2CCSCC2)cc1,18,0.891589711,0.283333333,0.06,0.806894912
CCOc1ccc(C(O)C2CCOCC2)cc1,18,0.872775532,0.375,0.04,0.838574033
CCOc1ccc(C(N)C2CCOCC2)cc1,18,0.871758241,0.327586207,0.09,0.831395383
Cc1cccc(C(C)C)c1NC(=O)C(C)OC(=O)Cc1nnc(O)c2ccccc12,19,0.601496822,1,0.01,0.78335709
Cc1cccc(C(C)C)c1NC(=O)C(C)OC(=O)Cc1ccccc1,19,0.801328193,0.660714286,0.01,0.852024475
Cc1cccc(C)c1NC(=O)C(C)OC(=O)Cc1cccc(O)c1,19,0.827437501,0.516666667,0.02,0.845231057
Cc1cccc(C)c1NC(=O)C(C)NC(=O)Cc1ccccc1,19,0.891717645,0.359375,0,0.87284345
Cc1cccc(C)c1NC(=O)C(C)CC(=O)Cc1ccccc1,19,0.873650369,0.380952381,0.01,0.84660595
Cc1cccc(C)c1NC(=O)C(C)Cc1cccc(O)c1,19,0.895668237,0.34375,0.01,0.848936044
Cc1cccc(C)c1NC(=O)C(C)Cc1ccccn1,19,0.921532376,0.353846154,0,0.844968966
Cc1cccc(C)c1NC(=O)C(=O)Cc1ccccn1,19,0.866405048,0.307692308,0,0.878642537
Cc1cccc(C)c1NC(=O)C(C)=Cc1cccc(O)c1,19,0.83375818,0.268656716,0.03,0.876735884
Cc1cccc(C)c1NC(=O)C(C)=CC(=O)c1ccccn1,19,0.693596262,0.253521127,0.04,0.853831383
Cc1cccc(C)c1NC(=O)C(C)=Cc1cccc(CO)c1,19,0.842013406,0.236111111,0.02,0.873779176
Cc1cccc(C)c1NC(=O)C(C)CC(=O)c1ccccn1,19,0.85840521,0.343283582,0.01,0.828411635
Cc1cccc(C)c1NC(=O)C(C)SCc1cccc(CO)n1,19,0.851410249,0.31884058,0.03,0.810053065
Cc1cccc(C)c1NC(=O)C(C)SCc1cc(CO)ccn1,19,0.851410249,0.301369863,0.04,0.8108622
Cc1cccc(C)c1NC(=O)C(C)SCc1ccnc(CO)c1,19,0.851410249,0.301369863,0.04,0.811667969
Cc1cccc(C)c1NC(=O)C(C)SCc1ccn[nH]1,19,0.887732119,0.314285714,0.1,0.798024186
CC1(C)Cc2ccccc2C2CC(=O)C(O)C21,20,0.742240362,0.468085106,0.04,0.699653676
CC1(C)CCc2ccccc2C2CC(=O)C(O)C(C)21,20,0.776173603,0.392156863,0,0.693037864
CC1(C)CCc2ccccc2C2CCC(=O)C(O)C2C1,20,0.784882875,0.345454545,0.07,0.726257483
CC1(C)Cc2ccccc2C2CCC(=O)CC(O)C2C1,20,0.784882875,0.396226415,0.03,0.715251164
CC1(C)CCc2ccccc2C2C(=O)CC(O)C(C)C21,20,0.786302145,0.37037037,0.03,0.69614345
CC1(C)CCc2ccccc2C2C(=O)CC(O)C2C1,20,0.776173603,0.377358491,0.03,0.722764078
CC1(C)CCCc2ccccc2C2C(=O)CC(O)C21,20,0.776173603,0.377358491,0.02,0.724172786
CC1(C)CCCc2ccccc2C(=O)CC(O)CCC1,20,0.771239018,0.309090909,0,0.761462978
CC1(C)CCCc2ccccc2N1C1CC(O)C1=O,20,0.84107818,0.345454545,0.03,0.719726206
CC1(C)CCCSCc2ccccc2NC(=O)C1O,20,0.76718724,0.275862069,0.02,0.699615457
CC1(C)CCC(OCCCO)C(c2ccccc2)C1=O,20,0.841102315,0.209677419,0.03,0.751284047
CC1(C)CCC(OCCCO)=C(c2ccccc2)C1=O,20,0.838772018,0.196721311,0.1,0.824237317
CC1(C)CCC(OCCCO)C(=O)C1c1ccccc1,20,0.841102315,0.229508197,0,0.737726355
CC1(C)CC(c2ccccc2)Oc2ccccc2C1=O,20,0.763413099,0.214285714,0.01,0.820247027
CC1(C)CC(N2CCC2=O)c2ccccc2OC1O,20,0.787457246,0.315789474,0.03,0.722237381
CC1(C)CC(N2CCC2=O)c2ccccc2C(O)C1,20,0.622077691,0.365384615,0.02,0.74793056
CC1(C)CC(=O)C(N2CCc3ccccc32)CC1O,20,0.839986928,0.37037037,0,0.73977265
CC1(O)CC(=O)c2ccccc2C1c1ccncc1,20,0.849335437,0.290909091,0.03,0.756601263
CC1(O)CC(=O)c2ccccc2C1c1ccccc1,20,0.846134244,0.31372549,0.01,0.786295565
CC1(C)CC(=O)c2ccccc2N1c1ccccc1,20,0.757084146,0.274509804,0.01,0.872268351
CC1(C)Cc2ncccc2C(=O)C(c2ccccc2)C1,20,0.728858649,0.220338983,0.04,0.791103977
CC1(C)CC(=O)C(C2CC2)c2ccccc2N1CCCO,20,0.92469966,0.327586207,0.01,0.768302622
CC1(C)CC(=O)C(CCc2ccccc2)c2ccccc21,20,0.798158459,0.320754717,0.03,0.811667547
CC1(C)CC(=O)C(=Cc2ccccc2)c2ccccc21,20,0.692556026,0.218181818,0.01,0.866089968
CC1(CO)CC(=O)c2ccccc2C(c2ccccc2)C1,20,0.849695295,0.285714286,0.04,0.766390687
CC1(CCc2ccncc2)CC(=O)c2ccccc2C1O,20,0.938369944,0.288135593,0.1,0.74969402
CC1(C)Cc2ccccc2C(=O)C(c2ccccc2)NC1,20,0.860364641,0.277777778,0.06,0.80159806
CC1(C)Cc2ccccc2C(c2ccncc2)NCC1=O,20,0.873044222,0.327272727,0.17,0.76746447
CC1(C)Cc2ccccc2C(c2ccncc2)NCCC1=O,20,0.877176538,0.315789474,0.17,0.725690617
CC1(C)Cc2ccccc2C(=O)C(c2ccccc2O)=N1,20,0.869417365,0.277777778,0.02,0.840582231
CC1(C)CC(c2ccncc2)=NC1c1ccccc1[N+](=O)[O-],20,0.635634099,0.225806452,0.12,0.752480659
CC1(C)CC(c2ccncc2)=NC1c1nc2ccccc2[nH]c1=O,20,0.787966176,0.194029851,0.21,0.742175092
CC1(C)CC(c2ccncc2)=NC1c1cc2ccccc2[nH]c1=O,20,0.779433215,0.212121212,0.26,0.749222138
CC1(C)CC(=O)N1Cc1cc(-c2ccncc2)nc2ccccc12,20,0.690151465,0.234375,0.31,0.839711703
CC1(C)CCN1Cc1cc(-c2ccncc2)nc2ccccc12,20,0.722863071,0.166666667,0.24,0.846810698
CC1(C)CCn2c(nc(-c3ccncc3)cc2=O)c2ccccc21,20,0.688046602,0.179104478,0.4,0.83075741
CC1(C)CCn2c(nc3cc(-c4ccncc4)ccc3c2=O)C1,20,0.691778212,0.166666667,0.35,0.835301641
CC1(C)CCNCc2cc(-c3ccncc3)cc(OCCN)c2C1,20,0.90642483,0.121621622,0.43,0.809576363
CC(C)(C)N1Cc2cc(-c3ccncc3)cc(OCCN)c2C1,20,0.941855399,0.098591549,0.26,0.816305916
CC1(C)CC(=O)NCc2cc(-c3ccncc3)ccc2C1,20,0.870212239,0.183333333,0.46,0.835579598
CC1(C)CC(=O)NCc2cc(-c3ccncc3)ccc21,20,0.861655225,0.186440678,0.48,0.833957984
CC1(C)Cc2cc(-c3ccncc3)ccc2NC(=O)C1,20,0.855512325,0.186440678,0.45,0.848302923
CC1(C)Cc2cc(-c3ccncc3)ccc2NC1=O,20,0.845971353,0.189655172,0.45,0.849841001
CC1(C)CC(=O)Nc2cc(-c3ccncc3)ccc21,20,0.845107467,0.172413793,0.47,0.850958379
CC1(C)Cc2cc(-c3ccncc3)ccc2C(=O)N1,20,0.847610688,0.186440678,0.63,0.853693707
CSc1ccc(C=CC(=O)NC23CC4CC(CC(C4)C2)C3)cc1,21,0.651164891,1,0.01,0.711519101
CSc1ccc(C=CC23CC4CC(CC(C4)C2)C3)cc1,21,0.647375806,0.545454545,0.08,0.683192705
CSc1ccc(C=CC23CCC(CC(=O)C2)C3)cc1,21,0.749660383,0.392857143,0.07,0.605499972
CSc1ccc(C=C2CC3CCC(CC(C)CC3)C2)cc1,21,0.567927335,0.358490566,0.02,0.637293177
COc1ccc(C=C2CC3CCC(CC3)CC(C)C2)cc1,21,0.676058637,0.2,0.02,0.655842735
CSc1ccc(C2(O)CC3CCC(CC3)CC2=O)cc1,21,0.842573654,0.358490566,0.01,0.66906373
CSc1ccc(C=CC2(O)CC3CCC(CC3)C2)cc1,21,0.809718924,0.458333333,0.02,0.709544165
CSc1ccc(CC(=O)NC2CC3CCC(C2)C3)cc1,21,0.857353893,0.377358491,0,0.708991558
CSc1ccc(CC(=O)NC2CCC3(CC2)CC3)cc1,21,0.854475103,0.321428571,0.02,0.807821925
CSc1ccc(CC(=O)NC2CCC(O)CC2)cc1,21,0.831974975,0.309090909,0,0.883352397
CSc1ccc(CNC2CC(=O)NC23CCCC3)cc1,21,0.837803345,0.278688525,0.06,0.697032635
CSc1ccc(CNC2CCNC(=O)CC2)c(OC)c1,21,0.817338227,0.202898551,0.08,0.798496959
CSc1ccc(CC2(O)CCNC(=O)CC2)cc1,21,0.821693478,0.25,0.09,0.781077231
CSc1ccc(CNC(=O)CC2CCC(C)CC2)cc1,21,0.822086527,0.293103448,0,0.888115069
CSc1ccc(CNC(=O)CC2CCCNC2)cc1,21,0.812784364,0.290322581,0.03,0.827458261
CSc1ccc(C2(CNC(=O)[O-])CCC2)cc1,21,0.828473078,0.303571429,0,0.79921577
CSc1ccc(C2(O)CCC(=O)NCC2)cc1,21,0.789258952,0.263157895,0.08,0.779779227
CSc1ccc(NC(=O)C2(C)CCCN2)cc1,21,0.809830808,0.298245614,0.03,0.798394611
CSc1ccc(CNC(=O)CC2(C)CC2)cc1,21,0.811840055,0.309090909,0.01,0.864475672
CSc1ccc(CC(=O)NC2(C)CCNCC2)cc1,21,0.829778438,0.339285714,0.05,0.83582875
CSc1ccc(NC(=O)CC2(C)CCNCC2)cc1,21,0.831456866,0.321428571,0.05,0.839329605
CSc1ccc(NC(=O)C2(C)CCNCC2)cc1,21,0.824834016,0.333333333,0.03,0.853806431
CSc1ccc(NC2CCNC(=O)CC2(C)C)cc1,21,0.834702164,0.266666667,0.11,0.758256356
CSc1ccc(NC2(C(C)C)CCNCC2)cc1,21,0.812609475,0.296296296,0.11,0.79625349
CSc1ccc(NC2=CC(C)CCNC2=O)cc1,21,0.82301817,0.25,0.19,0.749998799
CSc1ccc(NC2CCNCCC2(C)C)cc1,21,0.815773614,0.280701754,0.2,0.774554456
CSc1ccc(NC2CCNCC2(C)C)cc1,21,0.805595722,0.285714286,0.14,0.769272816
CSc1ccc2[nH]nc(C3CCNCC3)c2c1,21,0.801730538,0.213114754,0.25,0.805013354
CSc1ccc2[nH]nc(NC3CCNCC3)c2c1,21,0.743761583,0.222222222,0.48,0.818376322
COc1cccc(NC2=NC3(CCCCC3)N=C(N)N2)c1,22,0.776925562,1,0.01,0.761031704
CCOc1cccc(NC2=NC3(CCCCC3)NC(N)=N2)c1,22,0.800330569,0.459016393,0.17,0.741504061
CCOc1cccc(NC2(C3CCCCC3)NCC(=C)C(N)=N2)c1,22,0.775729967,0.342857143,0.19,0.705039752
CCOc1cccc(NC2(C3CCCCC3)NCC(=C)NC2)c1,22,0.778290764,0.281690141,0.05,0.7040318
CCOc1cccc(NC2(C3CCCCC3)NCC(=C)NC2)c1I,22,0.603010383,0.17721519,0.06,0.671793153
CCOc1cccc(NC2=NC3(CCCCC3)CNC(C)=C2I)c1,22,0.661216565,0.378787879,0.12,0.723668292
COc1cccc(CC2=NC3(CCCC3)NC(=C)C(C)=N2)c1,22,0.92804893,0.333333333,0.02,0.715560189
COc1cccc(CC2=NC3(CCCC3)NC(N)=NC(C)=C2)c1,22,0.90120053,0.384615385,0.02,0.704989334
COc1cccc(C2=NC3(CCCC3)NC(N)=NC(C)=C2)c1,22,0.881162991,0.426229508,0.11,0.712529176
COc1cccc(C2=NC3(CCCC3)NC(N)=NC2=O)c1,22,0.8545763,0.409836066,0.09,0.742353188
COc1cccc(C2=NC3(CCCC3)NC(=O)C2C2CC2)c1,22,0.932528391,0.34375,0.2,0.700995135
COc1cccc(C2=NC3(CCCC3)NC(=O)C23CC3)c1,22,0.907404802,0.360655738,0.13,0.7141812
COc1cccc(C2=NC3(CCCC3)NC(=O)C23CCCC3)c1,22,0.909137021,0.360655738,0.14,0.71393326
COc1cccc(C2=NC3(CCOC3)NC(=O)C2C2CCCC2)c1,22,0.927424503,0.291666667,0.21,0.651355332
COc1cccc(C2=NC3(CCCC3)NC(=O)C23CCCCC3)c1,22,0.897622158,0.37704918,0.13,0.716449178
COc1cccc(C2=NC3=C(CCCC3)C(=O)NC23CCCC3)c1,22,0.900408181,0.313432836,0.28,0.737988273
COc1cccc(C2=NC3=C(C2)C(=O)NCC32CCCC2)c1,22,0.912070685,0.313432836,0.25,0.728628821
COc1cccc(C2=NC3=C(C2)C(=O)NCCCCC3CC)c1,22,0.928865794,0.24,0.2,0.696072132
COc1cccc(C2=NC3=C(CCCC3)C(=O)NCC2)c1,22,0.907566301,0.268656716,0.28,0.806319547
COc1cccc(C2=NC3=C(C2)C(=O)NCCCCC3)c1,22,0.907566301,0.279411765,0.24,0.765913924
COc1cccc(C2=NC3=C(CCCC3)C(=O)NC2)c1,22,0.897033845,0.272727273,0.31,0.808952474
COc1cccc(C2=NC3=C(CCCCC3)C(=O)NC2)c1,22,0.907566301,0.287878788,0.29,0.811826231
COc1cccc(C2=NC3=C(CCCC3)C(=O)NC23CC3)c1,22,0.911868406,0.298507463,0.29,0.734479359
COc1cccc(C2=NC3=C(CCCC3)C(=O)NCCC2)c1,22,0.911090099,0.264705882,0.27,0.7625656
COc1cccc(C2=NC3=C(NCCCC3)C(=O)NC2)c1,22,0.867314511,0.260869565,0.32,0.791269863
Cc1ccccc1OCC(=O)N(Cc1ccc(N(C)C)cc1)C1C=C(O)CC1,23,0.786609574,0.672131148,0.01,0.775124959
Cc1ccc(OCC(=O)N(Cc2ccc(N(C)C)cc2)C2=C(O)OS2)cc1,23,0.663979545,0.342465753,0.02,0.811324623
Cc1ccc(OCC(=O)N(Cc2ccc(N(C)C)cc2)C2C=CS(O)O2)cc1,23,0.69131103,0.402777778,0,0.685902935
Cc1ccc(OCC(=O)N(C)c2ccc(N3CCS(O)(O)C3)cc2)cc1,23,0.83462839,0.276315789,0,0.819148415
Cc1ccccc1OCC(=O)N(C)Cc1ccc(OP(O)O)cc1,23,0.75146675,0.453125,0,0.858947344
Cc1ccccc1OCC(=O)N1CCC(Oc2ccc(O)cc2)CC1,23,0.907533212,0.319444444,0,0.892882341
Cc1cc(OCC(=O)N(C)Cc2ccc(O)cc2)ccc1O,23,0.889688707,0.304347826,0.01,0.894538571
Cc1ccccc1OCC(=O)N(C)Cc1ccc(O)c(O)c1,23,0.832268518,0.444444444,0.01,0.895614989
Cc1ccccc1OCC(=O)N(Cc1ccc(O)cc1)C(C)CO,23,0.818673938,0.424242424,0,0.830059147
Cc1ccccc1OCC(=O)N(Cc1ccc(O)cc1)C(C)C,23,0.88751328,0.444444444,0.01,0.898083161
Cc1ccccc1OCC(=O)N(Cc1ccccc1)C(C)CO,23,0.854923969,0.421875,0,0.846668639
Cc1cnccc1OCC(=O)N(Cc1ccccc1)C(C)C,23,0.822158966,0.342857143,0.04,0.884831179
Cc1cnccc1OCC(=O)N(CC(C)C)c1ccccc1,23,0.819939966,0.305555556,0.08,0.8720617
Cc1cnccc1OCC(=O)N(CCN)c1ccccc1,23,0.87782136,0.305555556,0.18,0.867399085
Cc1cnccc1OCC(=O)N(CCN)CCc1ccccc1,23,0.806679777,0.293333333,0.19,0.871511432
Cc1cnccc1OCC(=O)N(CCN)CCc1ccccn1,23,0.791431898,0.269230769,0.19,0.848056886
Cc1cnccc1OCC(=O)N(CCN)Cc1ccccn1,23,0.829322518,0.324324324,0.18,0.852153571
Cc1cnccc1OCC(=O)N(CCN)Cc1cnccn1,23,0.802156374,0.28,0.16,0.829530128
Cc1cnccc1OCC(=O)N(CCN)c1cncc(CCN)c1,23,0.736401536,0.265822785,0.23,0.811029035
Cc1cnccc1OCC(=O)N(CCN)c1ccc(CCN)cc1,23,0.760640894,0.310810811,0.18,0.84722089
Cc1cnccc1OCC(=O)N(CCN)Cc1ccc(CCN)cc1,23,0.715265297,0.328767123,0.19,0.855937319
Cc1cnccc1OCC(=O)N(CCN)Cc1ccc(C#N)cc1,23,0.835400067,0.311688312,0.23,0.853796229
Cc1cnccc1OCC(=O)N(CCN)Cc1ccc(C[NH])cc1,23,0.79574731,0.324324324,0.25,0.821317496
Cc1cnccc1OCC(=O)N(CCN)Cc1ccc(CN)cc1,23,0.759519513,0.333333333,0.23,0.858119306
Cc1nc2ccccn2c1P(=Nc1ccccc1)(N(C)C)N(C)C,24,0.678172441,1,0.01,0.765193498
Cc1nc2ccccn2c1P(N)(=Nc1ccccc1)N(C)C,24,0.755705103,0.727272727,0,0.720399766
Cc1nc2ccccn2c1P(N)(=NC1CCCCC1)N(C)C,24,0.884201596,0.5,0.05,0.688210684
Cc1nc2ccccn2c1P(N)(CN(C)C)=C(C)C,24,0.872186613,0.490196078,0.02,0.684350229
Cc1nc2ccccn2c1P(=P)(N(C)C)N(C)C,24,0.807152701,0.604651163,0.01,0.724145081
Cc1nc2ccccn2c1P(=S)(N(C)C)N(C)C,24,0.799686096,0.604651163,0.01,0.745976491
Cc1nc2ccccc2c(N)c1P(C)(=S)N(C)C,24,0.856841365,0.267857143,0.03,0.733599761
Cn1c(-c2ccccc2)nc2ccnc2c1N(C)C,24,0.702839619,0.224137931,0.17,0.840857525
CN(C)C(P)(CCNc1ccccc1)c1cccnc1,24,0.827155987,0.153846154,0.07,0.740485618
CN(C)c1c(-c2ccccc2)nc2ccccn12,24,0.682489688,0.404255319,0.02,0.871857063
Cn1c(-c2ccccc2)nc2ccnc(N)c21,24,0.689122646,0.189655172,0.14,0.873026371
Cn1c(-c2ccccc2)nc2ccnc(CC(C)N)c21,24,0.792197291,0.169230769,0.17,0.790764975
CCNc1c(-c2ccccc2)nc2ccnn2c1N,24,0.751793188,0.171875,0.07,0.836464554
CCNc1c(-c2ccccc2)nc2cccnn12,24,0.762559481,0.2,0.03,0.865585901
Cc1nc2cccnn2c1NC(C)(C)c1ccccc1,24,0.789848578,0.263157895,0.04,0.826543409
Cc1nc2cccn2c(N)c1-c1ccccc1,24,0.688948905,0.387755102,0,0.87450612
Cc1nc2nccn2c(N)c1-c1ccccc1,24,0.689556658,0.25,0.08,0.85104678
Cc1nc2ncnn2c(N)c1-c1ccccc1,24,0.683727435,0.206896552,0.04,0.859183671
Cc1nc2ccccn2c1CC(N)c1ccccc1,24,0.777485964,0.384615385,0.01,0.819083436
Cc1nc2ccccn2c1CN(C)c1ccccc1,24,0.711799228,0.458333333,0.01,0.868442456
Nc1nc2ccccn2c1CCNc1ccccc1,24,0.750018093,0.285714286,0.09,0.85853864
Nc1nc2ccccn2c1CC(CN)c1ccccc1,24,0.760293154,0.280701754,0.09,0.786957939
Nc1ncnc(-n2ccnc2)c1Cc1ccccc1,24,0.770691373,0.138461538,0.21,0.848804025
Nc1ncnc(NC2CCCCC2CN)c1-c1ccccc1,24,0.806907761,0.098591549,0.46,0.771580166
Nc1ncnc(NC2CCCC2)c1-c1ccccc1,24,0.883130082,0.109375,0.42,0.878136717
Nc1ncnc(NC2CCCCC2)c1-c1ccccc1,24,0.894296955,0.107692308,0.43,0.877891871
Clc1ccc(CONc2cccc3c2NON3)c(Cl)c1,25,0.738036026,1,0.04,0.780519583
Clc1ccc(COc2cccc3c2NNN3Cl)c(Cl)c1,25,0.819039469,0.372881356,0.02,0.798509131
Clc1ccc(COc2cccc3c2NNN3Cl)c(Br)c1,25,0.77594235,0.276923077,0.03,0.785909941
Clc1ccc(COc2cccc3c2NNN3Cl)cc1,25,0.846315172,0.222222222,0.03,0.814623995
Clc1ccc(CNc2cccc3c2NOC3)c(Cl)c1,25,0.876583391,0.428571429,0.04,0.80606819
c1ccc(CNc2ccnc3c2CON3)c(Cl)c1,25,0.89070565,0.212121212,0.07,0.803104333
c1ccc(C2CCN2Cc2ccncc2N)c(Cl)c1,25,0.933283964,0.126760563,0.13,0.806103296
c1ccc(COc2cc3c(cc2N)CON3)c(Cl)c1,25,0.844246858,0.261538462,0.09,0.807115463
c1ccc(COc2cc3c(cc2N)CNS3)c(Cl)c1,25,0.670034983,0.205882353,0.09,0.800160498
c1ccc(COc2cc3c(cc2Cl)CCN=C3N)c(Cl)c1,25,0.933693739,0.188405797,0.08,0.843650623
c1ccc(CN2CCNc3cc4c(nc32)OCC4)c(Cl)c1,25,0.924712823,0.175675676,0.12,0.799649027
c1ccc(CN2CCOc3cc4c(N)nccc4cc32)cc1,25,0.787396895,0.118421053,0.13,0.862602914
c1cc(CN2CCOc3cc4c(N)nccc4cc32)ccn1,25,0.786277408,0.103896104,0.22,0.838777826
c1ccc(COc2cc(N)c3c(c2)NCC[NH2+]C3)c(Cl)c1,25,0.759968066,0.211267606,0.17,0.742251956
c1cc(CN2CCOc3c(N)cccc32)c2cn[nH]c2c1,25,0.707894358,0.116883117,0.24,0.825490714
c1cc(COc2cc(N)c3c(c2)NCCN3)c2cc[nH]c2n1,25,0.557770207,0.164383562,0.53,0.783561021
c1cc2c(c(NNc3ccc4c(c3)OCCN4)n1)CCNC2,25,0.64948893,0.115384615,0.18,0.779840917
c1cc2c(c(N3CCNCC3)n1)NCCOc1cc(Cl)ncc1-2,25,0.779499076,0.116883117,0.2,0.777247542
c1cc(COc2ccc3c(c2)NCCNC3)c(Cl)c2ccncc12,25,0.757299556,0.184210526,0.33,0.817154776
Nc1cc(COc2ccc(Cl)cc2C#N)c2c(c1)NCCNCC2,25,0.746909101,0.2,0.11,0.800820064
c1cc(CN2CCNC(CNc3ccc(Cl)nc3)CC2)c(O)cn1,25,0.71941713,0.105882353,0.26,0.765269152
Nc1cc(COc2cccc(Cl)c2)cc(CNC2CCNCC2O)n1,25,0.624928984,0.185185185,0.206666667,0.745583345
c1cc(CN2CCNc3ncnc(NCC4CC4)c3CC2)ccc1Cl,25,0.858284556,0.125,0.2,0.840035403
c1cc(Nc2ncnc3ccc(Cl)cc23)nc(C2CCNCC2)n1,25,0.761692278,0.144736842,0.38,0.827015664
N#CCN1CCN(c2ncnc3ccc(Cl)cc23)CCNCCNCC1,25,0.763022599,0.155844156,0.12,0.774007313
N#CCN1CCN(c2ncnc3cc(Cl)ccc23)CCNCCNCC1,25,0.763022599,0.142857143,0.11,0.773717637
Nc1cc(Nc2ccc(Cl)cc2C2CCNCC2)ccn1,25,0.81145871,0.169014085,0.28,0.838122574
Nc1cc(Nc2ccc(Cl)cc2CNCC2CC2)ncn1,25,0.764708371,0.185714286,0.2,0.839809854
Nc1cc(Nc2ccc(Cl)cn2)nc(NC2CC2)n1,25,0.794682728,0.15942029,0.37,0.837464932
Nc1cc(Nc2cc(Cl)ccn2)nc(NC2CC2)n1,25,0.794682728,0.15942029,0.44,0.828722482
Clc1cc(Nc2ccc(Cl)cn2)nc(NC2CCNC2)n1,25,0.750716257,0.148648649,0.35,0.770497026
c1cc(Nc2cc(Cl)cc(C#N)c2)nc(NC2CCNC2)n1,25,0.803753914,0.125,0.51,0.771983148
c1cc(Nc2ccnc(Cl)c2)nc(NCC2CCCCN2)n1,25,0.736114365,0.12987013,0.41,0.769048714
c1cc(-c2ccnc(Nc3cc(Cl)ccn3)n2)n2cncc2n1,25,0.623976412,0.136986301,0.63,0.798904555
c1cc(-c2ccnc(Nc3cc(Cl)ccn3)n2)n2cncc2c1,25,0.62407752,0.162162162,0.67,0.801988492
c1cc(-c2ccnc(Nc3cc(Cl)ccn3)n2)nc(NC2CCNC2)c1,25,0.6381758,0.153846154,0.72,0.76785822
c1cc(-c2ccnc(Nc3cc(Cl)ccn3)n2)nc(NC2CCNCC2)c1,25,0.622988186,0.157894737,0.75,0.816666688
c1cc(-c2ccnc(Nc3cccc(Cl)c3)n2)nc(NC2CCNCC2)c1,25,0.618416944,0.155844156,0.89,0.840277265
c1cc(-c2ccnc(Cl)c2)nc(Nc2ccc3c(c2)CNCCO3)n1,25,0.702909134,0.12345679,0.84,0.826101376
c1cc(-c2ccnc(Cl)c2)nc(Nc2ccc3c(c2)CCCNCC3)n1,25,0.68639173,0.098765432,0.85,0.8361975
c1cc(-c2ccnc(Cl)c2)nc(Nc2ccc3c(c2)CCCCN3)n1,25,0.670452117,0.113924051,0.82,0.836711771
c1cc(-c2cccc(Cl)c2)nc(Nc2cc3c(cn2)NCCC3)n1,25,0.745964991,0.168831169,0.73,0.832334841
c1cc(-c2cccc(Cl)c2)nc(Nc2cc3c(cn2)OCCN3)n1,25,0.757047068,0.181818182,0.76,0.821015881
c1cc(-c2cccc(Cl)c2)nc(Nc2cc3c(cn2)OCCO3)n1,25,0.783536216,0.162162162,0.74,0.845465502
c1cc(-c2ccc3c(c2)OCCN3)nc(Nc2cccc(Cl)c2)n1,25,0.743364431,0.184210526,0.84,0.851616531
c1cc(-c2cccc(Cl)c2)nc(Nc2ccc3c(c2)OCCO3)n1,25,0.770113417,0.164383562,0.85,0.878788579
c1cc(-c2cccc(Cl)c2)nc(Nc2ccc3c(c2)OCO3)n1,25,0.779011129,0.180555556,0.85,0.882733967
Cc1cc(NC(=O)CCC(=O)N(C2CC2)C2(C(=O)NC3CCCC3)CC2)no1,26,0.710885323,0.894736842,0,0.796873521
Cc1cc(NC(=O)CCC2(C(=O)N(C)C3CC3)CCCCC2)no1,26,0.866675988,0.485714286,0,0.81018615
CC1CCC(CO)(NC(=O)CCC(=O)N(C)C2CCCCC2)CC1,26,0.78200322,0.333333333,0,0.821816689
CC1CCC(CO)(NC(=O)CCC(=O)N(C)C2CC2)CC1,26,0.779111234,0.328571429,0,0.818449314
CCCC(C)C(=O)NC1(CC(=O)NC2CC2)CCCCC1,26,0.758249634,0.205128205,0.01,0.782014559
CC1CCC(CO)(NC(=O)CCC(=O)N(C)C2CC2)C1,26,0.764966704,0.305555556,0,0.739807226
CC1CCC(CCC(=O)Nc2cc(C)on2)CC1,26,0.888978745,0.516129032,0,0.869416084
CC1CCC(CNC(=O)N(C)C2CCCCCC2)OC1,26,0.807862063,0.223684211,0,0.762140679
CN(C)CCC(=O)Nc1cc(C2CC2)on1,26,0.820261353,0.347826087,0.01,0.839512757
CN(C)CCC(=O)Nc1cc(C2CCCCC2)on1,26,0.888743605,0.371428571,0.01,0.844847553
CN(CCC(=O)Nc1cc(C)on1)C1CCCCC1,26,0.88863007,0.492307692,0.02,0.862493422
CCN(CCC(=O)Nc1cc(C)on1)C1CCCCC1,26,0.869431074,0.47761194,0,0.856677012
CCN(CCC(=O)Nc1cc(C)on1)C1CCCC1,26,0.85852448,0.484848485,0,0.855638152
CN(CCC(=O)Nc1cc(C)ncn1)C1CCCC1,26,0.881312928,0.328767123,0.1,0.854937582
CN(CCC(=O)Nc1cc(N)ncn1)C1CCCC1,26,0.835210405,0.306666667,0.24,0.843691713
CN(CCC(=O)Nc1ccnc(N)n1)C1CCCC1,26,0.835210405,0.285714286,0.23,0.851224476
CN(CCC(=O)Nc1cc(N)ncn1)C1CC1,26,0.77520479,0.297297297,0.25,0.841080582
CN(CCC(=O)Nc1cc(N)ccn1)C1CC1,26,0.799594615,0.293333333,0.22,0.855406277
CN(CCC(=O)Nc1cc(N)ccn1)C1CCCC1,26,0.849442722,0.302631579,0.21,0.856160374
CN(CCC(=O)Nc1cc(N)cc(Br)n1)C1CC1,26,0.813968173,0.289473684,0.17,0.818834916
CN(CC(=O)Nc1cc(N)ncn1)C1CC1,26,0.752483381,0.287671233,0.22,0.842535484
CN(CCC(=O)Nc1cc(N)ncn1)CC1CC1,26,0.776095469,0.256410256,0.2,0.841229465
COC(=O)CC1c2cc(C(F)(F)F)ccc2S(=O)(=O)N1C1CC1,27,0.786723948,0.9,0,0.742238339
COC(=O)CC1c2cc(C(F)(F)F)ccc2S(=O)N1C1CCCC1,27,0.773234018,0.590163934,0.05,0.684569697
COC(=O)CC1c2cc(C(F)(F)F)ccc2S(=O)N1C1CC1,27,0.799317353,0.532258065,0.06,0.675391513
COC(=O)C1c2cc(C(F)(F)F)ccc2S(=O)N1C1CCCC1,27,0.772089546,0.446153846,0.03,0.681314289
COC(=O)C1c2cc(C(F)(F)F)ccc2N1C1CCCCC1,27,0.770827367,0.491803279,0.03,0.776599277
COC(=O)Cn1c(C(F)(F)F)cc(NCC2CCCC2)c1C,27,0.843823219,0.347826087,0.02,0.808153644
COC(=O)c1cc(C(F)(F)F)cc(NCC2CCCC2)n1,27,0.865047325,0.31884058,0.02,0.848556839
CNC(=O)c1cc(C(F)(F)F)cc(NCC2CCCC2)n1,27,0.898405378,0.281690141,0.04,0.844456839
COC(=O)c1cc(C(F)(F)F)cc(CCC2CCCC2)n1,27,0.788774468,0.323529412,0,0.84544172
COC(=O)c1cc(C(F)(F)F)cc(CCC2CCCC2)c1OC,27,0.738896092,0.31884058,0,0.855608645
COC(=O)c1cc(C(F)(F)F)cc(CCC2CCCC2)c1CO,27,0.826685155,0.314285714,0,0.840345153
COC(=O)Cc1cc(C(F)(F)F)cc(CCC2CCCC2)c1OC,27,0.710243637,0.358208955,0,0.844533807
COC(=O)C1CC(O)c2cc(C(F)(F)F)cc(CC3CC3)c21,27,0.87040145,0.309859155,0.04,0.710160744
COC(=O)C1(Cc2cc(C(F)(F)F)cc(CC)c2)CCCC1,27,0.762506057,0.275362319,0,0.836081336
COC(=O)C1(Cc2cc(C(F)(F)F)cc(COC)c2)CCC1,27,0.776428762,0.271428571,0,0.833886569
COC(=O)C1(Cc2cc(C(F)(F)F)cc(CO)c2)CCC1,27,0.869466911,0.275362319,0,0.833820367
COC(=O)c1cc(C(F)(F)F)cc(CC2CCCC2)c1OC,27,0.779735682,0.323529412,0.04,0.855668516
COC(=O)c1cc(C(F)(F)F)cc(CC2CCCC2)c1N,27,0.682064168,0.323529412,0.07,0.845759976
COC(=O)c1cc(C(F)(F)F)cc(Cc2ccncc2)c1,27,0.813813195,0.260869565,0.01,0.881313338
COC(=O)c1cc(C(F)(F)F)cc(Cc2cccnc2)c1,27,0.813813195,0.246575342,0.02,0.88189981
COC(=O)c1cc(C(F)(F)F)cc(Cc2cccnc2)n1,27,0.817251652,0.24,0.06,0.848152065
COC(=O)c1cc(-c2ccc(C(F)(F)F)cc2)cn1C1CCC1,27,0.767686099,0.378787879,0.13,0.856814018
COC(=O)c1cc(-c2ccc(C(F)(F)F)cc2)ncn1,27,0.794582466,0.272727273,0.13,0.87951478
COC(=O)c1nc(-c2ccc(C(F)(F)F)cc2)cn1C1CCC1,27,0.799168736,0.367647059,0.05,0.842202052
COC(=O)Nc1nc(-c2ccc(C(F)(F)F)cc2)cn1C,27,0.925483526,0.257142857,0.05,0.851102486
COC(=O)Nc1nc(-c2ccc(C(F)(F)F)cc2)ccn1,27,0.92299694,0.242857143,0.5,0.877220765
COC(=O)CNc1nc(-c2ccc(C(F)(F)F)cc2)cn1C,27,0.881878502,0.3,0.04,0.845243644
COCC(=O)Nc1nc(-c2ccc(C(F)(F)F)cc2)cn1C,27,0.943986567,0.260273973,0.02,0.85380749
C=CC(=O)Nc1cc(C(F)(F)F)cc(-c2cccnc2)n1,27,0.883470183,0.179487179,0.1,0.84089981
C=CC(=O)Nc1cc(C(F)(F)F)cc(-c2ccc(OC)cc2)n1,27,0.868665465,0.223684211,0.016666667,0.862247473
C=C(CO)c1nc(-c2ccc(C(F)(F)F)cc2)cn1CCCCCCCC,27,0.518482545,0.194805195,0.03,0.816026893
COc1nc(-c2ccc(C(F)(F)F)cc2)cc(NCC(=O)CCCCN)n1,27,0.647127816,0.234567901,0.15,0.830570688
CNc1nc(-c2ccc(C(F)(F)F)cc2)cc(-c2ccncc2)n1,27,0.779203546,0.194029851,0.5,0.867619533
COc1nc(-c2ccc(C(F)(F)F)cc2)cc(NCC(=O)C2CCC2)n1,27,0.839708237,0.306666667,0.06,0.834754416
CNC(C(N)=O)c1cc(-c2ccc(C(F)(F)F)cc2)ccn1,27,0.911632341,0.219178082,0.32,0.797109799
CNc1nc(C(=O)C(F)(F)F)cc(-c2ccc(-c3ccncc3)cn2)n1,27,0.719470253,0.148148148,0.4,0.815205739
CNc1nc(-c2cccc(C(F)(F)F)c2)ncc1NCC(=O)CN,27,0.746658127,0.207317073,0.19,0.813818189
COc1c(C(N)=O)cncc1-c1cc(C(F)(F)CN)ccn1,27,0.866102028,0.185185185,0.32,0.78572467
CNC(C(=O)O)c1cc(-c2ccc(C(F)(F)F)cc2)ncn1,27,0.907214103,0.219178082,0.11,0.787044158
COc1c(C(=O)O)cncc1-c1cc(C(F)(F)CN)ccn1,27,0.875028054,0.185185185,0.25,0.791358003
COc1cc(C(=O)O)ncc1-c1cc(NCC(F)(F)CN)ccn1,27,0.706439987,0.19047619,0.16,0.797166441
COc1cncnc1-c1cc(NCC(=O)O)c(C(F)(F)F)cn1,27,0.866783857,0.185185185,0.12,0.802335874
COc1c(C(N)=O)cncc1-c1cc(NCC(F)CF)ccn1,27,0.813201303,0.147727273,0.26,0.730496575
CNc1ncncc1-c1cc(C(N)=O)c(F)c(OC)c1OC,27,0.866863713,0.135802469,0.26,0.809945183
CNc1cnccc1-c1cc(C(N)=O)c(F)c(C(C)=O)c1,27,0.84438007,0.125,0.35,0.824509503
CNc1cnccc1-c1cc(C(N)=O)c(F)c(C(N)=O)c1OC,27,0.763079148,0.146341463,0.2,0.807985573
CNc1ncc(-c2ccncc2C(N)=O)cc1C(F)(F)C(=O)O,27,0.766720917,0.144578313,0.41,0.794483339
COC(=O)C(CN)c1cc(-c2cnccc2C(F)(F)F)ccc1N,27,0.659774132,0.195121951,0.41,0.763817723
COC(=O)C(CN)c1cc(-c2cnccc2C(F)(F)F)ccn1,27,0.873346825,0.2,0.35,0.759087791
COC(=O)C(CN)c1ccc(-c2cnncc2C(F)(F)F)cc1,27,0.873346825,0.2,0.19,0.76471099
COC(=O)CCNc1cc(-c2cncc(C(F)(F)F)c2)ccc1N,27,0.64536617,0.263157895,0.32,0.852002571
CC(C)(C)C(=O)NC(Nc1cccc2cccnc12)C(Cl)Cl,28,0.654770454,0.708333333,0.04,0.757500055
CC(C)(C)C(=O)NC(Nc1cccc2cccnc12)CCl,28,0.67240526,0.693877551,0.03,0.765592277
CC(C)C(C)(Nc1cccc2cccnc12)C(=O)Cl,28,0.863239293,0.519230769,0.06,0.772157863
CC(C)C(Nc1cccc2cccnc12)C(=O)Cl,28,0.858583798,0.54,0,0.80716762
CC1CCC(Nc2cccc3cccnc23)C1CCl,28,0.844331076,0.35,0.04,0.728371688
CC1CCC(Nc2cccc3cccnc23)C1(C)C,28,0.854834187,0.368421053,0.01,0.764124055
CC1CCC(Nc2cccc3cccnc23)C1C(=O)Cl,28,0.872996917,0.406779661,0.01,0.729698822
CC1CCC(Nc2cccc3cccnc23)C(=O)C1C,28,0.903600279,0.355932203,0.01,0.732187351
CC(C)C1CCC(Nc2cccc3cccnc23)C1CC,28,0.842777445,0.338709677,0.02,0.733962163
CCOC1CCC(Nc2cccc3cccnc23)C1(C)C,28,0.91148297,0.3125,0.02,0.755292225
CCOC1CCC(N)(c2cccc3cccnc23)C1NCCC,28,0.860591491,0.236111111,0.13,0.687381922
CCOC1CC(Nc2cccc3cccnc23)C1(C)CCC,28,0.843921003,0.298507463,0.04,0.718939457
CCOC1CC(Nc2cccc3cccnc23)C1(C)C,28,0.915945877,0.317460317,0.06,0.762609505
CCOC1CC(C(N)c2cccc3cccnc23)NCC1,28,0.9052987,0.23943662,0.21,0.709515614
O=C(Nc1cccc2cccnc12)C1CCC(C)CCN1,28,0.890663238,0.370967742,0.07,0.788762936
O=C(Nc1cccc2cccnc12)C1CC(C)CCN1,28,0.880673096,0.370967742,0.08,0.78279695
O=C(Nc1cccc2cccnc12)C1CC(C(F)F)CN1,28,0.912852369,0.365079365,0.09,0.744788892
O=C(Nc1cccc2cccnc12)C1CC(C(F)(F)F)CN1,28,0.896646208,0.365079365,0.11,0.756799125
NC1CC(C(=O)Nc2cccc3cccnc23)C1(C)C,28,0.88000588,0.383333333,0.04,0.765986794
CC(C)C1CC(NC(=O)c2cccc3cccnc23)CN1,28,0.908894873,0.323076923,0.13,0.759868892
NC1CC(C(=O)Nc2cccc3cccnc23)N(CCO)C1,28,0.767538923,0.328358209,0.08,0.767684855
NC1CN(C(=O)Nc2cccc3cccnc23)CCN1,28,0.721042624,0.365079365,0.15,0.783043881
NC(=O)C1CC(Nc2cccc3cccnc23)CCN1,28,0.783971883,0.349206349,0.24,0.7675126
NC(=O)C1CC(Nc2cccc3cccnc23)CC(=O)N1,28,0.775524937,0.34375,0.16,0.753729148
NC(=O)C1CC(Nc2cccc3cccnc23)=C(N)CN1,28,0.662047596,0.34375,0.2225,0.736860111
NC(=O)C1CC(Nc2cccc3cccnc23)CC(N)=N1,28,0.781378072,0.349206349,0.12,0.715589661
NC(=O)C1(Nc2cccc3cccnc23)CCNCC1,28,0.784010777,0.372881356,0.15,0.829974755
CC1(c2nnc(-c3ccc(Cl)cc3)o2)CC(c2cccnc2)=NO1,29,0.724158442,1,0.02,0.765262998
CC1(c2nnc(-c3ccc(Cl)cc3)o2)CC(c2cccnc2)=N1,29,0.732750269,0.711538462,0.03,0.767618472
CC1(c2cnc(Cl)cc2)CC(c2cccnc2)ON=N1,29,0.788087232,0.25,0.11,0.666338594
CC1(c2cnc(Cl)cc2)CC(c2cccnn2)=NO1,29,0.789860186,0.375,0.07,0.718530149
CC1(c2cnc(Cl)cc2)CC(c2cccnc2)=NO1,29,0.789788798,0.553571429,0.06,0.75647896
CC1C=C(c2cccnc2)OC(c2cccn2CCCN)=N1,29,0.921295372,0.205128205,0.13,0.711526898
CC1C=C(c2cccnc2)OC(c2cccc(CCl)c2)=NN1,29,0.881765454,0.226666667,0.16,0.725431225
CC1(C)C=C(c2cccnc2)N=C(c2cccc(CO)c2)N1,29,0.914585352,0.236111111,0.17,0.796525488
NCc1cnc(-c2cccnc2)cc1C1=CCC(c2ccco2)C1,29,0.784570527,0.197530864,0.15,0.747363379
NCc1cnc(-c2cccnc2)cc1C1=CC(c2ccco2)CC=N1,29,0.789182081,0.192771084,0.27,0.710398632
NCc1cnc(-c2cccnc2)cc1C1=CC(c2cccnc2)ON1,29,0.764172397,0.192307692,0.31,0.721849152
NCc1nnc(-c2cccnc2)cc1C1CC(c2cccnc2)NN1,29,0.667327875,0.216216216,0.17,0.694181266
NC(=C1C=NN=C1)Nc1ccc(-c2cccnc2)c(-c2ccno2)c1,29,0.765256611,0.210526316,0.14,0.758234432
NCC1=C(c2ccc(-c3cccnc3)cc2)NC(c2cccnc2)=N1,29,0.599242632,0.227272727,0.47,0.842884952
NC(c1cn[nH]c1)c1ccc(-c2cccnc2)c(-c2ccno2)c1,29,0.602710067,0.192307692,0.22,0.741777247
NC(Cc1cn[nH]c1)c1ccc(-c2cccnc2)c(-c2ccno2)c1,29,0.584595079,0.185185185,0.25,0.74635622
NC(Cc1cn[nH]c1)c1ncc(-c2cccnc2)c(-c2ccno2)n1,29,0.573976078,0.180722892,0.37,0.714721501
NC(Cc1cn[nH]c1)c1ncc(-c2ccncc2)c(-c2ccno2)n1,29,0.573976078,0.104651163,0.51,0.7143741
NC(C)(c1cn[nH]c1)c1ccc(-c2ccncc2)cn1,29,0.759499497,0.136986301,0.51,0.74599083
NC(Cc1cn[nH]c1)c1ncc(-c2ccncc2)cn1,29,0.746104348,0.108108108,0.47,0.756190516
NC(Cc1cn[nH]c1)c1ccc(-c2ccncc2)cn1,29,0.756729823,0.12,0.57,0.772125327
Nc1cc(-c2cn[nH]c2)cnc1-c1ccc2ccncc2c1,29,0.592646115,0.131578947,0.52,0.817702559
C(C)(C)c1c[nH]c(-c2ccc(-c3ccncc3)cc2)n1,29,0.766644094,0.136363636,0.48,0.837086427
Nc1cc(-c2cn[nH]n2)ccc1-c1ccc2ccncc2c1,29,0.554396948,0.133333333,0.38,0.832647885
Cc1cc(-c2cn[nH]c2-c2ccc3ccncc3c2)cnn1,29,0.613353515,0.16,0.29,0.816263033
Cc1cc(-c2cn[nH]c2-c2ccc3ccncc3c2)ccn1,29,0.605781033,0.146666667,0.44,0.840603624
Cc1cc(-c2c[nH]c3cc(-c4ccncc4)ccc23)cnn1,29,0.605781033,0.148648649,0.69,0.839997234
Cc1cc(-c2c[nH]c3cc(-c4ccncc4)ccc23)ccn1,29,0.584495921,0.123287671,0.83,0.864337826
Cc1cc(-c2c[nH]c3ccc(-c4ccncc4)cc23)ccn1,29,0.584495921,0.123287671,0.84,0.866490488
Nc1cc(-c2c[nH]c3ccc(-c4ccncc4)cc23)cs1,29,0.569379208,0.106666667,0.8,0.829499895
CC1CNc2cc(-c3ccc(-c4ccncc4)cc3)ccc21,29,0.721076883,0.169230769,0.49,0.817348595
CCCCNc1c[nH]c2ccc(-c3ccncc3)cc12,29,0.669395092,0.118421053,0.72,0.869239198
CC(C)(C)c1c[nH]c2ccc(-c3ccncc3)cc12,29,0.675140753,0.130434783,0.71,0.866582596
CC(C)(F)c1c[nH]c2ccc(-c3ccncc3)cc12,29,0.719457762,0.126760563,0.7,0.847111941
CC(C)(N)c1c[nH]c2ccc(-c3ccncc3)cc12,29,0.732844543,0.126760563,0.75,0.848904533
CC(C)(F)Oc1c[nH]c2ccc(-c3cnccc3N)cc12,29,0.766822614,0.139240506,0.7,0.803665413
CC(C)(C)Oc1c[nH]c2ccc(-c3cnccc3F)cc12,29,0.749518438,0.157894737,0.64,0.832817955
CC(C)(C)Oc1c[nH]c2ccc(-c3ccncc3F)cc12,29,0.749518438,0.157894737,0.68,0.838029167
CC(C)(C)Nc1c[nH]c2ccc(-c3ccncc3F)cc12,29,0.722440817,0.142857143,0.69,0.831062805
CC(C)(C)c1c[nH]c2ccc(-c3ccncc3F)cc12,29,0.682470327,0.148648649,0.71,0.846962317
CP(C)CCc1c[nH]c2ccc(-c3ccncc3F)cc12,29,0.697858119,0.139240506,0.68,0.803756777
Cc1ccc(-n2nc3c(c2NC(=O)C(C)(C)C)C=S(O)(O)C3)cc1,30,0.494738102,0.58490566,0,0.711875592
Cc1ccc(-n2nc3c(c2NC=O)C=C(O)C(C)(C)CO3)cc1,30,0.8538801,0.318181818,0.02,0.740417536
Cc1ccc(-n2nc3c(c2NC(=O)C(C)C)CS(O)=C3)cc1,30,0.85445222,0.413793103,0.02,0.701242909
Cc1ccc(-n2nc3sccc3c2NC(=O)C(C)(C)CO)cc1,30,0.771155837,0.440677966,0.07,0.805318978
Cc1ccc(-n2nc3c(c2N)CN(C(=O)OC(C)C)CC3)cc1,30,0.924619445,0.264705882,0.02,0.839202632
Cc1ccc(-n2cc[nH+]c2NC2CCS(=O)C(C)(C)C2)cc1,30,0.945707736,0.180555556,0.01,0.590977041
Cc1ccc(-n2cc[nH+]c2NC2CC2(C)CC(=O)[O-])cc1,30,0.888073494,0.211267606,0,0.577666836
Cc1ccc(-n2cc3c(n2)C(C)CCN(C(=O)CN)C3)cc1,30,0.921720292,0.228571429,0.01,0.77276577
Cc1ccc(-n2cc3c(n2)CN(C(=O)CC(C)C)CC3)cc1,30,0.872799607,0.235294118,0,0.850327953
Cc1ccc(-n2ccnc2NC2CCC(C)CC2=O)cc1,30,0.939333115,0.208955224,0,0.743122994
Cc1ccc(-n2ncc3c2NCN(C(=O)CC(C)C)C3)cc1,30,0.947565525,0.25,0.05,0.806768152
Cc1ccc(-n2ncc3c2NCC(C)(C)CC3=O)cc1,30,0.864411279,0.234375,0.06,0.810712866
Cc1ccc(-n2ncc(N)c2NC(=O)C2(C)CC2)cc1,30,0.899622632,0.338983051,0.05,0.835048486
Cc1ccc(-n2ncc(N)c2NC(=O)CC(C)CCN)cc1,30,0.760281061,0.3125,0.12,0.789737991
Cc1ccc(-c2nnn(CC(=O)NC(C)CCN)c2C)cc1,30,0.844562128,0.2,0.07,0.806936982
Cc1ccc(-n2ncc(C)c2NC(=O)CC(C)CN)cc1,30,0.886193681,0.322580645,0.09,0.799017476
Cc1ccc(-c2ncn(CCN)c2NC(=O)CC(C)C)cc1,30,0.861274084,0.235294118,0.14,0.84697161
Cc1ccc(-n2ncc(C)c2NC(=O)CC(C)CCN)cc1,30,0.861274215,0.3125,0.11,0.798766995
Cc1ccc(-n2ncc(CN)c2NC(=O)CC(C)C)cc1,30,0.887073464,0.322580645,0.06,0.853112277
Cc1ccc(-n2ncc(CN)c2NC(=O)CC(C)(C)C)cc1,30,0.911278994,0.366666667,0.07,0.842396977
Cc1ccc(-n2ncc(CN)c2NC(=O)C2CC2(C)C)cc1,30,0.911013578,0.307692308,0.07,0.778624414
Cc1ccc(-n2ncc(N)c2NC(=O)NC(C)C(C)C)cc1,30,0.811365907,0.355932203,0.12,0.798559029
Cc1ccc(-n2ncc(CN)c2NC(=O)NC(C)C(C)C)cc1,30,0.792877002,0.333333333,0.11,0.790627474
Cc1ccc(-n2ncc(CN)c2NC(=O)N2CCCC(C)C2)cc1,30,0.909854619,0.281690141,0.11,0.792871931
Cc1ccc(-c2ncnc(N)c2NC(=O)NC(C)C(C)C)cc1,30,0.80777834,0.227272727,0.45,0.79896447
Cc1ccc(-c2ncnc(N)c2NC(=O)NC(C)(C)C)cc1,30,0.794475747,0.253968254,0.43,0.848910311
Cc1ccc(-c2ncnc(N)c2NC(=O)NC2CC(C)C2)cc1,30,0.812159931,0.2,0.43,0.840943017
Cc1ccc(-c2ncnc(N)c2NC(=O)C2CC(N)C2)cc1F,30,0.801018665,0.142857143,0.43,0.822678975
Cc1ccc(-c2ncnc(N)c2NC(=O)C2CC(N)C2)cc1Cl,30,0.799960829,0.142857143,0.43,0.823098023
Cc1ccc(-c2ncnc(N)c2NC(=O)C2CC2CC=O)cc1,30,0.824963675,0.189189189,0.45,0.731968445
Cc1ccc(-c2ncnc(N)c2NC(=O)C2CC2C)cc1F,30,0.912977063,0.144736842,0.44,0.759442682
Cc1ccc(-c2ncnc(N)c2NC(=O)C2CC2C)cc1,30,0.906417051,0.208955224,0.45,0.775958344
Cc1ccc(-c2ncnc(N)c2NC(=O)C2CC(F)C2)cc1,30,0.912928352,0.202898551,0.39,0.827738318
Cc1ccc(-c2ncnc(N)c2NC(=O)C2CC(C)C2)cc1,30,0.911929723,0.205882353,0.39,0.845169844
N#Cc1c(N2CCCCC2)nc(N)c2c(N)nc3c(c12)CC(CO)O3,31,0.735364398,0.807692308,0.04,0.720605944
N#Cc1c(N2CCCCC2)cc(N)c2cc3c(nc12)CC(CN)O3,31,0.81909353,0.352112676,0.07,0.7220373
N#Cc1c(N2CCCCC2)cc(CN)c2cc(CN)cnc12,31,0.903402685,0.271428571,0.15,0.806164071
N#Cc1c(N2CCCCC2)nc2c(CN)cc(C(F)F)cc2n1,31,0.941392699,0.277777778,0.05,0.780926744
N#Cc1cc2c(cc1-c1nnc(NN)c(C#N)n1)CCCC2,31,0.633236067,0.146666667,0.04,0.775424389
N#Cc1cc2c(nc1N1CCC(CN)CC1)C(C#N)CCCC2,31,0.847524991,0.24,0.07,0.732930127
N#Cc1cc2c(N3CCC(CN)CC3)nc(C#N)cc2cn1,31,0.900393435,0.225352113,0.21,0.785081288
N#Cc1cnc(N2CCC(CN)CC2)c2cc(C#N)ccc12,31,0.915271537,0.222222222,0.22,0.823320604
N#Cc1cnc(N2CCC(CN)CC2)c2cc(C#N)cnc12,31,0.900393435,0.219178082,0.2,0.80005467
N#Cc1cc2ccc(C#N)nc2c(N2CCC(N)CC2)n1,31,0.843000717,0.217391304,0.09,0.781699598
N#Cc1cc2cc(C#N)cnc2c(N2CCC(N)CC2)n1,31,0.843000717,0.211267606,0.13,0.786305239
N#Cc1cc2c(cc1N1CCC(N)CC1)N=C(C#N)CC2,31,0.851324089,0.191780822,0.08,0.754515752
N#Cc1cnc(N2CCC(N)CC2)c2cc(CN)cnc12,31,0.847105232,0.216216216,0.15,0.801134726
N#Cc1ncc(N2CCC(N)CC2)c2cc(CN)cnc12,31,0.847105232,0.184210526,0.16,0.788510111
N#Cc1cnc(N2CCC(CN)CC2)c2cc(NN)cnc12,31,0.570310214,0.210526316,0.17,0.791371397
N#Cc1ncc(CN)cc1-n1cc(CN2CCC(O)CC2)nn1,31,0.8122763,0.142857143,0.19,0.790989753
N#Cc1ncc(CN)c2nc(N3CCC(O)CC3)ccc12,31,0.849994559,0.179487179,0.2,0.802231136
N#Cc1cnc(N2CCC(CN)CC2)c2cc(N)cnc12,31,0.858747684,0.236111111,0.21,0.8040537
N#Cc1cnc(N2CCC(CN)CC2)c2[nH]c(N)nc12,31,0.734608227,0.246575342,0.31,0.787909401
N#Cc1cnc(N2CCC(CN)CC2)c2[nH]cc(N)c12,31,0.759383737,0.246575342,0.34,0.785144219
N#Cc1cnc(N2CCC(CN)CC2)c2[nH]ccc12,31,0.853787428,0.219178082,0.4,0.803043295
N#Cc1c[nH]c2ncnc(N3CCC(N)CC3)c12,31,0.769341075,0.25,0.53,0.800394933
N#Cc1c[nH]c2ncnc(N3CCC(CN)CC3)c12,31,0.835630233,0.257142857,0.58,0.804279939
N#Cc1c[nH]c2ncnc(N3CCC(CO)CC3)c12,31,0.838682319,0.271428571,0.59,0.80834903
COc1ccc(CNC(=O)C2CCC(CN=C3C(=O)C(=O)C3N3CCOCC3)C2)cc1,32,0.652909495,0.903225806,0.01,0.707817124
COc1ccc(CNC(=O)C2CCC(=NC3C(=O)C(=O)C3C)CC2)cc1,32,0.818959716,0.458333333,0,0.728818486
COc1cc(CNC(=O)C2CCC(=NC3C(=O)C(=O)C3)CC2)ccn1,32,0.811517573,0.337349398,0.02,0.728612011
COc1cc(CNC(=O)C2CCC(=NOC3CCCC3)CC2)ccc1C,32,0.778117063,0.317073171,0.01,0.834329305
COc1cc(CNC(=O)C2CCC(=NN3CCCC3)CC2)ccc1C,32,0.892671063,0.35,0,0.827661401
COc1cc(CNC(=O)C2CCC(=NN3CCCC3)CC2)ccn1,32,0.899781204,0.329268293,0.01,0.808277723
COc1cc(CNC(=O)C2CCC(=NOC)C(C)C2)ccn1,32,0.845984701,0.282352941,0.02,0.725308554
COc1cc(CNC(=O)C2CCC(=C(C)C)CC2)ccn1,32,0.865378344,0.307692308,0.01,0.833120171
COc1cc(CNC(=O)C2CCC(C)=C(C)C2)ccn1,32,0.858925099,0.291139241,0.01,0.792183252
COc1cc(CNC(=O)C2CC=CCC2C)cc(C)n1,32,0.858662475,0.24691358,0.01,0.741848882
COc1cc(CNC(=O)C2CC=CCC2)c(C)c(C)n1,32,0.858805376,0.256097561,0.02,0.77460001
COc1cc(CNC(=O)C2CC=CCC2)cc(C)c1N,32,0.654860951,0.291139241,0.05,0.798083526
COc1cc(CNC(=O)C2CC=CCC2)cc(C)c1C,32,0.854918759,0.294871795,0.03,0.815137098
COc1cc(CNC(=O)C2CC=CCC2)cc(C)n1,32,0.845543218,0.291139241,0.04,0.79275177
COc1cc(CNC(=O)C2CC=CCC2)ccn1,32,0.827293609,0.307692308,0.07,0.806128484
CCOC(=O)C1C(CSCc2ccco2)=NC(=O)NC1c1ccc(C)cc1,33,0.729959847,0.777777778,0.01,0.716319842
CCS(=O)C1C(CSCc2ccco2)=NC(=O)NC1c1ccccc1,33,0.801998109,0.492957746,0.04,0.653071189
COC(=O)C1C(CSCc2ccoc2)=NC(=O)N1c1ccccc1,33,0.752928998,0.285714286,0,0.730128493
CSC(=O)C1C(CSCc2ccco2)=NC(=O)NC1c1cccs1,33,0.820442103,0.534246575,0.01,0.653291041
CSC(=O)C1C(C)=NC(=O)NC1c1ccc(C#N)cc1,33,0.904314359,0.253164557,0.03,0.70254144
CSC(=O)C1C(c2ccco2)=NC(=O)NC1c1cccnc1,33,0.940050961,0.304878049,0.03,0.679934916
CC(C)C1=NC(SCc2ccco2)=CC(=O)NC1c1cccnc1,33,0.899896856,0.275862069,0.05,0.695349451
COC(=O)C1=C(SCc2ccco2)C(C)NC(=O)N1c1cccnc1,33,0.826503004,0.310344828,0.01,0.737079833
CC1(C)NC(=O)NC(c2ccco2)c2nc(CS)ccc2C1=O,33,0.738221163,0.204545455,0.05,0.687249219
COC(=O)C1=C(C)NC(=O)NC1c1ccccc1-c1ccco1,33,0.854008267,0.271604938,0.01,0.80064852
CC1=NC(=O)NC(SCc2ccco2)c2ccccc2C1=O,33,0.939645831,0.373333333,0.1,0.726297918
CC1=NC(SCc2ccco2)c2ccccc2C(=O)NC1=O,33,0.884206622,0.324675325,0.27,0.733668126
CC1=NC(CSCc2ccco2)C(=O)Nc2ccccc2C1=O,33,0.935479548,0.346153846,0.1,0.74152733
CC1=NC(CSCc2ccco2)C(=O)Nc2ccccc21,33,0.941850877,0.355263158,0.1,0.746866509
CC1=NC(=O)NC(c2ccco2)C2=C1C(=O)NC=C2C,33,0.829901206,0.265822785,0.07,0.696763472
CC1=NC(=O)NC(c2ccco2)C2=C1C(=O)NC=C2,33,0.812724895,0.285714286,0.06,0.706870574
CC1=NC(=O)NC(c2ccco2)c2ccccc2C1=O,33,0.863905866,0.276315789,0.06,0.760110454
CN1C(=O)NC(=O)c2cc(-c3ccco3)ccc21,33,0.702476094,0.172839506,0.21,0.861319553
CC1C(=O)NC(=O)c2cc(-c3ccco3)ccc21,33,0.779280219,0.217948718,0.23,0.794370444
CC1NC(=O)c2cc(-c3ccco3)ccc2C1=NN,33,0.601300285,0.195121951,0.28,0.744645788
CC1C(=O)NC(=O)c2cc(-c3ccco3)ccc2C1N,33,0.774318823,0.222222222,0.25,0.729432399
CC1NC(=O)c2cc(-c3ccco3)ccc2NC1=O,33,0.819515984,0.215189873,0.25,0.789775702
CC(N)C1C(=O)NC(=O)c2cc(-c3ccco3)ccc21,33,0.812384243,0.204819277,0.27,0.736825805
CC(N)=C1C(=O)Nc2cc(-c3ccco3)ccc2C1=O,33,0.613581277,0.192771084,0.35,0.821308471
CC(N)=C1C(=O)NC(=O)c2cc(-c3ccco3)ccc21,33,0.61075088,0.197530864,0.37,0.820105998
CC(N)=C1C(=O)Nc2cc(-c3ccco3)ccc2C1C,33,0.780071365,0.21686747,0.27,0.749870614
CC(N)=C1C(=O)Nc2cc(-c3ccco3)ccc21,33,0.752626086,0.197530864,0.35,0.825498437
CC(N)=C1C(=O)Nc2cc(-c3ccoc3)ccc21,33,0.752626086,0.156626506,0.37,0.807736748
CC(N)=C1C(=O)Nc2cc(-c3ccc(C)cc3)ccc21,33,0.776358383,0.164556962,0.38,0.862251603
CC(N)=C1C(=O)Nc2ccc(-c3ccc(C)cc3)cc21,33,0.776358383,0.164556962,0.49,0.862484844
CC(N)=C1C(=O)Nc2ccc(-c3ccc(F)cc3)cc21,33,0.780595331,0.120481928,0.49,0.859837317
CC(N)=C1C(=O)Nc2ccc(-c3ccco3)cc21,33,0.752626086,0.197530864,0.44,0.825754545
CC(N)=C1C(=O)Nc2ccc(-c3ccoc3)cc21,33,0.752626086,0.156626506,0.48,0.807992856
Cc1cc(OC(C)C(=O)NCC2CCC(C(=O)O)CC2)c2cc(C)oc2c1,34,0.803373691,0.68852459,0.03,0.788003407
Cc1cc(OC(C)C(=O)NCC2CCC(CO)CC2)c2c(C)cc(=O)oc2c1,34,0.743789579,0.824561404,0,0.782852338
Cc1cc(OC(C)C(=O)NCC2CCC(C)CC2)cc(C(=O)O)c1,34,0.836388966,0.462686567,0,0.82181404
Cc1cc(OC(C)C(=O)NCC2CCC(C)CC2)cc(=O)o1,34,0.907756811,0.492307692,0,0.79408301
Cc1cc(OC(C)C(=O)NCC2CCC(C)CC2)cc(=O)[nH]1,34,0.877195828,0.420289855,0.01,0.789921598
COc1cc(OC(C)C(=O)NCc2ccsc2)ccc1CC,34,0.8506278,0.253164557,0.01,0.82903922
Cc1cc(OC(C)C(=O)NC2CCCC(C)C2)cc(=O)[nH]1,34,0.89289693,0.253164557,0.01,0.739827716
Cc1cc(OC(C)C(=O)NC2CCCC(C)C2)cc(C(=O)O)c1,34,0.873910014,0.289473684,0,0.774165472
Cc1cc(OC(C)C(=O)NC2CCCC(C)C2)cc(C)c1,34,0.916089461,0.295774648,0,0.780590315
Cc1cc(OC(C)C(=O)NC2CCCCC2C)cc(C)n1,34,0.926393536,0.256756757,0.01,0.763464851
Cc1cc(OC(C)C(=O)NCC2CCCCC2)cc(C)n1,34,0.905935867,0.409090909,0.03,0.819146587
Cc1cc(C)cc(OC(C)C(=O)NCC2CCCCC2)c1,34,0.895832471,0.467741935,0,0.841310081
Cc1cc(OC(C)C(=O)NCC2CCCCC2)nc(C)n1,34,0.905243055,0.391304348,0.02,0.807063405
Cc1cc(OC(C)C(=O)NCC2CCCCC2)nc(Cl)n1,34,0.849232924,0.38028169,0.05,0.800003953
Cc1cc(OC(C)C(=O)NCC2CCCCC2)ncn1,34,0.896238161,0.391304348,0.06,0.806017877
Cc1cc(OC(C)C(=O)NCC2CCCCC2)nc(N)n1,34,0.863775243,0.38028169,0.08,0.801557799
Cc1cc(OC(C)C(=O)NCC2CCCCC2)nc(N)c1C,34,0.876610474,0.414285714,0.07,0.792915545
Cc1cc(OC(C)C(=O)NCC2CCCCC2)nc(N)c1,34,0.873192663,0.420289855,0.07,0.798504605
COc1ccc(C2C(=O)c3cc(Cl)ccc3NC2=Nc2ccco2)cc1,35,0.702947091,0.507246377,0.15,0.741902126
COc1ccc(C2C(=O)c3ccsc3C2=NC(C)c2ccco2)cc1,35,0.672981395,0.378378378,0.03,0.712937832
COc1ccc(C2C(=O)Nc3ccccc3C2=NC(C)COCO)cc1,35,0.781586039,0.271604938,0.15,0.713830159
COc1ccc(C2C(=O)Nc3ccccc3C2=NC(C)CO)cc1,35,0.907959345,0.285714286,0.14,0.738578027
COc1ccc(C2C(=O)Nc3cccnc3C2=NC(C)CO)cc1,35,0.900336406,0.256097561,0.26,0.718657213
COc1ccc(C2C(=O)Nc3ccc(N=CC(C)CO)cc32)cc1,35,0.830265828,0.259259259,0.18,0.725937077
COc1ccc(C2C(=O)Nc3cccnc3C2=CCCO)cc1,35,0.910318434,0.24691358,0.19,0.763612411
COc1ccc(-n2cccnc2=Nc2ccc(F)cc2)cc1,35,0.743788561,0.164556962,0,0.854157715
COc1ccc(N2C=Nc3ccccc3NC2=CCCO)cc1,35,0.907190216,0.152941176,0.04,0.793371432
COc1ccc(-c2cccnc2NCc2ccco2)cc1,35,0.768068119,0.236842105,0.14,0.89235126
COc1ccc(-c2cccnc2NCc2ccsc2)cn1,35,0.77730929,0.126436782,0.2,0.851602129
COc1ccc(C2=Cc3cccnc3NC(=O)C2C)cc1,35,0.918566686,0.189873418,0.19,0.779976009
COc1ccc(C2=Cc3ccncc3C(=O)NC2C)cc1,35,0.919934527,0.189873418,0.44,0.775352932
COCC1Oc2ccc(-c3ccncc3)cc2C(=O)NC1C,35,0.944083941,0.170731707,0.59,0.748444074
COCC1Oc2ccc(-c3ccncc3)cc2NC1=O,35,0.927413721,0.175,0.51,0.792435393
COCC1Oc2cc(-c3ccncc3)ccc2NC1=O,35,0.927413721,0.146341463,0.51,0.7887277
COCC1Oc2ccc(-c3ccncc3)cc2C(=O)C1C,35,0.868581905,0.205128205,0.5,0.761207097
COCC1Oc2ccc(-c3ccncc3)cc2C(=O)C1N,35,0.927577021,0.217948718,0.54,0.750222738
CCOc1ccccc1N(C(=O)Nc1cccc(Cl)c1)C1=NCCS1,36,0.828049402,0.73015873,0,0.834002854
CCOc1ccccc1N(C(=O)NC1CC1)c1nccc(C)n1,36,0.920395368,0.410958904,0.03,0.838100236
CCOc1ccccc1C(=O)N(c1cccc(N)c1)C1=NC1,36,0.881806295,0.315789474,0.01,0.836861204
CCOc1ccccc1C(=O)N(c1cccc(N)c1)C1=NCCS1,36,0.865406587,0.341772152,0.06,0.828750053
CCOc1ccccc1N(C(=O)NC1CCC1)c1cccc(N)n1,36,0.881471688,0.394736842,0.06,0.838489216
CCOc1ccccc1N(C(=O)Nc1ccccn1)C1=NCCS1,36,0.92136837,0.478873239,0.03,0.819952887
CCOc1ccccc1N(Cc1cccc(N)c1)C(=O)N1CC=N1,36,0.859147442,0.325,0.07,0.814977677
CCOc1ccccc1N(Cc1cccc(N)c1)C(=O)N1CC=NC1,36,0.851485476,0.313253012,0.07,0.803109478
CCOc1ccccc1N(Cc1cccc(N)c1)C(=O)NC1=NCCS1,36,0.7897981,0.3875,0.1,0.824725817
CCOc1ccccc1NCC(=O)N(Cc1ccccn1)C1=NCCS1,36,0.811451205,0.301204819,0,0.818353628
CCOc1ccccc1N(Cc1cccc(N)n1)C(=O)NC1CC1,36,0.855054891,0.358974359,0.12,0.848385596
CCOc1ccccc1NC(=O)N(Cc1cccc(N)n1)C1CCNC1,36,0.740150332,0.305882353,0.11,0.793644074
CCOc1ccccc1N(Cc1ccc(Cl)nc1NC1=NCCN1)C(N)=O,36,0.659499661,0.310344828,0.2,0.791430804
CCOc1ccccc1NC(=O)N(Cc1cccc(Cl)c1)C1=NCCN1,36,0.839928524,0.3875,0.03,0.83788951
CCOc1ccccc1N(Cc1ccc(Cl)nc1NC1CNCC1)C(N)=O,36,0.632882343,0.318181818,0.17,0.76424557
CCOc1ccccc1N(Cc1cccnc1N1CCNC1=O)C(C)=O,36,0.865084378,0.285714286,0.055,0.826085196
CCOc1ccccc1N(Cc1cccnc1NC1CC1)C(N)=O,36,0.818889733,0.341772152,0.06,0.847189216
CCOc1ccccc1N(Cc1cccnc1N)C(=O)NC1CCNC1,36,0.738236669,0.313953488,0.2,0.779519151
CCOc1ccccc1N(Cc1cccnc1N)C(=O)NC1CC1,36,0.855054891,0.341772152,0.19,0.851190573
CCOc1ccccc1N(Cc1cccnc1N)C1=NCCN1,36,0.88341845,0.275,0.13,0.801663051
CCOc1ccccc1N(Cc1cccnc1N)C1CNC1=O,36,0.79144002,0.283950617,0.17,0.766210313
CCOc1ccccc1N(Cc1cccnc1N)C1CCNCC1,36,0.854498453,0.271604938,0.15,0.836044756
CCOc1ccccc1N(CC1CNc2cccnc2N1)C(=O)O,36,0.78224155,0.3125,0.05,0.747199619
CCOc1ccccc1N(Cc1ncccc1NC)C1CCNCC1,36,0.809975112,0.280487805,0.09,0.81827692
CCOc1ccccc1N(Cc1nccnc1N)C1=CCNCC1,36,0.848848018,0.25,0.19,0.761762558
CCOc1ccccc1N(Cc1ncc(Cl)nc1N)C1CCNCC1,36,0.823492611,0.289156627,0.18,0.794409905
CCOc1ccccc1N(Cc1nc(Cl)ncc1N)C1CCNCC1,36,0.770344695,0.289156627,0.18,0.791633196
CCOc1ccccc1N(Cc1nc(N)ncc1Cl)C1CCNCC1,36,0.823492611,0.304878049,0.16,0.809048153
CCOc1ccccc1N(c1nc(N)ncc1Cl)C1CCNCC1,36,0.86548528,0.296296296,0.16,0.801174579
CC1C(=NO)C(C)C(c2ccccc2)NC1c1ccccc1,37,0.644567903,1,0,0.723813619
CC1C=NC(c2ccccc2)C(c2ccccc2)N1O,37,0.900558225,0.279069767,0.02,0.716336879
CC1C=NC(c2ccccc2)C(c2ccccc2)N1,37,0.865974772,0.432432432,0.1,0.723608806
CC1CNC(c2ccccc2)C(c2ccccc2O)N1C,37,0.888218402,0.319148936,0.04,0.740029599
CC1CNC(c2ccccc2)C(c2ccc(CO)cc2)N1C,37,0.914004202,0.306122449,0.04,0.743863023
CC1CNC(c2ccccc2)C(c2ccc(CO)cc2)N1,37,0.810404735,0.363636364,0.01,0.747446005
CC1CNC(c2ccccc2)C(c2ccc3c(c2)CCO3)N1,37,0.893140705,0.31372549,0.07,0.724152738
CC1CNC(c2ccccc2)C(c2ccccc2)NC1=O,37,0.887880865,0.341463415,0.01,0.758852058
CC1CNC(c2ccccc2)C(c2cccnc2)NC1=O,37,0.887200902,0.28,0.06,0.734003382
CC1CNC(c2ccccc2)C(c2ccncc2)NC1=O,37,0.887200902,0.29787234,0.11,0.732565299
CC1CNC(=O)C(c2ccccc2)C(c2ccncc2)C1,37,0.918118794,0.265306122,0.15,0.743266182
CC1CNC(=O)C(c2ccccc2-c2ccncc2)C1,37,0.907599821,0.188679245,0.28,0.765363263
CC1CNC(c2ccccc2-c2ccncc2)C(CO)C1,37,0.909289168,0.222222222,0.27,0.731075766
CC1CNC(c2ccccc2-c2ccncc2)C(O)C1,37,0.880037087,0.230769231,0.29,0.7380016
CC1CNC(c2ccccc2-c2ccncc2)CC1O,37,0.880037087,0.185185185,0.42,0.734337409
CC1CNC(c2ccccc2-c2ccncc2)C1,37,0.8668028,0.2,0.33,0.77556057
CC1CCNC(c2ccccc2-c2ccncc2)C1,37,0.878803762,0.192307692,0.34,0.778905425
CC1CCCNC(c2ccccc2-c2ccncc2)C1,37,0.880873782,0.185185185,0.35,0.784568914
CC1CCNC(c2cc(-c3ccncc3)ccc2O)C1,37,0.875685414,0.160714286,0.58,0.763712069
CC1CCCNC(c2cc(-c3ccncc3)ccc2O)C1,37,0.877625993,0.155172414,0.58,0.769645155
CC1CCNC(c2cc(-c3ccncc3)cc(O)c2O)C1,37,0.740828792,0.157894737,0.38,0.739496841
CC1CC(c2cc(-c3ccncc3)ccc2O)NC(=O)N1,37,0.792735345,0.137931034,0.5,0.740773251
CC1CCC(c2cc(-c3ccncc3)ccc2O)C(N)C1,37,0.882909617,0.140350877,0.47,0.750044984
CC1CCNC(c2cc(-c3ccncc3)ccc2O)CC1,37,0.877625993,0.160714286,0.54,0.770272898
CC1CCC(c2cc(-c3ccncc3)ccc2O)NC1,37,0.875685414,0.163636364,0.55,0.765040186
Cc1nc2c(N=Nc3ccccc3F)c(N)nn2c(N)c1C#N,38,0.702258993,1,0,0.768021622
Cc1nc2c(C#N)c(Nc3ccccc3F)nn2c(N)c1C#N,38,0.74973249,0.563636364,0.11,0.804864171
CC1=Nc2c(-c3ccccc3C#N)c(N)nn2C(O)=C1C(C)=O,38,0.699713773,0.323529412,0.12,0.793356387
CC1=Nc2c(N)c(-c3ccccc3C)nnc2C(O)NC1C,38,0.748826084,0.131578947,0.17,0.674229626
CC1=Nc2c(-c3ccccc3C)nc(N)c(C#N)c2NC1O,38,0.74769995,0.253521127,0.18,0.71159272
Cc1cc2c(-c3ccccc3C)nc(N)c(C#N)c2nc1N,38,0.716728531,0.28125,0.09,0.821338823
Cc1cc2ccccc2c(Nc2ccc(F)nc2C)c1C#N,38,0.701540983,0.268656716,0.01,0.831493214
CC1CCc2c(-c3ccccc3C)nc(N)c(C#N)c2N1,38,0.839256423,0.253521127,0.15,0.756991697
CC1CCc2c(-c3cccnc3C)nc(N)c(C#N)c2N1,38,0.83750493,0.260273973,0.24,0.730518164
CC1CCc2c(-c3ccccc3C(C)C)nc(N)c(C#N)c21,38,0.892920813,0.236111111,0.09,0.76364871
CC1CCc2c(-c3cccnc3C(C)(C)C)nc(N)nc21,38,0.869488068,0.116883117,0.09,0.74388936
Cc1nc(-c2cccnc2C(F)(F)C#N)nc2c1C(O)CC2,38,0.920941653,0.164556962,0.1,0.696640891
Cc1nc(-c2cccnc2C(C)(C)C)nc2c1C(O)CC2,38,0.873245045,0.116883117,0.07,0.742891747
Cc1nc(-c2cccnc2C(F)(F)F)nc(N)c1N1CC1,38,0.86080348,0.214285714,0.11,0.808064159
Cc1nc(-c2ccc(F)c3cccnc23)nc(N)c1C#N,38,0.739194741,0.359375,0.17,0.828346247
Cc1c(-c2ccc(F)cc2C#N)nc(N)c2ncccc12,38,0.741264978,0.23943662,0.2,0.834740771
Nc1nc(-c2ccc(F)c3cccnc23)nc(N)c1C#N,38,0.702752196,0.301587302,0.18,0.822774669
Cc1cc(-c2nc(N)c(C#N)c(-c3cccnc3)n2)ccc1F,38,0.785508632,0.323529412,0.1,0.84899633
CCNc1nc(-c2ccc(F)c3cccnc23)nc(N)c1C#N,38,0.771255552,0.277777778,0.23,0.822526981
CCN1CC=C(c2cc(-c3ccc(F)c(C#N)c3)nc(N)n2)CC1,38,0.939379931,0.205128205,0.09,0.811815686
CCN1CC=C(c2cc(-c3ccc(F)c(N)c3C#N)ncn2)CC1,38,0.878752689,0.217948718,0.21,0.784200528
CCNc1nc(-c2ccc(F)c3c(N)ncnc23)c(C#N)c(N)n1,38,0.660984357,0.260273973,0.39,0.7931253
CCN1CC=C(c2cc3c(Nc4ccc(F)c(N)n4)ncnc3[nH]2)CC1,38,0.667374795,0.149425287,0.41,0.780428997
CCNc1nc(-c2cc3c(N)ncnc3[nH]2)ccc1-c1cccc(F)c1,38,0.52098437,0.158536585,0.48,0.815461612
Cc1cc(F)ccc1-c1cc(-c2cc3c(N)ncnc3[nH]2)ncn1,38,0.591697602,0.148648649,0.47,0.815241023
Cc1nc(-c2ccc(C#N)c(N)c2)nc2c(-c3cccnc3)c[nH]c12,38,0.548963603,0.217948718,0.37,0.806037897
Cc1cnc(-c2cc3c(N)ncnc3[nH]2)cc1-c1cccc(F)c1,38,0.589915124,0.155844156,0.51,0.824625415
Cc1nc(-c2ccc(C#N)c(Nc3ccc(F)cn3)c2)c(N)n1N,38,0.636389661,0.220779221,0.26,0.807838044
Cc1cnc(-c2ccc(F)c(C#N)c2)nc1Nc1ccc(N)nc1,38,0.768405977,0.210526316,0.18,0.833637406
Cc1cnc(Nc2ccc(F)c3c(N)ncnc23)cc1C#N,38,0.753241559,0.232876712,0.42,0.803415546
Cc1cnc(-c2ccc(F)c3c(N)ncnc23)cc1C#N,38,0.739194741,0.242857143,0.41,0.802830471
NCCNc1cc(-c2ccc(F)c3c(N)ncnc23)ccc1C#N,38,0.67869637,0.194805195,0.52,0.817631071
NC#Cc1cc(-c2ccc(F)c3c(N)ncnc23)ccc1N,38,0.360793858,0.180555556,0.59,0.785305125
NCC#Cc1cc(-c2ccc(F)c3c(N)ncnc23)ccc1O,38,0.597543416,0.153846154,0.57,0.805261419
N#Cc1cc(-c2ccc(F)c3c(N)ncnc23)ccc1NCO,38,0.640411369,0.194805195,0.55,0.80783704
N#Cc1cc(-c2ccc(F)c3c(N)ncnc23)ccc1NCN,38,0.639231903,0.197368421,0.51,0.806433253
N#Cc1cc(-c2ccc(F)c3c(N)ncnc23)cnc1N,38,0.702752196,0.217391304,0.55,0.811390315
CCNc1cc(-c2ccc(F)c3c(N)ncnc23)ccc1C#N,38,0.77468025,0.210526316,0.49,0.826757987
NCCNc1cc(-c2ccc(F)c3c(N)ncnc23)ccc1F,38,0.688144271,0.148648649,0.6,0.833376212
CCNc1cc(-c2ccc(F)c3c(N)ncnc23)ccn1,38,0.772588403,0.162162162,0.6,0.833295752
CCOP(=O)(OCC)C(NC(=O)Nc1ccccc1)C(N)=O,39,0.629062002,1,0,0.780820311
CCOP(=O)(OC)C(NC(=O)c1ccccc1)C(N)=O,39,0.733147945,0.617021277,0,0.756868194
COP(=O)(OC)C(NC(N)=O)C(=O)Nc1ccccc1,39,0.679650006,0.489795918,0.01,0.77890987
COc1cc(CP)ccc1C(=O)NC(=O)c1ccccc1,39,0.69747846,0.225806452,0,0.834317121
COc1ccc(C(N)=O)cc1Nc1cccc(C)c1,39,0.883662176,0.225806452,0.04,0.924083902
COc1ccc(C)c(C(N)=O)c1Nc1ccccc1,39,0.883662176,0.280701754,0.02,0.895367502
COc1ccc(C)cc1C(=O)Nc1cccc(N)c1,39,0.82985289,0.25,0.01,0.928566921
COc1cc(OC)ccc1C(=O)Nc1ccccc1,39,0.915609537,0.314814815,0,0.955071485
COc1cc(C)ccc1C(=O)Nc1cccc(N)c1,39,0.82985289,0.245901639,0.04,0.927098706
COc1cc(C)c(N)cc1C(=O)Nc1ccccc1,39,0.82985289,0.321428571,0.01,0.925320187
COc1cc(C)c(C)cc1C(=O)Nc1ccccc1CN,39,0.906712139,0.241935484,0.03,0.906976468
COc1ccc(C(=O)Nc2ccccc2)c(CN)c1OC,39,0.884934026,0.333333333,0.02,0.902558503
COc1ccc(C(=O)Nc2ccccc2)c(CN)c1C,39,0.897447875,0.333333333,0.03,0.902107097
COc1ccc(C(N)=O)c(Nc2ccccc2)c1CN,39,0.775377728,0.288135593,0.05,0.878086218
COc1cc(C(N)=O)c(Nc2ccccc2)nc1CN,39,0.762801719,0.274193548,0.17,0.867980174
COc1ncc(C(N)=O)c(Nc2ccccc2)n1,39,0.846236924,0.271186441,0.17,0.884507185
CNc1ncc(C(N)=O)c(Nc2ccccc2)n1,39,0.753551495,0.254237288,0.57,0.886110805
CNc1ncc(C(N)=O)c(Nc2cc(CO)ccn2)n1,39,0.615147101,0.154929577,0.52,0.835081822
CNc1ncc(C(N)=O)c(Nc2ccc(F)cc2)n1,39,0.775154714,0.169230769,0.51,0.878577081
CNc1ncc(C(N)=O)c(Nc2cc(F)ccc2C)n1,39,0.790920473,0.14084507,0.46,0.864030584
CNc1ncc(C(N)=O)c(Nc2cc(F)ccc2)n1,39,0.775154714,0.194029851,0.59,0.870494642
CC(C)c1ccc(N2C(=O)CSC23C(=O)NCCc2ccccc23)cc1,40,0.886027629,0.590163934,0.05,0.718084491
CC(F)c1ccc(N2C(=O)CSC23CCCc2ccccc23)c(F)c1,40,0.741204611,0.383561644,0,0.658163454
Cc1ccc(N2C(=O)CSC2=NC2CCCc3ccccc32)c(F)c1,40,0.786452243,0.2,0.05,0.761133282
Cc1ccc(N2C(=O)N=C(N)CSC2c2ccccc2)c(F)c1,40,0.909859045,0.156626506,0.02,0.77164213
CC(C)c1ccc(N2C(=O)N=CN2Cc2cccnc2)cc1,40,0.742946036,0.226666667,0.03,0.819679334
CC(C)c1ccc(N2C(=O)SCC2=Nc2cccnc2)cc1,40,0.831312451,0.27027027,0.04,0.803124267
CC(C)c1ccc(N2C(=O)CSC2=Nc2cccnc2)cc1,40,0.861245023,0.287671233,0.09,0.836434645
CC(C)c1ccc(N2C(=O)CSC2=Nc2cccnc2N)cc1,40,0.935958421,0.297297297,0.14,0.816147573
CC(C)c1ccc(N2C(=O)CSC2=Nc2ccccc2NN)cc1,40,0.654728338,0.283783784,0.04,0.825135143
CC(C)c1ccc(N2C(=O)CSC2=Nc2ncccc2N)cc1,40,0.935958421,0.297297297,0.14,0.808579526
CC(C)c1ccc(N2C(=O)CSC2=Cc2ncccc2N)cc1,40,0.93053978,0.315068493,0.15,0.8035542
CC(C)c1ccc(N2C(=O)CSC2=Cc2ncc(N)cc2OCCO)cc1,40,0.793578977,0.261904762,0.14,0.783161668
CC(C)c1ccc(N2C(=O)CSC2(O)CCc2ncccc2N)cc1,40,0.859244028,0.388888889,0.08,0.73074178
CC(C)c1ccc(N2C(=O)CSC2(N)CCc2ncccc2O)cc1,40,0.858685789,0.369863014,0.07,0.732217165
CC(C)c1ccc(N2C(=O)CSC2=Cc2nccnc2N)cc1,40,0.937055248,0.305555556,0.11,0.794996567
CC(CC(=O)Nc1ccc(F)cc1F)S(=O)(=O)c1ccc2c(c1)NCC2,41,0.835782843,0.527777778,0.08,0.788067963
CC(Cc1ccc(F)cc1I)S(=O)(=O)Nc1ccc2c(c1)NC(=O)C2,41,0.653743389,0.252873563,0.06,0.751919458
CC(Cc1ccc(F)cc1I)S(=O)(=O)c1ccc2c(c1)NCC(=O)N2,41,0.668167829,0.3375,0.09,0.736206861
CC(Cc1ccc(F)cc1F)S(=O)(=O)c1ccc2c(c1)NCC(CN)O2,41,0.830474056,0.321428571,0.15,0.719062898
NCC(Cc1ccc(F)cc1F)S(=O)(=O)c1ccc2c(c1)NCCN2,41,0.754125771,0.243902439,0.14,0.741429253
CC(Cc1ccc(F)cc1F)NS(=O)(=O)c1ccc2c(c1)NCC2,41,0.869968892,0.247058824,0.07,0.7977363
CC(Cc1ccc(F)cc1N)S(=O)(=O)c1ccc2c(c1)NCC2,41,0.843521418,0.280487805,0.13,0.762731671
CC(C(=O)Nc1ccc(F)cc1N)c1ccc2c(c1)NCCN2,41,0.656780604,0.243902439,0.1,0.778640236
CC(C(=O)Nc1ccc(F)cc1N)c1ccc2c(c1)NCC(CO)O2,41,0.637868448,0.269662921,0.14,0.745673015
CC(C(=O)Nc1ccc(F)cc1N)c1ccc2c(c1)NCC(C)C2,41,0.75213643,0.224719101,0.07,0.757900446
CC(C(=O)Nc1ccc(F)cc1F)n1cnc2ccc(CN)cc21,41,0.772285103,0.227272727,0.12,0.813932855
CC(C(=O)Nc1ccc(F)cc1F)=Nc1ccc2c(c1)CC(N)C2,41,0.849719739,0.209302326,0.08,0.760106219
CC(CNc1ccc(F)cc1Cl)S(=O)(=O)c1ccc2c(c1)NCC2,41,0.844026148,0.317073171,0.11,0.775097264
CC(CNc1ccc(F)cc1Cl)S(=O)(=O)c1ccc2c(c1)NCCN2,41,0.735646783,0.329113924,0.11,0.753855187
CC(CCl)Nc1ccc(F)cc1S(=O)(=O)c1ccc2c(c1)NCCN2,41,0.688841104,0.296296296,0.08,0.747354528
CC(CCl)Nc1ccncc1S(=O)(=O)c1ccc(F)c2ccc(N)nc12,41,0.508960179,0.182795699,0.22,0.737539545
CC(CN)c1cncc(S(=O)(=O)Oc2ccc(F)c3cccnc23)n1,41,0.691501429,0.145833333,0.25,0.728007495
CC(CN)S(=O)(=O)c1ccc(F)cc1-c1ccc2c(c1)NCCN2,41,0.738588064,0.214285714,0.28,0.747400823
CC(CN)S(=O)(=O)c1ccc(F)cc1-c1ccc2c(c1)NCCO2,41,0.827856164,0.270588235,0.22,0.762659377
CC(CN)S(=O)(=O)c1ccc(F)nc1-c1ccc2c(c1)NCCO2,41,0.816130152,0.264367816,0.26,0.7300394
CC(CN)S(=O)(=O)c1ccc(-c2ccc3c(c2)NCCN3)nc1,41,0.788449947,0.228915663,0.27,0.745554082
CC(CN)S(=O)(=O)c1cncc(-c2ccc3c(c2)NCCN3)c1,41,0.788449947,0.21686747,0.47,0.736955739
CC(CN)S(=O)(=O)c1ccncc1-c1ccc2c(c1)NCC2,41,0.898513198,0.193181818,0.44,0.748592321
CC(CN)S(=O)(=O)c1cncc(-c2ccc3c(c2)NCC3)c1,41,0.898513198,0.209302326,0.47,0.758449145
CC(CN)S(=O)(=O)c1ccc(-c2cncc3c2NCC3)cc1,41,0.898513198,0.2,0.38,0.754148649
CC(CO)Nc1cnccc1-c1ccc2c(c1)NCCS2(=O)=O,41,0.789363875,0.2,0.48,0.735424378
CC(CN)Nc1ccncc1-c1ccc2c(c1)NC(=O)CO2,41,0.801151102,0.35,0.48,0.772913059
CC(CO)Nc1ccncc1-c1ccc2c(c1)NC(=O)CO2,41,0.802510509,0.367088608,0.46,0.780620263
CC(C)Nc1cnccc1-c1ccc2c(c1)NC(=O)CO2,41,0.908833607,0.355263158,0.42,0.839658572
CC(C)CCNc1ccncc1-c1ccc2c(c1)NC(=O)CO2,41,0.886331069,0.345679012,0.45,0.837593716
CC(C)CNc1ccncc1-c1ccc2c(c1)NC(=O)CO2,41,0.909709115,0.35443038,0.42,0.838657112
CC(C)(CN)c1ccncc1-c1ccc2c(c1)NC(=O)CO2,41,0.911137576,0.292682927,0.49,0.811845819
CN1C(=O)CC(C=NC(=O)CCNC(=O)c2ccccc2F)N1C,42,0.800535293,0.75862069,0,0.722230357
CN1CC(C=NC(=O)CCNC(=O)c2ccccc2)N(C)C1=O,42,0.814650001,0.555555556,0,0.746501863
CC1CC(=O)N(CCNC(=O)c2ccccc2N)CCN1C,42,0.796418768,0.352112676,0.03,0.807617941
CN1CC(CNC(=O)CCNc2ccccc2)N(C)C(=O)C1,42,0.797255584,0.297297297,0,0.800217135
CN1CCC(CCNC(=O)c2ccncc2)NC(=O)C1CC,42,0.843684913,0.222222222,0.06,0.747082996
CN1CCC(CCNC(=O)c2ccncc2)NC(=O)C1,42,0.812957607,0.233766234,0.09,0.793174962
CC1CCC(CCNC(=O)c2ccncc2Cl)N(C)C1,42,0.928482274,0.240506329,0.04,0.769493662
CC1CCC(CCNC(=O)c2ccncc2Cl)N(C)CC1,42,0.929763022,0.2375,0.05,0.77499904
CC1CCC(CCNC(=O)c2ccncc2Cl)CC1C#N,42,0.926438426,0.2,0.05,0.715456705
CN1CCC(CCNC(=O)c2ccnc3[nH]ccc23)CC1=O,42,0.899009578,0.271604938,0.35,0.777639799
CC1CC(=O)N(CCNC(=O)c2ccnc3[nH]ccc23)CC1,42,0.899009578,0.271604938,0.32,0.786975086
CC1CC(=O)N(CCNC(=O)c2ccnc3[nH]ccc23)CCN1,42,0.766375614,0.268292683,0.32,0.762627796
CC1CCN(CCNC(=O)c2ccnc3[nH]ccc23)CC1=O,42,0.889259048,0.240963855,0.32,0.772166294
CC1CCN(CCNC(=O)c2ccnc3[nH]ccc23)CC1,42,0.903743183,0.240506329,0.32,0.859000758
CN1CCC(CCNC(=O)c2ccnc3[nH]ccc23)CC1,42,0.903743183,0.240506329,0.33,0.847916016
CC1CCN(CCCNC(=O)c2ccnc3[nH]ccc23)CC1,42,0.833689789,0.234567901,0.34,0.859115407
CC1CCN(C(=O)CCNCc2ccnc3[nH]ccc23)CC1,42,0.8330086,0.176470588,0.33,0.845816128
CC1CCN(C(=O)c2ccnc3[nH]ccc23)CC1F,42,0.856462612,0.168674699,0.42,0.737248557
CC1CCN(C(=O)c2ccnc3[nH]ccc23)CC1N,42,0.810925575,0.154761905,0.5,0.751810665
CC1CCN(C(=O)c2ccnc3[nH]ccc23)CC1,42,0.835900755,0.166666667,0.4,0.863032803
CC1CCN(C(=O)c2ccnc3[nH]ccc23)C1,42,0.813154046,0.1625,0.41,0.810195697
CC1CCN(c2ccnc3[nH]ccc23)C(=O)C1,42,0.81544563,0.15,0.44,0.785255352
CC1CCN(c2ccnc3[nH]ccc23)CC1,42,0.792879579,0.116883117,0.5,0.854486503
Cc1nn(C(C)C(=O)NC(C)C2CCCCC2)c(=O)c2nn(-c3ccccc3)c(C)c12,43,0.67849214,0.698412698,0.01,0.7460728
Cc1nn(C(C)C(=O)NC(C)C2CCC(C)CC2)c(=N)c(-c2ccccc2)n1,43,0.829480038,0.368421053,0.08,0.730785044
Cc1nc(C(C)NC(=O)C(C)(C)C2CCC(C)C2)n(-c2ccccc2)n1,43,0.874561683,0.350649351,0.01,0.710141554
Cc1nc(C(=O)NC(C)C(C)(C)C2CCCC2)c(C)n1-c1ccccc1,43,0.837175635,0.302631579,0.03,0.771688476
Cc1nc(C(C)(C)NC(=O)C2CCC(C)C2)c(C)n1-c1ccccc1,43,0.903703698,0.298701299,0.03,0.735928384
Cc1nc(C(=O)NC(C)(C)C2CCCC2)c(C)n1-c1ccccc1,43,0.916063587,0.28,0,0.833394416
Cc1nc(C(=O)NC(C)C2CCC(C)C2)c(C)n1-c1ccccc1,43,0.921817183,0.351351351,0.02,0.748700456
Cc1nc(C(=O)NC(C)C2CCC(C)C2)n(-c2ccccc2)n1,43,0.943280977,0.369863014,0.02,0.732988758
Cc1nc(C(=O)C(C)(C)C2CC2)n(-c2ccccc2)n1,43,0.800768586,0.3,0.01,0.818365409
Cc1nc(C(=O)NC(C)C2CC2)n(-c2ccccc2)n1,43,0.925226283,0.342857143,0.01,0.799416493
Cc1nc(NC(=O)C2CCC(C)C2)n(-c2ccccc2)n1,43,0.942313474,0.352112676,0.06,0.771615815
Cc1nc(NC(=O)C2CCC2)n(-c2ccccc2)c1C,43,0.929539264,0.295774648,0.01,0.870394185
Cc1nc(NC(=O)C2CCC(C)N2)n(-c2ccccc2)n1,43,0.899296631,0.310810811,0.06,0.741575302
Cc1nc(NC(=O)C2CC2)c(C)n1-c1ccccc1,43,0.916327581,0.304347826,0.08,0.86870219
Cc1nc(NC(=O)C2CCC2)c(C)n1-c1ccccc1,43,0.929539264,0.295774648,0.09,0.86800435
Cc1nc(NC(=O)C2CC2)c(N)n1-c1ccccc1,43,0.882967148,0.277777778,0.1,0.855895513
Cc1nc(NC(=O)C2CC2)c(-c2ccccc2)n1N,43,0.823941446,0.243243243,0.23,0.847408431
Cc1nc(NC(=O)C2CC2)c(-c2ccccc2)n1C,43,0.916295688,0.246575342,0.23,0.859792756
Cc1nc(NC(=O)C2CC2)c(-c2ccccc2)s1,43,0.915587527,0.25,0.37,0.870772947
Cc1nc(NC(=O)C2CC2)c(-c2cccc(F)c2)s1,43,0.930187626,0.2,0.42,0.85418724
N=C1C(=Cc2ccc(Br)o2)C(=O)N=C2SC(CC(=O)N3CCOCC3)=NN12,44,0.701886174,1,0,0.776252982
N=C1C(=Cc2ccc(Br)o2)C(=O)N=C2SC(CC(=O)N3CCOCC3)N12,44,0.723125001,0.642857143,0.01,0.702595966
N=C1C(=Cc2ccc(CO)o2)C(=O)N=C(SCC(=O)N2CCOCC2)N1,44,0.63900396,0.425,0.04,0.763366901
NC1=CC(=Cc2ccc(C)o2)C(=O)N(CC(=O)N2CCCCC2)C1=N,44,0.815016642,0.313253012,0.03,0.78164156
NC1=CC(=Cc2ccc(C)o2)C(=O)N=C(CC(=O)N2CCOCC2)N1,44,0.774946568,0.3875,0.07,0.752593007
NC1=C(Cc2ccc(C)o2)NC(=O)C(=CC(=O)N2CCOCC2)N1,44,0.656915763,0.227272727,0.11,0.755878356
NC1=C(Cc2ccc(O)cc2)OC(=CC2=NC=CCC2=O)C=N1,44,0.89168507,0.152173913,0.1,0.687076233
NC1=C(Cc2ccc(O)cc2)N=C(Br)C(=CC2CCOCC2)C1=O,44,0.776498776,0.220930233,0.1,0.739811388
N=C1C(=Cc2ccc(C)o2)Nc2cc(CN3CCOCC3)ccc2N1,44,0.80087266,0.229885057,0.04,0.790523917
NC1=C(C(=O)N2CCOCC2)Sc2cc(CCc3ccco3)ccc2N1,44,0.859795894,0.204301075,0.03,0.795859701
NC1=C(C(=O)N2CCOCC2)SC(=Cc2ccc(O)cc2O)C=N1,44,0.742780419,0.244186047,0.08,0.748200528
NC1=C(C(=O)N2CCOCC2)SC(=Cc2ccc(OCCO)cc2O)N1,44,0.580275672,0.225806452,0.125,0.76941555
NCC1C(=Cc2nccs2)C(=O)Nc2cc(N3CCOCC3)ccc2N1,44,0.7122023,0.197916667,0.16,0.711726139
NC1=C(C(=O)N2CCOCC2)SC(=Cc2ccc(Br)cc2)C=N1,44,0.837577746,0.3,0.02,0.772250592
NC1=C(C(=O)N2CCOCC2)Sc2cc(-c3ccccn3)ccc2N1,44,0.861006739,0.208791209,0.22,0.810680292
NC1=C(C(=O)N2CCOCC2)Sc2cc(-c3cccc(F)c3)ncc2N1,44,0.842634885,0.215053763,0.27,0.791074535
NC1=C2C(=NC=C1NC(N)=O)Nc1cc(N3CCOCC3)ccc1N2,44,0.480106839,0.159574468,0.17,0.788898581
NC1=C(C(=O)N2CCOCC2)Sc2cc(-c3ccc(F)cc3)cnc2N1,44,0.842634885,0.224719101,0.29,0.796578535
NC1=C(C(=O)N2CCOCC2)Sc2cc(-c3ccccc3F)ncc2N1,44,0.842634885,0.204301075,0.18,0.791061817
NC1=C(C(=O)N2CCOCC2)CSc2cc(-c3ccccc3F)ncc21,44,0.878601442,0.195652174,0.15,0.794479048
NC1=C(C(=O)N2CCOCC2)CSc2cc(-c3ncccc3F)ccc2N1,44,0.825265081,0.1875,0.31,0.789076866
NC1=C(C(=O)N2CCOCC2)C=C(c2nc3ccc(F)cc3s2)C=N1,44,0.761336469,0.211111111,0.19,0.846662683
NC1=C(C(=O)N2CCOCC2)C=C(c2ccc(F)c3ncccc23)C=N1,44,0.766273116,0.195652174,0.42,0.848385715
NC1=CN(C(=O)C2CCOCC2)c2cc(-c3ccc(CF)cc3)ccc2N1,44,0.866671833,0.136842105,0.2,0.780625386
NC1=CN(C(=O)C2CCOCC2)c2cc(-c3ncc(CF)cn3)ccc2N1,44,0.863682063,0.142857143,0.28,0.750143335
NC1=CN=C(Cl)C(C(=O)N2CCOCC2)c2cc(-c3ncccc3F)ccc21,44,0.840025142,0.183673469,0.25,0.721080957
NC1=CN=C(C(=O)N2CCOCC2)c2cc(-c3ccc(CF)nc3)ccc2N1,44,0.848906533,0.2,0.41,0.75960372
NC1=CN=C(Cl)C(C(=O)N2CCOCC2)c2cc(-c3ncccc3F)ccc2N1,44,0.786162215,0.18,0.32,0.710939547
NC1=C(C(=O)N2CCOCC2)c2cc(-c3ncc(CF)cc3Cl)ccc2N1,44,0.719741409,0.1875,0.37,0.80404439
NC1=C(C(=O)N2CCOCC2)c2cc(-c3ncc(CF)nc3N)ccc2N1,44,0.645118142,0.2,0.43,0.786091943
NC1=C(C(=O)N2CCOCC2)c2cc(-c3ncc(CF)cc3N)ccc2N1,44,0.656269495,0.189473684,0.39,0.791446388
NC1=C(C(=O)N2CCOCC2)c2cc(-c3ncccc3CF)ccc2N1,44,0.757427354,0.189473684,0.37,0.815506535
NC1=C(C(=O)N2CCOCC2)c2cc(-c3cnccc3F)cc(C(N)=O)c2N1,44,0.631873665,0.175257732,0.52,0.796783907
NCC1=C(C(=O)N2CCOCC2)c2cc(-c3cnc(C#N)cc3F)ccc2N1,44,0.725064226,0.18,0.46,0.788993841
NCCCC1=C(C(=O)N2CCOCC2)c2cc(-c3cnccc3F)ccc2N1,44,0.710665954,0.18556701,0.59,0.813141612
NCCC1(C(=O)N2CCOCC2)c2cc(-c3cnccc3C#N)ccc2CC=N1,44,0.85607252,0.18,0.44,0.689797696
NCCC1(C(=O)N2CCOCC2)c2cc(-c3cnccc3C#N)ccc2CCCN1,44,0.799979991,0.174757282,0.47,0.713868385
NCCC1(C(=O)N2CCOCC2)c2cc(-c3cnccc3C#N)ccc2CCN1,44,0.810763175,0.178217822,0.48,0.713432128
NCCC1=C(C(=O)N2CCOCC2)c2cc(-c3cnccc3C#N)ccc2N1,44,0.725718173,0.18556701,0.58,0.800816826
N#CC1=C(C(=O)N2CCOCC2)c2cc(-c3cnccc3CF)ccc2N1,44,0.774389167,0.18556701,0.48,0.793979824
N#CC1=C(C(=O)N2CCOCC2)c2cc(-c3cnccc3C#N)ccc2N1,44,0.758124897,0.195652174,0.46,0.797648069
N#CC1=C(C(=O)N2CCOCC2)c2cc(-c3cnccc3CC(F)F)ccc2N1,44,0.733025749,0.181818182,0.49,0.784766219
NC1=C(C(=O)N2CCOCC2)c2cc(-c3cnccc3C(F)(F)F)ccc2N1,44,0.703279645,0.177083333,0.51,0.814136585
NCCC1=C(C(=O)N2CCOCC2)c2cc(-c3cnccc3N)ccc2N1,44,0.652748313,0.189473684,0.61,0.810585544
NCCC1=C(C(=O)N2CCOCC2)c2cc(-c3cnccc3F)ccc2N1,44,0.740345312,0.189473684,0.59,0.813349449
NCCC1=C(C(=O)N2CCOCC2)c2cc(-c3cnccc3C(F)F)ccc2N1,44,0.689207697,0.183673469,0.55,0.792986979
NCCC1=C(C(=O)N2CCOCC2)c2cc(-c3cnccc3C(F)(F)F)ccc2N1,44,0.681536324,0.181818182,0.57,0.802160743
CCNc1nc(NC(C)CC)nc(Oc2ccc(O)nn2)n1,45,0.703116472,1,0,0.745032768
CCNc1nc(OCCC)nc(Oc2ccc(F)nn2)n1,45,0.825772921,0.464285714,0.01,0.794241393
CCNc1nc(OCC)nc(Oc2ccc(F)nc2)n1,45,0.809885374,0.333333333,0.04,0.822305352
CCNc1nc(OCC)nc(Oc2cccnc2)n1,45,0.849669133,0.333333333,0.09,0.84143882
CCNc1nc(OCC)nc(Oc2ccncn2)c1,45,0.849669133,0.25,0.16,0.815632666
CCNc1nc(OC2CC2)nc(Oc2ccncn2)n1,45,0.8447507,0.360655738,0.15,0.801525153
CCNc1nc(OC2CC2)nc(Oc2ccncc2)n1,45,0.861761534,0.355932203,0.07,0.824150617
CCNc1nc(Oc2ccncc2)ncc1OC1CC1,45,0.87141186,0.220588235,0.18,0.820408973
CCNc1nc(Nc2ccncc2)ncc1OC1CCNC1,45,0.749700607,0.184210526,0.55,0.767410134
CCNc1nc(Nc2ccncc2)ncc1OCCCCCN,45,0.57935546,0.211267606,0.57,0.841227001
CCNc1nc(Nc2ccncn2)ncc1OCC1CC1,45,0.806874996,0.191780822,0.46,0.819318286
CCNc1nc(-c2ccncc2)ncc1OC1CCNC1,45,0.871149996,0.173333333,0.39,0.77092605
CCNc1nc(Nc2ccncc2)ncc1C1CCOC1,45,0.879354547,0.173333333,0.58,0.775982874
CCNc1nc(Nc2ccncc2)ncc1C1CCON1,45,0.775015756,0.171052632,0.61,0.72342208
CCNc1nc(Nc2ccncc2)ncc1C1CC1,45,0.859725233,0.191176471,0.56,0.847622596
CCNc1nc(Nc2ccncc2)ncc1C1CN1,45,0.705912792,0.185714286,0.6,0.771172667
CCNc1nc(Nc2ccncc2)ncc1F,45,0.84707704,0.203125,0.62,0.859047094
CCNc1nc(Nc2ccccc2)ncc1F,45,0.850620808,0.206349206,0.75,0.892722133
CCNc1nc(Nc2ccc(F)cc2)ncc1CO,45,0.770871707,0.212121212,0.63,0.871087154
CONc1nc(Nc2ccccc2)ncc1F,45,0.794952584,0.136363636,0.8,0.86152904
CCNc1nc(Nc2ccccc2)ncc1CF,45,0.850639479,0.2,0.72,0.860358542
OC1CCCN(c2ncnc3c2nnn3Cc2c(F)cccc2Cl)C1,46,0.767518826,1,0.01,0.778696957
OC1CCCN(c2c(Cl)cncc2Cc2ncncc2F)C1,46,0.938494839,0.378378378,0.14,0.734054206
OC1CCCN(c2c(Cl)cncc2Cc2c(F)cccc2Cl)C1,46,0.901460124,0.5,0.12,0.77560071
CC1=C(c2c(-c3c(F)cccc3Cl)nnn2CCC)NC1,46,0.940111116,0.278481013,0.14,0.775753287
CC1=C(c2c(Cl)nnn2-c2ncccc2F)CCCC1,46,0.84534078,0.230769231,0.02,0.788159603
C1=C(c2ccncc2-c2c(F)cncc2Cl)NCCC1,46,0.916666379,0.148148148,0.315,0.769466002
C1CCC(c2ccncc2-c2c(F)cncc2Cl)NC1,46,0.915521438,0.170731707,0.31,0.754138576
C1CCC(c2ccncc2-c2c(F)cncc2CCl)N1,46,0.880372267,0.152941176,0.31,0.729348921
C1CCC(c2ncncc2-c2c(CCO)cccc2F)NC1,46,0.911248997,0.211764706,0.14,0.749789398
O=C1CCCC(c2ccncc2-c2ncccc2CO)NC1,46,0.906285767,0.131868132,0.32,0.739993004
O=C1CCC(c2ccncc2-c2ncccc2CO)NC1CCF,46,0.880649168,0.131868132,0.27,0.675939648
O=C1CCC(c2ccncc2-c2ncccc2CO)NC(F)=C1,46,0.851377449,0.141304348,0.26,0.715352971
O=C1CCCCC1c1ccncc1-c1ncncc1C(F)F,46,0.867183178,0.125,0.3,0.733449322
O=S1CCCCC1c1ncnc(-c2ccncc2F)c1C1CCC1,46,0.845941993,0.162790698,0.25,0.670626381
O=S1CCCCC1c1ncncc1-c1cc(C(F)F)ccn1,46,0.867937345,0.149425287,0.24,0.661397676
OCc1ccccc1-c1ncnc(-c2ccncc2F)c1[O-],46,0.798056306,0.1625,0.25,0.796162118
OCc1ccccc1-c1ncnc(-c2ccncc2F)c1N,46,0.775016286,0.1625,0.29,0.828417307
NC1CCCC(c2ncncc2-c2ccncc2F)NC1,46,0.880768225,0.152941176,0.4,0.699571763
NC1CCCC(c2ncncc2-c2ccncc2F)N1,46,0.871816174,0.156626506,0.42,0.686454244
NC1CCCC(c2ncnc(-c3ccncc3F)c2)N1,46,0.871816174,0.168674699,0.45,0.689236472
NC1CCCN(c2ncnc(-c3ccncc3F)c2N)C1,46,0.861709647,0.298701299,0.36,0.767197547
NC1CCCN(c2ncnc(-c3ccncc3)c2F)N1,46,0.852338613,0.246753247,0.39,0.710410724
NC1CCCN(c2ncnc(-c3ccncn3)c2C(F)F)N1,46,0.881433539,0.204819277,0.39,0.674772399
NC1CCCN(c2ncnc(-c3ccncn3)c2C(F)F)C1,46,0.931013683,0.265822785,0.36,0.737285952
NC1CCCN(c2ncnc(-c3ccncn3)c2C2CC2)N1,46,0.878906208,0.192771084,0.42,0.69144084
NC1CCCN(c2ncnc(-c3c(F)ccnc3)c2-c2ccn[nH]2)C1,46,0.757436792,0.270588235,0.41,0.729376415
NC1CCCN(c2ncnc(-c3c(F)ccnc3)c2-c2ncn[nH]2)C1,46,0.741178027,0.270588235,0.39,0.72382004
NC1CCCN(c2ncnc(-c3ccncn3)c2-c2ncn[nH]2)C1,46,0.719915633,0.238095238,0.41,0.727401299
NC1CCCN(c2ncnc(-c3ccncn3)c2-c2ccn[nH]2)C1,46,0.746471295,0.238095238,0.4,0.733114191
NC1CCCN(c2ncnc3[nH]c(-c4ccncn4)c(F)c23)C1,46,0.743679752,0.271604938,0.56,0.730359929
NC1CCCN(c2ncnc3[nH]cc(-c4ccncn4)c23)C1,46,0.740342862,0.2625,0.7,0.756202087
NC1CCCN(c2ncnc3[nH]cc(-c4ccncc4)c23)C1,46,0.754430164,0.269230769,0.79,0.773452974
OC1CCCN(c2ncnc3[nH]cc(-c4ccncc4)c23)C1,46,0.755628458,0.369863014,0.79,0.776413684
OC1CCCN(c2ncnc3[nH]cc(-c4ccncc4)c23)CC1,46,0.75966865,0.302631579,0.82,0.781213515
OC1CCCN(c2ncnc3[nH]cc(-c4ccccc4)c23)CCC1,46,0.759083765,0.319444444,0.84,0.848453801
OC1CCCN(c2ncnc3[nH]cc(-c4ccccc4)c23)CC1,46,0.763680251,0.310810811,0.87,0.803042248
OC1CCCN(c2ncnc3[nH]cc(-c4ccccc4)c23)C1,46,0.762225515,0.38028169,0.83,0.799249897
Oc1cc(C(O)NCCc2ccccc2)cn1C1CCCC1,47,0.718403805,0.976744186,0,0.765275936
Oc1cc(CNCCc2ccccc2)n(C2CCCC2)c1,47,0.794659289,0.509090909,0.02,0.847942327
Oc1ccc(CNCCc2ccccc2)n1C1CCCC1,47,0.794659289,0.446428571,0.03,0.855454238
Oc1ccc(NCCc2ccccc2)n1C1CCCC1,47,0.8624729,0.462962963,0,0.853437373
c1ccc(CNCCc2cncn2C2CCCC2)cc1,47,0.815204511,0.366666667,0.18,0.871361236
c1ccc(CCNCc2cncn2C2CCCC2)cc1,47,0.815204511,0.413793103,0.18,0.876852518
c1ccc(CCn2cccc2CNC2CCCC2)cc1,47,0.843743888,0.295081967,0.01,0.888956108
c1ccc(CNC(C2CCCC2)n2ccnc2)cc1,47,0.887495498,0.285714286,0.03,0.785320761
c1ccc(CNC(C2CCCC2)c2cnc[nH]2)cc1,47,0.859020857,0.26984127,0.04,0.79978068
Cc1ccc(S(=O)(=O)N2CCCOC2CNC(=O)Cc2ccco2)cc1F,48,0.804702688,0.7,0.01,0.780776689
Cc1ccc(S(=O)(=O)N2CCCOC2C(=O)NCc2ccco2)cc1F,48,0.851578888,0.647887324,0,0.775401124
Cc1ccc(S(=O)(=O)N2CCCC2C(=O)NCc2ccco2)cc1,48,0.896844898,0.5,0,0.837277814
Cc1ccc(S(=O)(=O)N2CCCC2C(F)NCc2ccco2)cc1,48,0.812283957,0.428571429,0.01,0.750224407
Cc1ccc(S(=O)(=O)N2CCCC2CNCC2CCC2)c(F)c1,48,0.866089204,0.308641975,0.01,0.803858113
Cc1ccc(S(=O)(=O)N2CCCC2CNC2CCC2)c(F)c1,48,0.903971568,0.280487805,0.01,0.809837108
Cc1ccc(S(=O)(=O)N2CCCC2C(=O)NCC2CCC2)cc1,48,0.894928471,0.342105263,0,0.840397296
Cc1ccc(S(=O)(=O)N2CCCC2C(=O)NCC2CCC2)c(F)c1,48,0.881500137,0.333333333,0,0.818369285
Cc1ccc(S(=O)(=O)N2CCCC2C(=O)NCC2CCC2)cc1F,48,0.881500137,0.421052632,0,0.823662059
Cc1ccc(S(=O)(=O)N2CCCC2CNCC2CCC2)cc1F,48,0.866089204,0.394736842,0.01,0.809316287
Cc1oc(-c2ccccc2Cl)nc1C=S(O)(O)=CC(=O)NC1CCCC1,49,0.676923727,1,0,0.762519332
Cc1oc(-c2ccccc2Cl)nc1C=S(O)(O)=NC1CCCCC1,49,0.741020983,0.596774194,0.02,0.753296682
Cc1oc(-c2ccccc2)nc1C=S(C)(=O)NC1CCCCC1O,49,0.832738095,0.408450704,0.04,0.691155778
Cc1oc(-c2ccccc2)nc1C=S(N)(=O)NC1CCCCC1O,49,0.732187953,0.402777778,0.08,0.688521389
Cc1oc(-c2ccccc2)nc1C=P(O)(O)NC1CCCCC1,49,0.746339462,0.402985075,0.02,0.787300942
Cc1oc(-c2ccccc2)nc1C=S(=O)([O-])NC1CCCCC1,49,0.872350356,0.447761194,0.03,0.742893297
Cc1oc(-c2cccnc2)cc1C=S(=O)([O-])NC1CCCCC1,49,0.872350356,0.275,0.07,0.72221381
Cc1cc(-c2cccnc2)cc(C=P(N)(=O)NC2CCCCC2)n1,49,0.830916225,0.24691358,0.1,0.736370342
Cc1cc(-c2cccnc2)cc(C=S(=O)([O-])NC2CCCCC2)n1,49,0.865236998,0.25,0.06,0.733898169
Cc1cc(-c2ccncn2)cc(C=S(=O)([O-])NC2CCCCC2)n1,49,0.858330456,0.231707317,0.45,0.716033286
Cc1cc(-c2ccncc2)cc(C=C(CN)NS(=O)(=O)C2CC2)n1,49,0.83298829,0.178571429,0.3,0.77589522
Cc1cc(-c2ccncc2)cc(C=S(=O)([O-])NC2CCCCC2)n1,49,0.865236998,0.246753247,0.18,0.733189362
Cc1cc(-c2ccncc2)cc(S(=O)(=O)NC2CCCCC2)n1,49,0.934384022,0.226666667,0.18,0.842488122
Cc1cc(-c2ccncn2)cc(S(=O)(=O)NC2CCCCC2)n1,49,0.929399587,0.2125,0.5,0.824552224
Cc1cc(-c2ccncn2)cc(S(=O)(=O)NC2CCCCC2)c1,49,0.934384022,0.2,0.52,0.858164112
Cc1cc(-c2ccncn2)cc(S(=O)(=O)NC2CCCCC2N)c1,49,0.882194143,0.162790698,0.54,0.757973276
Cc1cc(-c2ccncn2)cc(S(=O)(=O)NC2CCCCC2CN)c1,49,0.85205116,0.157303371,0.52,0.754293746
Cc1cc(-c2ccncn2)cc(S(=O)(=O)NC2CCCCC2C#N)c1,49,0.908568694,0.157303371,0.53,0.743580636
Cc1cc(-c2ccncn2)cc(S(=O)(=O)NC2CCCCC2C)c1,49,0.922604898,0.164705882,0.53,0.769518073
Cc1cc(-c2ccncn2)cc(S(=O)(=O)NC2CCCC2)c1,49,0.94077956,0.202531646,0.53,0.858348443
Cc1cc(-c2ccncn2)cc(S(=O)(=O)NC2CCCCCC2)c1,49,0.861570329,0.2,0.52,0.857683832
Cc1cc(-c2ccncn2)cc(S(=O)(=O)NC2CCCCCCC2)c1,49,0.900020352,0.2,0.52,0.856941743
C=CCN(C(=O)c1csnn1)C(C(=O)NC1CCCC1)C(C)C,50,0.775024109,0.65625,0.04,0.750010517
C=CCN(C(=O)c1cscn1)C(C(=O)NC1CCCC1)C(C)C,50,0.779472953,0.472222222,0.04,0.75502446
CCC(c1ccsc1)N(C(=O)NC1CCCC1)C(C)C(=O)[O-],50,0.872780556,0.291139241,0.02,0.694952955
CCC(c1ccccn1)N(C(=O)NC1CCCC1)C(C)C(N)=O,50,0.84362561,0.271604938,0.07,0.740507535
C=CCN(Cc1cnccn1)C(C(=O)NC1CCCC1)C(C)[O-],50,0.711733327,0.333333333,0.04,0.695501936
CCC(c1ccccc1)N(CC(=O)NC1CCCC1)C(C)C(N)=O,50,0.767732121,0.2625,0.05,0.771385406
C=CCN(Cc1ccccc1)C(C(=O)NC1CCCC1)C(N)=O,50,0.564863651,0.383561644,0.02,0.796518343
CCC(=O)N(CC(=O)NC1CCCC1)C(C)c1ccccc1,50,0.877784112,0.276315789,0.02,0.832854356
C=CCN(C(=O)NC1CCCC1)C(C(N)=O)c1ccccc1,50,0.791394451,0.420289855,0.05,0.802697532
C=CCN(C(=O)NC1CCCC1)C(C)c1ccccc1,50,0.810343319,0.405797101,0.02,0.822078875
C=CCN(C(=O)Cn1cncc1)C(C)C1CCCC1,50,0.737826004,0.282051282,0.06,0.760692511
C=CCN(C(=O)NC1CCCC1)C(C)C(O)c1ccccc1,50,0.792592798,0.388888889,0,0.770122698
C=CCN(C(=O)NC1CCCC1)C(C)c1cnccn1,50,0.839783832,0.36,0.05,0.765961466
C=CCN(C(=O)NC1CCCC1)C(C)c1cnccc1N,50,0.818367528,0.368421053,0.11,0.763524422
C=CCN(C(=O)NC1CCCC1)c1cnccc1N(C)C,50,0.84758752,0.328947368,0.16,0.807907655
C=CCN(C(=O)NC1CCCC1)c1cnccc1N,50,0.815970718,0.333333333,0.15,0.814693422
C=CCN(C(=O)NC1CCCCC1)c1cnccc1N,50,0.829188656,0.328947368,0.15,0.817887269
CCC(NC(=O)c1ccc(C#CC2(O)CCCCC2)cc1)C(=O)O,51,0.740036185,1,0,0.796890605
CCC(NC(=O)c1ccc(C#CC2CCCCC2)cc1)C(=O)O,51,0.838851407,0.634615385,0.02,0.808752189
CCC(NC(=O)c1ccc(C2CCCCCC2)cc1)C(N)=O,51,0.820240785,0.421052632,0,0.845759815
CCC(NC(=O)c1ccc(-c2ccccc2)cc1)C1CCCC1,51,0.822314545,0.379310345,0.04,0.858642133
CCC(NC(=O)c1ccc(-c2ccccc2)cc1)C1CCCC1O,51,0.87280351,0.360655738,0.06,0.779677501
CCC(NC(=O)c1ccc(Sc2ccccc2)cc1)C1CCCC1=O,51,0.817518132,0.313432836,0.02,0.771433559
CCC(NC(=O)c1ccc(-c2ccccc2)cc1)C1CCCC1=O,51,0.895459473,0.349206349,0.07,0.796789369
CCC(NC(=O)c1ccc(-c2ccncc2)cc1)C1CCCC1=O,51,0.914285931,0.298507463,0.58,0.775276994
CCC(NC(=O)c1ccc(-c2ccncc2)cc1)C1CCCCC1O,51,0.871303519,0.307692308,0.57,0.759457941
CCC(NC(=O)c1ccc(-c2ccncc2)cc1)C1CCCCN1O,51,0.874894952,0.289855072,0.5,0.760481208
CCC(NC(=O)c1ccc(-c2ccncc2)cc1)c1ccccc1NC,51,0.682372422,0.268656716,0.67,0.830127972
CCC(NC(=O)c1ccc(-c2ccncc2)cc1)C1CCCCN1,51,0.886523624,0.294117647,0.52,0.783743024
CCC(NC(=O)c1ccc(-c2ccncc2)cc1)C1CCCNC1,51,0.887859201,0.294117647,0.52,0.784075771
CCC(NC(=O)c1ccc(-c2ccncc2)cc1)C1=NCCC1,51,0.918976364,0.307692308,0.65,0.792374625
CCC(NC(=O)c1ccc(-c2ccncc2)cc1)C(CC)NC,51,0.825037691,0.3,0.65,0.790153297
CCC(NC(=O)c1ccc(-c2ccncc2)cc1)CNC=O,51,0.767914177,0.28125,0.63,0.814394622
CCC(NC(=O)c1ccc(-c2ccncc2)cc1)C(N)=NO,51,0.339977829,0.344262295,0.6,0.826905969
CCC(NC(=O)c1ccc(-c2ccncc2)cc1)C(C)NC,51,0.861789075,0.295081967,0.65,0.794402103
CCC(NC(=O)c1ccc(-c2ccncc2)cc1)CN,51,0.874157001,0.3,0.72,0.847953909
O=C(c1cc(COc2cccc(C(F)(F)F)c2)on1)N1CC2CCCC1C2,52,0.794226061,1,0,0.675649239
O=C(c1cc(COc2cccc(C(F)(F)F)c2)on1)N1CCCC1CO,52,0.875980351,0.671641791,0,0.798663505
O=C(c1cc(COc2cccc(C(F)(F)F)c2)ccn1)N1CCCC1CO,52,0.86488275,0.473684211,0.03,0.808736203
O=C(OCc1cc(COc2cccc(C(F)(F)F)c2)on1)C1CCCC1,52,0.70154454,0.550724638,0,0.853564822
O=C(c1cc(COc2cccc(C(F)(F)F)c2)on1)C1CCCC(CO)C1,52,0.755135405,0.608695652,0,0.749703944
O=C(c1cc(COc2cccc(C(F)(F)F)c2)on1)N1CCCC(CO)C1,52,0.85736071,0.637681159,0,0.799220413
O=C(c1cc(COc2cccc(C(F)(F)F)c2)on1)C1CCCC(N)C1,52,0.808111627,0.608695652,0.04,0.750474966
CC1CC(COc2cccc(C(F)(F)F)c2)(C(=O)c2cccnc2)O1,52,0.76660115,0.341463415,0.03,0.731988585
CC(COc1cccc(C(F)(F)F)c1)C(=O)NCCc1ccncc1,52,0.830087925,0.3125,0.04,0.820974967
CC(COc1cccc(C(F)(F)F)c1)C(=O)NCCc1ccco1,52,0.835894337,0.325,0,0.812572121
Cc1nc(COc2cccc(C(F)(F)F)c2)oc1C(=O)NCCO,52,0.83997685,0.35,0.01,0.842322152
Cc1nc(COc2cccc(C(F)(F)F)c2)oc1C(=O)CN,52,0.858551252,0.373333333,0.05,0.823665439
Cc1nc(COc2cccc(C(F)(F)F)c2)oc1C(=O)NO,52,0.669020952,0.368421053,0.01,0.832945183
CC1CC(COc2cccc(C(F)(F)F)c2)N(C(=O)CN)C1,52,0.92701235,0.4,0.06,0.763345246
CC1CN(C(=O)COc2cccc(C(F)(F)F)c2)CCN1,52,0.927104309,0.373333333,0.02,0.816243206
CC1CN(C(=O)COc2cccc(C(F)(F)F)c2)CCN1CCN,52,0.880233933,0.367088608,0.06,0.808529891
CC1CC(COc2cccc(C(F)(F)F)c2)CN1C(=O)CNCCN,52,0.72965677,0.3875,0.16,0.75035291
CCCc1c(COc2cccc(C(F)(F)F)c2)cnn1C(=O)CN,52,0.876688096,0.35,0.1,0.811538935
CC1CC(COc2cccc(C(F)(F)F)c2)C(CN2CCNCC2)N1,52,0.848320414,0.320987654,0.1,0.698102954
CC1CC(COc2cccc(C(F)(F)F)c2)C(C(=O)N2CCNC2)N1,52,0.863534695,0.353658537,0.1,0.671380682
NCC1CC(COc2cccc(C(F)(F)F)c2)N(C(=O)CN)C1,52,0.849911558,0.418918919,0.07,0.743163129
NCCC1CN(C(=O)COc2cccc(C(F)(F)F)c2)CCN1,52,0.851691762,0.35,0.11,0.792847056
NCC1CC(COc2cccc(C(F)(F)F)c2)CN1CCNCCN,52,0.57862696,0.35443038,0.03,0.735659389
NCC1CN(C(=O)COc2cccc(C(F)(F)F)c2)CCN1,52,0.863624725,0.358974359,0.1,0.79460987
NC1CCN(CC(=O)COc2cccc(C(F)(F)F)c2)CCNC1,52,0.841433219,0.3625,0.09,0.781706908
NCC1CC(Oc2cccc(C(F)(F)F)c2)CN1CCn1ccnn1,52,0.855428551,0.313253012,0.09,0.719489412
NC1CCN(CC(=O)COc2cccc(C(F)(F)F)c2)C(CN)C1,52,0.814568099,0.367088608,0.1,0.739241259
NC1CC(COc2cccc(C(F)(F)F)c2)N(CCn2ccnc2)C1,52,0.865443522,0.341463415,0.15,0.733894179
NC1CC(c2cccc(C(F)(F)F)c2)N(CCn2ccnc2)CN1,52,0.896426165,0.24137931,0.13,0.692715131
NC1CC(COc2cccc(C(F)(F)F)c2)N(CCn2ccnc2)CN1,52,0.813969699,0.313953488,0.22,0.692908954
NC1CC(COc2cccc(C(F)(F)F)c2)N(C(=O)C2CCCNC2)CN1,52,0.731281452,0.380952381,0.15,0.679117216
NC1CCCC(COc2cccc(C(F)(F)F)c2)(C(=O)n2ccnc2)N1,52,0.866192261,0.348837209,0.18,0.674931868
NC1CCC(COc2cccc(C(F)(F)F)c2)(C(=O)n2ccnc2)CN1,52,0.865283029,0.333333333,0.15,0.673434502
NCC1CC(COc2cccc(C(F)(F)F)c2)N(CCn2ccnc2)CCN1,52,0.747858146,0.3,0.25,0.713784033
NC1CCCC(COc2cccc(C(F)(F)F)c2)(Cn2ccnc2)N1,52,0.866623638,0.313953488,0.23,0.684556584
NCC1CC(c2cccc(C(F)(F)F)c2)N(CCn2ccnc2)CCN1,52,0.851245234,0.230769231,0.18,0.71572912
NCc1cc(COc2cccc(C(F)(F)F)c2)n(CC2CCCNC2)n1,52,0.822894152,0.37804878,0.15,0.760733804
NCc1cc(COc2cccc(C(F)(F)F)c2)n(CC2CCNCC2)n1,52,0.822894152,0.379746835,0.17,0.810991018
NCc1ncc(COc2cccc(C(F)(F)F)c2)cc1Cn1ccnc1,52,0.730047488,0.297619048,0.25,0.823783949
NCc1ncc(COc2cccc(C(F)(F)F)c2)n1CCn1ccnc1,52,0.698955817,0.313253012,0.2,0.803602868
NCc1ncc(-c2cccc(C(F)(F)F)c2)cc1OC1CCNCC1,52,0.886806846,0.280487805,0.34,0.823450645
NCc1cnc(-c2cccc(C(F)(F)F)c2)cc1OC1CCNCC1,52,0.886806846,0.261904762,0.4,0.8275124
CCC(N=c1cc(-c2ccc(OC)cc2)oc2ccccc12)C(=O)O,53,0.766893161,0.773584906,0.01,0.793363474
CCC(N=c1cc(-c2ccc(O)cc2)oc2ccccc12)C(=O)O,53,0.768651964,0.596491228,0.05,0.781969895
CCC(Nc1cc(-c2ccc(OC)cc2)cc2ccccc12)C(=O)O,53,0.679784972,0.352941176,0.05,0.844231513
CCC(Cc1cc(-c2ccc(N)cc2)ccc1OC)C(=O)O,53,0.799374476,0.279411765,0.11,0.839662833
CCC(C)Nc1cc(-c2ccc(OC)cc2)ccc1OC,53,0.842269334,0.28125,0.03,0.868456887
CCC(C)Nc1cc(-c2ccc(OC)cc2)ccc1O,53,0.797538,0.296875,0.05,0.855311548
CCC(C)Cc1cc(-c2ccc(OC)cc2)ccc1O,53,0.856104113,0.301587302,0.06,0.853387647
CCC(Cc1ccc(-c2ccncc2)cc1)C(=O)O,53,0.890384768,0.234375,0.48,0.857033822
CC(C#N)Cc1cc(-c2ccc(O)cc2)ccc1O,53,0.879884406,0.142857143,0.08,0.812688576
CCC(C)NC(=O)Cc1ccc(-c2ccncc2)cc1,53,0.904418193,0.205882353,0.4,0.865582789
C#CC(Cc1ccc(-c2ccncc2)cc1)C(=O)O,53,0.849708881,0.176470588,0.47,0.808840659
CCCC(CC)C(=O)Cc1ccc(-c2ccncc2)cc1,53,0.736827234,0.188405797,0.46,0.831121137
CCCC(O)C(N)Cc1ccc(-c2ccncc2)cc1,53,0.848243602,0.14084507,0.44,0.806130692
CCC(O)C(Cc1ccc(-c2ccncc2)cc1)NC,53,0.847947361,0.157142857,0.53,0.797539599
CCC(O)C(N)Cc1ccc(-c2ccncc2OC)cc1,53,0.855326727,0.186666667,0.33,0.785268401
CCCC(O)C(Cc1ccc(-c2ccncc2)cc1)NCCCC,53,0.642902091,0.12987013,0.47,0.792260049
CCCC(O)C(Cc1ccc(-c2ccncc2)cc1)NC(C)=O,53,0.826033036,0.16,0.49,0.80282667
CCOC(=O)CC(Cc1ccc(-c2ccncc2)cc1)NCCO,53,0.69058847,0.181818182,0.44,0.820383788
CCOC(=O)CC(Cc1ccc(-c2ccncc2)cc1)NC,53,0.798645744,0.191780822,0.46,0.833452985
CCCS(=O)C(Cc1ccc(-c2ccncc2)cc1)C(N)N,53,0.765891886,0.135135135,0.43,0.735422202
CCCS(=O)C(Cc1ccc(-c2ccncc2)cc1)C(O)CC,53,0.804040819,0.162162162,0.48,0.722471598
CCCS(=O)C(Cc1ccc(-c2ccncc2)cc1)NCCO,53,0.73988849,0.141025641,0.51,0.729129141
CCCS(=O)C(Cc1ccc(-c2ccncc2)cc1)NCC,53,0.811537477,0.133333333,0.49,0.73757643
CCCS(=O)C(Cc1ccc(-c2ccncc2)cc1)NC=O,53,0.761381738,0.12987013,0.48,0.721766418
CCCC(=O)C(Cc1ccc(-c2ccncc2)cc1)NCCCO,53,0.658963476,0.168831169,0.49,0.817470522
CCCC(Cc1ccc(-c2ccncc2)cc1)NC(=O)CCCO,53,0.742666989,0.153846154,0.56,0.830616118
CCCC(CO)NC(=O)Cc1ccc(-c2ccncc2)cc1,53,0.825575806,0.178082192,0.47,0.841642729
CC(=O)NC(CO)Cc1ccc(-c2ccncc2)cc1CCCO,53,0.688881422,0.15,0.57,0.800139579
CC(=O)NC(CO)Cc1ccc(-c2ccncc2)cc1CO,53,0.750337926,0.157894737,0.57,0.807090832
CC(=O)NC(Cc1ccc(-c2ccncc2)cc1)CCCCO,53,0.736712433,0.144736842,0.63,0.832076048
CC(=O)NC(Cc1ccc(-c2ccncc2)cc1)CCCO,53,0.825575806,0.146666667,0.63,0.83178583
CC(=O)NC(Cc1ccc(-c2ccncc2)cc1)CO,53,0.870376643,0.154929577,0.66,0.846742573
CC(=O)NC(CO)Cc1ccc(-c2ccncc2)cc1,53,0.870376643,0.154929577,0.66,0.846742573
COc1ccc(C(=O)N(C)C2CCCc3ccccc32)cc1OC1CCN(C)C1,54,0.770688984,0.78125,0.01,0.771113829
COc1ccc(C(=O)N(C)C2CCCc3ccccc32)cc1CN(C)C,54,0.817916312,0.621212121,0,0.817251071
COc1ccc(C(=O)N2CCCc3ccccc32)cc1CN(C)C,54,0.864489748,0.363636364,0,0.887807542
COc1ccccc1C(=O)N(C)C1CCCN(C(C)C)C1,54,0.854383142,0.397260274,0.01,0.834603949
COc1ccc(C(=O)N2CCCc3ccccc3C2)cc1OC,54,0.872867952,0.4,0,0.915508401
COc1ccc(C(=O)N2CCCc3ccccc32)cc1CNC,54,0.943656944,0.325,0,0.890351525
COc1ccc(C(=O)N2CCCc3ccccc32)cc1OC,54,0.872289374,0.4,0,0.915244413
COc1ccc(C(=O)N2CCCc3ccccc32)cc1OC(C)C,54,0.850183434,0.405405405,0,0.895119985
COc1cc(C(=O)N2CCCc3ccccc3C2)ccc1OCN(C)C,54,0.773638804,0.371794872,0,0.870247567
COc1cc(C(=O)N2CCCc3ccccc3C2)ccc1OC(C)C,54,0.842679089,0.386666667,0,0.89734967
COc1cc(C(=O)N2CCCc3ccccc3C2)ccc1N(C)C,54,0.867855898,0.373333333,0,0.885597813
COc1cc(C(=O)N2CCCc3c(cccc3N(C)C)C2)ccc1N,54,0.873704148,0.313253012,0.07,0.86135101
COc1cc(C(=O)N2CCCc3c(cccc3N(C)C)C2)ccc1NCCO,54,0.803068652,0.318181818,0.02,0.850557033
COc1cc(C(=O)N2CCc3c(cccc3N(C)C)C2)ccc1NC(C)O,54,0.793654824,0.329411765,0,0.790739201
COc1cc(C(=O)N2CCc3c(cccc3N(C)C)C2)ccc1NCCO,54,0.81842084,0.310344828,0.01,0.851257417
COc1cc(C(=O)N2CCc3c(cccc3N(C)C)C2)ccc1N,54,0.881226354,0.304878049,0.08,0.861641259
COc1cc(C(=O)N2CCc3c(cccc3N(C)C)CC2)ccc1N,54,0.873438205,0.308641975,0.09,0.864662439
COc1cc(C(=O)N2CCC(c3ccccc3N(C)C)CC2)cnc1N,54,0.9140093,0.313253012,0.14,0.854444095
COc1cc(C(=O)N2CCC(c3ccccc3N(C)C(C)C)C2)cnc1N,54,0.877732372,0.337209302,0.21,0.785152945
COc1cc(C(=O)N2CCC(c3ccccc3N(C)C(C)=O)C2)cnc1N,54,0.894346912,0.310344828,0.14,0.788317048
COc1cc(C(=O)N2CC=C(c3ccccc3N(C)C)CC2)cnc1N,54,0.915872711,0.258426966,0.17,0.829323968
COc1cc(C(=O)N2CC=C(c3ccccc3N(C)C(C)=O)CC2)cnc1N,54,0.880659316,0.25,0.12,0.816807643
COc1cc(C(=O)N2CC=C(c3ccccc3N(C)S(C)=O)CC2)cnc1N,54,0.832134785,0.263736264,0.12,0.737037151
COc1cc(C(=O)N2CC=C(c3ccccc3N(C)C(N)=O)CC2)cnc1N,54,0.84170018,0.263736264,0.11,0.8096536
COc1cc(-c2cncc(C(=O)N3CCC(N(C)C(=O)O)C3)c2)cnc1N,54,0.836046461,0.233333333,0.36,0.778026176
COc1cc(-c2cncc(N(C)C(=O)C3CCCNCC3)c2)cnc1N=O,54,0.81415925,0.217391304,0.24,0.731264751
COc1cc(-c2cncc(N(C)C3CCCN(C(=O)CO)C3)c2)cnc1N,54,0.81227149,0.23655914,0.32,0.759498146
COc1cc(-c2cncc(N(C)C(=O)C3CCCNCC3)c2)cnc1N,54,0.8721859,0.222222222,0.4,0.767279542
COc1cc(-c2cncc(C(=O)N(C)C3CCCNCC3)c2)cnc1N,54,0.870626122,0.25,0.38,0.778982037
COc1cc(-c2cncc(C(=O)N(C)C3CCCCC3)c2)cnc1N,54,0.924501161,0.268292683,0.34,0.844521501
Cc1ccccc1N1C(=O)NC(=O)C(C=NN2CCCCC2c2cccnc2)C1,55,0.811656784,0.731343284,0.05,0.693698308
Cc1ccccc1N1C(=O)NC(=O)C(C=NN2CCCC2c2cccnc2)C1,55,0.831351624,0.691176471,0.04,0.691888769
Cc1ccccc1N1C(=O)NC(=O)C(C#N)C1CCc1cccnc1,55,0.930920685,0.333333333,0.03,0.737084645
Cc1ccccc1N1C(=O)NC(CO)=C(N2CCc3ccccc32)C1,55,0.906792292,0.25,0.025,0.816054991
Cc1ccccc1N1C(=O)NC(CO)C1C(N)c1cccnc1,55,0.794478438,0.308641975,0.12,0.704722249
Cc1ccccc1N1C(=O)NC(C)(C2C=CCCC2)C=N1,55,0.827670349,0.271604938,0.04,0.674000687
Cc1ccccc1N1C(=O)NC(C)=C1CCn1ccnc1,55,0.79744078,0.231707317,0.06,0.815825495
Cc1cccc2c1NC(=O)C(C)C(n1ccnc1)=C2,55,0.849082861,0.219512195,0.06,0.723932682
Cc1cccc2c1NC(=O)C(C)C(n1ccnc1)=N2,55,0.784156142,0.234567901,0.07,0.718530688
Cc1ccccc1N1C(N)=NNC(=O)C1c1cccnc1,55,0.868686652,0.383561644,0.05,0.769206009
Cc1ccccc1N1C(N)=NNC1=C(N)c1cccnc1,55,0.771123362,0.298701299,0.07,0.793831393
Cc1ccccc1N1C(N)=NNC1=C(C)c1cccnc1,55,0.885673581,0.298701299,0.07,0.797771905
Cc1ccccc1N1C(N)=NC(=O)C1=C(C)c1cccnc1,55,0.863152709,0.311688312,0.05,0.804699914
Cc1ccccc1N1C(=O)NC(=C(N)N)C1c1cccnc1,55,0.7858678,0.383561644,0.07,0.757541205
Cc1ccccc1N1C(=O)NC(N)=C1c1cccnc1,55,0.745510799,0.306666667,0.16,0.847635717
Cc1ccccc1N1C(=O)NC(C)=C1c1cccnc1,55,0.774247616,0.315068493,0.14,0.859758794
Cc1ccccc1N1C(=O)NC(C)=C1c1ccncc1,55,0.774247616,0.256756757,0.23,0.859623571
Cc1ccccc1N1C(=O)NC(N)=C1c1ccncc1,55,0.745510799,0.25,0.31,0.847500494
Cc1ccccc1N1C(=O)NC(N)=C1c1ccncc1C1CC1,55,0.780661634,0.296296296,0.23,0.819522484
Cc1ccccc1N1C(=O)NC(N)=C1c1ccnc2ccccc12,55,0.595651992,0.219512195,0.14,0.846672015
Cc1ccccc1N1C(=O)NC(N)=C1c1ccncc1-c1ccncn1,55,0.59450224,0.247058824,0.36,0.807835766
Cc1ccccc1N1C(=O)NC(N)=C1c1ccncn1,55,0.736152262,0.2375,0.35,0.827100224
Cc1ccccc1N1NC(N)=C(c2ccncc2)C1=C1CCCCN1,55,0.788233467,0.223529412,0.32,0.783807795
Cc1ccccc1N1NC(N)=C(c2ccncc2)C1=C1CCCN1,55,0.793965471,0.226190476,0.33,0.781533986
Cc1ccccc1N1NC(C)=C(c2ccncn2)C1=C1CCCN1,55,0.890501284,0.220930233,0.37,0.78130058
Cc1ccccc1N1NC(C)=C(c2ccncn2)C1=CCCO,55,0.909243146,0.206896552,0.3,0.778847562
Cc1ccccc1N1NC(C)=C(c2ccncn2)CC1=CC=N,55,0.85232181,0.235294118,0.34,0.743775534
Cc1ccccc1N1NC(C)=C(c2ccncn2)CC1=NN,55,0.655472971,0.226190476,0.39,0.764112301
Cc1ccccc1N1NC(N)=C(c2ccncn2)CCC1=O,55,0.881394348,0.240963855,0.34,0.801324999
Cc1ccccc1N1NC(C)=C(c2ccncn2)CC1=O,55,0.917720879,0.25,0.33,0.808396777
CN1C(=O)C(Cc2ccccc2)C(=O)c2c1n(C)c(=O)n(C)c2=O,56,0.732876255,1,0.01,0.771640682
CN1C(=O)C(Cc2ccccc2)C(C)c2c1c(=O)n(C)c(=O)n2C,56,0.827234128,0.470588235,0.06,0.729537885
CN1C(=O)C(Cc2ccccc2)C(C)(C)c2c1n(C)c(=O)n2C,56,0.849144822,0.520833333,0.03,0.738189146
CN1CC(=O)C(C)(C)C(Cc2ccccc2)c2c1n(C)c(=O)n2C,56,0.848505892,0.425925926,0.03,0.729317605
CN1CC(=O)C(C)(C)C(Cc2ccccc2)c2cn(C)c(=O)n21,56,0.847518637,0.322033898,0.03,0.710537853
CN1CC(=O)N(Cc2ccccc2OCc2nn(C)c(=O)n2C)C1,56,0.766809538,0.205882353,0.04,0.804280754
CN1CC(=O)N(Cc2ccccc2)c2nn(C)c(=O)n2C1(C)C,56,0.820407057,0.262295082,0.02,0.778587888
CN1CCC(COCc2ccccc2)c2c(n(C)c(=O)n2C)C1=O,56,0.85407379,0.316666667,0,0.757417586
CN1CCC(COCc2ccccc2)c2c(n(C)c(=O)n2C)C1,56,0.864418186,0.333333333,0.01,0.762452544
CN1CC(=O)N(Cc2ccccc2)c2c(ccc(=O)n2C)C1,56,0.840711526,0.298245614,0.02,0.833469641
CN1CC(=O)N(Cc2ccccc2)c2c(N)ccc(=O)n21,56,0.873707298,0.271186441,0.01,0.815544422
CN1CC(=O)N(Cc2ccccc2)c2c(N)cccc21,56,0.849026106,0.254237288,0,0.865680791
CN1CC(=O)N(Cc2ccccc2)c2c(cccc2F)C1,56,0.846368448,0.25,0,0.864558059
CN1CC(=O)N(Cc2ccccc2)C(C)(C)C1=N,56,0.862025869,0.267857143,0,0.822925968
CN1CC(=O)N(Cc2ccccc2)C(C)(C)C1=O,56,0.788078345,0.277777778,0,0.861849359
CN1CC(=O)N(Cc2ccccc2)C(CN)C1=O,56,0.8050806,0.333333333,0,0.805782389
CN1CC(=O)N(Cc2ccccc2)c2c(N)ccn21,56,0.877667157,0.275862069,0,0.807602539
CN1CC(=O)N(Cc2ccccc2)c2c(N)nnn21,56,0.818173923,0.266666667,0.07,0.793051542
CN1CC(=O)N(Cc2ccccc2)c2c(N)ncn21,56,0.854246437,0.266666667,0.05,0.807182311
CN1CC(=O)N(Cc2ccccc2)Cc2c(N)ncn21,56,0.867128974,0.241935484,0.05,0.799774988
CN1CC(=O)N(Cc2ccccc2)c2c(N)ncnc21,56,0.881338438,0.241935484,0.18,0.837715879
CN1CC(=O)N(Cc2ccccc2)Cc2c(N)ncnc21,56,0.890889454,0.238095238,0.18,0.834101905
CN1CC(=O)N(CCc2ccccc2)Cc2c(N)ncnc21,56,0.917259085,0.253968254,0.18,0.829921092
CN1CC(=O)N(Cc2ccccc2)c2nc(N)ncc2C1=O,56,0.879535436,0.230769231,0.05,0.847480063
CN1CC(=O)N(Cc2ccccc2)c2nc(N)nc(N)c2CC1,56,0.844602538,0.227272727,0.02,0.838481301
CN1Cc2c(N)ncnc2N(CCc2ccccc2)CCC1=O,56,0.928802571,0.242424242,0.19,0.82663614
CN1C(=O)N(Cc2ccccc2)c2ncnc(N)c2C1=O,56,0.720387568,0.357142857,0.42,0.874066195
CN1CCN(Cc2ccccc2)C(=O)c2c(N)ncnc21,56,0.894541029,0.258064516,0.19,0.847161136
Cc1cc2c(N)ncnc2n(CCc2ccccc2)c1=O,56,0.79517361,0.241935484,0.22,0.87061088
CCC1CN(Cc2ccccc2)C(=O)c2c(N)ncnc21,56,0.936461616,0.230769231,0.19,0.778900624
CCN1CN(Cc2ccccc2)C(=O)c2c(N)ncnc2C1,56,0.928782272,0.227272727,0.16,0.825106684
CCN1CN(Cc2ccccc2)C(=O)c2c(N)ncnc21,56,0.923520846,0.222222222,0.17,0.822558828
CCC1CN(Cc2ccccc2)C(=O)c2c(N)n[nH]c21,56,0.896890343,0.230769231,0.24,0.772764166
CC1=CSC2=NC(=O)C(C(=O)NC3CCCCCC3)C(=O)N12,57,0.620897033,1,0.01,0.736832768
CC1=CSC2=NC(=O)C(C(=O)NC3CCCCCC3)CN12,57,0.627668334,0.622641509,0,0.722902675
CC1=CSC(=NC(=O)NC2CCCCCCCCCC2)C(=O)N=C1,57,0.839988781,0.35483871,0,0.745331614
CC1=CNC(=O)C(CC(=O)NC2CCCCCCCCCCC2)=N1,57,0.889869949,0.35,0.03,0.792891257
CC1=CN=C(NC(=O)NC2CCCCCCCCCC2)NC1=O,57,0.779327891,0.372881356,0.06,0.80991987
CC1=CN=C(CC(=O)NC2CCCCCCCCCC2)C1=O,57,0.863881019,0.344827586,0,0.767614158
CC1=CN=C(C)NC(=O)C1CC(=O)N1CCCCCCC1,57,0.847811212,0.242424242,0.07,0.745769794
CC1=CN=C(C)C(=O)NC1CC(=O)N1CCCCCCC1,57,0.845923954,0.227272727,0.03,0.747355192
CC1=CN=C(C)NC1=NC(=O)NC1CCCCCCC1=O,57,0.828094556,0.298507463,0.08,0.715612036
Cc1cnc(CO)c(CC(=O)NC2CCCCCCC2)c1,57,0.895846189,0.301587302,0.01,0.854723444
Cc1cnc(CO)c(NC(=O)NC2CCCCCCC2)c1,57,0.800721949,0.296875,0.03,0.858328316
CC1=CN=C(NC(=O)NC2CCCC(C)(C)CC2)C1=O,57,0.722972323,0.268656716,0,0.730939256
CC1=CN=C(CC(=O)NC2CCCCCCC2)C(=O)N=C1,57,0.922401913,0.338983051,0.02,0.843878828
CC1=CN=C(NC(=O)NC2CCCCCCC2)C(=O)C1,57,0.773230318,0.333333333,0,0.795430859
CC(=O)N1CCCC(NC(=O)Oc2ccc(C)nc2)CC1,57,0.902769445,0.275362319,0,0.822035765
Cc1cnc(OCNC(=O)NC2CCCCCCC2)c(=O)[nH]1,57,0.739304722,0.323076923,0.07,0.815850763
Cc1cnc(OCC(=O)NC2CCCCCCC2)c(=O)n1C,57,0.918569262,0.328125,0.07,0.84905103
Cc1cnc(OCNC(=O)NC2CCCCNC2=O)cn1,57,0.68228604,0.236111111,0.13,0.754770624
Cc1cnc(OCC(=O)NC2CCCCNC2=O)cn1,57,0.805094494,0.242857143,0.07,0.787594935
Cc1ccc(CC(=O)NC2CCC(=O)N(CO)C2)cn1,57,0.810657615,0.23943662,0.01,0.79001512
Cc1ccc(OC(=O)NC2CCCC2CN)c(=O)n1C,57,0.860733691,0.205479452,0.04,0.743220041
Cc1ccc(CC(=O)NC2CCC2)c(=O)n1CCCN,57,0.803953472,0.264705882,0,0.852462472
Cc1ccc(CC(=O)NC2CCCNC2=O)cn1,57,0.808144296,0.231884058,0.03,0.813296235
Cc1ccc(CC(=O)NC2CCCC2CN)cn1,57,0.839097069,0.217391304,0.15,0.783535288
Cc1cnc(CC(=O)NC2CCCC2N)cn1,57,0.789087618,0.230769231,0.09,0.760036982
Cc1ncc(CC(=O)NC2CCCC2CN)cn1,57,0.81602221,0.208955224,0.16,0.757098787
Cc1ncc(CC(=O)NC2CCCC2CN)s1,57,0.847978212,0.217391304,0.19,0.750449482
Cc1ncc(CC(=O)NC(CN)C2CCC2)s1,57,0.829260929,0.214285714,0.18,0.767554854
Cc1ncc(CC(=O)NC(CN)C2CCCC2)s1,57,0.851705721,0.231884058,0.18,0.771562902
Cc1ncc(CC(=O)NC(CN)C2CCCCC2)s1,57,0.867337933,0.246376812,0.19,0.77513895
Cc1cccc(CSc2nnc(C3CCCN3C(=O)OC(C)(C)C)o2)c1,58,0.718937864,1,0,0.795689849
Cc1cccc(CN2CCCC2c2nnc(C(C)(C)C)o2)c1,58,0.858406977,0.5,0.01,0.79632582
Cc1cccc(CN(C)C(=O)C2CCCN2C(=O)C(C)(C)C)n1,58,0.85991718,0.2875,0.01,0.797817186
Cc1cccc(CN(C)C(=O)c2cnc(C(C)(C)C)s2)n1,58,0.872578703,0.178571429,0.11,0.829619625
Cc1cncc(CN(C)C(=O)C2CCCN2C(=O)C(C)(C)C)c1,58,0.85991718,0.303797468,0.04,0.790806516
Cc1cncc(C=C2SC(C(=O)N(C)C)=NC2C(C)(C)C)c1,58,0.839800238,0.162790698,0.09,0.680511941
Cc1cncc(CSc2nc(C(=O)N(C)C)ccc2C(C)(C)C)c1,58,0.784977913,0.24691358,0.05,0.813382338
Cc1cncc(Cn2c(SC(=O)N(C)C)ncc2C(C)(C)C)c1,58,0.8041834,0.202380952,0.05,0.783857285
Cc1cccc(-c2cnc(S(=O)(=O)C(C)(C)C)nc2CN)c1,58,0.878392252,0.195121951,0.11,0.80731786
Cc1cccc(-c2cc(C(=O)N3CCCC3)nnc2C(C)(C)C)c1,58,0.839393238,0.285714286,0.04,0.848320937
Cc1cncc(-c2cc(CN)nc3c2CCCN3C(=O)C(C)C)c1,58,0.94209053,0.175824176,0.23,0.793331041
Cc1cncc(C2CCN(C(=O)OC(C)(C)C)CC2C2CCCN2)c1,58,0.8914473,0.282352941,0.08,0.706650792
Cc1cncc(-c2cc(CN)nc3c2CCCN3C(=O)OC(C)C)c1,58,0.927660819,0.195652174,0.25,0.789953208
Cc1cncc(C2CCN(C(=O)OC(C)(C)C)CC2CN)c1,58,0.911852068,0.303797468,0.19,0.751422425
Cc1cncc(-c2cn(C(=O)OC(C)(C)C)nc2CN)c1,58,0.917557574,0.25,0.23,0.793644456
Cc1cncc(-c2nn(C(=O)OC(C)(C)C)cc2CN)c1,58,0.917557574,0.25,0.21,0.804112202
Cc1cncc(-c2nn(C(=O)OC(C)(C)C)cc2CN(C)CN)c1,58,0.865776136,0.23255814,0.22,0.77708577
Cc1cncc(-c2nc(CN)cn2C(=O)OC(C)(C)C)c1C,58,0.921919022,0.2375,0.26,0.782578094
Cc1cncc(-c2cc(CN)cn2C(=O)OC(C)(C)C)c1C,58,0.922471697,0.265822785,0.19,0.784633896
Cc1cncc(-c2cc(CN)cn2C(=O)OC(C)(C)C)c1,58,0.921017161,0.269230769,0.21,0.801944321
Cc1cncc(-c2cn(C(=O)OC(C)(C)C)cc2CN)c1,58,0.921017161,0.25974026,0.27,0.802225833
C=CCOc1ccc(CNn2cnnc2S)cc1OC,59,0.602562953,1,0,0.797872694
C=CCOc1ccc(CNn2cnnc2)cc1,59,0.76551984,0.410714286,0.04,0.830358893
C=CCOc1ccc(CNn2cnnc2)cc1C,59,0.788407046,0.517857143,0.04,0.815662093
C=CCOc1ccc(CNn2cnnc2)cc1OC,59,0.766050729,0.68627451,0.04,0.825724974
C=CCOc1ccc(CNn2cnnc2)cc1F,59,0.790850009,0.49122807,0.04,0.812079548
C#CCOc1ccc(CNn2cnnc2)cc1F,59,0.804625857,0.307692308,0.03,0.79751298
C=CCOc1ccc(CNn2cnnc2)cc1O,59,0.751398448,0.49122807,0.04,0.802357063
C=CCOc1ccc(CNn2cnnc2)cc1Cl,59,0.813290795,0.49122807,0.05,0.815030436
C=CCOc1ccc(CNc2ccnnc2)cc1Cl,59,0.821873241,0.375,0.02,0.846136162
C=CCOc1ccc(CNc2cccnc2)cc1Cl,59,0.811116,0.348484848,0.14,0.883761617
C=CCOc1cc(CNc2cccnc2)c(Cl)nn1,59,0.822209057,0.25,0.13,0.814895603
C=CCOc1cc(CNc2cccnc2)cc(Cl)c1O,59,0.797995171,0.295774648,0.15,0.856333693
C=CCOc1cc(CNc2cccnc2)ccc1Cl,59,0.811116,0.348484848,0.14,0.880729169
C=CCOc1cc(CNc2cccnc2)[nH]c1Cl,59,0.78690737,0.285714286,0.24,0.795552625
C=CCOc1cc(CNc2cccnc2)c[nH]1,59,0.748424282,0.275362319,0.28,0.799165046
C=CCOc1cc(CNc2cccnc2)[nH]c1Br,59,0.80469243,0.285714286,0.27,0.789224815
C=CCOc1c[nH]c(CNc2cccnc2)c1Br,59,0.80469243,0.25,0.3,0.790672744
C=CCOc1cc(NCc2cccnc2)[nH]c1Br,59,0.80469243,0.285714286,0.15,0.792102329
C=CCOc1cc(CNc2ccncc2)[nH]c1Br,59,0.80469243,0.303030303,0.14,0.78711801
C=CCOc1cc(-c2ccncc2)[nH]c1C#N,59,0.813037629,0.276923077,0.43,0.78906028
C=CCOc1cc(-c2ccncc2)[nH]c1C,59,0.794437422,0.285714286,0.35,0.817341474
C=CCOc1nc(-c2ccncc2)[nH]c1C,59,0.796278549,0.227272727,0.32,0.815848163
C=CCOc1cc(-c2ccncc2)n[nH]1,59,0.769895852,0.253968254,0.37,0.805051681
CC(C)CCNC(=O)C1CCCN(S(=O)(=O)c2ccc3c(c2)CC(C)N3C2CC2)C1,60,0.71712355,0.772727273,0,0.752900975
CC(C)CCNC(=O)C1CCCN(S(=O)c2ccc3c(c2)CC(C)N3C)C1,60,0.811114919,0.533333333,0,0.679058689
CC(C)CCNC(=O)C1CCCN(C(=O)c2ccc3c(c2)CCN3)C1,60,0.86396977,0.430379747,0.06,0.811577775
CC(C)CCC1CCCN(C(=O)c2ccc3c(c2)CCCN3C)C1,60,0.819798718,0.285714286,0.01,0.812825778
CC(C)C1CCCN(C(=O)c2ccc3c(c2)CCCN3C#N)C1,60,0.786209407,0.244186047,0.01,0.765531597
CC(C)CCC1CCCN(C(=O)c2ccc3c(c2)CCC(C)N3)C1,60,0.866988307,0.264367816,0.01,0.766048163
CC(C)C1CCCN(C(=O)c2ccc3c(c2)CCC(C)N3C#N)C1,60,0.776732768,0.26744186,0.01,0.723617323
CC(C)CNC(=O)c1ccc2cc3c(nc2c1)N(C(C)C)CCC3,60,0.930218487,0.215909091,0,0.843269732
CC(C)CCc1ccc2[nH]c3c(c2c1)CCCN3C(=O)C(C)N,60,0.90865692,0.2,0.06,0.759177344
CC(C)CCc1ccc2[nH]c(=O)n(C(=O)N3CCCC(C)C3)c2c1,60,0.934801518,0.252873563,0.03,0.776955817
CC(C)CCc1ccc2[nH]c(=O)c3c(c2c1)CCCN3C(C)N,60,0.911090417,0.175824176,0.08,0.763415085
CC(C)CCc1ccc2[nH]c(=O)c(C(=O)N3CCCC3C)cc2c1,60,0.930280371,0.264367816,0.03,0.811745714
CC(C)CCc1ccc2cc(C(=O)N3CCCC3C)[nH]c2c1N,60,0.83916095,0.264367816,0.09,0.770122296
CC(C)CCc1ccc2cc(C(=O)N3CCCC3C)[nH]c2n1,60,0.933771955,0.285714286,0.02,0.778521105
CC(C)CCc1ccc2[nH]c(=O)n(C3CCCC3N)c2c1,60,0.907710666,0.195402299,0.06,0.752929939
CC(C)CCc1ccc2[nH]c(=O)n(C3CCCC3N)c2n1,60,0.906407343,0.179775281,0.11,0.728911165
CC(C)CCc1ccc2nc(C(=O)N3CCCC3)[nH]c2n1,60,0.93973496,0.214285714,0.03,0.820213957
CC(C)CCc1ncc(N2CCCC2C(=O)NCCN)[nH]1,60,0.700859424,0.297619048,0.17,0.74348922
CC(C)CNC(=O)c1ccc(N2CCCC2)c(N)n1,60,0.865211063,0.253164557,0.06,0.864146602
CC(C)CNc1ncc(C(=O)N2CCCC2CCN)[nH]1,60,0.734919007,0.213483146,0.15,0.751499186
CC(C)CNc1ncc(C(=O)N2CCCC2CCN)cn1,60,0.829453249,0.220930233,0.16,0.788870967
CC(C)CNc1ncc(NC(=O)C2CCOC2CCN)cn1,60,0.70017073,0.177777778,0.18,0.719296892
CC(C)CNc1ncc(NC(=O)N2CCCC2CCCCN)cn1,60,0.635199912,0.208791209,0.18,0.78417442
CC(C)CNc1ncc(NC(=O)N2CCCC2CCC(N)=O)cn1,60,0.703517681,0.211111111,0.12,0.783382224
CC(C)CNc1ncc(C(=O)N2CCCC2CCN)c2c1CN2,60,0.747548648,0.2,0.25,0.735376094
CC(C)CNc1ncc(C(=O)N2CCCC2CCN)c(N)n1,60,0.725142566,0.208791209,0.28,0.77177557
CC(C)CNc1ncc(C(=O)N2CCCC2CCN)c(NCCN)n1,60,0.521523561,0.215053763,0.4,0.762171011
CC(C)CNc1ncc(C(=O)N2CCCC2CCN)c(NC(C)C)n1,60,0.667072212,0.204301075,0.38,0.76598724
CC(C)CNc1ncc(C(=O)N2CCCC2)c(NC(C)CCN)n1,60,0.672106131,0.186813187,0.36,0.781134692
CC(C)CNc1ncc(C(=O)N2CCCC2)c(NCCN)n1,60,0.699158569,0.193181818,0.37,0.842199169
CC(C)CNc1ncc(N2CCC(C(=O)NC(C)C)CC2)cn1,60,0.841666218,0.2625,0.08,0.851419219
CC(C)CNc1ncc(NC(=O)N2CCCCC2)c(NCCN)n1,60,0.60625886,0.186813187,0.36,0.830290347
CC(C)CNc1ncc(NC(=O)N2CCC(CCN)CC2)c(N)n1,60,0.62766203,0.197802198,0.29,0.821306012
CC(C)CNc1ncc(N2CCC(NC(=O)CC(C)C)CC2)c(N)n1,60,0.699323223,0.213483146,0.35,0.825041576
CC(C)CNc1ncc(N2CCC(C(=O)NC(C)C)CC2)c(N)n1,60,0.734794274,0.258823529,0.26,0.834630543
CC(C)CNc1ncc(C(=O)N2CCC(CCN)CC2)c(NC(C)C)n1,60,0.657627336,0.206521739,0.4,0.822733048
CC(C)CCNc1ncc(C(=O)N2CCC(CCN)CC2)c(N)n1,60,0.700076458,0.25,0.27,0.830098894
CC(C)CCNc1ncc(N2CCC(C(=O)NC(C)C)CC2)c(N)n1,60,0.699323223,0.313253012,0.24,0.833777808
CC(C)CCNc1ncc(N2CCC(CC(=O)NCCN)CC2)c(N)n1,60,0.519748087,0.284090909,0.26,0.815859269
CC(C)CCNc1ncc(N2CCC(C(=O)NCCCl)CC2)c(N)n1,60,0.607850314,0.333333333,0.24,0.822572988
CC(C)CCNc1ncc(N2CCC(NC(=O)CCl)CC2)c(N)n1,60,0.646453934,0.26744186,0.29,0.817902797
CC(C)CCNc1ncc(N2CCC(CCN)CC2)c(NC(=O)O)n1,60,0.569139271,0.272727273,0.43,0.809466395
CC(C)CCNc1ncc(N2CCN(CCN)CC2)c(NC(=O)O)n1,60,0.549643215,0.235955056,0.34,0.817589692
CC(C)CCNc1ncc(N2CCC(C(=O)NCCN)CC2)c(N)n1,60,0.547533567,0.337349398,0.26,0.827462659
CC(C)Cc1ncc(N2CCC(c3cccnc3)CC2)c(NC(=O)N)n1,60,0.860246468,0.212765957,0.17,0.812004739
CC(C)Cc1ncc(C(=O)N2CCC(c3cccnc3)CC2)c(N)n1,60,0.925449535,0.180851064,0.18,0.834083581
CC(C)CNc1ncc(C(=O)N2CCC(c3cccnc3)CC2)c(N)n1,60,0.856301765,0.1875,0.31,0.834251932
CC(C)CCNc1ncc(C(=O)N2CCC(c3cccnc3)CC2)c(N)n1,60,0.813566623,0.234042553,0.33,0.832846588
Cc1ccc(OCC(=O)OC(C)C(=O)NC2(C#N)CCCC2)cc1,61,0.808297986,0.678571429,0,0.811943188
Cc1ccc(OCC(=O)OC(C)C2(C#N)NCCCC2)cc1,61,0.845321115,0.376811594,0.06,0.715540812
Cc1ccc(OCC(=O)NC(C)C2(C#N)CCCC2)cc1,61,0.904825448,0.384615385,0,0.783556495
Cc1ccc(OCC(=O)NC(C)C2(C#N)CCCCN2)cc1,61,0.871061544,0.352112676,0.04,0.728966867
Cc1ccc(OC(C)C(=O)NC2(C#N)CC2C#N)cc1,61,0.900661007,0.384615385,0.05,0.700451005
Cc1ccc(OC(C)C(=O)NC2(C#N)CCCCC2)c(Cl)c1,61,0.918416375,0.540983607,0.01,0.806006087
Cc1ccc(OC(C)C(=O)NC2(C#N)CCCCC2)cc1,61,0.924725535,0.62962963,0,0.821184396
Cc1ccc(NC(C)C(=O)NC2(C#N)CCCCC2)cc1,61,0.892887536,0.553571429,0,0.81267175
Cc1ccc(SC(C)C(=O)NC2(C#N)CCCCC2)cc1,61,0.860269109,0.641509434,0,0.807553888
Cc1ccc(CC(C)C(=O)NC2(C#N)CCCCC2)cc1,61,0.919419114,0.62962963,0,0.810463145
Cc1ccc(OC(C)C(=O)NC2(C#N)CCCCC2)cc1C,61,0.926493019,0.525423729,0,0.809998016
Cc1ccc(C(C)C(=O)NC2(C#N)CCCCC2)cc1,61,0.914323275,0.574074074,0.01,0.808591219
Cc1ccc(SC(C)C(=O)NC2(C#N)CCCC2)cc1,61,0.863601222,0.622641509,0,0.806718142
Cc1ccc(C(C)C(=O)NC2(C#N)CCCC2)cc1,61,0.903276943,0.555555556,0.01,0.807374208
Cc1ccc(C(C)C(=O)NC2(CN)CCCC2)cc1,61,0.8735611,0.35483871,0.03,0.803085383
Cc1ccc(C(C)C(=O)NC2(CN)CCCC2)cc1C,61,0.886755354,0.279411765,0.03,0.792632962
COC(=O)C1CC(c2ccc(S(C)(=O)=O)cc2)=CC1CCN1CCC(CCCO)CC1,62,0.583258503,0.35,0.05,0.719354497
COC(=O)C1CCC(c2ccc(S(C)=O)cc2)=CC1C1CCN2CCC1CC2,62,0.721340505,0.265822785,0.06,0.577726532
COC(=O)C1CCc2cc(-c3ccc(O)cc3)ccc2N1C1CCN(C=O)CC1,62,0.637772211,0.228915663,0.04,0.766329352
COC(=O)C1CCc2cc(-c3ccc(C#N)cc3)ccc2N1C1CCNCC1,62,0.834361481,0.21686747,0.16,0.779065772
COC(=O)N1CCc2cc(-c3ccc(C#N)cc3)ccc2N1C1CC1,62,0.840053271,0.209876543,0.04,0.819826376
COC(=O)N1CCc2cc(-c3cccnc3)cc(C3CCNCC3)c21,62,0.91302935,0.193181818,0.07,0.814748575
COC(=O)c1cc(-c2ccc(C3CC3)cc2)n(C2CCNCC2)c1,62,0.871296042,0.2,0.11,0.834189295
COC1CCN(S(=O)(=O)c2ccc(-c3nccn3C)cc2)CC1,62,0.855753092,0.236842105,0.07,0.864532898
COC1CCN(S(=O)(=O)c2ccc(-c3cccnc3)cc2)CC1,62,0.863196001,0.24,0.11,0.88861959
COc1ccc(-c2ncc(S(=O)c3cccnc3)cc2F)cc1,62,0.735862519,0.104651163,0.12,0.780868822
COc1ccc(-c2ncc(C3CCN(C(N)=O)CC3)cn2)cc1,62,0.943333791,0.243243243,0.04,0.868865744
CCC1CCN(S(=O)(=O)c2ccc(-c3cccnc3)cc2)CC1,62,0.861078613,0.210526316,0.15,0.895525185
CCCN1CCC(c2ncc(-c3cc(OC)ccc3F)cn2)CC1,62,0.834230752,0.139534884,0.09,0.85915139
CCC1CCN(C(=O)c2ccc(-c3cc(OC)ccn3)cc2)CC1,62,0.852864021,0.240506329,0.08,0.894955404
CCC1CCN(C(=O)c2cccc(-c3ccc(OC)cc3)c2)CC1,62,0.821135506,0.25,0.05,0.915643252
COc1ccc(-c2cccnc2)cc1C(=O)N1CCC(F)CC1,62,0.872487855,0.225,0.15,0.874970639
COc1ccc(-c2cccnc2)cc1C(=O)N1CCC(N)CC1,62,0.944303307,0.222222222,0.23,0.883242667
COc1ccc(-c2ccnnc2)cc1C(=O)N1CCC(N)CC1,62,0.932926919,0.225,0.19,0.852731245
COc1cncc(-c2ccc(C3CCC(N)CC3)cc2)c(=O)c1,62,0.945793804,0.148148148,0.23,0.847127049
COc1cncc(-c2ccc(C3CCCCCC3)cc2)c(=O)n1,62,0.80549505,0.151898734,0.19,0.855728493
COc1ccc(-c2ccncc2)c(C(=O)N2CCC(N)CC2)c1,62,0.944303307,0.215189873,0.19,0.878661781
COc1ccc(-c2ccncc2)cc1C(=O)N1CCC(N)CC1,62,0.944303307,0.233766234,0.4,0.882501641
COc1ccc(-c2ccncc2)c(C(N)C2CCN(C)CC2)c1,62,0.942460058,0.144578313,0.21,0.803358565
COc1ccc(-c2ccncc2)cc1C(=O)N1CCC(O)CC1,62,0.944811586,0.305555556,0.35,0.887490686
N=C(c1ccc(-c2ccncc2)cc1)N1CCC(O)CC1,62,0.656647414,0.253731343,0.42,0.868941994
O=C(O)c1ccc(-c2ccncc2)cc1OC1CCNCCC1,62,0.907929499,0.142857143,0.52,0.81759552
O=C(O)N1CC=C(c2ccc(-c3ccncc3)cc2)CCNCC1,62,0.891109695,0.153846154,0.36,0.803925855
O=C(c1ccc(-c2ccncc2)cc1)N1CCCNCCC(O)CCC1,62,0.871231709,0.220779221,0.35,0.779296828
O=C(O)N(c1ccc(-c2ccncc2)cc1)c1ccncn1,62,0.800378076,0.105263158,0.38,0.851562282
O=C(O)N(c1ccc(-c2ccncc2)cc1)c1ccncc1OCCO,62,0.707101231,0.108433735,0.4,0.837144689
O=C(O)c1ccc(-c2ccncc2)cc1-c1ccnc(OC2CC2)c1,62,0.762898839,0.146341463,0.39,0.858408837
O=C(O)c1ccc(-c2ccncc2)cc1-c1ccncc1OCCO,62,0.718907249,0.107142857,0.51,0.858506059
O=C(O)c1ccc(-c2ccncc2)cc1-c1ccncc1F,62,0.800573569,0.101265823,0.52,0.875917673
O=C(O)c1ccc(-c2ccncc2)cc1-c1ccncc1Br,62,0.762136379,0.101265823,0.47,0.867507417
O=C([O-])c1ccc(-c2ccncc2)cc1-c1ccn(C2CC2)c1,62,0.744348177,0.160493827,0.36,0.796020523
O=C(O)c1ccc(-c2ccncc2)cc1OC1CCNCC1O,62,0.792879845,0.154761905,0.5,0.766282987
O=C(c1ccc(-c2ccncc2)cc1)N1CCNCCNCC1Br,62,0.610399919,0.164556962,0.37,0.730987394
O=C(c1ccc(-c2ccncc2)cc1Br)N1CCNCCC1,62,0.895846021,0.146341463,0.42,0.870619013
OCC1CCN(c2ccc(-c3ccncc3)cc2Br)CCNC1,62,0.865095687,0.126436782,0.5,0.799707346
OC1CCN(c2ccc(-c3ccncc3)cc2Br)CCNCC1,62,0.846060241,0.1875,0.52,0.757849459
OC1CCN(c2ccc(-c3ccncc3)cc2Br)CCNC1,62,0.862623034,0.172839506,0.51,0.798095408
OC1CCN(c2ccc(-c3ccncc3)cc2Br)CC1,62,0.914203989,0.208333333,0.48,0.873317196
Oc1ccc(-c2ccncc2)cc1C1CCNCC1,62,0.865794618,0.118421053,0.58,0.865096058
Oc1ccc(-c2ccncc2)cc1C1CCNCC1O,62,0.779465882,0.125,0.54,0.764704377
Oc1ccc(-c2ccncc2)cc1C1CCNCC1C,62,0.879049607,0.12345679,0.54,0.769271485
Oc1ccc(-c2ccncc2)cc1C1CCN(CCO)CC1,62,0.910833535,0.1375,0.48,0.86986709
Oc1ccc(-c2ccncc2)cc1C1CCNCC1F,62,0.883286145,0.109756098,0.57,0.750107294
O=C1C(=Cc2ccccn2)SC(=S)N1N1CCOCC1,63,0.60983144,1,0,0.796188283
O=C1N(Cc2ccccn2)SC(=S)N1N1CCOCC1,63,0.786937851,0.416666667,0.15,0.754313747
O=C1N(Cc2ccccn2)CCC(=O)N1N1CCOCC1,63,0.810002304,0.4,0.04,0.806757378
O=C(N1CCOCC1)C1(c2ccccn2)NCCC(=O)N1,63,0.74509469,0.294117647,0.02,0.732630191
O=C1N(Cc2ccccn2)CCC(=O)N1c1ccccc1,63,0.867959808,0.234375,0,0.880984617
COCCN1CC(c2ccccn2)=NN(c2ccccc2)C1=O,63,0.851689518,0.211267606,0.07,0.826690835
NCCCN1CC(c2ccccn2)=NN(c2ccccc2)C1=O,63,0.918518773,0.214285714,0.14,0.820885324
NCC1CC(Cc2ccccn2)=NN1C(=O)c1ccccc1Cl,63,0.936946433,0.168831169,0.08,0.756156933
NCC1CCN(Cc2ccccn2)C(=O)N1c1ccccc1CO,63,0.87650201,0.197368421,0.09,0.776490811
NCC1NC(Cc2ccccn2)=CN(c2ccccc2)C1=O,63,0.894626511,0.183098592,0.09,0.740121369
NCC1NCCC(c2ccccn2)=CN1C(=O)c1ccccc1Cl,63,0.898653692,0.164556962,0.13,0.739300622
NCC1N(Cc2ccccn2)CCN1c1ccccc(CO)c1=O,63,0.834493794,0.202702703,0.11,0.751678548
NCC1NCCC(c2ccccn2)N1c1ccccc(CO)c1=O,63,0.7682766,0.179487179,0.19,0.695561944
NCCCN1C(=O)N(c2ccccn2)C1c1cc2ccccc2o1,63,0.782858657,0.197368421,0.13,0.759352888
NCCCN1C(=O)N(c2ccccn2)CCc2cccc(Cl)c21,63,0.936687562,0.213333333,0.11,0.834437539
NCC1NC(=O)N(c2ccccn2)C1c1cc2ccccc2[nH]1,63,0.692719884,0.189189189,0.18,0.720535556
NCCCN1CCC(c2ccccn2)Nc2ccc(Cl)cc21,63,0.906874172,0.164556962,0.12,0.772336754
NCc1nccc(-c2cc3ccccc3[nH]c2=O)n1,63,0.722437694,0.14084507,0.3,0.850608051
NCc1nc2cccc(-c3ccccn3)c2[nH]c1=O,63,0.722437694,0.173913043,0.15,0.840270428
NCc1nc(-c2cccc3cc[nH]c(=O)c23)c[nH]1,63,0.631919328,0.126760563,0.19,0.772748483
NCc1nc(-c2cccc3c2NCCCO3)ccn1,63,0.856736739,0.133333333,0.16,0.798558695
NCc1nc(-c2ccnc3cccnc23)cc(=O)[nH]1,63,0.70484898,0.169014085,0.31,0.802659519
NCc1ncc(-c2ccnc3cccnc23)[nH]c1=O,63,0.70484898,0.138888889,0.42,0.81644833
NCc1nccc(-c2cc3cccnc3cn2)n1,63,0.73117207,0.134328358,0.19,0.831324362
NCc1ncc(-c2ccccn2)c2cc(Br)cnc12,63,0.789550788,0.14084507,0.2,0.819373645
NCCCNc1ncc2c(n1)N(c1ccccn1)CCC2,63,0.813768114,0.2,0.26,0.828978556
NCc1ncc(-c2ccnc(Nc3ccncc3)n2)[nH]1,63,0.660601779,0.093333333,0.78,0.819969316
NCc1ncc(-c2ccnc3cc(Br)cnc23)[nH]1,63,0.760619038,0.094594595,0.44,0.795843454
NCCCn1nc(-c2ccnc3cc(Br)cnc23)cn1,63,0.789576045,0.088607595,0.21,0.78568457
NCCCn1nc(-c2ccnc3ccnc(Br)c23)cn1,63,0.738617091,0.090909091,0.22,0.767335498
NCCCn1ncc(-c2cc(N)cc3ncccc23)n1,63,0.697651142,0.116883117,0.24,0.80880022
NCc1cncc2cc(-c3ccnc(NCCN)n3)[nH]c12,63,0.550972943,0.074074074,0.62,0.790431275
NCc1cncc2cc(-c3ccncc3)[nH]c(=O)c12,63,0.722437694,0.095890411,0.48,0.8183991
NCc1ncc2[nH]c(-c3ccncc3)cc(=O)c2n1,63,0.70484898,0.123287671,0.59,0.802311827
NCc1cncc2[nH]c(-c3ccncc3)cc(=O)c12,63,0.722437694,0.111111111,0.49,0.813751267
NCCn1cc(-c2ccnc3[nH]cc(-c4ccncc4)c23)cn1,63,0.606181214,0.0875,0.63,0.811702066
NCCCn1cc(-c2ccnc3[nH]cc(-c4ccncc4)c23)cn1,63,0.592304675,0.085365854,0.63,0.812519889
NCc1cc(-c2ccnc3[nH]cc(-c4ccc(Cl)cc4)c23)ncn1,63,0.596428837,0.075,0.79,0.822956404
NCc1cc(-c2ccnc3[nH]cc(-c4ccc(F)cc4)c23)ncn1,63,0.607040777,0.075,0.78,0.822388931
NCc1cc(CNCCCNc2ccnc3[nH]c4ccc(Cl)cc4c23)ccn1,63,0.340926712,0.08045977,0.37,0.820412232
Cc1cc(CNCCCNc2ccc(-c3ccnc4[nH]cc(Cl)c34)cc2)sn1,63,0.346724476,0.113636364,0.56,0.796148255
Cc1cc(CN2CCC(c3ccnc4[nH]c5cnccc5c34)CC2)cc(Cl)n1,63,0.507119487,0.126436782,0.26,0.803172458
Cc1cc(CN2CCC(c3ccnc4[nH]c5cnccc5c34)CC2)cc(Cl)c1,63,0.5053158,0.141176471,0.22,0.818680525
Cc1cc(Cn2cc(-c3ccnc4[nH]ccc34)cn2)cc(-c2ccc(Cl)cc2)c1,63,0.397033659,0.090909091,0.49,0.840596648
Cc1cc(Cn2cc(-c3ccnc4[nH]ccc34)cn2)cc(-c2cccs2)c1,63,0.453194962,0.112359551,0.46,0.823477457
Cc1cc(-c2ccnc3[nH]cc(-c4ccc(N5CC5)cc4)c23)ccn1,63,0.566834414,0.148648649,0.65,0.847740356
Nc1ccnc(-c2ccc(-c3ccnc4[nH]cc(Cl)c34)cc2)c1,63,0.569993519,0.094594595,0.66,0.838376714
Cc1ccc(-c2cc(-c3ccnc4[nH]ccc34)ccn2)c(CCl)c1,63,0.514085366,0.0875,0.61,0.832682997
Cc1ccnc(-c2ccc(-c3ccnc4[nH]cc(Cl)c34)cc2)c1,63,0.547695849,0.125,0.54,0.849357655
Cc1cc(-c2cc3cc(-c4ccncc4)ccc3[nH]2)cc(Cl)n1,63,0.512347756,0.08,0.52,0.848095887
Cc1cc(-c2ccc3[nH]ncc3c2)cc(-c2ccncn2)c1,63,0.605781033,0.092105263,0.8,0.851661849
Cc1cc(-c2ccnc3[nH]cc(-c4ccncc4)c23)ccc1Cl,63,0.547695849,0.092105263,0.79,0.849247437
Cc1cc(-c2ccnc3[nH]cc(-c4ccncc4)c23)ccn1,63,0.605781033,0.098591549,0.77,0.836297115
Cc1ccnc(-c2ccc(-c3ccnc4[nH]ccc34)cc2)c1,63,0.584495921,0.114285714,0.59,0.871166938
COc1ccc(C(=O)C23CC4CC(C2)CC(C(=O)c2ccc(OC)cc2)(C4)C3)cc1,64,0.608685698,1,0,0.712855681
COc1ccc(C(=O)C23CC4CC(CC(C(=O)c5ccc(OC)cc5)(C4)C2)C3)cc1,64,0.608685698,1,0,0.712855681
COc1cccc(C(=O)C23CC4CC(CC(C(=O)OC)(C4)C2)C3)c1,64,0.625367932,0.613636364,0.01,0.630349384
COc1cccc(C(=O)C23CCCCCC2CC(=NC2=C(C)C2)C3)c1,64,0.69401159,0.23880597,0,0.687125815
COc1cccc(C23CCCCCC2CC(C(=O)NCC(C)O)=C3)c1,64,0.861952108,0.211267606,0,0.695571643
COc1cccc(C2CC(=O)C3=C(CCCCC3)CC(OC)=C2)c1,64,0.789591013,0.1875,0.03,0.746402294
COc1cccc(C2CC(=N)C3CC(C)(O)CCC3=C2)c1,64,0.814391015,0.225806452,0.03,0.652584214
COc1cccc(C2CC(O)CC3=NC(C)(C)CC3=C2)c1,64,0.903528138,0.225806452,0.05,0.68878209
COc1cccc(C2CC(O)C3=NC(C)(C)CC3=C2)c1,64,0.897751216,0.233333333,0.05,0.687335146
COc1cccc(C2CC(O)Cc3nc(C)ccc3C2)c1,64,0.861452983,0.213114754,0.01,0.763751969
COc1cccc(C2CC(O)Cc3nc(C)ccc3C2)c1OC,64,0.885024971,0.19047619,0.01,0.751539096
COc1cccc(C2=Nc3cc(C(C)C)ccc3C2)c1O,64,0.91567776,0.161290323,0.02,0.833731905
COc1cccc(C2=Nc3ccc(C(C)O)cc3C2)c1OC,64,0.940263309,0.15625,0.06,0.79241788
COC(=O)C1CC(C)Cc2c(-c3ccc(OC)cc3)cccc21,64,0.797029488,0.303571429,0.02,0.786300989
COc1cccc(C(=O)C2Cc3ccc(C(C)O)cc3C2)c1,64,0.880170329,0.285714286,0,0.795462401
COC(=O)C1=C(c2ccc(OC)cc2)Cc2c(C)cccc2C1,64,0.81056747,0.267857143,0.06,0.84307207
COC(=O)C1CC(C)Cc2c(-c3ccc(OC)cc3)cccc2C1,64,0.624411058,0.303571429,0.06,0.793373276
COC(=O)C1Cc2cccc(-c3ccc(OC)cc3)c2C(O)C1,64,0.884769418,0.309090909,0.17,0.780807498
COC(=O)C1Cc2cccc(-c3ccc(OC)cc3)c2C1,64,0.810655606,0.307692308,0.04,0.839648829
COC(=O)C1Cc2cccc(-c3ccc(OC)cc3)c2C1O,64,0.885298602,0.290909091,0,0.785817487
COC(=O)C1Cc2cccc(-c3ccc(OC)cc3)c2NC1,64,0.884323418,0.285714286,0.21,0.812863486
COC(=O)c1ccc2c(-c3ccc(OC)cc3)[nH]nc2c1,64,0.749899304,0.296296296,0.27,0.88786729
CCC(=O)c1ccc2c(-c3ccc(OC)cc3)[nH]nc2c1NC,64,0.702034302,0.225806452,0.36,0.832317277
CNC(=O)C1CNc2c(-c3ccc(OC)cc3)ccc(NC)c2C1,64,0.808755808,0.262295082,0.3,0.777731886
CCC(=O)c1ccc2c(-c3ccc(OC)cc3)[nH]nc2c1NC1CC1,64,0.655045098,0.246153846,0.42,0.832615109
COc1ccc(-c2cccc3c(CC(=O)N=O)[nH]nc23)cc1,64,0.749513331,0.229508197,0.22,0.824655891
COc1ccc2c(-c3ccc(C(=O)N=O)cc3)[nH]nc2c1C(F)F,64,0.729988502,0.203125,0.35,0.801147803
COc1ccc2c(-c3ccc(C(=O)N=S)cc3)[nH]nc2c1C(F)F,64,0.773150435,0.203125,0.29,0.780583165
COc1ccc2c(-c3ccc(C4CNC(=O)C4)nc3)cnn2c1,64,0.803415883,0.208955224,0.19,0.744947989
CNC(=O)c1ccc2c(-c3ccc(OC)cc3)n[nH]c2c1,64,0.775129363,0.290909091,0.41,0.893990623
COc1ccc(-c2ccc3c(C(=O)N=S)n[nH]c3c2)cc1,64,0.806291559,0.245614035,0.42,0.833336777
COc1ccc2c(-c3ccc(C(=O)N=S=O)cc3)n[nH]c2c1,64,0.805482597,0.254237288,0.35,0.818952594
COC(=O)c1ccc2[nH]nc(-c3ccc(NC)cc3)c2c1,64,0.724021598,0.186440678,0.44,0.8826737
COC(=O)c1ccc2[nH]nc(-c3ccc(OC)cc3)c2c1,64,0.749899304,0.301886792,0.39,0.900803187
CCC(=O)c1[nH]nc2cc(-c3ccc(OC)cc3)ccc12,64,0.738823915,0.272727273,0.44,0.862084213
CCC(=O)Nc1[nH]nc2cc(-c3ccc(OC)cc3)ccc12,64,0.772669601,0.25862069,0.67,0.86820876
Oc1oc(Cc2ccccn2)c(O)c1C1=NCCCN1,65,0.786348746,1,0.03,0.757038416
c1oc(CC2=C(c3ccccn3)CO2)nc1CCCN,65,0.868763257,0.208333333,0.1,0.762751845
c1oc(-c2ccc(O)cn2)c2c1CCCCCCNC2,65,0.836309593,0.169014085,0.17,0.740828065
c1oc(-c2ccc(CC(C)C)cn2)c2c1CNCCC2,65,0.92612847,0.144736842,0.15,0.787424358
c1oc(-c2ccccn2)c(O)c1C1=NCCCCN1,65,0.864656768,0.431034483,0.12,0.778828475
c1oc(-c2ccccn2)c(O)c1CC1=NCCCCN1,65,0.898749965,0.387096774,0.1,0.768015209
Cc1occ(-c2ccccn2)c1CC1=NCCCCN1,65,0.931594838,0.323076923,0.08,0.776769316
Cc1occ(-c2ccncn2)c1CC1=NCCCCN1,65,0.92966572,0.242857143,0.33,0.755411558
Cc1onc(-c2ccc(CN3CCCCN3)cc2)c1CCCC,65,0.871766557,0.128205128,0.13,0.819202661
Cc1nc(-c2ccc(CC3CCCNC3)cn2)c(Cl)cn1,65,0.946592572,0.128205128,0.18,0.769955538
Cc1nc(-c2ccnc(NC3CCCNC3)c2Cl)co1,65,0.910637482,0.139240506,0.16,0.741187913
Cc1nc(-c2ccncn2)c(CC2CCCCNC2)nc1Cl,65,0.942751106,0.1375,0.42,0.738373052
Cc1nc(-c2ncncn2)c(CC2CCCCNC2)cc1Cl,65,0.942751106,0.113924051,0.22,0.735109831
Cc1nc(-c2ccncn2)c(CCN2CCCNCC2)o1,65,0.913419921,0.184210526,0.42,0.799725206
Cc1c(-c2ccncn2)oc2ccc(CC3CCNC3)cc12,65,0.804312216,0.15,0.35,0.770073329
CC(N)(NC1CNCCCC1)c1ccc(-c2ccncn2)cc1,65,0.753127764,0.126582278,0.53,0.726347496
CC(N)Cc1c(-c2ccncn2)coc1C1=NCCCN1,65,0.885172519,0.281690141,0.34,0.700732335
CC(N)Cc1c(-c2ccncn2)coc1C1=NCCN1,65,0.864756373,0.219178082,0.34,0.699846533
Cc1c(-c2ccncn2)c(OC)ccc1C1=NCCCN1,65,0.93728511,0.287878788,0.38,0.804730897
Cc1c(-c2ccncn2)c(OC)ccc1C1=NCCN1,65,0.921984717,0.220588235,0.4,0.806828867
c1cc(-c2ccncn2)c(OCCC2CCNCC2)c(NC)c1,65,0.858605024,0.153846154,0.35,0.823597994
Cc1c(-c2ccncn2)ccc(CCC2CCNCC2)c1NO,65,0.739767556,0.139240506,0.36,0.797548929
COc1c(-c2ccncn2)ccc(CCC2CCNCC2)c1N,65,0.830460713,0.125,0.38,0.812183602
COc1cc(-c2ccncn2)ccc1NC1CCNCC1,65,0.902028488,0.118421053,0.53,0.855134635
COc1cc(-c2ccncn2)c(O)c2c1NCCC2,65,0.863051881,0.197183099,0.42,0.803546512
COc1cc(-c2ccncn2)c(O)c2c1NCCC2=N,65,0.776424886,0.175675676,0.46,0.756982006
COc1cc(-c2ccncn2)c(OC)c2c1NCCC2,65,0.929242746,0.150684932,0.43,0.811238681
COc1cc(-c2ccncn2)c(O)c2c1CCNCC2,65,0.867072791,0.169014085,0.4,0.810679265
COc1c(-c2ccncn2)ccc(NC2CCNCC2)c1OC,65,0.882645802,0.118421053,0.44,0.82480289
COc1cc(-c2ccncn2)cc2c(NC3CC3)c[nH]c12,65,0.770009215,0.098765432,0.62,0.819519295
COc1cc(-c2ccncn2)cc2c(CN3CC3)c[nH]c12,65,0.745834816,0.1125,0.54,0.84206734
c1cc(-c2ccncn2)cc2c(CN3CC3)c[nH]c12,65,0.726085926,0.123287671,0.56,0.870174904
COc1cc(-c2ccncn2)cc2c(C3CC3)c[nH]c12,65,0.788019944,0.102564103,0.58,0.837006851
COc1cc(-c2ccncn2)cc2c(C3CCN3)c[nH]c12,65,0.773973912,0.1125,0.61,0.761787064
COc1cc(-c2ccncn2)cc2c(CN)c[nH]c12,65,0.749958037,0.103896104,0.67,0.827252806
CN1CCc2c(sc(N=Cc3c[nH]c4ccccc34)c2C#N)C1,66,0.729409601,1,0.01,0.799380158
CN1CCc2c(sc(N=Cc3cnn4ccccc34)c2C#N)C1,66,0.681824404,0.615384615,0.07,0.7774456
CN1CCc2c(sc(NCCc3cnn4ccccc34)c2C#N)C1,66,0.795212489,0.371794872,0.1,0.796139041
CN1CCc2c(sc(NCCc3cnccn3)c2C#N)CCCC1,66,0.926206603,0.268292683,0.08,0.771559262
CN1CCc2c(sc(NCCc3cnccn3)c2C#N)C1,66,0.93581193,0.346666667,0.07,0.809076168
CN1CCc2c(sc(NCCc3ccncc3)c2C#N)C1,66,0.942595301,0.375,0.14,0.831940733
CN1CCc2c(nc(SCc3ccncc3)n2C2CC2)C1,66,0.813168744,0.156626506,0.06,0.813022448
CN1CCc2c(nc(SC)n3CC(c4ccncc4)C23)C1,66,0.795413306,0.160493827,0.18,0.648611864
CN1CCc2nc(C3CC3)n(CCc3ccncc3)c2C1,66,0.8632083,0.160493827,0.05,0.814356117
CN1CCc2nc(C3CC3)n(Cc3ccncc3Cl)c2C1,66,0.874106907,0.151162791,0.07,0.803064213
CN1CCc2nc(CCCc3ccncc3)c(Cl)cc2C1,66,0.867515481,0.175,0.14,0.829055487
CN1CCc2[nH]cnc2C(Cc2ccncc2Cl)C1,66,0.915200465,0.166666667,0.2,0.739896023
CN1CCc2nc(NCCc3ccncc3Cl)[nH]c2C1,66,0.905693313,0.162790698,0.3,0.792007647
CN1CCc2nc(NCCc3ccncc3Cl)n(C)c2C1,66,0.939608481,0.151162791,0.2,0.79560447
CN1CCc2nc(NCCc3ccncc3Cl)n(C)c2CC1,66,0.937766407,0.126436782,0.22,0.800965781
CN1CCc2nc(NCCc3ccncc3Cl)c(CN)cc2C1,66,0.87912992,0.142857143,0.3,0.808907469
CN1CCc2[nH]nc(NCCc3ccncc3Cl)c2C=CC1,66,0.909876337,0.131868132,0.39,0.773409397
CN1CCc2nc(NCCc3ccncc3Cl)c(C#N)cc2C1,66,0.934857511,0.206896552,0.21,0.812577865
CN1CCc2[nH]nc(NCCc3ccncc3Cl)c2CC1,66,0.908535143,0.164705882,0.37,0.81516898
CN1CCc2[nH]nc(NCCc3ccncc3Cl)c2C1,66,0.905693313,0.176470588,0.36,0.812575286
CN1CCc2[nH]nc(NCCCc3ccncc3Cl)c2C1,66,0.833415152,0.172413793,0.38,0.812819673
CN1CCc2[nH]nc(NCCCCc3ccncc3Cl)c2C1,66,0.803870758,0.170454545,0.39,0.814206993
O=C1N(Cc2cccc(Cl)c2)CC2CC(c3ccc4nonc4c3)N3CCC123,67,0.680700498,0.903225806,0.01,0.639035724
O=C1N(Cc2cccc(Cl)c2)CC2CC(c3cccc(Cl)c3)N3CCC123,67,0.772131356,0.6875,0,0.672470537
O=C1N(Cc2cccc(Cl)c2)CC2CCC(c3cnccn3)CC12O,67,0.916848021,0.369047619,0.06,0.695552599
O=C1C(Cl)CC(Cc2cccc(Cl)c2)c2cnn(CN3CC3)c21,67,0.62713594,0.26744186,0.02,0.703254125
CCC(=O)N1CC(Cc2cccc(Cl)c2)CCCc2nocc2C1,67,0.833678328,0.263736264,0.03,0.710015517
O=CC1C(Cl)CC(Cc2cccc(Cl)c2)NC(=O)N2CCN1C2,67,0.666834609,0.252873563,0.01,0.505993342
CCC(=O)N1CC(Cc2cccc(Cl)c2)CC1CNc1cnoc1,67,0.866807057,0.244680851,0.06,0.716801409
CCN1C(=O)CC(CNc2cccc(Cl)c2)C1(C)c1cnoc1,67,0.909083765,0.22826087,0.05,0.677400398
CCN(Cc1cccc(Cl)c1)C1CC(=O)N(Cc2cnoc2)C1,67,0.81520022,0.298850575,0.04,0.756462528
CCN1CC(=O)N(Cc2cccc(Cl)c2)CC1c1cnoc1,67,0.869183905,0.353658537,0.02,0.743628321
CCN1CC(=O)N(Cc2cccc(Cl)c2)Cc2cnoc21,67,0.874620804,0.308641975,0.01,0.801727034
CCN1CC(=O)N(Cc2cccc(Cl)c2)Cc2cnoc2C1,67,0.872509433,0.301204819,0,0.803779456
CCN1CC(=O)N(Cc2cccc(Cl)c2)Cc2cncn2C1,67,0.872123587,0.289156627,0.04,0.797959432
CCN1CC(=O)N(Cc2cccc(Cl)c2)Cc2cnn(C)c21,67,0.872601407,0.292682927,0,0.815524231
CCN1CC(=O)N(Cc2cccc(Cl)c2)Cc2c1nnn2C,67,0.865962623,0.292682927,0,0.798189244
CCN1CC(=Cc2cccc(Cl)c2)N(CCn2cc[nH+]c2)C1=O,67,0.830365295,0.182795699,0.01,0.690706303
CCN(C)C1CC(=O)N(Cc2cccc(Cl)c2)CC1=CCN,67,0.846458519,0.294117647,0.09,0.735293098
CCC(C)N1CC(=O)N(Cc2cccc(Cl)c2)CC1=CCN,67,0.906663626,0.270588235,0.05,0.738345053
CC=C1CN(Cc2cccc(Cl)c2)C(=O)CN1CCNCC#N,67,0.639178045,0.26744186,0,0.775717987
CCC(C)N1CC(=O)N(Cc2cccc(Cl)c2)CC1=C=O,67,0.802572757,0.280487805,0.01,0.740585116
CCC1CN(Cc2cccc(Cl)c2)C(=O)CN1CC=CCN,67,0.817781645,0.313253012,0.01,0.759640708
C=C1CN(Cc2cccc(Cl)c2)C(=O)CN1Cc1cn[nH]c1,67,0.942213336,0.296296296,0.06,0.792747466
C=C1CN(Cc2cccc(Cl)c2)C(=O)CN1CC1CC1,67,0.851159573,0.311688312,0.02,0.820196383
CCC1CN(Cc2cccc(Cl)c2)C(=O)CN1CC#N,67,0.799786312,0.3125,0,0.780154955
CCC1CN(Cc2cccc(Cl)c2)C(=O)CN1CC,67,0.84669674,0.328947368,0,0.805957662
CC1CN(Cc2cccc(Cl)c2)C(=O)Cc2cn[nH]c21,67,0.924017004,0.320987654,0.07,0.764419766
CCC1CN(Cc2cccc(Cl)c2)C(=O)Cc2cn[nH]c21,67,0.946720779,0.313253012,0.07,0.760737034
C=C1CN(Cc2cccc(Cl)c2)C(=O)c2c(N)n[nH]c21,67,0.890297112,0.292682927,0.24,0.798343636
CC1=CCN(Cc2cccc(Cl)c2)C(=O)c2c(N)n[nH]c21,67,0.895360106,0.285714286,0.2,0.800536338
CCC1CN(Cc2cccc(Cl)c2)C(=O)c2c(N)n[nH]c21,67,0.915290835,0.329268293,0.28,0.759931724
CCC1CN(Cc2cccc(Cl)c2)C(=O)c2c(N)n[nH]c2C1,67,0.913386477,0.305882353,0.25,0.764613909
CCC1CN(Cc2cccc(Cl)c2)C(=O)c2c(N)n[nH]c2CN1,67,0.803024061,0.302325581,0.28,0.744921183
Cc1c(Br)c([N+](=O)[O-])nn1CC(=O)NCC1CCCO1,68,0.636456343,1,0,0.777933382
Cc1c(Br)c([N+](=O)[O-])nn1CC(=O)NCC1CCC1,68,0.657688908,0.722222222,0,0.832645039
Cc1c(Br)c(=O)[nH]n1CC(=O)NCC1CCCC1,68,0.885001136,0.353846154,0.01,0.812083312
Cc1c(Br)c(=O)n(CC(=O)O)n1CCC1CC1,68,0.898469479,0.235294118,0,0.767085593
Cc1c(Br)c(C(=O)NCC#N)nn1CC1CCC1,68,0.864726544,0.31884058,0.02,0.81421231
Cc1c(Br)c(C(=O)NCC#N)nn1CC1CC1C,68,0.862924621,0.281690141,0.03,0.707449183
Cc1c(Br)c(C(=O)NCCCN)nn1CC1CC1C,68,0.780269779,0.273972603,0.03,0.733116279
Cc1c(Br)c(C(=O)NCC2CC2)nn1CC(C)C#N,68,0.90252209,0.305555556,0.02,0.764865764
Cc1c(Br)c(C(=O)NCC2CC2)n(CC#N)c1C,68,0.928839724,0.289855072,0.02,0.795260465
Cc1cc(Br)c(C(=O)NCC2CC2)c(C)c1C#N,68,0.932747929,0.219178082,0.01,0.833130017
Cc1cc(C)c(C(=O)NCC2CC2)c(C)c1C#N,68,0.885426812,0.194444444,0.01,0.849628735
Cc1c(Br)c(C(=O)NCC2CC2)nn1CC(C)CO,68,0.83462522,0.314285714,0.02,0.776985221
Cc1c(Br)c(C(=O)NCC2CC2)nn1CCCO,68,0.835193069,0.323529412,0.02,0.843706502
Cc1c(Br)c(C(=O)NCC2CC2)nn1CCCN,68,0.834224487,0.31884058,0.04,0.840036486
Cc1c(Br)c(C(=O)NCC2CC2)nn1CC(C)C,68,0.908242815,0.328358209,0.01,0.847887068
Cc1c(Br)c(C(=O)NCC2CC2)nn1CC1CC1,68,0.907909628,0.34375,0.02,0.839935701
Cc1nn(CC(=O)NCN2CCCC2)c(C)c1Br,68,0.914435706,0.409836066,0,0.845489773
Cc1nn(CC(=O)NCC2CC2)c(C)c1Br,68,0.916926459,0.49122807,0,0.868048738
Cc1c(Br)c(C(=O)NCC2CC2)nn1CC1CCCO1,68,0.893198544,0.484375,0.02,0.786235999
Cc1c(Br)c(C(=O)NC2CC2)nn1CC1CCCN1,68,0.883107087,0.291666667,0.05,0.765333859
Cc1c(Br)c(C(=O)NC2CC2)nn1CC1CCCO1,68,0.920046732,0.453125,0.03,0.790021523
Cc1c(Br)c(C(=O)NCC2CC2)nn1C1CCCC1,68,0.923471112,0.313432836,0.05,0.839273452
CCC(=NCCO)C1C(=O)NC(=O)N(c2ccc(C)cc2)C1=O,69,0.625802995,0.808510638,0,0.757360807
CCC(=NCCO)C1C(=O)NC(=O)N(c2ccccc2)C1,69,0.799132925,0.465517241,0.03,0.737490785
CCC(=NCCO)C1C(=O)NC(=O)c2ccccc21,69,0.622873358,0.490909091,0.11,0.743099897
CCC(=NCCO)C1C(=O)Nc2cc(C)ccc21,69,0.796669683,0.482142857,0.06,0.735560851
CCC(=NCCO)C1C(=O)Nc2cc(Cl)ccc21,69,0.821132362,0.58490566,0.04,0.73451562
CCC(=NCCO)C1C(=O)Nc2ccc(Cl)cc21,69,0.821132362,0.58490566,0.06,0.736102697
CCC(=NCCO)C1=NC(=O)Nc2ccc(Cl)cc21,69,0.837368822,0.349206349,0.04,0.784975049
CCC(=NCCO)c1ccc2c(c1Cl)C(=O)NC2,69,0.816260487,0.3125,0.24,0.756139004
CCCC(=NCCO)c1ccc2c(c1Cl)C(=O)NC2,69,0.812167564,0.28358209,0.26,0.759976791
CCC(=NCCO)c1ccc2c(c1)C(=O)NC2=O,69,0.60782929,0.322033898,0.3,0.807341465
CCCC(=NCCO)c1ccc2c(c1)C(=O)NC2Cl,69,0.493615286,0.28358209,0.21,0.70757653
CCCC(=NCCO)c1ccc2c(c1)C(=O)N2,69,0.760741472,0.285714286,0.5,0.804189611
CCCC(C)=C1C(=O)Nc2ccc(Cl)cc21,69,0.775139759,0.258064516,0.33,0.825169051
CCCC=C1C(=O)Nc2ccc(I)cc21,69,0.657684057,0.149253731,0.55,0.819438445
CCCC=C1C(=O)Nc2ccc(F)cc2C1=N,69,0.756707763,0.14084507,0.49,0.793383691
CCCC=C1C(=O)Nc2cc(F)c(C#N)cc21,69,0.794044918,0.123287671,0.27,0.805703495
CCCC=C1C(=O)Nc2cc(F)ccc21,69,0.738729125,0.149253731,0.3,0.84427361
CCCCN=C1C(=O)Nc2ccc(Cl)cc21,69,0.80598952,0.258064516,0.35,0.823316836
CCCC=C1C(=O)Nc2ccc(Cl)cc21,69,0.761625746,0.222222222,0.54,0.848207675
CCCC=C1C(=O)Nc2ccc(C#N)cc21,69,0.766085929,0.15942029,0.5,0.828355469
CCCC=C1C(=O)Nc2ccc(C)cc21,69,0.731648289,0.151515152,0.54,0.850430752
COc1cccc(N2C(=NC(=O)CCC3CCCC3)SC3CS(O)(O)C=C32)c1,70,0.688865487,0.605633803,0,0.693245188
COc1cccc(N2C(=NCCC3CCCC3)SC3C=S(O)CC32)c1,70,0.767492703,0.486486486,0.02,0.625536606
COc1cccc(N2C(=NC3CCCC3)SC3CCS(O)(O)C32)c1,70,0.82791268,0.424657534,0.01,0.667385356
COc1cccc(N2C(=NC3CCCC3)SC3CCS3=N2)c1,70,0.837842629,0.337662338,0.04,0.637159881
COc1cccc(N2CCn3ccnc3C2=NC2CCC2)c1,70,0.874362676,0.268292683,0.06,0.795762282
COc1cccc(N2CCn3ccnc3C2=CCCCCO)c1,70,0.833213205,0.229885057,0.06,0.801180617
COc1cccc(N2C(=NCCO)N=C2CC2CCCC2)c1,70,0.878716251,0.368421053,0.07,0.781077426
COc1cccc(N2CCN(CCC3CCCC3)C2=NC=O)c1,70,0.757293506,0.386666667,0.03,0.799183832
COc1cccc(N2CCN=S2(=O)CCC2CCCC2)c1,70,0.835452567,0.397260274,0.02,0.716679371
COc1cccc(N2CCN(CCC3CCCC3)C2=S=O)c1,70,0.781094201,0.397260274,0.01,0.800894253
COc1cccc(N2CCN(CCc3ccsc3)C2=O)c1,70,0.849168383,0.259259259,0.01,0.863750317
COc1cccc(N2CCN(CCC3CCCCC3=O)C2)c1,70,0.837056847,0.333333333,0.02,0.797716561
COc1cccc(N2CCN(CCC3CCCCC3O)C2)c1,70,0.907169986,0.324675325,0.02,0.771502762
COc1cccc(N2CCN(CCC3CCCCC3)C2=O)c1,70,0.825911064,0.388888889,0.02,0.873300984
COc1cccc(N2CCN(CC3CCCCC3O)C2)c1,70,0.923032828,0.315789474,0.02,0.774820943
COc1cccc(-n2ncnc2NCC2CCCC2)c1,70,0.908985731,0.333333333,0.11,0.848050932
COc1cccc(-n2ccnc2CN(C)C2CCCC2)c1,70,0.844474586,0.294871795,0.09,0.862111224
COc1cccc(-n2ccnc2CN(O)C2CCCC2)c1,70,0.858861482,0.307692308,0.01,0.826400001
COc1cccc(N2C(=O)C(Cl)CN2C2CCCC2)c1,70,0.803791404,0.328767123,0,0.75423785
COc1cccc(N=C2C(=O)N(C3CCCC3)CN2)c1,70,0.916788883,0.282051282,0.04,0.79690579
COc1cccc(-n2nncc2N2CCCCC2=O)c1,70,0.85438461,0.25,0,0.831547169
COc1cccc(-n2cncc2CN(C)C2CCCC2)c1,70,0.844474586,0.294871795,0.12,0.84555183
COc1cccc(-c2n[nH]cc2CN(C)C2CCCC2)c1,70,0.914364303,0.2625,0.2,0.825669358
COc1cccc(-c2n[nH]cc2CNC2CCCC2)c1,70,0.878150272,0.265822785,0.17,0.836708038
COc1cccc(-c2n[nH]cc2CNCC2CCCO2)c1,70,0.856008499,0.229885057,0.16,0.774992055
COc1cccc(-c2n[nH]cc2CNCC2CCCCC2)c1,70,0.853700433,0.303797468,0.17,0.83354966
COc1cccc(-c2n[nH]cc2CCC2CCCCN2CCO)c1,70,0.819856502,0.279069767,0.21,0.761943438
COc1cccc(-c2n[nH]cc2CCC(O)CC2CCCC2)c1,70,0.813043749,0.292682927,0.19,0.765326404
COc1cccc(-c2n[nH]cc2CCC(O)CC2CCCCC2)c1,70,0.794226668,0.289156627,0.18,0.7668008
COc1cccc(-c2n[nH]c(C)c2CCC2CCCCC2)c1,70,0.851611638,0.307692308,0.3,0.859582234
COc1cccc(-c2n[nH]c(N)c2CCC2CCCCC2)c1,70,0.870145518,0.303797468,0.33,0.845600263
COc1cccc(-c2n[nH]c(N)c2CCC2CCCC2)c1,70,0.878111055,0.307692308,0.33,0.844875159
O=C(COc1ccc(Br)cc1)C[S](=O)(O)c1ccccc1,71,0.848309096,0.52173913,0,0.806560146
O=C(COc1ccc(Br)cc1)C[S](=O)c1ccccn1,71,0.800298685,0.46,0,0.782359577
O=C(COc1ccc(Br)cc1)C(=O)c1ccccn1,71,0.627728476,0.468085106,0.03,0.874083166
O=C(COc1ccccc1)C(=O)c1cccc(Br)c1,71,0.627367397,0.387755102,0.02,0.89845553
O=C(COc1ccccc1)c1cc(Br)ccn1,71,0.812786127,0.387755102,0.07,0.89190769
O=C(COc1ccccc1)c1cc(Br)cc(Br)c1,71,0.742763626,0.422222222,0.01,0.907958467
O=C(COc1ccccc1)c1ccc(Br)cc1Br,71,0.742763626,0.425531915,0.01,0.916556959
O=C(COc1ccccc1)c1ccc(Br)cc1,71,0.802630037,0.5,0,0.94910926
O=C(COc1cccnc1)c1ccc(Br)cc1,71,0.812786127,0.352941176,0.01,0.915215382
O=C(COc1ccc(Br)cc1)c1cccnc1,71,0.812786127,0.408163265,0.01,0.917448663
O=C([O-])COc1ccc(Br)cc1-c1cccnc1,71,0.861278876,0.254237288,0.12,0.83869723
NC(=O)COc1ccc(Br)cc1-c1cccnc1,71,0.942860405,0.254237288,0.12,0.89337898
NC(=O)COc1ccc(-c2cccnc2)cc1Br,71,0.942860405,0.213114754,0.18,0.896126491
NC(=O)COc1ccc(-c2ccncc2)cc1Br,71,0.942860405,0.206896552,0.45,0.895167517
O=C([O-])COc1ccc(-c2ccncc2)cc1Br,71,0.861278876,0.210526316,0.48,0.840485767
O=C([O-])COc1ccc(-c2ccncc2)cc1,71,0.778800439,0.285714286,0.44,0.866844582
NC(=O)COc1ccc(-c2ccncc2)cc1,71,0.864159257,0.285714286,0.39,0.92375824
NC(=O)COc1ccc(-c2ccncc2)cc1F,71,0.89333587,0.186440678,0.46,0.902142479
NC(=O)COc1ccc(-c2ccncc2)cc1I,71,0.856731102,0.166666667,0.49,0.877378376
NC(=O)COc1ccc(-c2ccncc2)cc1OC,71,0.883921314,0.163934426,0.44,0.91012818
O=C([O-])COc1ccc(-c2ccncc2)cc1F,71,0.807484944,0.189655172,0.48,0.847460729
OC(=O)COc1ccc(-c2ccncc2)cc1I,71,0.857356945,0.189655172,0.52,0.882948512
OC(=O)COc1ccc(-c2ccncc2)cc1F,71,0.90045365,0.210526316,0.49,0.907712615
O=C(O)COc1ccc(-c2ccncc2)cc1F,71,0.90045365,0.210526316,0.49,0.907712615
O=C(O)COc1ccc(-c2ccncc2)cc1I,71,0.857356945,0.189655172,0.52,0.882948512
O=C(O)COc1ccc(-c2ccncc2)cc1,71,0.872731417,0.319148936,0.42,0.929555728
OC(=O)COc1ccc(-c2ccncc2)cc1,71,0.872731417,0.319148936,0.42,0.929555728
O=C(O)CN1C(=O)NC2(CCCc3ccccc32)C1=O,72,0.782847212,1,0,0.766614077
O=C(O)CN1C(=O)NC2(CCCc3ccccc32)C1,72,0.842419239,0.58,0.03,0.724197013
O=C(O)CN1C(=O)NCCc2ccccc2CCC1,72,0.842977087,0.41509434,0.02,0.821384819
O=C(O)CN1C(=O)NCCc2ccccc21,72,0.775622903,0.431372549,0.02,0.873527434
O=C(O)CN1C(=O)CCCNc2ccccc21,72,0.809073098,0.381818182,0.03,0.870760444
O=C(O)CN1C(=O)CCc2ccccc21,72,0.784656804,0.428571429,0,0.904721595
O=C(O)CN1C(=O)CCc2ccccc2CC1C,72,0.860758395,0.339285714,0,0.826725158
O=C(O)CN1C(=O)CCc2ccccc2CCC1C,72,0.88378979,0.339285714,0,0.777005297
O=C(O)CN1C(=O)CCc2ccccc2C1=C(Cl)Cl,72,0.913188661,0.407407407,0,0.81625449
O=C(CN1C(=O)CNCc2ccccc21)c1ccncc1,72,0.863886435,0.26984127,0.06,0.858623709
O=C(CN1C(=O)CNCc2ccccc21)c1ccncc1Cl,72,0.880670097,0.268656716,0.09,0.842887393
O=C(CN1C(=O)CNCc2ccccc21)c1cc(Cl)ncn1,72,0.684972894,0.264705882,0.01,0.816828784
O=C(O)CN1C(=O)Nc2c(F)cccc2-c2cccnc21,72,0.887644696,0.285714286,0.03,0.830788229
O=C(O)CN1C(=O)Nc2c(CO)cccc2-c2ccccc21,72,0.810612903,0.322033898,0.02,0.84442845
CC(=O)CN1C(=O)Nc2c(CO)cccc2-c2ccccc21,72,0.914699859,0.234375,0.02,0.835157234
CC(=C1C(=O)Nc2c(Cl)cccc2N1)c1ccccc1Cl,72,0.742181249,0.171875,0.12,0.815652114
CC(=C1C(=O)Nc2cc(Cl)ccc2N1)c1ccccc1Cl,72,0.742181249,0.166666667,0.21,0.83105759
CC(=C1C(=O)Nc2cc(Cl)ccc21)c1ccccc1Cl,72,0.747720846,0.166666667,0.25,0.85937935
CC(=C1C(=O)Nc2cc(Cl)ccc21)c1ccccc1I,72,0.54386256,0.161764706,0.33,0.840721108
CC(=C1C(=O)Nc2cc(Cl)ccc21)c1ccccc1,72,0.771707403,0.19047619,0.28,0.873918778
CC(=C1C(=O)Nc2cc(Cl)ccc21)c1ccccc1N=O,72,0.649325083,0.157142857,0.25,0.818633079
CC(=C1C(=O)Nc2cc(Cl)ccc2C1)c1ccccc1F,72,0.774816739,0.205882353,0.2,0.827467238
CC(=C1C(=O)Nc2cc(Cl)ccc2C1)c1ccccc1C(=O)O,72,0.819027003,0.242424242,0.16,0.827336046
CC(=C1C(=O)Nc2cc(Cl)ccc2C1)C(=O)NCc1ccccc1,72,0.840495688,0.260869565,0.15,0.832481071
CC(=C1C(=O)Nc2cc(Cl)ccc21)COCc1ccccc1,72,0.855450842,0.185714286,0.2,0.851660775
CC(=C1C(=O)Nc2cc(Cl)ccc21)C(=O)NCc1ccccc1,72,0.849460743,0.217391304,0.23,0.853650768
CC(=C1C(=O)Nc2cc(Cl)ccc2C1C)c1ccccc1,72,0.74760779,0.179104478,0.15,0.79171321
CC(=C1C(=O)Nc2cc(Cl)ccc2C1)c1ccccc1C,72,0.764804004,0.208955224,0.16,0.830686534
CC(=C1C(=O)Nc2cc(Cl)ccc2C1)c1ccccc1O,72,0.78158622,0.208955224,0.25,0.82246463
CC(=C1C(=O)Nc2cc(Cl)ccc2C1)c1ccccc1,72,0.776544001,0.238095238,0.19,0.845596041
CC(=C1C(=O)Nc2cc(Cl)ccc21)c1ccccc1C,72,0.765486397,0.164179104,0.25,0.860742537
CC=C(C=C1C(=O)Nc2cc(Cl)ccc21)c1ccccc1,72,0.793819476,0.196969697,0.3,0.833542418
CCC(=C1C(=O)Nc2cc(Cl)ccc21)c1ccccc1OCC,72,0.801357251,0.164383562,0.24,0.842179762
CC=C(C=C1C(=O)Nc2ccc(Cl)cc21)c1ccccc1,72,0.793819476,0.179104478,0.42,0.834366008
CC=C(C=C1C(=O)Nc2ccc(Cl)cc21)c1ccccc1F,72,0.783484937,0.152777778,0.44,0.819971378
CC=C(C=C1C(=O)Nc2ccc(Cl)cc21)c1ccccc1O,72,0.80308747,0.157142857,0.46,0.817378326
CC=C(C=C1C(=O)Nc2ccc(Cl)cc21)C(=O)Oc1ccccc1,72,0.517032454,0.180555556,0.4,0.816465913
CC=C(C=C1C(=O)Nc2ccc(F)cc21)c1ccncc1Cl,72,0.839085893,0.115384615,0.51,0.79094309
COc1ccc(CN2CCNC(=O)C2CC(=O)NCC2CCCC2)c(C)c1C,73,0.753237104,0.8125,0,0.788241999
COc1ccc(CN2CCNC(=O)C2CC2CCCC2)c(C)c1C,73,0.901332313,0.671875,0,0.781899081
COc1ccc(CN2C(=O)CCNC2CC2CCCC2)c(C)c1,73,0.90658072,0.285714286,0,0.765971153
COc1cnc(CCC(=O)NCC2CCCC2)c(C)c1C,73,0.87607416,0.320512821,0.04,0.851686012
COc1cnc(CC(=O)NCC2CCCC2)c(C)c1C,73,0.898901825,0.328947368,0.03,0.852722207
COc1cnc(CCNC(=O)CC2CCCC2)cc1C,73,0.868694617,0.350649351,0.02,0.864377687
COc1cnc(CC(=O)C2CCCC2)c(OC)c1C,73,0.819203629,0.256410256,0.02,0.828949505
COc1ccc(CC2CCCC2CNC2CC2)cc1OC,73,0.834116982,0.197530864,0.01,0.793015559
COc1ccc(CC2CCCC2C(=O)NCCN)cc1C,73,0.842399037,0.258823529,0.06,0.785306471
COc1ccc(CC2CCCC2C(=O)NCCCN)cc1C,73,0.760456692,0.282352941,0.07,0.786650242
COc1ccc(CC2CCCC2C(=O)NC(C)C)cc1N,73,0.819571642,0.220930233,0.03,0.780053304
COc1ccc(CCNC(=O)CC2CCCC2)c(C)c1O,73,0.846915225,0.450704225,0.01,0.871502961
COc1ccc(CCNC(=O)CC2CCCC2)c(N)c1OC,73,0.759221188,0.424657534,0.02,0.861578326
COc1ccc(CC(N)C(=O)NCCC2CCCC2)cc1C,73,0.813501417,0.3375,0.01,0.83722855
COc1ncc(CC(C)C(=O)NCCC2CCCC2)cc1N,73,0.811323294,0.252873563,0.2,0.78402855
COc1ncc(C(=O)NCCC2CCCC2)cc1CC(C)N,73,0.810019709,0.282352941,0.08,0.799340957
COc1ncc(C(=O)NCCCC2CCCC2)cc1N,73,0.782559314,0.346153846,0.17,0.86105569
COc1cc(C(=O)NCCC2CCCC2)cnc1N,73,0.851240611,0.337662338,0.14,0.876927895
COc1cc(C(=O)NCCC2CCCC2)cnc1NC(C)N,73,0.671421043,0.301204819,0.09,0.780409443
COc1cc(C(=O)NCCC2CCCC2)cnc1CC(C)N,73,0.810019709,0.297619048,0.06,0.795192818
COc1cc(C(=O)NCCC2CCCC2)cnc1NCCN,73,0.68090782,0.301204819,0.16,0.851654914
COc1cc(C(=O)NCCC2CCCCC2C)cnc1N,73,0.873918651,0.273809524,0.17,0.776026158
COc1cc(C(=O)NCCC2CCCCC2)cnc1N,73,0.865884962,0.333333333,0.14,0.876846243
CCOC(=O)c1sc2ncnc(NCC(c3cccs3)N(C)C)c2c1C,74,0.616238196,1,0.02,0.777919354
CCOC(=O)c1sc2ncnc(NCC(c3ccco3)N(C)C)c2c1CC#N,74,0.575762151,0.573333333,0.03,0.737691853
CCOC(=O)c1sc2ncnc(NCC(c3ccco3)N(C)C)c2c1CC,74,0.588837909,0.605633803,0.02,0.756825272
CCOC(=O)Cc1sc2ncnc(NCC(c3ccccn3)C(F)F)c2c1C,74,0.570808469,0.425,0.05,0.72802272
CCOC(=O)c1cc2c(s1)N=CC(C(C)Oc1ncccc1C(F)F)CN2,74,0.730903453,0.247311828,0.09,0.635242406
CCOC(=O)C(C)Cc1sc2ncnc(CF)c2c1-c1cccc(CN)n1,74,0.623762808,0.280898876,0.19,0.709192681
CCCc1c(C)sc2ncnc(NCC(F)(F)c3ccccn3)c12,74,0.709847387,0.283950617,0.05,0.793729035
CCCc1cc2c(c(OC(F)F)c1)N=CC(C(CN)c1nccs1)N2,74,0.778565994,0.121212121,0.16,0.638329499
CCCc1nc2c(cc1CNC(CN)c1ncccc1OC(F)F)s2,74,0.566361381,0.142857143,0.13,0.693464882
CCCc1nc2c(C(C)CNc3ncccc3C(F)F)ccn2s1,74,0.659112274,0.175824176,0.11,0.673213334
CCCc1nc2c(C(C)CNc3ncccc3CN)ccnc2s1,74,0.684838863,0.215909091,0.14,0.741454691
CCCc1ncnc(NCC(C)(C)c2cccs2)c1CN,74,0.823226421,0.25,0.09,0.775686273
CCOc1ccc2c(c1)SC(C(CN)c1ncccc1C)=N2,74,0.783030025,0.170454545,0.07,0.784930641
CCOc1ccc2c(c1)SC(C(CN)c1ncccc1C)N2,74,0.885588856,0.153846154,0.15,0.699971058
CCc1cc2c(NCC(CN)c3nccs3)ncnc2s1,74,0.730371114,0.2875,0.17,0.736412032
CCc1cc2c(NCc3ncccc3CN)ncnc2s1,74,0.757245597,0.243902439,0.12,0.818950569
CCOC(CN)CNc1ncnc2c(C)cccc12,74,0.826930762,0.272727273,0.18,0.781376272
CCc1cc2c(NCc3cccnc3CN)ncnc2s1,74,0.757245597,0.259259259,0.16,0.822799497
CCc1cc2c(NCc3nccnc3CN)ncnc2s1,74,0.749874394,0.227848101,0.11,0.794095083
CCc1cc2c(NCC(CN)OC)ncnc2cc1C,74,0.841202801,0.2375,0.21,0.770037647
CCc1cc2c(Nc3ccccc3CN)ncnc2s1,74,0.769858809,0.240506329,0.1,0.853135763
CCCc1cc2c(Nc3ccccc3CN)ncnc2s1,74,0.750776591,0.2375,0.11,0.84828676
CCCc1cc2c(Nc3cccnc3)ncnc2s1,74,0.783458694,0.240506329,0.17,0.848958145
CCCc1cc2c(Nc3ccn[nH]3)ncnc2cn1,74,0.747175883,0.156626506,0.4,0.805826827
CCOc1cc2c(Nc3ccncc3)ncnc2cn1,74,0.782812809,0.217948718,0.31,0.848848585
CCOc1cc2c(Nc3ccncc3)ncnc2[nH]1,74,0.748705412,0.223684211,0.43,0.817926003
COc1cc2c(Nc3ccncc3)ncnc2[nH]1,74,0.734036909,0.179487179,0.46,0.816587933
CCOc1cc2c(Nc3ccncc3)ncnc2[nH]c1=O,74,0.758793251,0.225,0.43,0.836774024
N#CC1C(=N)Oc2n[nH]c(-c3ccccc3)c2C1c1ccsc1,75,0.753171401,1,0.15,0.688111216
N=C1C(=O)Oc2n[nH]c(-c3ccccc3)c2C1c1ccsc1,75,0.713415339,0.596491228,0.23,0.735436754
N=C1COC(=N)c2c(-c3ccccc3)n[nH]c2C1c1ccsc1,75,0.672504462,0.367647059,0.21,0.697909872
N=C1COc2n[nH]c(-c3ccccc3)c2C1C1C=CSC=C1,75,0.882286922,0.390625,0.15,0.649933921
N=C1COc2n[nH]c(-c3ccccc3)c2C1C1C=CSC1O,75,0.796009802,0.378787879,0.2,0.609667716
N=C1COc2n[nH]c(-c3ccccc3)c2C1C1C=CSC1,75,0.892173262,0.378787879,0.18,0.64418397
N=C1COc2n[nH]c(-c3ccccc3)c2C1C1=CC=C1,75,0.874270432,0.353846154,0.14,0.715201971
N=C1COc2n[nH]c(-c3ccccc3)c2C1=C(N)N=N,75,0.623428422,0.289855072,0.17,0.722179307
N=C1COc2n[nH]c(-c3ccccc3)c2C1=C(N)N=O,75,0.721172922,0.285714286,0.13,0.748306162
N=C1COc2n[nH]c(-c3ccsc3)c2C1c1ccccc1,75,0.757229774,0.444444444,0.23,0.726647142
N=C1COc2n[nH]c(-c3ccccc3)c2C1=C1CCC=C1N,75,0.754832138,0.277777778,0.27,0.728158676
N=C1COc2nccc(-c3ccsc3)c2C1c1cccnc1,75,0.784138696,0.256756757,0.21,0.711371081
N=C1COc2ncc(-c3ccn[nH]3)c(-c3ccccc3)c2N1,75,0.677227264,0.232876712,0.17,0.750242204
N=C1COc2nccc(-c3ccn[nH]3)c2C1c1ccccc1,75,0.761494108,0.222222222,0.19,0.717089424
N=C1COc2ncc(-c3[nH]ncc3C)cc2C1c1ccccc1,75,0.762322367,0.223684211,0.23,0.71646831
N=C1COc2ccc(-c3[nH]ncc3-c3ccncc3)cc2C1=N,75,0.678434573,0.157894737,0.41,0.77156041
N=C1COc2ncc(-c3[nH]ncc3-c3ccccc3)cc2C1=CC#N,75,0.704135745,0.25,0.23,0.749488512
N=C1COc2ncc3c(-c4ccccc4)n[nH]c3c2C1C1=CCCC1,75,0.690471857,0.225,0.33,0.686664744
CC1(c2ccc3[nH]nc(-c4cccnc4)c3c2)CCC(CCC#N)C1,75,0.73287354,0.186046512,0.52,0.707207686
CC1(CCCO)CNc2ncc(-c3ccc4ncccc4c3)c(N)c21,75,0.681377109,0.086956522,0.26,0.719680504
CC1(CCCO)CNc2ncc(-c3ccc4ncccc4c3)cc2C1O,75,0.671460116,0.098901099,0.32,0.704611163
CC1(C)CCc2ccc(-c3[nH]nc4ncc(-c5ccncc5)cc34)cc21,75,0.563877593,0.148148148,0.51,0.813609701
CC1(C)COc2ccc(-c3[nH]nc4ncc(-c5ccncc5)cc34)cc21,75,0.58785861,0.158536585,0.49,0.808068811
CC1(C)COC(c2ccc3[nH]nc(-c4ccc(C#N)cc4)c3c2)=N1,75,0.783796138,0.166666667,0.56,0.819625638
CC1(C)CC(c2ccc3[nH]nc(-c4ccncc4)c3c2)CCC1=N,75,0.70266623,0.194805195,0.52,0.734473643
NCC1COC(c2ccc3[nH]nc(-c4ccc5c(c4)CCC5)c3c2)=N1,75,0.774161991,0.117647059,0.61,0.748746449
CC1(C)COC(c2ccc3[nH]nc(-c4ccncc4)c3c2)=NC1,75,0.788680101,0.126582278,0.69,0.797448355
CC1CC(c2ccc3[nH]nc(-c4ccncc4)c3c2)=CC=C1CO,75,0.768199682,0.12195122,0.7,0.741754427
CN1CCC(c2ccc3[nH]nc(-c4ccncc4)c3c2)=CC1CO,75,0.778624815,0.119047619,0.68,0.745087394
CC1=NC=NC(c2ccc3[nH]nc(-c4ccncc4)c3c2)=C1,75,0.613353515,0.135135135,0.71,0.847339246
CC1=NC=C(c2ccc3[nH]nc(-c4ccncc4)c3c2)C1,75,0.771735366,0.118421053,0.74,0.796166645
CC1COC(c2ccc3[nH]ncc3c2)=NC1c1ccncc1,75,0.789031521,0.12195122,0.72,0.715040118
CC1COC(c2ccc3[nH]ncc3c2)=CC1c1ccnn1C,75,0.789910386,0.104651163,0.77,0.674334493
CC1=CC(c2ccc3[nH]ncc3c2)=NC=CC1OC,75,0.894286094,0.1125,0.73,0.688201758
CC1(C)COC(c2ccc3[nH]ncc3c2)=CC1=N,75,0.805832053,0.144736842,0.82,0.747289689
CC1(C)COC(c2ccc3[nH]ncc3c2)=NC=C1,75,0.834176996,0.101265823,0.84,0.750739607
CC1(C)COC(c2ccc3[nH]ncc3c2)=N1,75,0.791700733,0.106666667,0.83,0.810049166
CC1COC(c2ccc3[nH]ncc3c2)=CC1O,75,0.78662456,0.12987013,0.85,0.69370128
CC1COC(c2ccc3[nH]ncc3c2)=CC=N1,75,0.812804382,0.115384615,0.88,0.694728124
CC1COC(c2ccc3[nH]ncc3c2)=NN=C1F,75,0.838395147,0.113924051,0.85,0.696470792
CN1COC(c2ccc3[nH]ncc3c2)=CC=N1,75,0.809441072,0.101265823,0.91,0.7249792
CN1CCC(c2ccc3[nH]ncc3c2)=C1N=C=O,75,0.643873817,0.097560976,0.79,0.749906471
CN1CCC(c2ccc3[nH]ncc3c2)=C1F,75,0.74424211,0.090909091,0.88,0.787862544
CC1COC(c2ccc3[nH]ncc3c2)=C(F)S1,75,0.843389294,0.128205128,0.85,0.693693028
CC1CN=C(c2ccc3[nH]ncc3c2)C(F)=C1,75,0.802165494,0.103896104,0.91,0.705399151
CC1CN=C(c2ccc3[nH]ncc3c2)C(F)=N1,75,0.801126513,0.102564103,0.88,0.698589104
CC1CN=C(c2ccc3[nH]ncc3c2)C(F)S1,75,0.843939878,0.115384615,0.89,0.661027183
CC1CN=C(c2ccc3[nH]ncc3c2)CS1,75,0.818851975,0.118421053,0.93,0.709895964
CC1CN=C(c2ccc3[nH]ncc3c2)S1,75,0.796732754,0.125,0.91,0.734396018
Cc1ccc(CNC(=O)CCC2CCCN(Cc3cccc4c3OCO4)C2)o1,76,0.789828987,1,0,0.791740263
Cc1ccc(CNC(=O)CCc2cccc3c2OCCN(C)C3)o1,76,0.916698629,0.454545455,0.01,0.842600666
Cc1ccc(CNC(=O)CCc2cccc3c2OCCNC3)cc1,76,0.889007912,0.282352941,0.02,0.866443217
Cc1ccc(CN2CCCN(Cc3cccc4c3OCC4)C2)cc1,76,0.855319803,0.275,0.01,0.860425632
Cc1ccc(CNC(=O)C2CCCN(Cc3cccc4c3CCC4)C2)o1,76,0.894116699,0.506493506,0.01,0.807582415
Cc1ccc(CNC(=O)C2CCCN(Cc3cccc4c3NCC4)C2)o1,76,0.867276115,0.506329114,0.03,0.784900228
Cc1cccc(CNC(=O)C2CCCN(Cc3cccc4c3OCO4)C2)c1,76,0.882550839,0.526315789,0.01,0.822476056
Cc1ccc(CNC(=O)C2CCCN(Cc3cccc4c3OCO4)C2)cc1,76,0.882550839,0.540540541,0,0.826935647
Cc1ccc(CNC(=O)C2CCCN(Cc3cccc4c3OCO4)C2)o1,76,0.892471709,0.731343284,0,0.802285249
Cc1ccc(CNC(=O)C2CCCN(Cc3ccccc3N(C)C)C2)o1,76,0.864559291,0.5,0.02,0.814218628
Cc1ccc(CNC(=O)C2CCCN(Cc3ccccc3N=[N-])C2)o1,76,0.813543691,0.5,0,0.764972812
Cc1ccc(CNC(=O)C2CCCN(Cc3ccccc3C#N)C2)o1,76,0.91048845,0.493506494,0.01,0.818348453
Cc1ccc(CNC(=O)C2CCCN(Cc3ccccc3C)C2)o1,76,0.915492803,0.527777778,0.01,0.83739895
COc1ccccc1CNC(=O)C1CCCN(Cc2ccc(C)o2)C1,76,0.87624318,0.443037975,0.01,0.836262342
COc1ccccc1CNC(=O)C1CCCN(Cc2ccc(C)cc2C)C1,76,0.844489429,0.325581395,0.01,0.846554261
COc1ccccc1CNC(=O)C1CCCN(Cc2ncc(C)o2)C1,76,0.872841582,0.344827586,0.02,0.81526512
Cc1ccc(CNC(=O)C2CCCN(Cc3cccnc3C)C2)o1,76,0.917279705,0.506666667,0.01,0.8139606
Cc1ccc(CNC(=O)C2CCCN(Cc3cccnc3)C2)o1,76,0.921269949,0.443037975,0.02,0.828497931
Cc1ccc(CNC(=O)C2CCCN(Cc3cccnc3N)C2)o1,76,0.877824019,0.487179487,0.16,0.810777768
Cc1ccc(CNC2CCCN(Cc3cccnc3N)C2)c(=O)o1,76,0.868596012,0.357142857,0.12,0.786152127
Cc1ccc(CN2CCCC(C(=O)NCc3cccnc3N)C2)o1,76,0.877824019,0.432098765,0.17,0.808389362
Cc1ccc(CN2CCCC(c3cccnc3NCCN)C2)oc1=O,76,0.836175939,0.274725275,0.1,0.766931573
Cc1ccc(CC2CCCN(Cc3cccnc3N)C2)cc1OC,76,0.914796934,0.284090909,0.12,0.821270744
Cc1ccc(CC2CCCN(Cc3cccnc3N)C2)oc1=O,76,0.93799273,0.365853659,0.1,0.778126164
Cc1ccc(CC2CCCN(Cc3cccnc3N)C2)nc1,76,0.942347868,0.301204819,0.1,0.802401417
Nc1ncc(CC2CCCN(Cc3cccnc3N)C2)o1,76,0.888321367,0.320987654,0.11,0.755172436
Nc1ncc(CN2CCCC(NCc3cccnc3N)C2)o1,76,0.755760546,0.279069767,0.19,0.756876177
Cc1ccc(CN2CCCC(NCc3ccncc3N)C2)o1,76,0.886776534,0.353658537,0.2,0.791164879
Cc1ccc(CN2CCCC(NCc3ccncc3N)CC2)o1,76,0.887988343,0.321428571,0.2,0.799099539
Cc1ccc(CN2CCCC(NCc3ccncc3N)C2)oc1=O,76,0.868596012,0.292134831,0.21,0.772577991
Nc1ncc(CN2CCCC(NCc3ccncc3Cl)C2)cc1OCCO,76,0.631283598,0.198019802,0.36,0.779553908
Cc1ccccc1CN1CCCC(Nc2ccnc(N)n2)CC(N)C1,76,0.789664825,0.269662921,0.23,0.765372875
Cc1ccccc1CN1CCCC(Nc2ccnc(N)n2)C(O)C1,76,0.793682265,0.287356322,0.3,0.770743661
Cc1cccc(CN2CCCC(Nc3ccncc3N)C2)c1N,76,0.756413981,0.294117647,0.12,0.791266491
Cc1cccc(CN2CCCC(Nc3ccncc3N)C2)c1,76,0.910282647,0.25,0.1,0.824663917
Cc1cccc(CN2CCCC(Nc3ccncc3N)C2)n1,76,0.907071949,0.25,0.12,0.802061754
Cc1ccncc1CN1CCCC(Cc2ccnc(N)n2)C1,76,0.936884828,0.26744186,0.3,0.782994446
Cc1ccnc(N2CCCC(Cc3ccnc4c3cnn4C)C2)n1,76,0.74140904,0.184782609,0.09,0.770631569
Cc1ccncc1N1CCCC(CNCc2ccnc(N)n2)C1,76,0.875673453,0.230769231,0.3,0.780521582
Cc1ccncc1CN1CCCC(CNCc2ccnc(N)n2)C1,76,0.841942231,0.310344828,0.31,0.783727833
O=C1C(=NCCCO)C(Cl)C(=O)c2ccccc21,77,0.665185901,1,0,0.751387928
O=C1C(=NCCCO)C(O)C(=O)c2ccccc21,77,0.74943813,0.717948718,0.01,0.752913158
O=C1C(=NCCCO)C(O)C=Nc2ccccc21,77,0.772672042,0.531914894,0.1,0.717056416
O=C1C(=NCCCO)C(=N)C(O)c2ccccc21,77,0.687111216,0.458333333,0.05,0.729092851
O=C1C(=NCCCO)C(O)CN=C1c1ccccc1,77,0.760879821,0.431372549,0.15,0.728026699
O=C1C(=NCCCO)C(=NCCO)c2ccccc21,77,0.694072488,0.4,0.02,0.770263508
CCC1=NCC(=O)c2ccccc2C1(C)CCCO,77,0.903520666,0.275862069,0.02,0.728779723
CCC1=NCC(=O)c2ccccc2C1=NCCCO,77,0.838408905,0.377358491,0.03,0.778126186
CCC1=NC(=O)c2ccccc2C1=NCCCOCCO,77,0.778659156,0.310344828,0.01,0.790200111
CCC1=NC(=O)c2ccccc2C(=NCCCO)NC1,77,0.814537156,0.363636364,0.06,0.74402762
CCC1=NC(=O)c2ccccc2C(=O)NCCCN=C1,77,0.846783618,0.177419355,0.12,0.727695879
CCC1=NC(=O)c2ccccc2C(=O)NCCCN1,77,0.799621155,0.172413793,0.15,0.765395645
C=C1CC(=O)c2ccccc2C1=NCCCO,77,0.805814483,0.416666667,0.09,0.78540179
CCC1=NC(=O)CCCNC(=O)c2ccccc21,77,0.820278993,0.169491525,0.16,0.77223892
CCC1=NC(=NCCCO)NC(=O)c2ccccc21,77,0.795955601,0.327272727,0.05,0.792385445
C=C1NC(=NCCCO)NC(=O)c2ccccc21,77,0.68721111,0.408163265,0.17,0.757698437
C=C1NC(=NCCCO)NC(=O)c2ccccc2N1,77,0.600817599,0.384615385,0.32,0.749321627
C=C1NC(=NCCCO)NC(=O)c2cccnc2N1,77,0.575646165,0.333333333,0.26,0.718625901
C=C1NC(=NCCCCCCO)NC(=O)c2cccnc21,77,0.688510694,0.305084746,0.25,0.750012675
C=C1CC(=NCCCCCCO)NC(=O)c2cccnc21,77,0.78746542,0.295081967,0.23,0.745742931
C=C1C(=NCCCCCCO)NC(=O)c2cnccc21,77,0.775908195,0.293103448,0.32,0.755049482
C=C1C(=NCCCCCO)NC(=O)c2cnccc2C1(C)C,77,0.818910925,0.25,0.36,0.739492417
C=C1C(=NCCCCCO)NC(=O)c2cnccc21,77,0.784811577,0.293103448,0.32,0.749170915
C=C1C(=NCCCCCO)C(=O)Nc2cnccc21,77,0.789470484,0.266666667,0.36,0.768523337
CC1CCCCN1C(=O)c1cc2c(=O)n3ccccc3nc2s1,78,0.690386335,1,0,0.79424015
CC1CCCN1Cc1cc(=O)n2ccccc2c1Cl,78,0.842429955,0.309859155,0.09,0.779144363
CC1CCCN1Cc1cc(=O)n2ccccc2n1,78,0.80505026,0.415384615,0,0.813443573
CC1CCCN1Cc1cc2ccccc2c(=O)[nH]1,78,0.878046622,0.308823529,0.04,0.820563395
CC1CCCN1Cc1cc(=O)c2ccccc2[nH]1,78,0.878046622,0.267605634,0.11,0.819401265
CC1CCN(C(=O)c2cc3ccccc3[nH]2)CCS1,78,0.866965076,0.277777778,0,0.803367072
CC1CCCN1Cc1nc(=O)c2ccccc2[nH]1,78,0.876140273,0.281690141,0.09,0.83094091
CC1CCCN1C1=NC(=O)c2ccccc2N1,78,0.812264469,0.298507463,0.03,0.818823641
CC1CCCN1Cc1nc2ccccc2c(=O)[nH]1,78,0.876140273,0.281690141,0.13,0.82044949
CC1CCCCN1Cc1nc2ccccc2c(=O)[nH]1,78,0.897713143,0.314285714,0.13,0.82154917
Cc1ccc(N2C(=S)N=C(Nc3ccccc3C)C23CCOC(C)C3)cc1,79,0.75651167,0.694915254,0.01,0.67751183
Cc1ccc(N2C(=S)N=CN(c3ccccc3C)C2(C)C)cc1,79,0.747907855,0.359375,0,0.797158161
Cc1ccccc1N1C(Nc2ccccc2C)=NCC1(C)C,79,0.890027926,0.349206349,0.03,0.825112817
Cc1ccccc1N1C(Nc2ccccc2C)=NCC1=S,79,0.851037633,0.307692308,0,0.829111136
Cc1ccccc1N1C(=S)C=NC1Nc1ccccc1C,79,0.869840875,0.268656716,0.03,0.762621137
Cc1ccccc1N1C(=S)CN=C1Nc1ccccc1C,79,0.851037633,0.307692308,0,0.829111136
CCN1C(=S)N=C(Nc2ccccc2C)C1C(C)C,79,0.856252237,0.308823529,0.04,0.75089307
Cc1ccccc1N1C(=S)C(Nc2ccccc2C)=N1,79,0.846643646,0.301587302,0,0.844389293
Cc1ccccc1N1C(=S)C(Nc2ccccc2C)=NC1,79,0.851037633,0.307692308,0.02,0.828412162
Cc1ccccc1N1C(=S)N=C(Nc2ccccc2C)C1,79,0.851037633,0.349206349,0.02,0.831338316
Cc1ccccc1N1C(=S)N=C(Nc2ccccc2C)CO1,79,0.854817953,0.353846154,0.02,0.794209981
Cc1ccccc1C1C(=S)N=C(Nc2ccccc2C)N1O,79,0.827260898,0.298507463,0.02,0.76456056
Cc1ccccc1C1C(=S)N=C(Nc2ccc(C(C)C)cc2)O1,79,0.807990817,0.216216216,0.05,0.766975384
Cc1ccccc1NC1=NC(=S)N(c2ccc(C(C)C)cc2)O1,79,0.654842348,0.31884058,0.01,0.81322852
Cc1ccccc1NC1=NC(=O)CN1c1ccc(C(C)C)o1,79,0.941308947,0.291666667,0.03,0.789135646
Cc1ccccc1NC1=NC(=S)N(c2ccc(C(C)C)cc2)C1=O,79,0.851241746,0.352941176,0,0.845905782
Cc1ccccc1NC1=NN(c2ccc(C)cc2)C2=C1COC(=O)C2,79,0.7401867,0.352112676,0.05,0.825205205
Cc1ccccc1NC1=NN(c2ccccc2C)C2=C1COC(=O)C2,79,0.7401867,0.27027027,0.05,0.820673794
Cc1ccccc1NC1=NN(c2ccc(C)cc2)C(=O)C12CCOC2,79,0.913988904,0.446153846,0.01,0.719259864
Cc1ccccc1NC1=NN(c2ccccc2C)C2=C1C(=O)OC2,79,0.743864396,0.281690141,0.02,0.841348492
Cc1ccccc1NC1=NN(c2ccccc2C)C(=O)CC1=CCO,79,0.903558883,0.25,0.03,0.809673614
Cc1ccccc1NC1=NC(c2ccccc2C)CC(=O)C=C1O,79,0.868392032,0.267605634,0.02,0.766813108
Cc1ccccc1NC1=NN(c2ccc(C)cc2)C(=O)C=C1O,79,0.778877759,0.363636364,0.016666667,0.873003194
Cc1ccccc1NC1=NC(c2ccccc2C)C2=C(OCC2)N1,79,0.877662847,0.273972603,0.04,0.747056185
Cc1ccccc1NC1=NC(c2ccc(C)cc2)C(=O)C=CN1,79,0.892621679,0.3,0.01,0.769244579
Cc1ccccc1NC1=NC(c2ccc(C)cc2)C(=O)C=N1,79,0.920802176,0.298507463,0.02,0.767679603
Cc1ccccc1NC1=NC(c2ccc(C)cc2)C(=O)NN1,79,0.796836713,0.294117647,0.02,0.777531618
Cc1ccccc1NC1=C(c2ccncc2)C(=O)N(C)N1,79,0.775151146,0.253521127,0.23,0.831651393
Cc1ccccc1NC1=C(c2ccc(C)cc2)NNC1=O,79,0.683807972,0.296875,0.15,0.864607546
Cc1ccccc1NC1=C(c2ccncc2)C(=O)NN1,79,0.68212633,0.25,0.28,0.835266533
Cc1ccccc1NC1=C(c2ccncc2)C(=O)NC1,79,0.895307099,0.260869565,0.36,0.829523297
Cc1ccccc1NC1=C(c2ccncc2)C(=O)NCC1,79,0.908014263,0.253521127,0.41,0.83004439
Cc1ccccc1NC1=C(c2ccncc2)C2=C(CCNC2)C1,79,0.90251665,0.223684211,0.27,0.792426275
Cc1ccccc1NC1=C(c2ccncc2)C2=C(CCNC2=O)N1,79,0.692877179,0.236842105,0.38,0.811057503
Cc1ccccc1NC1=C(c2ccncc2)C2(CCCC2)NC1=O,79,0.907642396,0.291666667,0.3,0.77012124
Cc1ccccc1NC1=C(c2ccncc2)C(=O)NC12CCCC2,79,0.907642396,0.291666667,0.38,0.766268493
Cc1ccccc1NC1=C(c2ccnc(C)c2)C(=O)NC1=O,79,0.850915222,0.25,0.65,0.846846068
Cc1ccccc1NC1=C(c2ccc(C)cc2)C(=O)NC1=O,79,0.85526128,0.3125,0.73,0.87804706
Cc1cc(OCC(=O)N(Cc2ccco2)C2C=CS(O)(O)C2)ccc1Cl,80,0.758974492,0.738461538,0.01,0.73154654
Cc1cc(OCC(=O)N(Cc2ccco2)C2(O)CCC2)ccc1Cl,80,0.810357326,0.588235294,0,0.815785002
Cc1cc(OCC(=O)N(Cc2ccco2)C2CCC2)ccc1N,80,0.83176101,0.558823529,0.01,0.863375739
Cc1cc(OCC(=O)N(Cc2ccco2)C2CCC2)ccc1F,80,0.81588296,0.558823529,0.01,0.870275857
Cc1cc(OCC(=O)N(Cc2ccco2)C2CCCC2)ccc1F,80,0.800938229,0.550724638,0.01,0.868372795
Cc1cc(OC(=O)CN(Cc2cccc(F)c2)C2CCCC2)ccc1N,80,0.481589641,0.227272727,0.02,0.858319292
Cc1cc(NC(=O)CN(Cc2ccco2)C2CCCC2)ccc1F,80,0.866764658,0.304878049,0.03,0.870639462
Cc1cc(OCC(=O)N(Cc2ccco2)C2CCCC2)ccc1N,80,0.82384119,0.550724638,0.01,0.861872684
Cc1cc(OCC(=O)N(Cc2ccco2)C2CCC2)ccc1Cl,80,0.79522764,0.709677419,0,0.872009348
Cc1cc(NCC(=O)N(Cc2ccco2)C2CCC2)ccc1O,80,0.803077129,0.363636364,0.04,0.855120117
Cc1cc(NCC(=O)N(Cc2ccco2)C2CCCCC2)ccc1O,80,0.776868142,0.35443038,0.04,0.853503068
Cc1cc(NCC(=O)N(Cc2ccco2)C2CCCC2)ccc1N,80,0.795958002,0.35443038,0.04,0.852436563
Cc1cc(NCC(=O)N(Cc2ccco2)C2CCCC2)ccc1O,80,0.794042362,0.358974359,0.04,0.854095649
Cc1ccccc1NCC(=O)N(Cc1ccco1)C1CCCC1,80,0.877544319,0.36,0.03,0.873507138
Cc1ccc(NCC(=O)N(Cc2ccco2)C2CC2)cc1N,80,0.804587247,0.363636364,0.04,0.854045323
Cc1ccc(NCC(=O)N(Cc2ccco2)C2CCCC2)cc1F,80,0.866764658,0.35443038,0.04,0.861508581
Cc1ccc(NCC(=O)N(Cc2ccco2)C2CCCC2)c(C)c1F,80,0.84365048,0.3375,0.09,0.83779084
Cc1ccc(N)c(OCC(=O)N(Cc2ccco2)C2CCCC2)c1C,80,0.810196149,0.426666667,0.06,0.841079898
Cc1ccc(N)c(NCC(=O)N(Cc2ccco2)C2CC2)c1C,80,0.803993912,0.346153846,0.07,0.833847584
COc1c(C)cc(C(=O)C2CCCN(C(=O)Cn3nc(C)nc3C)C2)cc1C,81,0.740852098,1,0,0.78314846
COc1c(C)cc(C2CCCN(C(=O)Cn3nc(C)cc3C)C2)cc1C,81,0.842818025,0.538461538,0.01,0.797459416
COc1cc(C2CCCN(C(=O)Cn3nc(C)cc3C)C2)ccc1CO,81,0.892268944,0.4,0.04,0.803203653
COc1cc(C2CCCN(C(=O)Cn3nccc3C)C2)cc(C)c1CO,81,0.892268944,0.38961039,0.01,0.780274043
COc1cc(C2CCCN(C(=O)Cn3nccc3C)C2)cc(OC)c1C,81,0.825564646,0.408450704,0,0.79663674
COc1cc(CNCC2CCCN(Cc3ccncc3C)C2=O)ccc1OC,81,0.75935002,0.224719101,0.07,0.794714611
COc1cc(OC2CCCN(Cc3ccncc3C)C2=O)ccc1OC,81,0.796278929,0.238095238,0.17,0.800531102
COc1cc(CCCC2CCCN(CC3CCOC3=O)C2)cc(C)c1OC,81,0.649793734,0.255813953,0.03,0.746894467
COc1cc(CC2CCCN(CC3CCOC3=O)C2)cc(OC)c1C,81,0.74076548,0.219512195,0.04,0.748429174
COc1cc(C2CCCN(CC3CCOC3=O)C2)cc(OC)c1C,81,0.775604003,0.230769231,0.05,0.751111512
COc1cc(C=CC(=O)C2CCCN(CC)C2)cc(OC)c1C,81,0.754522058,0.293333333,0,0.799470854
COc1c(C)cc(CN2CCCC3C(=O)CCCC32)cc1OC,81,0.853527933,0.310810811,0,0.770798741
COc1c(C)cc(CC2CCCN(C(C)=O)C2)cc1OC,81,0.855996046,0.371428571,0,0.823538166
COc1c(C)cc(CC2CCCN(C(C)=O)C2)cc1CN,81,0.925165418,0.356164384,0.02,0.799069201
COc1c(C)cc(CC2CCCN(C(=O)CN)C2)cc1OC,81,0.899940826,0.394366197,0.01,0.809826516
COc1c(C)ccc(OC2CCCN(C(=O)CN)C2)c1COC,81,0.858528979,0.342105263,0,0.783345373
COc1c(C)ccc(C2CCCN(C(=O)C3CC3)C2)c1CN,81,0.929794432,0.342465753,0.06,0.79560987
COc1c(C)cc(C2CCCN(C(=O)CN)C2)cc1OC,81,0.91669622,0.411764706,0.03,0.813504214
COc1c(C)cc(C2CCCN(C(=O)CO)C2)cc1OC,81,0.917905878,0.417910448,0.02,0.815018007
COc1c(C)cc(C2CCCN(C(=O)CO)C2)cc1CN,81,0.872962461,0.4,0.04,0.790281402
COc1c(C)cc(C2CCCN(C(=O)CO)C2)cc1C#N,81,0.916000498,0.414285714,0.02,0.781367609
COc1c(C)cc(C2CCCN(C(=O)CN)C2)cc1C#N,81,0.914211469,0.408450704,0.03,0.779853816
COc1c(C)cc(C2CCCN(C(=O)CCCO)C2)cc1CN,81,0.83973361,0.378378378,0.03,0.792119892
COc1c(C2CCCN(C(=O)CC(C)C)C2)ccnc1CN,81,0.906065142,0.328947368,0.09,0.774972796
COc1c(C2CCCN(C(=O)CN)C2)ccnc1OC(C)C,81,0.892598581,0.324675325,0.11,0.773098647
COc1c(C2CCCN(C(=O)CN)C2)ccnc1OC,81,0.880262248,0.347222222,0.1,0.782823362
COc1c(C2CCCN(C(=O)C(C)CN)C2)ccnc1OC,81,0.889434376,0.294871795,0.12,0.744450055
COc1c(C2CCCN(C(=O)C(C)CN)C2)ccnc1N,81,0.862121362,0.294871795,0.17,0.741918556
COc1c(CN)cnc(C2CCCN(C(=O)C3CC3)C2)c1,81,0.915112478,0.306666667,0.11,0.786712428
COc1c(CN)cnc(C2CCCN(C(=O)CN)C2)c1,81,0.820950996,0.324324324,0.11,0.772541493
COc1c(CN)cnc(C2CCCN(C(=O)CN)C2)c1C,81,0.843513946,0.356164384,0.1,0.75758936
COc1cncc(C2CCCN(C(=O)CCCN)C2)c1N,81,0.847676472,0.298701299,0.14,0.769715557
COc1cncc(CC2CCCN(C(=O)CN)C2)c1N,81,0.831677633,0.302631579,0.18,0.765012373
COc1cncc(CC2CCCN(C(=O)CCCN)C2)c1C,81,0.871582221,0.303797468,0.17,0.780401502
COc1cncc(CC2CCCN(C(=O)CCCN)C2)n1,81,0.84582293,0.324675325,0.13,0.778047291
COc1cncc(CC2CCCN(C(=O)CN)C2)c1C,81,0.895775401,0.32,0.2,0.775658252
CC1CC(C)CN(S(=O)(=O)c2ccc(C(=O)Nc3sccc3C#N)cc2)C1,82,0.845334314,0.701754386,0.05,0.777149777
CC1CC(C(=O)c2ccc(C(=O)Nc3ncccc3C(N)=O)cc2)CC(Cl)C1,82,0.591119831,0.352112676,0.05,0.735863897
CC1CCN(C(=O)c2cc(C(=O)Nc3nccs3)cc(C(N)=O)c2)C1,82,0.871446722,0.328767123,0.06,0.811909033
CC1CCN(C(=O)c2cc(C(=O)Nc3nccs3)c(C(N)=O)cn2)C1,82,0.854570724,0.311688312,0.06,0.787635626
CC1CCN(C(=O)c2cc(C(=O)Nc3nccs3)c(C(N)=O)cc2)C1,82,0.871446722,0.364864865,0.09,0.813193648
NC1CCN(C(=O)c2cc(C(=O)Nc3nccs3)c(C(N)=O)cc2)C1,82,0.738044485,0.315789474,0.13,0.800994747
NC1CCN(C(=O)c2cc(C(=O)Nc3nccs3)cc(C(N)=O)c2)C1,82,0.738044485,0.28,0.11,0.799710132
NC1CCN(C(=O)c2cc(C(=O)Nc3nccs3)cc(C(N)=S)c2)C1,82,0.692074762,0.256410256,0.11,0.786820022
NC1CCN(C(=O)c2cc(C(=O)Nc3nccs3)ccc2N)CC1,82,0.730140614,0.276315789,0.08,0.855756184
NC1CCN(C(=O)c2cccc(C(=O)Nc3nccs3)c2)CC1,82,0.900240648,0.253333333,0.08,0.877368541
NC1CCN(C(=O)c2ccc(C(=O)Nc3nccc(N)n3)cc2)CC1,82,0.760738489,0.232876712,0.22,0.864765271
NC1CCN(C(=O)c2ccc(C(=O)Nc3nccc(Cl)n3)cc2)CC1,82,0.815428939,0.246575342,0.23,0.865865163
NC1CCN(C(=O)c2ccc(C(=O)Nc3nccc(C)n3)cc2)CC1,82,0.884334806,0.246575342,0.21,0.876465813
NC1CCN(C(=O)c2ccc(C(=O)Nc3nccc(C#N)n3)cc2)CC1,82,0.855630144,0.220779221,0.23,0.849899126
NC1CCN(C(=O)c2ccc(C(=O)Nc3nccc(F)n3)cc2)CC1,82,0.821191959,0.232876712,0.25,0.859562888
NC1CCN(C(=O)c2ccc(C(=O)Nc3nccc(C(F)F)n3)cc2)C1,82,0.865287653,0.246753247,0.25,0.795674043
CC1CCN(C(=O)c2ccc(C(=O)Nc3nccc(C(F)F)n3)cc2)C1,82,0.908847359,0.293333333,0.2,0.807371619
CC1CCN(C(=O)c2ccc(C(=O)Nc3ncc(F)c(N)n3)cc2)C1,82,0.886651898,0.28,0.23,0.821354747
CC1CCN(C(=O)c2ccc(C(=O)Nc3nccc(N)n3)c(F)c2)C1,82,0.886651898,0.24691358,0.22,0.80974244
NC1CCN(C(=O)c2ccc(Nc3nccc(C(F)F)n3)cc2)C1,82,0.897009228,0.182926829,0.56,0.79597804
OC1CCN(C(=O)c2ccc(Nc3nccc(F)n3)cc2)CC1,82,0.846412237,0.153846154,0.63,0.865684392
NC1CCN(S(=O)(=O)c2ccc(Nc3nccc(F)n3)cc2)C1,82,0.809785472,0.24,0.6,0.799306745
NC1CCN(C(=O)c2ccc(Nc3nccc(F)n3)cc2)CC1CO,82,0.718041582,0.178571429,0.56,0.757547917
NC1CCN(C(=O)c2ccc(Nc3nccc(C(F)F)n3)cc2)CC1,82,0.888341387,0.172839506,0.57,0.846022693
NC1CCN(C(=O)c2ccc(Nc3nccc(-c4cccc(F)c4)n3)s2)C1,82,0.722425092,0.138297872,0.62,0.778161403
NC1CCN(C(=O)c2ccc(Nc3nccc(C4CCNC4)n3)cc2)C1,82,0.771104787,0.159090909,0.63,0.756734771
CC1CCN(C(=O)c2ccc(Nc3nccc(C(N)=O)n3)cc2)CC1,82,0.888961225,0.24,0.45,0.872474914
CC1CCN(C(=O)c2ccc(Nc3ncc(C(N)=O)cn3)cc2)CC1,82,0.888961225,0.25,0.33,0.875279031
CC1CCN(C(=O)c2ccc(Nc3ncc(C4=CCCN4)cn3)cc2)CC1,82,0.870902807,0.182926829,0.38,0.820893718
CC1CCN(S(=O)(=O)c2ccc(Nc3nccc(C4=NCCC4)n3)cc2)CC1,82,0.833995553,0.234567901,0.74,0.829064499
CC1CCN(C(=O)c2ccc(Nc3nccc(-c4cc[nH]c4)n3)cc2)CC1,82,0.734012968,0.176470588,0.79,0.843874439
NC1CCN(C(=O)c2ccc(Nc3nccc(-c4cc[nH]c4)n3)cc2)CC1,82,0.662592365,0.149425287,0.78,0.833372199
NC1CCN(C(=O)c2ccc(Nc3nccc(-c4cccnc4)n3)cc2)CC1,82,0.728805048,0.152941176,0.72,0.864077336
NCC1CCN(C(=O)c2ccc(Nc3nccc(-c4cccnc4)n3)cc2)CC1,82,0.697093964,0.16091954,0.74,0.861799182
CCN1CCN(C(=O)c2ccc(Nc3nccc(-c4cc[nH+]cc4)n3)cc2)CC1,82,0.725580547,0.137931034,0.8,0.788009679
CCN1CCN(C(=O)c2ccc(Nc3nccc(-c4cc[n+]([O-])cc4)n3)cc2)CC1,82,0.518579854,0.174418605,0.8,0.839061329
CCC(NC(=O)NC1=NCCS1)(C(F)(F)F)C(F)(F)F,83,0.767815654,1,0,0.744418889
CCC(NC(=O)NC1=NCCS1)(C(F)(F)F)C(F)F,83,0.786575131,0.688888889,0.06,0.666294289
CCC(C(=O)NC1=NCCS1)C(F)(F)C(F)(F)F,83,0.811089591,0.553191489,0.01,0.703087725
CCC(CC(=O)NC1=NCCS1)C(F)(F)C(F)F,83,0.789040035,0.490196078,0.02,0.686884376
CCC(CC(=O)NC1=NCCS1)C(=O)C(F)(F)F,83,0.854344575,0.5,0.01,0.730718671
CCC(CC(=O)NC1=NCCS1)C1(C(F)(F)F)CC1,83,0.865812598,0.471698113,0.01,0.672329716
CCC(CC(=O)CC1CCCC1)(C(F)(F)F)N1CC1,83,0.691856715,0.228070175,0,0.72181056
CCC(CC(=O)NC1=NCCS1)(C(F)(F)F)NCCO,83,0.680748642,0.519230769,0,0.683986223
CC(CC(=O)NC1=NCCS1)(C(F)(F)F)N1CC1,83,0.791458504,0.5,0,0.687862902
CCC(CC(=O)NC1=NCCS1)(C(F)(F)F)NC=O,83,0.745286642,0.529411765,0,0.666472401
CCC(CC(=O)NC1=NCCS1)(C(F)(F)F)NC,83,0.822386083,0.5625,0,0.685646556
CCC(CC(=O)C1=NCCS1)(C(F)(F)F)NC=O,83,0.751917448,0.407407407,0.02,0.621345594
CCC(C)(C(=O)NC1=NCCS1)C(F)(F)F,83,0.820285679,0.613636364,0.03,0.710033833
CCC(CC)(C(=O)NC1=NCCS1)C(F)(F)F,83,0.854387139,0.627906977,0.02,0.734737901
CCC(CC)(C(=O)NC1=NCCS1)C(F)(F)C(C)C,83,0.844412154,0.541666667,0.04,0.724055211
O=C(O)CC(CNS(=O)(=O)c1cccc2nsnc12)C(=O)O,84,0.642105326,0.725490196,0.01,0.775057747
O=C(O)CC(CNS(=O)(=O)c1cccc2nsnc12)CCC,84,0.756979639,0.685185185,0,0.771523111
O=C(O)CC(CNS(=O)(=O)c1cccnc1)C1CCCCC1,84,0.798973221,0.308823529,0.02,0.786339716
O=C(O)CC(CNS(=O)(=O)c1ccccc1F)C1CCCC1,84,0.804354718,0.380952381,0,0.796858546
O=C(O)C(CNS(=O)(=O)c1ccccc1F)C1CCCCC1,84,0.839191828,0.323076923,0,0.807690576
O=C(O)CC(CNS(=O)(=O)c1ccccc1F)C1CCCCC1,84,0.797273804,0.375,0,0.797479748
O=C(O)CC(CNS(=O)(=O)c1ccccc1F)C1CCCCC1=O,84,0.776770543,0.367647059,0.01,0.746377157
O=C(O)CC(CNS(=O)(=O)c1ccccc1F)c1ccccc1,84,0.812319775,0.607843137,0,0.838141287
O=C(O)CC(CNS(=O)(=O)c1ccccc1F)c1ccccn1,84,0.801736316,0.466666667,0,0.807683835
O=C(O)CC(NS(=O)(=O)c1ccccc1F)c1ccccn1,84,0.843106317,0.323076923,0,0.820619202
O=C(O)CC(CNS(=O)(=O)c1ccccc1F)c1cccs1,84,0.808637954,0.466666667,0,0.80294934
O=C(O)CC(NS(=O)(=O)c1ccccc1F)c1ccccc1,84,0.854367274,0.379310345,0.01,0.854241396
O=C(O)CC(NS(=O)(=O)c1ccc(F)cc1)c1ccccc1,84,0.854367274,0.333333333,0.01,0.863520337
O=C(O)CC(NS(=O)(=O)c1cccc(F)c1)c1ccccc1,84,0.854367274,0.338709677,0.01,0.855129668
O=C(O)CC(NS(=O)(=O)c1ccccc1)c1ccccc1,84,0.856549428,0.363636364,0.01,0.871133549
NC(O)c1cc(O)n(CCc2ccc(F)cc2)c1,85,0.720445335,1,0.01,0.763911312
NC(O)c1cc(F)n(CCc2ccccc2)c1,85,0.792728511,0.604651163,0.02,0.768798137
CC(O)c1cc(F)n(CCc2ccccc2)c1,85,0.862609679,0.4375,0,0.790433393
NC(O)c1cc(F)c(Cc2ccccc2)cc1,85,0.796494109,0.32,0.02,0.84293756
NC(O)c1cc(F)c(Cc2ccc(F)cc2)cc1,85,0.820901272,0.434782609,0.01,0.83307562
NCC(O)c1cnn(Cc2ccc(F)cc2)c1,85,0.832560098,0.387755102,0.08,0.82083788
CCC(O)c1cnn(Cc2ccc(F)cc2)c1,85,0.882281779,0.352941176,0,0.832335637
CCn1ccc(C(O)Cc2ccc(F)cc2)c1,85,0.862609679,0.34,0.04,0.805101021
NCc1cccc(C(O)Cc2ccc(F)cc2)c1,85,0.869221148,0.346938776,0.01,0.862263656
NCc1cncc(C(CO)c2ccc(F)cc2)c1,85,0.864496887,0.277777778,0.23,0.808052796
NCc1cncc(Cc2ccc(F)cc2F)c1,85,0.885285802,0.2,0.2,0.874504034
NCc1cncc(C(O)c2ccc(F)cc2)c1,85,0.847338826,0.31372549,0.23,0.822784355
NCc1cncc(C(F)c2ccc(F)cc2)c1,85,0.886400257,0.269230769,0.24,0.797334355
NCC(O)c1cncc(C(O)c2ccc(F)cc2)c1,85,0.775506949,0.294117647,0.2,0.769790647
NCc1cncc(C(C)c2ccc(F)cc2)c1,85,0.880163184,0.264150943,0.24,0.821970573
NCc1cncc(C(N)c2ccc(F)cc2)c1,85,0.845038247,0.294117647,0.25,0.819196534
NCC(N)c1cncc(Cc2ccc(F)cc2)c1,85,0.862418403,0.307692308,0.26,0.818992465
NCc1cncc(C(N)Cc2ccc(F)cc2)c1,85,0.86454939,0.307692308,0.24,0.823791861
NCC(N)c1cnccc1Cc1ccc(F)cc1,85,0.862418403,0.254545455,0.21,0.81373153
NCC(N)c1cncc(CCc2ccc(F)cc2)c1,85,0.8623947,0.36,0.26,0.819221286
C=Cn1ccnc1P(=S)(c1ccc(N(C)C)cc1)c1nccn1C,86,0.649608416,0.875,0,0.678504842
C=Cn1ccnc1P(=S)(c1ccc(N(C)C)cc1)C=C=C,86,0.62525386,0.727272727,0.03,0.63931562
C=Cn1ccnc1P(=C)(c1ccc([NH3+])cc1)C(C)C,86,0.846891323,0.469387755,0.04,0.573127685
C=Cn1ccnc1P(=C)(c1ccc(O)cc1)C(C)C,86,0.86988157,0.469387755,0.04,0.665127685
C=Cn1ccnc1P(=C)(c1ccc(O)cc1)CCC,86,0.850687614,0.469387755,0.01,0.662274643
C=Cn1ccnc1P(=C)(C)c1ccnc(NC)c1,86,0.846095832,0.423076923,0.08,0.638199928
C=Cn1ccnc1Pc1cc(N(C)C)cc(O)c1,86,0.845464871,0.403846154,0.01,0.640338697
C=Cn1ccnc1Pc1cc(N(C)C)cc(N)c1,86,0.664779419,0.403846154,0.05,0.639939312
C=Cn1ccnc1Cc1cc(N(C)C)ccc1O,86,0.895801087,0.442307692,0.02,0.79112485
C=Cn1ccnc1Cc1cc(N(C)C)ccc1N,86,0.836231463,0.442307692,0.04,0.78525685
C=Cn1ccnc1Cc1cc(N(C)C)ncc1F,86,0.828783313,0.339285714,0.06,0.763166081
C=Cc1cnc(N(C)C)nc1-c1ccnc(N)c1,86,0.887481914,0.216666667,0.16,0.793206696
C=Cc1cnc(N(C)C)nc1-c1ccnc(NC)c1,86,0.908055306,0.213114754,0.21,0.794339925
C=Cc1cnc(N(C)C)nc1-c1ccnc(NCCF)c1,86,0.88483507,0.194029851,0.25,0.776837512
C=Cn1cc(-c2ccncc2)nc1Nc1cccc(N)c1,86,0.717317708,0.184615385,0.29,0.810117782
C=Cn1cnc(-c2ccnc(Nc3cccnc3)c2)c1N,86,0.766523293,0.196969697,0.34,0.797680203
C=Cn1cnc(-c2ccnc(Nc3ccncc3N)c2)c1F,86,0.773304471,0.194029851,0.39,0.768976281
C=Cn1cc(-c2ccnc(Nc3ccncc3N)n2)cc1F,86,0.773304471,0.185714286,0.65,0.763382631
C=Cn1cc(-c2ccnc(Nc3ccncc3N)n2)nc1F,86,0.766997689,0.191176471,0.61,0.75818434
C=Cn1cc(-c2ccnc(Nc3ccncc3N)n2)cn1,86,0.759609845,0.15942029,0.64,0.775877681
C=Cn1cc(-c2ccnc(Nc3ccncc3F)n2)cn1,86,0.796471012,0.15942029,0.74,0.781112738
C=Cn1cc(-c2ccnc(Nc3ccncc3F)n2)c(N)n1,86,0.766997689,0.152777778,0.66,0.769080067
C=Cn1cc(-c2ccnc(Nc3ccncc3CF)n2)c(N)n1,86,0.751917346,0.146666667,0.59,0.749518192
C=Cn1cc(-c2ccnc(Nc3ccnc(C(F)P)c3)n2)cn1,86,0.726896348,0.166666667,0.82,0.65835618
C=Cn1cc(-c2ccnc(Nc3ccnc(P)c3)n2)c(N)n1,86,0.711664412,0.157142857,0.71,0.676114524
C=Cn1cc(-c2ccnc(Nc3ccnc(P)c3)n2)cn1,86,0.746526501,0.161764706,0.79,0.686617581
C=Cn1cc(-c2ccnc(Nc3ccnc(F)c3)n2)cn1,86,0.74506706,0.161764706,0.82,0.775979068
C=Cn1cc(-c2ccnc(Nc3ccncc3)n2)cc1F,86,0.796669485,0.203125,0.71,0.782040102
C=Cn1cc(-c2ccnc(Nc3ccncc3)n2)cn1,86,0.78398274,0.171875,0.73,0.795339589
Cn1cc(-c2ccnc(Nc3ccncc3)n2)cnc1=O,86,0.77965878,0.136363636,0.68,0.833913494
Cn1cc(-c2ccnc(Nc3ccncc3)n2)ccc1=O,86,0.793314897,0.121212121,0.82,0.853712738
Cn1cc(-c2ccnc(Nc3ccncc3)n2)cc1C(=O)O,86,0.766966766,0.114285714,0.73,0.84032622
Cn1cc(-c2ccnc(Nc3ccnc(N)c3)n2)ccc1=O,86,0.760336698,0.114285714,0.79,0.833908882
Cn1cc(-c2ccnc(Nc3ccnc(F)c3)n2)ccc1=O,86,0.749656692,0.114285714,0.89,0.832878113
Cn1cc(-c2ccnc(Nc3cccc(F)c3)n2)ccc1=O,86,0.807059217,0.111111111,0.9,0.866901312
C=Cn1cc(-c2ccnc(Nc3cccc(C)c3)n2)cnc1=O,86,0.802113295,0.223880597,0.78,0.812132178
C=Cn1cc(-c2ccnc(Nc3ccnc(C)c3)n2)ccc1=O,86,0.802113295,0.227272727,0.82,0.799597212
C=Cn1cc(-c2ccnc(Nc3cccc(C)c3)n2)ccc1=O,86,0.801647349,0.242424242,0.85,0.826125651
COc1ccc(-c2cnn(C3C=S(O)(O)=C3)c2N)cc1,87,0.753032425,0.70212766,0.03,0.749738276
COc1ccc(-c2cnn(C)c2SN=C=O)c(N)c1,87,0.399620557,0.268656716,0.07,0.753216558
COc1ccc(-c2cnn(C)p2=C=O)c(O)c1,87,0.803879093,0.212121212,0.03,0.644452726
COc1ccc(-c2cnn(C)p2)c(O)c1CCCO,87,0.881567273,0.2,0.05,0.734774468
COc1ccc(-c2cnn(C)c2)c(O)c1CCCO,87,0.860731543,0.23880597,0.04,0.84476576
COc1ccc(-c2cnn(C)c2O)cc1CCCO,87,0.860731543,0.257575758,0.04,0.83728187
COc1ccc(-c2cnn(CCCO)c2O)cc1,87,0.843846582,0.375,0.03,0.85919165
COc1ccc(-c2cnn(CCCO)c2N)cc1,87,0.839860546,0.471698113,0.09,0.873875511
COc1ccc(-c2cnn(CCCN)c2O)cc1,87,0.841555157,0.385964912,0.1,0.855665556
COc1ccc(-c2cnnc(N)c2CCCO)cc1,87,0.853064112,0.338983051,0.14,0.844920488
COc1ccc(-c2cnnc(N)c2CO)cc1,87,0.829808156,0.363636364,0.13,0.849334482
COc1ccc(-c2c(N)ncnc2CO)cc1,87,0.829808156,0.321428571,0.24,0.872134162
COc1ccc(-c2c(N)ncnc2OCCO)cc1,87,0.837363182,0.305084746,0.26,0.870118493
COc1ccc(-c2c(N)ncnc2C(=O)CO)cc1,87,0.791750465,0.295081967,0.23,0.851036878
COc1ccc(-c2c(N)ncnc2C(CO)CO)cc1,87,0.74585271,0.3,0.24,0.831910943
COc1ccc(-c2c(N)ncnc2OCC(C)CO)cc1,87,0.841503282,0.28125,0.25,0.802056887
COc1ccc(-c2c(N)ncnc2C(C)CO)cc1,87,0.875063059,0.295081967,0.31,0.79911325
COc1ccc(-c2c(N)ncnc2NCC(C)CO)cc1,87,0.749895255,0.296875,0.38,0.803473314
COc1ccc(-c2c(N)ncnc2N(C)C)cc1,87,0.891512421,0.275862069,0.3,0.871849773
COc1ccc(-c2c(N)ncnc2NCC(C)C(C)CO)cc1,87,0.726131413,0.292307692,0.38,0.757335901
COc1ccc(-c2c(N)ncnc2NCC(C)C(C)C)cc1,87,0.854635729,0.261538462,0.37,0.804357411
COc1ccc(-c2c(N)ncnc2NCC(C)C)cc1,87,0.875226451,0.26984127,0.39,0.86797468
CCC(C)c1[nH]c(O)c(C(C)=O)c1O,88,0.64977757,1,0,0.710596688
CCC(C)c1[nH]c(C)c(C(C)=O)c1O,88,0.728471556,0.727272727,0,0.742457799
CCC(C)c1[nH]c(C)c(CC)c1OC(C)=O,88,0.795462516,0.386363636,0,0.74983713
CCC(C)c1[nH]c(C(C)=O)c(CC)c1O,88,0.748831523,0.567567568,0,0.71866212
CCC(C)c1[nH]c(C(C)=O)c(CC)c1Cl,88,0.776764091,0.43902439,0,0.720488155
CCC(C)c1[nH]c2ccccc2c1C(C)=O,88,0.774105796,0.487804878,0.01,0.801952897
CCC(C)c1[nH]c2c(CC)c(C)ccc2c1O,88,0.813211455,0.386363636,0.05,0.741455843
CCC(C)c1[nH]c2c(CC)c(C)ccc2c1OC,88,0.838788392,0.26,0.06,0.749800474
CCC(C)c1[nH]c2c(CC)c(C)ccc2c1C(C)=O,88,0.787269065,0.434782609,0.11,0.749625643
CCC(C)c1[nH]c2c(CC)c(C)ccc2c1C(N)=O,88,0.863625943,0.34,0.14,0.747777076
CCC(C)c1[nH]c2c(CC)c(CC)ccc2c1C(N)=O,88,0.85155653,0.346938776,0.12,0.743720696
CCC(C)c1[nH]c2c(CC)c(CC)ccc2c1N(C)CO,88,0.782244755,0.283018868,0.06,0.700851717
CCC(C)c1[nH]c2c(C)c(NCC)ccc2c1C(=O)O,88,0.76804742,0.352941176,0.07,0.751890781
CCC(C)c1[nH]c2c(CN(C)CC)cccc2c1C(N)=O,88,0.856490576,0.309090909,0.21,0.751820408
CCC(C)c1[nH]c2c(CN)c(CC)ccc2c1C(N)=O,88,0.782163985,0.333333333,0.15,0.734241778
CCC(C)c1[nH]c2c(c1N)N(CC)CCCC2C(=O)O,88,0.791116255,0.285714286,0.05,0.674020616
CCC(C)c1[nH]c2c(CC)cccc2c1C(N)=O,88,0.850991829,0.354166667,0.14,0.770066408
CCC(C)c1[nH]c2c(CN)cccc2c1C(N)=O,88,0.771287584,0.34,0.19,0.750630615
CCC(C)c1[nH]c2c(N)cccc2c1C(N)=O,88,0.708231586,0.354166667,0.12,0.753043803
CCC(C)c1[nH]nc(N)c1-c1cccc(C(F)F)n1,88,0.889443857,0.236363636,0.28,0.729059046
CCC(C)c1[nH]nc(N)c1-c1cccc(CF)c1,88,0.866165688,0.214285714,0.43,0.755799928
CCC(C)c1[nH]nc(N)c1-c1cccc(F)c1,88,0.854057857,0.222222222,0.37,0.779645525
CCC(C)c1[nH]nc(N)c1-c1ccncc1F,88,0.857530347,0.218181818,0.38,0.747319829
CCC(C)c1[nH]nc(-c2ccncc2)c1N,88,0.828125997,0.244897959,0.43,0.760100597
CCC(C)c1[nH]nc(N)c1-c1ccncc1,88,0.828125997,0.244897959,0.46,0.763753247
CCC(C)C(NC(=O)C1CCC(C)CC1)C(=O)NCc1cccnc1,89,0.797713334,1,0,0.797944664
CCC(C)C(NC(=O)C1CCC(C)C1)C(=O)c1cccnc1,89,0.820732556,0.606557377,0.06,0.739291483
CCC(C)C(NC(=O)C1CCC(C)CC1)c1cccnc1,89,0.885547828,0.620689655,0.01,0.777883003
CCC(C)C(NC(=O)C1CCC1)C(=O)c1cccnc1,89,0.811111185,0.566666667,0.05,0.797336125
CCC(C)C(NC(=O)C1CCC1)C(=O)Cc1cccnc1,89,0.838432712,0.627118644,0.03,0.787992031
CCCC(C)C(CC1CC1)NC(=O)C(=O)c1cccnc1,89,0.590709713,0.352112676,0.03,0.750970545
CCC(C)C(NC(=O)C1(N)CCCC1)c1cccnc1,89,0.867456532,0.362318841,0.02,0.742242838
CC(C)C(Cc1cccnc1)NC(=O)C1CCC(N)CC1,89,0.873560051,0.492063492,0.08,0.806845413
CC(C)C(Cc1cccnc1)NC(=O)C1CCC1N,89,0.84377139,0.402985075,0.06,0.743720536
CC(C)C1CCC(N)CCN1C(=O)Cc1cccnc1,89,0.917433824,0.338028169,0.14,0.768123058
CC(C)N(Cc1cccnc1)C1CCN(C(N)=O)CC1,89,0.912349364,0.342857143,0.03,0.848859295
CC(CO)N(Cc1cccnc1)C1CCN(C(N)=O)CC1,89,0.840993,0.328767123,0.02,0.780721033
CC(CN)N(Cc1cccnc1)C1CCN(c2nccs2)CC1,89,0.880413686,0.2625,0.16,0.770104131
CC(CCN(Cc1cccnc1)C(=O)CCN)N(C)C1CC1,89,0.753054143,0.32,0.08,0.779918571
CC(CCN)N(Cc1cccnc1)C(=O)c1cccnc1,89,0.878455049,0.3,0.13,0.812648829
CC(CCN)N(Cc1cccnc1)C(=O)c1ccccc1CN,89,0.8176969,0.297297297,0.14,0.802774674
CC(CCN)N(Cc1cccnc1)C(=O)c1cncnc1,89,0.863078174,0.291666667,0.16,0.787878316
CC(CCN)N(Cc1cccnc1)C(=O)c1cnccc1CCN,89,0.76259337,0.276315789,0.24,0.777604737
CC(CCN)N(Cc1cccnc1)C(=O)c1ccncc1C1CC1,89,0.849787897,0.315789474,0.2,0.778843425
CC(CCN)N(Cc1cccnc1)C(=O)c1ccncc1C#N,89,0.87627068,0.269230769,0.17,0.776847574
CC(CCN)N(Cc1cccnc1)C(=O)c1ccncc1F,89,0.885540483,0.283783784,0.22,0.793091577
CC(CCN)N(Cc1cccnc1)C(=O)c1ccncc1CO,89,0.804538466,0.310810811,0.2,0.778532307
CC(CCN)N(Cc1cccnc1)C(=O)c1ccncc1CN,89,0.802957673,0.297297297,0.21,0.778554556
CC(CCN)N(Cc1cccnc1)C(=O)c1ccncc1OC,89,0.843430145,0.272727273,0.21,0.790172781
CC(CCN)N(Cc1cccnc1)C(=O)c1ccncc1,89,0.878455049,0.295774648,0.21,0.811094983
CC(CCc1ccco1)NC(=O)Cn1ncc2c1-c1ccccc1OC2,90,0.740505905,1,0,0.782452455
CC(CCc1ccco1)NC1=NC=C2CCC(C)(C)OC2=C1C1CC1,90,0.795567314,0.317647059,0.1,0.734374958
CC(CCc1ccco1)NC1=NC=C2CCC(C)(C)N=C2CC1=C,90,0.889079904,0.290697674,0.02,0.657738674
CC(CCc1ccc(F)cc1)NC1=NC=C2CCC=C(C)OC2=C1,90,0.849843625,0.202247191,0.03,0.751931391
CC(CCc1ccc(F)cc1)NC1=NC=CCC1C1=CC(C)(C)ON1,90,0.853115384,0.172043011,0.12,0.643471427
CC(CN)CCC=Cc1ccc(F)cc1-c1ncc2c(n1)CCOC2,90,0.869252541,0.153061224,0.16,0.729235633
CC(CNCCc1ccc(F)cc1)=C1N=COC1c1ccnc(C)n1,90,0.820970059,0.125,0.11,0.697818539
CC1CNCCC1NC=Cc1cccc(F)c1-c1ncncn1,90,0.906200994,0.104166667,0.14,0.674926371
CC1CNCCC1NC=Cc1ccc(F)cc1-c1ncncn1,90,0.906200994,0.081632653,0.18,0.679043478
CC1CNCCC1NCCc1cccc(F)c1-c1ccncn1,90,0.889728363,0.113402062,0.3,0.735894224
CC1CNCCC1NCCc1ccc(F)cc1-c1ncncn1,90,0.880927772,0.104166667,0.11,0.723640723
CC1CNCCC1NCCc1ccc(F)cc1-c1ccncn1,90,0.889728363,0.101010101,0.37,0.740761503
Cc1ccc(F)cc1CCNc1ncccc1-c1ccncn1,90,0.781581599,0.131868132,0.29,0.856566381
CC1CNCCC1Nc1ccc(F)c(-c2cncc3ccncc23)n1,90,0.768135627,0.090909091,0.46,0.710788508
Cc1ccccc1CCc1ncccc1-c1cc(N)ncn1,90,0.800982848,0.127906977,0.17,0.850146657
Cc1ccccc1CCc1ncc(-c2ccncn2)cc1N,90,0.800982848,0.112359551,0.31,0.841518772
CC1CNCCC1Nc1ncc(F)cc1-c1ccncn1,90,0.904793125,0.094736842,0.47,0.722195975
CC1CNCCC1c1ccc(F)c(-c2ccnc3ccncc23)c1,90,0.770356984,0.092783505,0.39,0.745034892
CC1CNCCC1CNc1ncccc1-c1ccncc1F,90,0.911288611,0.129032258,0.36,0.736149397
CC1CNCCC1CNc1ncc(F)c(-c2ccnc3ccccc23)n1,90,0.753346976,0.142857143,0.4,0.73973882
CC1CNCCN1CCc1cnc(N)c(-c2ccncc2F)c1,90,0.898788427,0.112244898,0.36,0.764531526
CC1CNCCC1CNc1ncc(-c2ccncn2)c2ccccc12,90,0.766514025,0.126315789,0.45,0.740428459
CC1CNCCC1CNc1nccc(-c2ccnc3ccncc23)n1,90,0.763989093,0.112244898,0.65,0.726318688
CC1CNCCN1CCc1cnc(-c2ccncc2)c2ccncc12,90,0.795037275,0.105263158,0.39,0.767387821
CC1CNCCC1Nc1cccc(-c2ccnc3ccncc23)c1,90,0.772824663,0.125,0.41,0.753041863
CC1CNCCN1CCc1cnc(-c2ccncn2)cc1Br,90,0.903344243,0.104166667,0.34,0.749939158
CC1CNCCN1CCc1cnccc1-c1ccncn1,90,0.918363286,0.119565217,0.42,0.765956819
CC1CNCCN1Cc1cnccc1-c1ccncn1,90,0.910829938,0.10989011,0.39,0.773040842
CC1CNCCN1Cc1cccc(-c2ccncn2)c1,90,0.92337035,0.107526882,0.48,0.809318547
CC1CNCCN1c1cccc(-c2ccncn2)c1,90,0.888972738,0.098901099,0.5,0.802399959
CC1CNCCN1Cc1ccccc1-c1ccncn1,90,0.92337035,0.134831461,0.4,0.80121268
CC1CNCCN1CCc1cccc(-c2ccncn2)c1,90,0.930783966,0.117021277,0.43,0.804616621
CC1CNCCN1CCc1ccc(-c2ccncn2)c2ccncc12,90,0.795037275,0.114583333,0.43,0.768220462
CC1CNCCN1CCc1ccc(-c2ccncn2)c2ccccc12,90,0.796843008,0.127659574,0.4,0.792258715
CC1CNCCN1CCc1ccc(-c2ccncn2)cc1CN,90,0.874436481,0.090909091,0.57,0.7735349
CC1CNCCN1CCc1ccc(-c2ccncn2)cc1,90,0.930783966,0.097826087,0.47,0.811799995
CC1CNCCN1c1ccc(-c2ccncn2)cc1CN,90,0.891060305,0.082474227,0.58,0.777303835
CC1CNCCN1c1ccc(-c2ccncn2)cc1CCN,90,0.893736838,0.091836735,0.57,0.774468484
COc1ccc(C(O)P(=O)(OCC(C)C)OCC(C)C)cc1,91,0.68664973,0.642857143,0,0.776112984
COc1ccc(C(O)P(=O)(OCC(C)C)OC)c(C)c1,91,0.780814648,0.688888889,0,0.738933259
COc1ccc(C(O)C(=O)OCC(C)C)c(C)c1,91,0.816445983,0.469387755,0.02,0.824441107
COc1ccc(C(N)C(=O)OCC(C)C)c(C)c1,91,0.814901389,0.431372549,0.04,0.817916428
COc1ccc(C(N)C(=O)OCC(C)C)cc1C,91,0.814901389,0.327272727,0.05,0.826787582
COc1ccc(C(N)C(=O)OCC(C)C)c(OC)c1,91,0.79705725,0.553191489,0.03,0.823742084
COc1ccc(C(N)C(=O)OCC(C)C)c(C)c1OC,91,0.809460335,0.345454545,0.04,0.798081697
COc1ccc(C(N)C(OCC(C)C)C(C)C)cc1,91,0.821548917,0.307692308,0.07,0.769409794
COc1ccc(C(N)C(C)OCC(C)C)cc1,91,0.827067725,0.32,0.04,0.793694646
COc1ccc(C(N)C(C)OCC(C)C)c(OC)c1,91,0.825039182,0.510638298,0.05,0.765600442
COc1ccc(C(N)C(=O)OCC(C)C(C)C)cc1,91,0.802843988,0.296296296,0.03,0.793211905
COc1ccc(C(N)C(OCC(C)C)C(C)C)c(OC)c1,91,0.798342231,0.489795918,0.08,0.749769844
CC1Cc2ccccc2N1C(=O)Cn1nnc(-c2ccccc2)c1NC(=O)C1CC1,92,0.711576709,0.555555556,0.13,0.783895647
CC1Cc2ccccc2N1C(=O)Cn1nnc(-c2ccccc2)c1NC(=O)O,92,0.727905832,0.479452055,0.07,0.779709611
CC1CNc2ccccc2N1C(=O)Cn1nnc(C2CCCCC2=O)n1,92,0.902517467,0.390243902,0.1,0.702800086
CC1OCc2ccccc2N1C(=O)Cn1nnc(C2CCCC2)c1NC,92,0.912930815,0.353658537,0.03,0.717317716
CCC1C(C)(N)CCN1C(=O)CCn1nnc(-c2ccccc2)n1,92,0.897178046,0.317073171,0,0.722583231
CCC1C(=O)N(C)c2nnc(-c3cccc(N)c3)n2C1CC,92,0.883274538,0.134831461,0.07,0.721092173
CCC1C(=O)CCC1c1nnc2cccc(NC(C)C)n12,92,0.938244433,0.170454545,0.05,0.69173359
CCCC(=O)NCCc1nnc2cccc(C3CCC3)n12,92,0.887067116,0.220930233,0.05,0.83355729
CCCC(=O)NCCc1nnc2cccc(C3CC3)n12,92,0.875377543,0.197674419,0.04,0.834148267
CCCC(=O)NCCc1nnc2cccc(CC)n12,92,0.860483709,0.164705882,0.02,0.840074334
CN(CC1CCC1)C(=O)c1cccc2nnc([S-])n12,92,0.796737875,0.202380952,0.03,0.755433975
CN(C(=O)c1cccc(-n2cnnc2)c1)C1CCC1,92,0.842316173,0.2,0,0.850774334
CN(C(=O)c1cccc(CC2CCC2)c1)C1CCCCC1,92,0.800893035,0.185185185,0.01,0.887690367
CN(C(=O)c1cccc(CC2CCC2)c1)C1CCCCCC1,92,0.729600775,0.185185185,0.01,0.886438308
CN(C(=O)c1cccc(-n2cnnc2)c1)C1CCCCC1,92,0.870389676,0.195121951,0,0.852262549
CN(C(=O)c1cccc(-n2cnnc2)c1)C1CCCCCC1,92,0.818317531,0.195121951,0,0.852641368
CN(C(=O)c1cccc(-c2nnc3n2CCC3)c1)C1CC1,92,0.866221252,0.197674419,0.02,0.857286521
CN(C(=O)c1cccc(-c2nnc3n2CCC3)c1)C1CCC1,92,0.874228164,0.211764706,0.01,0.855700091
CN(C(=O)C1CCCC(CN)C1)c1cccc(-c2ccccn2)n1,92,0.938418014,0.202247191,0.15,0.753386471
CN(C(=O)Cn1nnc(-c2cccc(O)c2)n1)C1CCCC(C)C1,92,0.928216195,0.345679012,0.02,0.757159928
CN(C(=O)C1CCCC(CN)C1)c1cccc(-c2cccc(O)c2)n1,92,0.896450471,0.197802198,0.13,0.754800138
CN(C(=O)c1cccc(-n2nnc(C3CCC3)n2)c1)C1CCCNC1,92,0.917627809,0.206521739,0.08,0.762484137
CN(C(=O)Cn1nnc(-c2cccc(O)c2)n1)C1CCCC(CN)C1,92,0.837824097,0.317647059,0.07,0.74343004
CN(C(=O)C1CCCC(CN)C1)c1cccc(-c2cccc(O)n2)c1,92,0.896450471,0.211111111,0.17,0.741100246
CN(C(=O)C1CCCC1)c1cccc(-c2nnc3ccccn23)c1,92,0.741354184,0.235294118,0.05,0.852086734
CN(C(=O)C1CCCC1)c1cccc(-c2nnc(CN)cn2)c1,92,0.934841889,0.23255814,0.15,0.826165511
CN(C(=O)C1CCCC1)c1cccc(-c2cncc(CN)n2)c1,92,0.942215605,0.204545455,0.26,0.840627282
CN(C(=O)CNCc1cccc(-c2cnc(CN)cn2)c1)C1CCCC1,92,0.796203022,0.178947368,0.26,0.834466946
CN(C(=O)Cn1cc(-c2cccc(CN)c2)nn1)C1CC2CCC1C2,92,0.904319598,0.1875,0.22,0.634547192
CN(C(=O)Cn1cc(-c2cccc(C(O)CN)c2)nn1)C1CCCCC1,92,0.820450464,0.217391304,0.17,0.778764781
CN(C(=O)Cn1cc(-c2cccc(CN)c2)nn1)C1CC2CCC(C1)N2,92,0.840621675,0.189473684,0.25,0.645135483
CN(C(=O)Cn1cc(-c2cccc(CN)c2)nn1)C1CCC2CC1C2,92,0.904319598,0.189473684,0.22,0.6837134
CN(C(=O)Cn1cc(-c2cccc(CN)c2)nn1)C1CCCC(C)C1,92,0.906007169,0.22826087,0.14,0.75366081
CN(C(=O)NCc1cccc(-c2cnc(CN)cn2)c1)C1CCCC1,92,0.877019428,0.182795699,0.25,0.841088324
CC1CCCCN1C(=O)CNCc1cccc(-c2cnc(N)cn2)c1,92,0.872431976,0.22826087,0.18,0.796484137
CC1CCCCN1C(=O)Cn1cc(-c2cccc(N)c2)nn1,92,0.878522382,0.270588235,0.1,0.803393401
CC1CCCCN1C(=O)NCc1cccc(-c2cnc(N)cn2)c1,92,0.90861005,0.206521739,0.21,0.804882116
CC1CCCCN1C(=O)NCc1cccc(-c2cnc(CN)c(Cl)c2)c1,92,0.853216301,0.210526316,0.19,0.799786403
CC1CCCCN1C(=O)NCc1cccc(-c2cnc(C3(N)CC3)cn2)c1,92,0.871491823,0.195876289,0.17,0.769722093
CC1CCCCN1C(=O)NCc1cccc(-c2cnc(C3CCC(N)CC3)cn2)c1,92,0.794984629,0.195876289,0.23,0.775326918
CC1CCCCN1C(=O)NCc1cc(-c2cncc(-c3ccncn3)c2)ccn1,92,0.736933146,0.197916667,0.31,0.777772486
CC1CCCCN1C(=O)Nc1ccc(-c2cncc(-c3ccncn3)c2)cc1,92,0.727559128,0.195652174,0.42,0.807476098
CC1CCC(CN)N(C(=O)Nc2ccc(-c3cncc(CN(C)C)c3)cc2)CC1,92,0.807666328,0.175257732,0.24,0.762869316
CC1CC(CN)CCN1C(=O)Nc1ccc(-c2cncc(C(F)F)c2)cc1,92,0.83916366,0.189473684,0.36,0.751027831
CC1CC(CN)CCN1C(=O)Nc1ccc(-c2cncc(N)c2)c(F)c1,92,0.786264921,0.20212766,0.46,0.749414271
CC1CC(CN)CCN1C(=O)Nc1ccc(-c2cncc(F)c2)c(N)c1,92,0.735519666,0.20212766,0.49,0.745178654
CC1CC(CN)CCN1C(=O)Nc1ccc(-c2cncc(F)c2)c(F)c1,92,0.878191172,0.204301075,0.37,0.755849255
CC1CC(CN)CCN1C(=O)Nc1cncc(-c2ccc(C#N)c(F)c2)c1,92,0.869562141,0.191919192,0.43,0.742739774
CC1CC(CN)CCN1C(=O)Nc1cncc(-c2ccc(N(C)C)c(F)c2)c1,92,0.844133546,0.193877551,0.44,0.742260981
CC1CC(CN)CCN1C(=O)Nc1cncc(-c2ccc(NCCN)nc2)c1F,92,0.588832578,0.204081633,0.41,0.70932729
CC1CC(CN)CCN1C(=O)Nc1cncc(-c2ccc(N)nc2)c1F,92,0.780509235,0.212765957,0.49,0.717310372
CC1CC(CN)CCN1C(=O)Nc1cccc(-c2cncnc2N)c1F,92,0.780509235,0.234042553,0.48,0.733686136
CC1CC(CN)CCN1C(=O)Nc1ccc(-c2cncnc2N)c(F)c1,92,0.780509235,0.18556701,0.53,0.742454102
CNC(=O)C1CC(=O)N(CCc2ccc(OC)cc2)C(=Nc2ccccc2)S1,93,0.813458687,0.909090909,0,0.79783115
CNC(=O)C1CC(=O)N(CCc2ccccc2)C(=Nc2ccc(OC)cc2)S1,93,0.813458687,0.909090909,0.01,0.798901534
CNC(=O)C1CC(=O)N(CCc2ccc(OC)cc2)C(SC)=N1,93,0.880478762,0.538461538,0,0.763863883
CNC(=O)C1CN(Cc2ccc(OC)cc2)C(SC)=NC1C,93,0.921219458,0.342465753,0.02,0.724048289
CNC(=O)C1CN(Cc2ccc(OC)cc2)C(C)C(C)SC1,93,0.924035444,0.371428571,0.02,0.726994158
CNC(=O)C1CN(Cc2ccc(OC)cc2)C(C)C(C)O1,93,0.911666176,0.362318841,0.02,0.72755822
CNC(=O)C1CCN(Cc2ccc(OC)cc2)C(C)CN1,93,0.868639518,0.371428571,0.01,0.783915076
CNC(=O)C1CCN(Cc2ccc(OC)cc2)C(C)CC1,93,0.925772122,0.367647059,0.01,0.81881312
CNC(=O)C1CCN(Cc2ccc(OC)cc2)C(C)C1,93,0.91478404,0.367647059,0,0.806700256
CNC(=O)C1CCN(Cc2ccc(OC)cc2)C(CCN)C1,93,0.832834934,0.342465753,0.02,0.780895155
CNC(=O)C1CCN(c2ccc(OC)cc2)C(CCN)CC1,93,0.869744721,0.315068493,0.07,0.788388951
CNC(=O)C1CCN(c2ccc(OC)cc2)C(CCN)C1,93,0.859728208,0.315068493,0.06,0.775885871
CC1C2Cn3c(nc4ccccc43)C1N(C)O2,94,0.691606859,1,0.03,0.606889539
CC1Cn2c(nc3ccccc32)C(N(C)C)O1,94,0.751841632,0.489795918,0.01,0.723051084
CC1Cn2c(nc3ccccc32)C(C)CN1O,94,0.755621,0.479166667,0,0.718468071
CC1CN(Cn2c(N)nc3ccccc32)C(C)O1,94,0.874922469,0.333333333,0.06,0.726988078
CCC1Cn2c(nc3ccccc32)C(=O)N1CC,94,0.811314473,0.339285714,0.03,0.78584254
CCCn1c(Cn2c(C)nc3ccccc32)cn1C,94,0.704974657,0.254237288,0.02,0.805282026
CC1CN(Cn2c(N)nc3ccccc32)CCO1,94,0.867380411,0.327586207,0.06,0.799684993
CC1Cn2c(nc3ccccc32)C(C)N1CCO,94,0.876764401,0.48,0,0.734420657
CC1Cn2c(nc(NN)c2-n2cccc2)C1C,94,0.610752867,0.224137931,0.06,0.647180251
CC1CN(Cn2cncn2)c2c(N)cccc2O1,94,0.802428805,0.176470588,0.08,0.728734401
CC1=C(n2cnc3ccccc32)N(C)CCN1,94,0.806430669,0.237288136,0.1,0.797398114
CC1CCN(Cn2c(N)nc3ccccc32)CCN1,94,0.852218202,0.278688525,0.13,0.7889391
CC1CN(Cn2c(N)nc3ccccc32)CCN1C,94,0.88057373,0.327586207,0.08,0.795090232
CC1CN(Cn2c(N)nc3cnccc32)CCN1C,94,0.856762251,0.212121212,0.27,0.760691372
CC1CN(Cn2c(N)nc3cnccc32)CCN1,94,0.795280464,0.194029851,0.26,0.749642389
CC1CN(Cn2c(N)nc3ccncc32)CCN1C,94,0.856762251,0.230769231,0.27,0.76020932
O=C(Nc1ccc(Br)cc1)c1nn(C23CC4CC(CC(C4)C2)C3)cc1,95,0.802950503,0.66,0,0.705992389
O=C(Nc1ccc(Br)cc1)c1nn(C23CC4CC(CC2C4)C3)cn1,95,0.871078198,0.526315789,0,0.590965221
O=C(Nc1ccc(Br)cc1)C1CC(C23CCC(CC2)C3)CN1,95,0.854041176,0.349206349,0.01,0.64101055
O=C(Nc1ccc(Br)cc1)C1CC2CCCCC(C2)C1NO,95,0.709247824,0.322580645,0.02,0.6410145
O=C(Nc1ccc(Br)cc1)C1CC2CCCCC2(CO)C1,95,0.864972681,0.328125,0,0.732664984
O=C(Nc1ccc(Br)cc1)C1CC2CCCCC21CO,95,0.885104182,0.317460317,0,0.732652128
O=C(Nc1ccc(Br)cc1)C1CCC(O)(CO)CC1,95,0.797402765,0.327586207,0,0.86637621
O=C(Nc1ccc(Br)cc1)c1cn(CC2CC2)cn1,95,0.939368347,0.389830508,0,0.865595986
O=C(Nc1ccc(Br)cc1)c1cn(CCCCO)cn1,95,0.796064079,0.344262295,0.01,0.869261088
O=C(Nc1ccc(Br)cc1)c1cc(O)c(CO)cn1,95,0.809322883,0.316666667,0,0.873215687
O=C(Nc1ccc(Br)cc1)c1cc(O)c(CCCCO)cn1,95,0.687311035,0.292307692,0.01,0.865080063
O=C(Nc1ccc(Br)cc1)c1cc(CO)ccn1,95,0.915965911,0.327586207,0.02,0.90702091
O=C(Nc1ccc(Br)cc1)c1cc(CF)ccn1,95,0.941616164,0.322033898,0.02,0.889388633
O=C(Nc1ccc(Br)cc1)c1cc(CN)ccn1,95,0.915476579,0.322033898,0.08,0.904578678
O=C(Nc1ccc(Br)cc1)c1cc(CN)cnc1N,95,0.80711598,0.316666667,0.21,0.885453133
O=C(Nc1ccc(Br)cc1)c1cc(CN)ncn1,95,0.907932092,0.322033898,0.14,0.879658015
O=C(Nc1ccc(Br)cc1)c1cc(Cn2ccnc2)c[nH]1,95,0.762342631,0.303030303,0.08,0.850578311
O=C(Nc1ccc(Br)cc1)c1cc(NC2CC2)ncn1,95,0.902416164,0.35,0.1,0.881453531
CC(=CNc1cc(Br)ccc1N)c1ccnc(NC(=O)O)c1,95,0.615743284,0.173333333,0.11,0.809496704
CC(Nc1ccc(Br)cc1)c1cc(N)cc(=O)[nH]c1=O,95,0.802196699,0.179104478,0.06,0.795387647
CC(=CN=Cc1ccc(Br)cc1)c1cc(N)c(=O)[nH]c1,95,0.847517806,0.136986301,0.09,0.772807647
CC(=C(N)Cc1ccc(Br)cc1)Nc1cc(=O)[nH]cn1,95,0.800988671,0.183098592,0.13,0.785177702
COC(=CNc1ccc(Br)cc1)c1cc(N)cc(=O)[nH]1,95,0.750299006,0.188405797,0.05,0.794792812
COC(C(=O)c1ccc(Br)cc1)c1cc(N)ncn1,95,0.874640766,0.176470588,0.1,0.784742858
COc1cc(C(=O)Nc2ccc(Br)cc2)nc(N)c1,95,0.910703863,0.31147541,0.08,0.895321348
Cc1cc(C(=O)Nc2ccc(Br)cc2)nc(N)c1,95,0.895982323,0.327586207,0.09,0.893856235
O=C(c1ccc(Br)cc1)c1ccnc(NC2CCNC2)n1,95,0.830768098,0.211267606,0.31,0.798697278
O=C(c1ccc(CO)cc1)c1ccnc(NC2CCCC2)n1,95,0.829578082,0.136986301,0.28,0.869975984
CCCC1=NN2C(=O)CC(=CC(=O)Nc3nnc(CC)s3)C2=N1,96,0.836206356,0.402597403,0,0.758664969
CCCC1=NN2C(=O)CC(=CC(=O)Nc3nnc(CC)s3)C=C2S1,96,0.812867043,0.534246575,0.01,0.714301659
CCCC1=NN(CC)C(=CC(=O)Nc2ncc(Cl)s2)C=C1CO,96,0.769585128,0.208791209,0.06,0.711233642
CCCC1=NN(CC(=O)Nc2ncc(Cl)s2)C=C1CC(=O)OC,96,0.769114889,0.224719101,0.05,0.805695661
CCCC1=NN(CC(=O)Nc2ncc(Cl)s2)C=C1CCCO,96,0.772082046,0.227272727,0.08,0.803174355
CCCC1=Nn2cc(CC(=O)Nc3nccs3)cc2CO1,96,0.922908057,0.222222222,0.03,0.732830266
CCCC1=CN(CC(=O)Nc2ncc(Br)s2)C=NC1=O,96,0.88869909,0.238095238,0.26,0.798626877
CCCC1=CN(CC(=O)Nc2ncc(Br)s2)C=N1,96,0.917439757,0.231707317,0.24,0.815267366
CCCC1=CN(CC(=O)Nc2ncc(Br)s2)C=NC1,96,0.894426113,0.235294118,0.24,0.727993422
CCCc1cn2cc(C(=O)Cc3nccs3)ccc2n1,96,0.676444191,0.157303371,0,0.818808442
CCCC1=CN(CC(=O)Nc2ccnnc2)CCS1=O,96,0.880542802,0.206896552,0.02,0.668196284
CCCC1=CN(CC(=O)Nc2cccnc2)CCS1=O,96,0.897769715,0.191011236,0.03,0.704501547
CCCC1=CN(Cc2cccnc2N)C(=O)CCS1,96,0.919040831,0.170454545,0.12,0.755186585
CCCC1=CN(Cc2ccncc2Br)C(=O)CSCCN1,96,0.884603655,0.163043478,0.19,0.678057034
CCCC1CCN(C(=S)Nc2cccnc2)CCS1=O,96,0.868606919,0.138297872,0.01,0.702917197
CCCc1cn(CC(=O)CCc2ccncc2)c(N)n1,96,0.836423433,0.178571429,0.12,0.822075393
CCCc1cn(CC(=O)NCC(N)Cc2ccncc2)s1,96,0.777553573,0.168539326,0.16,0.743242545
CCCc1cnc(NC(=O)N(CC)Cc2ccncc2)s1,96,0.887647887,0.186046512,0.1,0.848338316
CCCc1cnc(NC(=O)CCc2ccncc2)s1,96,0.881162887,0.243589744,0.13,0.871420079
CCCc1cnc(NC(=O)CCc2ccncc2)c(N)n1,96,0.845994243,0.174418605,0.28,0.842738572
CCCc1cnc(NC(=O)CCC(N)Cc2ccncc2)s1,96,0.783986338,0.218390805,0.25,0.79363638
CCCc1cnc(NC(=O)CCC(N)c2ccncc2)s1,96,0.823833938,0.223529412,0.23,0.792901393
CCCc1cnc(NC(=O)CCC(N)=Cc2ccncc2)s1,96,0.821612451,0.235294118,0.27,0.808272985
CCCc1cnc(NC(=O)CC(N)=Cc2ccncc2)s1,96,0.85946285,0.226190476,0.27,0.800081905
CCCc1cnc(NC(=O)CC(N)c2ccncc2)s1,96,0.856259277,0.214285714,0.22,0.791456473
CCNc1cnc(NC(=O)CCc2ccncc2Cl)s1,96,0.859582494,0.209302326,0.15,0.823698605
CCCc1cnc(NC(=O)CCc2ccncc2Cl)s1,96,0.884566752,0.228915663,0.17,0.851500224
CCCc1cnc(NC(=O)Cc2ccncc2Cl)s1,96,0.920351248,0.214285714,0.17,0.850931884
O=C(NCc1ccc(F)cc1)C1CCN(S(=O)(=O)N2CCC3(CC2)OCCO3)CC1,97,0.742884854,1,0,0.783659332
O=C(CCc1ccc(F)cc1)C1CCN(S(=O)(=O)N2CCC3(CC2)OCCN3)CC1,97,0.729989635,0.523076923,0.01,0.732638044
O=C(CCc1ccc(F)cc1)C1CCN(S(=O)(=O)N2CCC3(CC2)OCCN3)C1,97,0.743531263,0.5,0.01,0.680194431
O=C(Cc1ccc(F)cc1)C1CCN(S(=O)(=O)N2CCN3CCCC32)CC1,97,0.760428502,0.402985075,0,0.773188827
O=C(Cc1ccc(F)cc1)C1CCN(C(=O)N2CCCC2)CCN1,97,0.917914556,0.271428571,0,0.802049786
O=C(NCc1ccc(F)cc1)C1CCN(C(=O)N2CCCC2)CC1,97,0.923194583,0.535714286,0,0.898422293
O=C(NCc1ccc(F)cc1)C1CCN(C2CCCCNC2=O)CC1,97,0.873422701,0.461538462,0.01,0.823675803
O=C(NCc1ccc(F)cc1)C1CCN(C2CCCCNC2)CC1,97,0.888571634,0.46875,0.02,0.828828712
O=C(NCc1ccc(F)cc1)C1CCN(C2CCCNC2)CC1,97,0.89090222,0.476190476,0.02,0.830823534
O=C(Cc1ccc(F)cc1)N1CCC(N2CCCCC2)CC1,97,0.857109736,0.292307692,0,0.899525263
O=C(NCc1ccc(F)cc1)C1CCN(C2CCCN2)CC1,97,0.892347339,0.491803279,0,0.816361513
O=C(NCc1ccc(F)cc1)C1CCC(N2CCCOCC2)C1,97,0.925682243,0.46875,0.02,0.797184925
O=C(NCc1ccc(F)cc1)C1CCC(N2CCCOCC2)CC1,97,0.920460235,0.508196721,0.01,0.881603217
O=C(NCc1ccc(F)cc1)C1CCC(N2CCCOCCC2)CC1,97,0.908979664,0.525423729,0.01,0.874488301
O=C(NCc1ccc(F)cc1)C1CCCN(Cc2ccoc2)CC1,97,0.914443655,0.476923077,0,0.83798102
O=C(NCc1ccc(F)cc1)C1(c2cnn(C3CCC3)c2)CC1,97,0.921816208,0.367647059,0.02,0.837361774
O=C(NCc1ccc(F)cc1)N1CCCC(c2[nH]ncc2CO)CC1,97,0.795609598,0.32,0.1,0.801409564
O=C(NCc1ccc(F)cc1)N1CCCC(c2nccn2CCO)CC1,97,0.860643922,0.311688312,0.03,0.80766028
O=C(NCc1ccc(F)cc1)N1CCCC(c2ncc[nH]2)(CO)CC1,97,0.793582398,0.315789474,0.15,0.767949735
O=C(NCc1ccc(F)cc1)N1CCCC(c2nccnc2N)CC1,97,0.8972852,0.328767123,0.14,0.808482214
O=C(NCc1ccc(F)cc1)N1CCCC(c2ncc[nH]2)CC1,97,0.914132692,0.328767123,0.05,0.815025141
O=C(NCc1ccc(F)cc1)NCc1cnccc1-c1ccoc1,97,0.754515321,0.309859155,0.26,0.859432887
O=C(NCc1ccc(F)cc1)N1CCCCCC(c2ncc[nH]2)CCC1,97,0.863781088,0.324324324,0.06,0.766042577
O=C(NCc1ccc(F)cc1)N1CCCCCC(c2ncc[nH]2)CC1,97,0.889345598,0.32,0.06,0.7673914
O=C(NCc1ccc(F)cc1)NCc1cncnc1N1CCCCC1,97,0.875460781,0.328571429,0.1,0.866726868
O=C(NCc1ccc(F)cc1)N1CCCCCC(c2ncc[nH]2)(CO)CC1,97,0.769589891,0.307692308,0.15,0.72393805
O=C(NCc1ccc(F)cc1)N1CCCCCC1(O)c1nccnc1N,97,0.778675573,0.342465753,0.1,0.75785605
O=C(NCc1ccc(F)cc1)N1CCCCCC(=O)NCc2ncoc2CC1,97,0.828170558,0.2875,0.02,0.76064355
O=C(NCc1ccc(F)cc1)N1CCC=C(NCc2ncoc2Cl)CC1,97,0.835639401,0.291139241,0.07,0.778798843
O=C(NCc1ccc(F)cc1)N1CCC=C(c2ncncc2F)CCCC1,97,0.888312497,0.282051282,0.07,0.786149371
O=C(NCc1ccc(F)cc1)Nc1ccc(N2CCCNCC2)cc1F,97,0.785406159,0.310810811,0.02,0.882103664
O=C(NCc1ccc(F)cc1)N1CC=C(c2ccncc2)N=CC1,97,0.943658551,0.3,0.1,0.818626953
O=C(NCc1ccc(F)cc1)N1CCC(c2ccncc2)(N(C)C)CC1,97,0.916201483,0.347826087,0.05,0.839120747
O=C(NCc1ccc(F)cc1)N1CCCC(c2ccncc2)(NCCO)CC1,97,0.712495113,0.32,0.08,0.78387052
O=C(NCc1ccc(F)cc1)N1CCCC(c2ccncc2)(NCCO)C1,97,0.72490777,0.315789474,0.09,0.776033198
O=C(NCc1ccnc(F)c1)N1CC=C(c2ccccc2)CCNCCNCC1,97,0.696001733,0.2,0.14,0.771314205
O=C(NCc1ccc(F)cc1)N1CC=C(c2ccncc2)CCNCC1,97,0.891147293,0.293333333,0.23,0.802476342
O=C(NCc1ccc(F)cc1)N1CC=C(c2ccncc2)NCC1,97,0.910393404,0.305555556,0.18,0.839384316
O=C(NCc1ccc(F)cc1)N1CC=C(c2ccncc2)NCCC1,97,0.903276355,0.297297297,0.19,0.837927711
O=C(NCc1ccc(F)cc1)N1CC=C(c2ccncc2)CCNCC=CC1,97,0.803074378,0.282051282,0.2,0.764678537
O=C(NCc1ccc(F)cc1)N1CC=C(c2ccncc2)c2nc[nH]c2C1,97,0.750929154,0.2625,0.28,0.802490797
O=C(NCc1ccc(F)cc1)N1CC=C(c2ccncc2Nc2ccoc2)C1,97,0.69922248,0.261904762,0.21,0.793683152
O=C(NCc1ccc(F)cc1)N1CC=C(c2ccnc3[nH]ccc23)CC1,97,0.756545813,0.278481013,0.49,0.835969823
O=C(Nc1ccc(C(F)=Cc2ccccc2)cc1)c1c[nH]c2nc[nH]c12,97,0.472117868,0.093023256,0.12,0.821494114
Cc1ccc(-c2ccccc2CNc2ccnc3[nH]c(F)cc23)cn1,97,0.570150573,0.11627907,0.5,0.822553
O=C(Cc1ccc(F)cc1)N1CC=CCC1c1ccnc2[nH]ccc12,97,0.740754043,0.2375,0.35,0.760355551
Cc1ccccc1-c1ccc(C(F)Cc2ccnc3[nH]c(C)cc23)cn1,97,0.530834305,0.065934066,0.35,0.766229305
Cc1ccccc1-c1ccc(C(F)Cc2c[nH]c3nc([O-])cnc23)cc1,97,0.600343515,0.065934066,0.35,0.727142946
O=C(Cc1ccc(F)cc1)Nc1ccc(-c2ccnc3[nH]ccc23)cc1,97,0.569966538,0.192307692,0.57,0.886738649
O=C1CCN2C(=O)c3ccccc3NC12,98,0.678231615,1,0,0.784846506
O=C1CCN2C(=O)c3ccccc3NCCC12,98,0.730197062,0.6,0.12,0.789523798
O=C1CCCN2C(=O)c3ccccc3NCCC12,98,0.755004562,0.5,0.11,0.79430659
O=C1CCCN2C(c3ccccc3)CCCNC12O,98,0.801660708,0.236363636,0,0.722682543
O=[N+]1CCCN2C(=O)c3ccccc3NCCC12,98,0.704917552,0.425531915,0.11,0.711818425
O=C1CCCNc2ccc(C(=O)c3ccccc3)n12,98,0.837877455,0.25,0.02,0.812814764
O=C1CCCNc2ccc(-n3cccc3)cc2CCN1,98,0.834440686,0.222222222,0.08,0.77862311
O=C1CCCNc2ccc(-c3ccccc3)cc2N1O,98,0.780314329,0.245283019,0.23,0.854986692
O=C1CCCNc2ccc(-n3cccc3)cc2CCCN1,98,0.845061533,0.226415094,0.05,0.779236224
O=C1CCCNc2ccc(N(C)C)cc2-c2ccccc21,98,0.861847141,0.269230769,0.13,0.804303957
O=C1CCCNc2ccc(-c3ccccc3)cc2CCCN1,98,0.843353756,0.235294118,0.23,0.822614868
O=C1c2ccccc2NCCNC(c2ccccc2)CCCN1,98,0.758967875,0.269230769,0.3,0.755785823
O=C1NCCNc2ccc(-c3ccccc3)cc2CCCN1,98,0.757273427,0.235294118,0.23,0.798094394
O=C1NCCNc2ccc(-c3ccccc3)nc2CCCN1,98,0.756864594,0.226415094,0.11,0.771788359
O=C1c2ccccc2NC(c2cccnc2)CCCN1,98,0.835016362,0.288461538,0.24,0.757818495
O=C1c2ccccc2NC(c2cccnc2)CCCN1CCO,98,0.913695848,0.333333333,0.1,0.75308528
O=C1c2cccnc2NC(c2ccccc2)C2CCCN12,98,0.872745026,0.346153846,0.06,0.758739305
O=C1NCCNc2ccc(-c3ccncc3)cc2C(=O)N1,98,0.741819013,0.166666667,0.64,0.782568653
O=C1NCCNc2cc(-c3ccncc3)ccc2C12CCC2,98,0.849759753,0.137931034,0.51,0.765941802
O=C1NCCNC(=O)c2cc(-c3ccncc3)ccc2CCC1,98,0.845365538,0.157894737,0.64,0.796167736
O=C1NCCNC(=O)c2cc(-c3ccncc3)ccc2CC1,98,0.83810067,0.163636364,0.63,0.797885071
O=C1NCCNC(=O)c2cc(-c3ccncc3)ccc21,98,0.815816142,0.163265306,0.63,0.850118257
O=C1NCCc2cc(-c3ccncc3)ccc2C(=O)N1,98,0.826445555,0.163636364,0.63,0.850248761
O=C1CCCc2cc(-c3ccncc3)ccc2C(=O)N1,98,0.805892865,0.163636364,0.63,0.869918257
O=C1NCCNc2cc(-c3ccncc3)ccc2C1=O,98,0.76758081,0.173076923,0.7,0.834246108
O=C1NCCNc2cc(-c3ccncc3)ccc21,98,0.798833418,0.18,0.72,0.849474145
O=C1NCCNc2ccc(-c3ccncc3)cc21,98,0.798833418,0.18,0.67,0.849757744
O=C1NCCCNc2ccc(-c3ccncc3)cc21,98,0.81954998,0.173076923,0.67,0.849947706
CC(OC(=O)c1ncc(Cl)c(Cl)c1Cl)C(=O)NC1(C#N)CCCC1,99,0.793836178,0.979166667,0.02,0.759897013
CC(OC(=O)c1ncc(Cl)c(Cl)c1Cl)C(=O)NC1(C#N)CC1,99,0.831463517,0.897959184,0.02,0.761008322
CC(OC(=O)c1ncc(Cl)c(Cl)c1Cl)C(=O)NC1(C)CC1,99,0.845493822,0.679245283,0.02,0.766605612
CC(NC(=O)c1ncc(Cl)c(Cl)c1Cl)C(=O)C1CCCC1,99,0.895979324,0.380952381,0,0.782024457
CC(NC(=O)c1ncc(Cl)cc1Cl)C(=O)NC1CCCC1,99,0.891259891,0.285714286,0.01,0.818365487
CC(NC(=O)c1ncc(Cl)cc1Cl)C(=O)NC1CC1,99,0.890428033,0.275362319,0.02,0.818485674
CC(Nc1ncc(Cl)cc1Cl)C(=O)NC(=O)C1CCCC1,99,0.890170507,0.25,0.09,0.805677689
CC(Nc1ncc(Cl)cc1Cl)C(=O)NC1(CO)CCCC1,99,0.774855136,0.314285714,0.05,0.768998643
CC(Nc1ncc(Cl)c(Cl)n1)C(=O)NC1CCCCC1,99,0.837798925,0.289855072,0.18,0.792282428
CC(Nc1ncc(Cl)c(N)n1)C(=O)NC1CCCCC1,99,0.789792183,0.281690141,0.18,0.793806329
CC(Nc1ncc(Cl)c(N)n1)C(=O)NC1CCCCC1C,99,0.792444025,0.253333333,0.18,0.731977318
CC(Nc1ncc(Cl)c(C#N)n1)C(=O)NC1CCCCC1,99,0.889992741,0.323943662,0.2,0.776110863
CC(Nc1ncc(Cl)c(C#N)n1)C(=O)NC1CCCC1,99,0.884020361,0.309859155,0.2,0.773590669
CC(Nc1ncc(Cl)c(C#N)n1)C(=O)NC1CC1,99,0.850091886,0.3,0.25,0.766539563
CCOC(=O)C1(Cc2ccccc2)CCCN(C(=O)c2cnn(C)c2)C1,100,0.77302182,0.827586207,0,0.799368731
CCOC(=O)C1(Cc2ccccc2)CCCN(C(=O)C2CC2)C1,100,0.785039318,0.639344262,0,0.820351006
COC(=O)C1(Cc2ccccc2)CCCN(C(=O)C2CC2)C1,100,0.802445515,0.507692308,0,0.819449145
COC(=O)C1(Cc2ccccc2)CCCN(C(=O)C2CC2)CC1,100,0.802758473,0.441176471,0,0.823672426
COC(=O)C1(Cc2ccccc2)CCCN(C(=O)c2ccno2)C1,100,0.805432555,0.514705882,0,0.7865907
COC(=O)C1(Cc2ccccc2)CCCN(C(=O)c2ccncc2)C1,100,0.80444697,0.587301587,0.01,0.816974735
COC(=O)C1(Cc2ccccc2)CCCN(C(=O)c2ccncc2)CC1,100,0.793514939,0.492537313,0.02,0.819579664
COC(=O)C1(Cc2ccccc2)CCCN(C(=O)c2ccncc2F)C1,100,0.790662882,0.507042254,0.04,0.801252931
COC(=O)C1(Cc2ccccc2)CCCN(C(=O)c2ccncc2F)CCN1,100,0.817352487,0.353658537,0.13,0.773229996
COC(=O)C1(Cc2ccccc2)CCCN1C(=O)c1ccncc1C1CC1,100,0.763636454,0.333333333,0.13,0.764708707
COC(=O)C1(Cc2ccccc2)CCCN1C(=O)c1ccncc1CCN,100,0.78921849,0.329268293,0.19,0.763279736
COC(=O)C1(Cc2ccccc2)CCCN(C(=O)c2ccncc2)CCN1,100,0.837849964,0.405405405,0.08,0.787507754
COC(=O)C1(Cc2ccccc2)CCCN1C(=O)c1cnccc1N,100,0.861857094,0.346153846,0.21,0.770599227
CCC1(Cc2ccccc2)CCCN1C(=O)c1cnccc1NCCCN,100,0.701926047,0.305882353,0.2,0.761957655
CCC1(Cc2ccccc2)CCCCN1C(=O)c1cnccc1NCCCN,100,0.682342071,0.287356322,0.21,0.76344184
COC1(Cc2ccccc2)CCCN(C(=O)c2cnccc2NCCCN)C1,100,0.686362013,0.357142857,0.23,0.767624556
CCC1(Cc2ccccc2)CCCN(C(=O)c2cnccc2N)CCN1,100,0.887502589,0.35,0.16,0.777401613
CCC1(Cc2ccccc2)CCCCN1C(=O)c1cnccc1NCCN,100,0.787025904,0.294117647,0.19,0.762662586
COC(=O)C1(Cc2ccccc2)CCCCN1C(=O)c1cnccc1N,100,0.853492674,0.325,0.21,0.772518212
COC(=O)C1(Cc2ccccc2)CCCN(C(=O)c2cnccc2N)C1,100,0.852647098,0.507042254,0.13,0.793026112
COC(=O)C1(Cc2ccccc2)CCCN1C(=O)c1cnccc1NCCN,100,0.709435312,0.321428571,0.21,0.758510573
COC(=O)C1(Cc2ccccc2)CCCN1C(=O)Nc1cnccc1N,100,0.822073605,0.320987654,0.16,0.768441497
COC(=O)C1(Cc2ccccc2)CCCCN1C(=O)c1cncnc1N,100,0.841394498,0.320987654,0.27,0.764123617
COC(=O)C1(Cc2ccccc2)CCCN1C(=O)c1cncnc1N,100,0.845990855,0.341772152,0.26,0.761849931
COc1ccc(CN2CCNC(=O)C2CC(=O)NC2CCCCC2)c(C)c1C,101,0.786627191,1,0,0.792300616
COc1ccc(CN2CCNC(=O)C2CC(=O)NC2CC2)cc1C,101,0.814933392,0.661538462,0.01,0.812964773
COc1ccc(CN2CCNC(=O)C2CC2CCCCC2)cc1C,101,0.90072743,0.485714286,0.01,0.800052238
COc1ccc(C2CC2)c(CC(=O)NC2CCCCC2)c1C,101,0.896219532,0.454545455,0,0.865334157
COc1ccc(C2CC2)c(NC(=O)CC2CCCCC2)c1C,101,0.848824897,0.366197183,0,0.859942594
COc1ccc(N2CCNCC2)c(C(=O)NC2CCC2C)c1C,101,0.891023578,0.324675325,0.04,0.762964421
COc1ccc(N2CCNCC2C(=O)NC2CC2CC)cc1C,101,0.867772636,0.270588235,0.01,0.725941184
COc1ccc(N2CCNCC2CC(=O)NC2CC2CC)cc1C,101,0.838010665,0.30952381,0.04,0.718675688
COc1ccc(N2CCNCC2CC(=O)NC2CCCCC2)cc1C,101,0.861325637,0.459459459,0.02,0.800868966
COc1ccc(N2CCNCC2)c(CC(=O)NC2CCCCCC2)c1C,101,0.794035337,0.492753623,0.02,0.849534023
COc1ccc(N2CCCCCC2)c(CC(=O)NC2CC3CCC2C3)c1C,101,0.843177995,0.346153846,0,0.66651979
COc1ccc(-n2cccc2CCNCC(=O)NC2CCCCC2)cc1C,101,0.701617922,0.384615385,0.01,0.848044124
COc1cc(-n2cccc2)cc(NC(=O)CC2CCCCCC2)c1C,101,0.770162169,0.315789474,0,0.854083196
COc1cc(-n2cccc2)cc(NC(=O)CC2CCCCC2)c1C,101,0.864954355,0.315789474,0,0.854701
COc1cc(N2CCCCC2)ccc1NC(=O)CC1CCCCC1C,101,0.830765296,0.324675325,0.02,0.798925011
COc1cc(N2CCCCC2)ccc1NC(=O)CC1CCCC1C,101,0.866976397,0.307692308,0.02,0.798512446
COc1cc(N2CCCCC2)ccc1NC(=O)CC1CCCC1=O,101,0.898956488,0.320512821,0.01,0.820529384
COc1ccc(N2CCNCCC2CC(=O)NC2CC2)cc1C,101,0.870008931,0.4,0.03,0.797306982
COc1cc(N2CCNCC2)ccc1NC(=O)CC1CCCC1,101,0.876422162,0.346666667,0.04,0.877726427
COc1cc(N2CCNCCC2CC(=O)NC2CCC2)ccc1C,101,0.868704185,0.407894737,0.02,0.794223515
COc1cc(N2CCNCC2CC(=O)NC2CCCC2)ccc1C,101,0.868704185,0.426666667,0.03,0.79919672
COc1cc(N2CCNCC2)ccc1NC(=O)CC1CCCCC1,101,0.870746748,0.36,0.04,0.876368492
COc1cc(N2CCNCC2)ccc1NC(=O)CC1CC1,101,0.868324816,0.32,0.05,0.881625239
COc1cc(N2CCNCC2)ccc1C(=O)NC1CCCC1,101,0.890081376,0.356164384,0.04,0.883814926
COc1cc(N2CCNCC2)ccc1C(=O)NC1CC1,101,0.860484395,0.310810811,0.06,0.887390373
COc1cc(N2CCNC(C)C2)ccc1C(=O)NC1CC1,101,0.879239354,0.294871795,0.09,0.819504344
COc1cc(N2CCNC(C)C2)ccc1C(=O)NC1CCC1,101,0.890056196,0.320512821,0.08,0.817952867
COc1cc(N2CCNC(C)C2)ccc1C(=O)NC1CCCC1,101,0.893483035,0.337662338,0.08,0.817730826
COc1ccc(C2NC(=O)N=C(C)C2C(=O)OC2CCCCC2)cc1,102,0.849247796,0.759259259,0,0.74878497
COc1ccc(C2NC(=O)N=C(C)C2COC2CCCCC2)cc1O,102,0.853652237,0.5625,0.06,0.712188654
COc1ccc(C2NC(=O)N=C(C)C2CC2CCCCC2)cc1O,102,0.868357251,0.53125,0.07,0.721924634
COc1ccc(C2C(=O)NC(C)=NC2CN2CCCCC2)cc1O,102,0.883445425,0.324324324,0.11,0.719756308
COc1ccc(C2C(=O)NC(C)=NC2C2CCCCC2)cc1O,102,0.900327208,0.376811594,0.07,0.721170338
COc1ccc(C2C(=O)NC(C)=NC2C2CCCCC2)cc1CO,102,0.891589309,0.361111111,0.08,0.719356082
COc1ccc(C=C2C(=O)NC(C)=NC2C2CCCCC2)cc1CO,102,0.826259186,0.315789474,0.17,0.740325554
COc1ccc(C=C2C(=O)NC(C)=NC2=O)cc1CN1CCCCC1,102,0.672731433,0.269230769,0.108333333,0.835008392
COc1ccc(C=C2C(=O)NC(C)=NC2c2ccc3c(c2)CCCC3)cc1,102,0.832240906,0.240506329,0.16,0.759351344
COc1ccc(C=C2C(=O)NC(C)=NC2c2ccc3c(c2)CCCC3)cc1OC,102,0.793978925,0.315789474,0.17,0.755436673
COc1ccc(C=C2C(=O)NC(N)=NC2c2ccc3c(c2)CCCC3)cc1OC,102,0.784234738,0.294871795,0.19,0.754965682
COc1ccc(C=C2C(=O)NN=C2c2ccc3c(c2)CCCC3)cc1OC,102,0.847102065,0.246753247,0.34,0.835465426
COc1ccc(C=C2C(=O)Nc3ccncc32)cc1C1CCCCC1,102,0.832640594,0.282051282,0.46,0.843009481
COc1ccc(C=C2C(=O)Nc3ccncc32)cc1OC1CCCC1,102,0.860250581,0.315789474,0.52,0.844681135
COC(=O)c1c(C(=O)OC)c2n(c1C)CCS2,103,0.749040807,1,0,0.798125341
COC(=O)c1c(C(=O)OC)c2n(c1CC)CCS2,103,0.782108672,0.657894737,0,0.786771808
COC(=O)c1c(C(=O)OC)c2n(c1C(C)C)SCC2,103,0.796222711,0.340425532,0,0.74864323
CON=C(C(=O)OC)c1c(CO)c2n(c1C)CCS2,103,0.50542807,0.5,0,0.726455377
CON=C(C(=O)OC)c1c(N)c2n(c1C)CCS2,103,0.503058387,0.52173913,0.01,0.724844963
CONC(=O)c1c(C(=O)OC)c2n(c1C)CCS2,103,0.654694521,0.783783784,0.02,0.763250301
COCc1c(C(=O)OC)c2n(c1CO)CCSC2,103,0.832721888,0.37254902,0,0.75782885
CNC(=O)c1c(C(=O)OC)c2n(c1C)CCO2,103,0.753975752,0.413043478,0,0.788314304
Cc1c(C(=O)O)c2c(n1C(C)C)OCCO2,103,0.833912355,0.22,0,0.780597218
Cc1c(C(=O)O)c2c(n1C(C)C)CCOCC2,103,0.857431185,0.211538462,0,0.787843735
Cc1c(C(=O)O)c2c(n1C(C)C)CCSC2,103,0.862548551,0.254901961,0,0.766894177
Cc1cc2c(c(C(=O)OCC)c1O)CCSC2,103,0.821981299,0.214285714,0.02,0.798010205
COC(=O)c1c(C)c2c(n1CCO)CCSC2,103,0.82872397,0.277777778,0,0.77742559
COC(=O)c1c(C)c2c(n1C(C)C)CCSC2,103,0.7593317,0.31372549,0.02,0.769752431
COC(=O)c1c(C)c2c(n1C(C)C)CCSCC2,103,0.771913667,0.32,0.02,0.775502734
COC(=O)c1c(C)cc2c(c1C)N(C1CC1)CCS2,103,0.776647686,0.4,0.02,0.802477566
COC(=O)c1c(NC2CCCSC2)cc(C)n1CCO,103,0.812775361,0.262295082,0.02,0.736111548
COC(=O)c1c(NC2CCSCC2)sc(C)c1C,103,0.863220309,0.333333333,0,0.819198081
COC(=O)c1c(NCC2CCSCC2)sc(C)c1C,103,0.860279426,0.31372549,0.03,0.810701609
COC(=O)c1c(NCC2CCSCC2)nc(C)cc1C,103,0.865036236,0.309090909,0.06,0.813771932
COC(=O)c1c(NCC2CCSCC2)cc(C)nc1N,103,0.830105933,0.275862069,0.22,0.799078801
COC(=O)c1c(NCC2CCSCC2)nc(C)cc1N,103,0.830105933,0.298245614,0.09,0.798528801
COC(=O)c1c(NCC2CCSCC2)nc(C)nc1N,103,0.81728933,0.285714286,0.17,0.793768636
CCCOc1ncnc2c1sc1nc3c(cc12)COC(C)(C)C3,104,0.729667229,1,0.02,0.778512131
CCCOc1ncnc2c1sc1nc(C(C)(C)C)cc(C)c12,104,0.706510244,0.430769231,0.06,0.813114863
CCCOc1ncnc2cc3c(C)c(C(C)CC)sc3cc12,104,0.627362566,0.291666667,0.07,0.754844182
CCCOc1nc(N)nc2cc3c(cc12)CC(C)(C)SC3,104,0.938951441,0.342857143,0.05,0.780164761
CCCOc1nc(N)cc2cc3c(cc12)CC(C)(C)S3,104,0.925926579,0.352941176,0.03,0.754152976
CCCOc1nc2cc(C)c(C(C)(C)CC)cc2s1,104,0.75989487,0.222222222,0.05,0.819022537
CCCOc1nc2cc(C)c(C(C)(C)OC)cc2s1,104,0.81850517,0.219178082,0.02,0.797012478
CCCOc1nc(N)c(I)c2cc(CC)ccc12,104,0.848747929,0.242857143,0.07,0.829275927
CCCOc1nc(N)c2cc(C(C)(C)C)sc2c1,104,0.912288364,0.260869565,0.09,0.803327224
CCCOc1nc(N)nc2cc(C)c(I)cc12,104,0.870911495,0.246376812,0.03,0.830187947
CCCOc1nc(N)nc2cc3c(cc12)CC(C)O3,104,0.915586511,0.295774648,0.05,0.780433537
CCCOc1nc(N)nc2cc3c(cc12)CC(C)(C)O3,104,0.930664563,0.367647059,0.06,0.814042812
CCCOc1ncnc2cc(O)c(C(C)(C)CC)cc12,104,0.900347507,0.275362319,0.13,0.823015479
CCCOc1ncnc2sc(C=NCC(C)(C)O)cc12,104,0.831448362,0.305555556,0.06,0.757308746
CCCOc1ncnc2cc(C#N)c3sc(O)cc3c12,104,0.798956869,0.309859155,0.07,0.757636527
CCCOc1ncnc2cc(O)c3c(c12)CC(C)(C)S3,104,0.936497644,0.347826087,0.07,0.753656822
CCCOc1ncnc2cc(O)c(CC)c(Br)c12,104,0.939415454,0.260869565,0.07,0.80043285
CCCOc1ncnc2cc(O)c(C(C)(C)CO)cc12,104,0.876658497,0.271428571,0.15,0.809809045
CCCOc1ncnc2cc(O)c(CC)cc12,104,0.880107311,0.3125,0.11,0.848338008
CCCOc1ncnc2[nH]cc(C(CC)CC)c12,104,0.847264361,0.25,0.45,0.80163177
CCCOc1ncnc2[nH]cc(CC)c12,104,0.832833797,0.261538462,0.46,0.829627865
CCCOc1ncnc2[nH]ccc12,104,0.776518764,0.290322581,0.55,0.840894459
COc1cccc(N2C(=O)C3NN=C(C(=O)CN4C(=O)c5ccccc5C4=O)C3C2)c1,105,0.721604642,0.6875,0.02,0.721970561
COc1cccc(N2C(=O)C3NN=C(C(=O)ON4C(=O)c5ccccc5C4)C3C2=O)c1,105,0.72100279,0.632352941,0.04,0.707516715
COc1cccc(N2C(=O)C3NN=C(CN4C(=O)c5ccccc5C4)C3C2=O)c1,105,0.791671186,0.573529412,0.07,0.721018185
COc1cccc(N2C(=O)C3NN=C(CN4CC(=O)C=CC4C3=O)C2=O)c1,105,0.541761646,0.363636364,0.04,0.578534278
COc1cccc(N2C(=O)CN3NC(C(=O)OC4CC4)=CC3C2=O)c1,105,0.623148012,0.333333333,0.06,0.721735187
COc1cccc(N2C(=O)CN3NC(=C4C=CC=CC4)C3C2=O)c1,105,0.836472261,0.307692308,0.06,0.696803186
COc1cccc(N2CC(=O)N3NC(=C4CC4)N=C3C2=O)c1,105,0.875875066,0.293333333,0.06,0.775771626
COc1cccc(N2CC(=O)NC(=C3N=CC=CN3)CC2=O)c1,105,0.849953367,0.2625,0.08,0.771744998
COc1cccc(N2CC(=O)NC(=C3N=CC=CN3)CC2)c1,105,0.865476526,0.2625,0.12,0.78420483
COc1cccc(N2CC(=O)C=C(NC3=NCCCC3)N2)c1,105,0.887460199,0.259259259,0.06,0.756113965
COc1cccc(N2CC(=O)N=C(NC3=CC=CC3)N2)c1,105,0.876489085,0.265822785,0.08,0.743297101
COc1cccc(N2CC=NN3C(=O)C=C(C)NC3C2)c1,105,0.88624221,0.282051282,0.07,0.692927291
COc1cccc(N2CN=C3NC(=O)C=C(C)N3CC2)c1,105,0.886290098,0.272727273,0.06,0.787539854
COc1cccc(N2CC=C3Nc4nc(C)nn4C3C2)c1,105,0.912878918,0.265822785,0.03,0.704521238
COc1cccc(N2CC=C3Nc4nc(C)nnc4C3C2)c1,105,0.915188038,0.25,0.07,0.700787475
COc1cccc(-n2nnnc2N2CC=C(C)CC(=O)N2)c1,105,0.846227128,0.2625,0.04,0.771780433
COc1cccc(N2C=NN=C(Nc3cc(C)ccc3C)N2)c1,105,0.914603495,0.240506329,0.1,0.795383226
COc1cccc(-c2cnc3n2NC(c2ccccc2)=C3)c1,105,0.619035388,0.243243243,0.18,0.853372382
COc1cccc(-c2cnc3n2NC(c2cccs2)=C3)c1,105,0.618904059,0.209876543,0.19,0.822211806
COc1cccc(-c2cnc3n(c2=O)CC(C)=CN3)c1,105,0.90813242,0.256410256,0.19,0.790070265
COc1cccc(-c2cnc3[nH]c(C)nc(=O)c3c2)c1,105,0.773232098,0.236842105,0.36,0.867437336
COc1cccc(-c2cnc3[nH]c(C)cc3c2N)c1,105,0.737107943,0.223684211,0.34,0.844387724
COc1cccc(-c2cnc3[nH]c(C)cc3c2)c1,105,0.741041312,0.236111111,0.41,0.874093454
COc1cccc(-c2cnc3[nH]nc(C)c3c2)c1,105,0.74761718,0.216216216,0.68,0.867495821
COc1cccc(-c2cnc3[nH]cc(Br)c3c2)c1,105,0.776738899,0.213333333,0.55,0.866885465
COc1cccc(-c2cnc3[nH]cc(C)c3c2)c1,105,0.741041312,0.216216216,0.5,0.879207063
COc1cccc(-c2cnc3[nH]ccc3c2)c1,105,0.725235108,0.222222222,0.62,0.886122277
Cc1c(OCC(=O)N2CCC(C(=O)O)CC2)ccc2c1OCCCC2=O,106,0.882227871,0.597014925,0.02,0.84318909
Cc1c(OCC(=O)N2CCC(C(=O)O)CC2)ccc2c1OCC=C2Cl,106,0.887303732,0.606060606,0.06,0.811541999
Cc1c(OCC(=O)N2CCC(C(=O)O)CC2)ccc2c1OCC=C2,106,0.914257469,0.552238806,0.01,0.821965686
Cc1c(OCC(=O)N2CCC(C(N)=O)C2)ccc2c1CCCN2,106,0.869644795,0.371794872,0.08,0.790318106
Cc1c(OCC(=O)N2CCC(C(N)=O)C2)ccc2c1CCC2,106,0.907958196,0.391891892,0.02,0.814165274
Cc1c(OCC(=O)N2CCC(C(=O)O)C2)ccc2c1CCC2,106,0.920736461,0.457142857,0.01,0.817933016
Cc1c(OCC(=O)N2CCC(C(N)=O)CC2)ccc2c1CCC2,106,0.916527928,0.428571429,0.01,0.865772425
Cc1c(OCC(=O)N2CCC(C(N)=O)CC2)ccc2c1=CC=2,106,0.827575001,0.441176471,0.02,0.812581055
CC1(C)C(OC(=O)N2CC=C(C(=O)O)CC2)=CC=C2CCCC21,106,0.846336716,0.174418605,0.02,0.677167008
Cc1c(OCC(=O)N2CCC(F)CC2)ccc2c1C(N)=CC=C2,106,0.885491606,0.383561644,0.07,0.84691278
Cc1c(OCC(=O)N2CCC(=N)CC2)ccc2c(F)cccc12,106,0.944739997,0.333333333,0.07,0.83023562
Cc1c(OCC(=O)N2CCNCC2)ccc2c(C(=N)N)cccc12,106,0.582250793,0.337662338,0.06,0.847732655
Cc1c(OCC(=O)N2CCC(C(N)=O)CC2)ccc2c(F)cccc12,106,0.925510476,0.416666667,0.04,0.872929472
Cc1c(OCC(=O)N2CCC(N)CC2)ccc2c(F)ccc(C(=O)O)c12,106,0.87279943,0.381578947,0.11,0.837684117
Cc1c(OCC(=O)N2CCC(N)CC2)ccc2c(C(=O)O)ccc(F)c12,106,0.87279943,0.381578947,0.1,0.843858476
Cc1cc2c(F)ccc(OCC(=O)N3CCN(C(=O)O)CC3)c2cc1N,106,0.816153264,0.311688312,0.07,0.849739458
Cc1cc2c(F)ccc(OCC(=O)N3CCC(C(=O)O)CC3)c2cc1N,106,0.817704071,0.438356164,0.06,0.85144074
Cc1c(OCC(=O)N2CCC(N)CC2)cnc2c(F)ccc(C(=O)O)c12,106,0.858735099,0.3375,0.1,0.822028775
Cc1csc2c(OCC(=O)N3CCC(N)CC3)c(F)ccc1c2=O,106,0.919378568,0.292682927,0.1,0.732117897
Cc1c[nH]c2c(OCC(=O)N3CCC(N)CC3)c(F)ccc12,106,0.910147403,0.2875,0.21,0.825417283
Cc1c[nH]c2cccc(OCC(=O)N3CCC(N)CC3)c12,106,0.90402267,0.328947368,0.06,0.852418572
Cc1c[nH]c2cccc(OCC(=O)N3CCC(CN)CC3)c12,106,0.90767462,0.320512821,0.12,0.852388491
Cc1c[nH]c2ccc(OCC(=O)N3CCC(N)CC3)c(F)c12,106,0.910147403,0.337662338,0.12,0.833736638
Cc1c[nH]c2c(F)ccc(OCC(=O)N3CCC(N)CC3)c12,106,0.910147403,0.337662338,0.12,0.829442097
Cc1c[nH]c2c(F)ccc(OCC(=O)N3CCC(CN)CC3)c12,106,0.907271086,0.329113924,0.16,0.830194673
Cc1c[nH]c2c(F)c(OCC(=O)N3CCC(CN)CC3)ccc12,106,0.907271086,0.329113924,0.2,0.827839881
Cc1c[nH]c2c(F)cc(OCC(=O)N3CCC(CN)CC3)cc12,106,0.907271086,0.265060241,0.21,0.834896685
Cc1c(OCC(=O)N2CCC(CN)CC2)ccc2[nH]cc(F)c12,106,0.907271086,0.363636364,0.14,0.831481301
Cc1[nH]nc2c(OCC(=O)N3CCC(CN)CC3)c(F)ccc12,106,0.895749533,0.280487805,0.24,0.817014792
Cc1[nH]nc2c(F)c(OCC(=O)N3CCC(CN)CC3)ccc12,106,0.895749533,0.329113924,0.28,0.826543549
CCc1nc2sc3c(O)ncnc3c2c2c1CSC(C)(C)C2,107,0.728023159,1,0.03,0.736659219
CCc1nc2sc3c([O-])ncnc3c2c2c1COC(C)(C)C2,107,0.690424185,0.524590164,0.04,0.729202395
CCC1NCc2sc3ncnc([O-])c3c2C2C=CC(C)(C)C12,107,0.822194883,0.202531646,0.13,0.561685722
CCC1NCc2sc3ncnc([O-])c3c2C2C=C(C)CC12,107,0.822621619,0.175,0.15,0.578037804
CCC1Cc2c(sc3ncnc(C4CCSC4)c23)C(C)N1,107,0.910898387,0.189873418,0.12,0.607568325
CCC1Cc2c(sc3ncnc(C4CCNC4)c23)C(C)O1,107,0.92539596,0.1875,0.08,0.639265929
CCC1Cc2c(sc3ncnc(C4CC4)c23)C(C)N1,107,0.908926338,0.205479452,0.13,0.661118927
CCC1CCc2c(sc3ncnc(C4CNC4)c23)C1,107,0.913996527,0.202702703,0.11,0.739600918
CCC1CCc2c(sc3ncnc(N)c23)C(C)C1,107,0.795547001,0.208333333,0.44,0.712445996
CCC1CCc2c(sc3ncnc(N)c23)C1,107,0.823656431,0.217391304,0.43,0.78778502
CC1CCc2c(sc3ncnc(N)c23)CC1,107,0.711792483,0.194029851,0.45,0.799429501
CC1CCc2c(sc3ncnc(N)c23)C1,107,0.739871515,0.194029851,0.45,0.797745969
CCC1CCc2c(sc3ncnc(N)c23)C1CC,107,0.895591466,0.214285714,0.53,0.696869224
CCC1CCc2c(sc3ncnc(N)c23)C12CC2,107,0.854734021,0.225352113,0.51,0.658067488
CCC1CCc2c(sc3ncnc(N)c23)C1CC1CC1,107,0.923110681,0.202702703,0.53,0.691608695
COc1ccccc1OCc1cc(C(=O)NCCC2CCCO2)no1,108,0.790885797,0.746031746,0.01,0.817533844
Cc1ccccc1OCc1cc(C(=O)NCC2CCCO2)no1,108,0.885995453,0.621212121,0,0.822276806
Cc1ccccc1OCc1cc(C2CCCCN2)no1,108,0.926573755,0.378378378,0.04,0.796726891
CCc1ccccc1OCc1cc(C2CCCN2)no1,108,0.907364003,0.355263158,0.06,0.789911507
OCc1ccccc1OCc1cc(C2CCCN2)no1,108,0.874300874,0.337662338,0.1,0.783048664
OCc1ccccc1OCc1cc(C2CCCCN2)no1,108,0.884753191,0.350649351,0.09,0.784090566
Oc1ccccc1OCc1cc(C2CCCCN2)no1,108,0.896965105,0.36,0.05,0.784925848
Oc1ccccc1OCc1cc(C2CCCCN2)ncn1,108,0.903425979,0.265822785,0.1,0.780112402
c1ccc(OCc2cc(CC3CCCCN3)ncn2)cc1,108,0.916293661,0.2125,0.12,0.799581015
c1ccc(OCc2cc(CC3CCCCN3)ncn2)c(O)c1,108,0.887396064,0.2625,0.17,0.780942678
COc1ccccc1-c1nc(CC2CCCCN2)ccc1O,108,0.910215264,0.197674419,0.12,0.790949494
COc1ccccc1-c1cc(CC2CCCCN2)ccn1,108,0.932443248,0.214285714,0.16,0.821404462
COc1ccccc1-c1cc(OCC2CCCCN2)ccn1,108,0.919731749,0.211764706,0.1,0.819871436
COc1ccccc1-c1cc(OCC2CCCCN2)ncn1,108,0.919616243,0.211764706,0.11,0.802963033
COc1ccccc1-c1cc(CC2CCCNC2)ncn1,108,0.936907767,0.211764706,0.18,0.802091559
c1ccc(-c2ccncc2)c(OCC2CCCCN2)c1,108,0.923775118,0.202531646,0.31,0.829417135
c1cc(-c2ccncc2)ccc1NCC1CCCNCC1,108,0.899614312,0.134146341,0.48,0.836447926
c1ccc(-c2ccncc2)cc1NCC1CCCNCCO1,108,0.910657202,0.214285714,0.35,0.818253085
c1ccc(-c2ccncc2)cc1NCC1CCCOCCN1,108,0.910657202,0.159090909,0.37,0.807003668
c1cc(-c2ccncc2)ccc1CCC1CCCOCC1,108,0.822989313,0.164556962,0.39,0.846991515
c1cc(-c2ccncc2)ccc1NCC1CCCOCC1,108,0.920783573,0.1625,0.43,0.841856228
c1cc(-c2ccncc2)ccc1OCC1CCCOCC1,108,0.85123879,0.17721519,0.45,0.847464287
c1cc(-c2ccncc2)ccc1OCC1CCCOC1,108,0.850197002,0.17721519,0.47,0.843737647
c1cc(-c2ccncc2)ccc1OCCC1CCCO1,108,0.829092189,0.273972603,0.4,0.849246109
CC(C)(C)OC(=O)NC(Cc1ccccc1)c1nnc(SCC(N)=O)o1,109,0.709944715,1,0,0.799011339
CC(C)(C)OC(=O)NC(c1ccccc1)c1nnc(CC(N)=O)o1,109,0.859654966,0.492307692,0.02,0.794485835
CC(C)(C)OC(=O)NC(c1ccccc1)c1nnc(CCN)o1,109,0.875547832,0.447761194,0.03,0.799191527
CC(C)(C)OC(=O)NC(C(=O)c1ccccc1)c1nn[nH]n1,109,0.830943044,0.347826087,0.02,0.790598773
CC(C)(C)OC(=O)NC(c1ccccc1)c1cc(CCN)ncn1,109,0.880232369,0.342465753,0.17,0.794050651
CC(C)(C)OC(=O)NC(c1ccccc1)c1cc(N)ncn1,109,0.909151705,0.347826087,0.08,0.805654258
CC(C)(C)OC(=O)NC(C(N)=O)c1ccnc2[nH]c3ccccc3c12,109,0.680605708,0.324324324,0.26,0.779774531
CC(C)(C)OC(=O)NC(C(N)=O)c1c[nH]c2ncccc12,109,0.797161308,0.319444444,0.5,0.7861864
CC(C)(C)OC(=O)NC(CCN)c1c[nH]c2ncccc12,109,0.806095836,0.342465753,0.47,0.777083259
CC(C)(C)OC(=O)NC(CCO)c1c[nH]c2ncccc12,109,0.807410912,0.328767123,0.4,0.781495991
CC(C)(C)OC(=O)CC(N)Cc1c[nH]c2ncccc12,109,0.837827303,0.263157895,0.52,0.793938696
CC(C)(C)OC(=O)C=CC(O)Cc1c[nH]c2ncccc12,109,0.668734865,0.240506329,0.35,0.766119068
CC(C)(C)OC(=O)CC(N)CCCc1c[nH]c2ncccc12,109,0.80392921,0.234567901,0.52,0.785374309
CC(C)(C)OC(=O)CN(CCN)c1c[nH]c2ncccc12,109,0.818291903,0.225,0.5,0.811345433
CC(C)(C)OC(=O)NC(CCN)Cc1c[nH]c2ncccc12,109,0.790166847,0.315789474,0.52,0.788859303
CCN(CC)CCN1C(=O)N=C(SCC(=O)Nc2ccc(C)cc2)C2CCCC21,110,0.695343696,0.50617284,0.01,0.729672131
CCN(CC)CCN1C(=O)C(Oc2ccc(C)cc2)C2CCCC=C21,110,0.758748394,0.361445783,0.08,0.729578686
CCN(CC)CCn1c(=O)nc(Sc2ccc(C)cc2)c2c1CCCC2,110,0.691515291,0.255555556,0.01,0.828116589
CCN(CC)CCn1cc(C2=CCCCC2)c(=O)c2ccccc21,110,0.791315069,0.258426966,0.06,0.834583943
CCN(CC)CCn1c(=O)nc(-c2cccc(C)c2)c2c1CCC2,110,0.819152007,0.252747253,0.02,0.843005053
CCN(CC)CCn1nc(-c2ccc(C)cc2)c2c1CCCC2,110,0.801316218,0.23255814,0.06,0.858153856
CCN(CC)CCn1nc(-c2ccc(C)cc2)ccc1=O,110,0.818447607,0.228915663,0.03,0.886680536
CCN(CC)CCn1c(-c2ccc(C)c(C)c2)n[nH]c1=O,110,0.886294782,0.265060241,0.1,0.853281773
CCN(CC)CCn1nc(-c2ccc(C)c(F)c2)ccc1=O,110,0.823304761,0.333333333,0.06,0.869544119
CCN(CC)CCn1cc(-c2ccc(C)c(F)c2)ncc1=O,110,0.823304761,0.341463415,0.09,0.846537562
CCN(CC)CCn1cc(-c2cccc(C)c2)[nH]c1=O,110,0.878240695,0.261904762,0.07,0.848188691
CCN(CC)CCn1cc(-c2ccc(C)c(F)c2)[nH]c1=O,110,0.888622608,0.367088608,0.12,0.838733762
CCN(CC)CCn1cc(-c2ccc(C)c(C)c2F)ncc1=O,110,0.821839354,0.279069767,0.1,0.820471405
CCN(CC)CCn1cc(-c2ccc(C)c(C)c2F)[nH]c1=O,110,0.891240271,0.301204819,0.125,0.809466208
CCN(CC)CCn1cc(-c2ccc(C)c(C)c2)[nH]c1=O,110,0.887316272,0.296296296,0.12,0.844063205
CCN(C)CCn1cc(-c2ccc(C)c(F)c2)[nH]c1=O,110,0.91033434,0.297619048,0.21,0.831162052
CCN(C)CCn1cc(-c2ccc(C)c(F)c2)[nH]c(=O)c1=O,110,0.853782949,0.275862069,0.19,0.824668772
CC(=Nc1ccccc1)c1c(O)oc(C)c1O,111,0.780088892,1,0.01,0.795134919
CC(=Nc1ccccc1)c1c(O)oc(C)c1C,111,0.79708795,0.764705882,0.03,0.817882546
CC(=Nc1ccccc1)c1c(C)oc(C)c1O,111,0.79708795,0.787878788,0,0.821405295
CC(=Nc1ccccc1)c1c(C)oc(C)c1C(C)O,111,0.841612806,0.536585366,0,0.769012597
CC(=NCc1c(C)oc(C)c1C)c1ccccc1,111,0.738770485,0.326086957,0.01,0.837694696
CC(=NOCc1ccccc1)c1c(C)cc(C)c(O)c1,111,0.674200493,0.25,0.01,0.867377976
[CH]C(=O)C(C)(C)c1ccccc1-c1cc(C)oc1C,111,0.824313154,0.211538462,0.02,0.796293003
[CH]C(=Nc1c(C)cc(C)c(O)c1)c1ccccc1,111,0.790672298,0.25,0.01,0.805970389
[CH]C(=Nc1ccoc1C)c1c(C)cc(C)c(O)c1O,111,0.639327115,0.28,0.02,0.726081239
CC(=Cc1c(C)cc(C)c(O)c1O)c1ccccc1,111,0.620161961,0.255319149,0.02,0.844091176
CC(=Cc1c(C)c(C)oc1-c1ccccc1)C(O)(O)O,111,0.752099115,0.26,0.04,0.782429869
CC(C)=C(c1ccccc1)c1c(C)oc(C)c1OC(C)O,111,0.843997679,0.274509804,0,0.756983971
CC(C)=C(c1ccccc1)c1c(C)oc(C)c1[O-],111,0.801109731,0.311111111,0,0.790921258
CC(C)=CC(c1ccccc1)c1c(C)ccc(C)c1O,111,0.765556714,0.25,0.01,0.78905506
[CH]C(C)=C(c1ccccc1)c1cc(C)c(C)c(O)c1,111,0.829124984,0.224489796,0.01,0.824263957
CC(C)=C(c1ccccc1)c1c(C)oc(C)c1O,111,0.843927205,0.45,0,0.828199437
CC(C)=C(c1ccccc1)c1c(C)[nH]c(C)c1O,111,0.812613947,0.288888889,0.01,0.828222357
CC(C)=C(c1ccccc1)c1nc(C)[pH]c1O,111,0.867978149,0.224489796,0,0.698583987
CC(C)=C(c1ccccc1)c1nc(C)oc1O,111,0.856397951,0.304347826,0,0.810462251
CC(C)=C(c1ccccc1)c1nc(C)oc1C,111,0.770473792,0.282608696,0,0.837759141
CC(C)=C(c1ccccc1)c1cnc(C)c(O)c1O,111,0.860937559,0.25,0.05,0.83143585
CCC=C(c1ccccc1)c1c(C)oc(C)c1O,111,0.862528636,0.377777778,0.02,0.822211312
CC(C)=C(c1ccccc1)c1coc(C)c1O,111,0.837748931,0.311111111,0.04,0.816440974
CC(=Cc1c(-c2ccccc2)oc(C)c1O)O,111,0.769582804,0.363636364,0.09,0.807204641
CC(=Cc1ocnc1-c1ccccc1)C(O)O,111,0.79330657,0.188679245,0.05,0.778634803
CC(=Cc1ocnc1-c1ccccc1)C(O)C(C)O,111,0.884883076,0.178571429,0.05,0.707866699
CC(C)=Cc1c(-c2ccccc2)oc(C)c1O,111,0.826820016,0.363636364,0.08,0.826529027
CC(C)=Cc1oc(-c2ccccc2)c(C)c1CNO,111,0.808408771,0.226415094,0.02,0.790801464
CC(C)=Cc1oc(-c2ccccc2)c(O)c1CNO,111,0.734486555,0.25,0.04,0.78522933
CC(C)=Cc1oc(-c2ccccc2)c(C)c1C[O-],111,0.823645647,0.230769231,0.02,0.775917773
CC(C)=Cc1oc(-c2ccccc2)c(C)c1O,111,0.826820016,0.304347826,0.06,0.825727717
CC(C)=Cc1c(-c2ccccc2)oc(C)c1CO,111,0.875867053,0.26,0.05,0.826311619
CC1CN(Cc2nc3c(c(=O)n(C)c(=O)n3C)n2Cc2ccccc2)CC(C)O1,112,0.658968734,1,0.01,0.764877456
CC1CN(Cc2nc3c(c(=O)n(C)c(=O)n3C)[nH]2)C(c2ccccc2)CN1C,112,0.726188911,0.366197183,0.05,0.731671631
CC1CN(c2nc(=O)n(C)c3c2[nH]c2ccccc23)C(=O)C(C)(C)O1,112,0.73408646,0.25974026,0.08,0.709102736
CC1CN(Cc2nc(=O)n(C)c3c2[nH]c2ccccc23)CC(C)(C)O1,112,0.778096238,0.311688312,0.07,0.734863758
CC1CN(c2nc3ccccc3c(=O)n2Cc2ccc[nH]2)CCN1C,112,0.793195003,0.285714286,0.07,0.775124521
CC1CN(c2nc(=O)n(C)c3c2NCCC3)c2ccccc2[N-]1,112,0.879328067,0.227848101,0.09,0.633230593
CC1CN(c2nc(NNc3ccccc3)c(=O)n3cc[nH]c23)CCO1,112,0.626711617,0.24691358,0.16,0.722531526
CC1CN(c2nc(NNc3ccccc3)nc3c2CCNC3)CCO1,112,0.732788756,0.204819277,0.08,0.760238549
CC1CN(c2nc(NCc3ccccc3)nc3c2NCC3)CCO1,112,0.899180031,0.253164557,0.11,0.768471071
CC1CN(C)c2nc(NCc3ccccc3)ncc2NC1=O,112,0.907792926,0.27027027,0.12,0.780525024
CC1CN(C)C(=O)c2cc(Nc3ccccc3)nc(N(C)C)c21,112,0.946269447,0.226666667,0.08,0.772398498
CC1CC(=O)N(Cc2nc(Nc3ccccc3)ncc2F)CCN1,112,0.898531731,0.207317073,0.55,0.774107534
CC1CN(C)C(=O)c2cc(Nc3ccccc3)nc(NCCN)c21,112,0.786004366,0.227848101,0.26,0.765654737
CC1CN(C)c2cc(Nc3ccccc3)nc(NCCCN)c21,112,0.715269681,0.202531646,0.22,0.765152971
CC1CN(C)C(=O)c2cnc(Nc3ccccc3)nc2N1,112,0.883020725,0.22972973,0.42,0.775484214
CC1CN(C)c2nc(Nc3ccccc3)ncc2CN1C,112,0.917101818,0.202702703,0.53,0.782880111
CC1CN(C)Cc2nc(Nc3ccccc3)ncc2C1=O,112,0.916722369,0.22972973,0.4,0.783033957
CC1CN(C)Cc2nc(Nc3ccccc3)ncc2C(=O)N1,112,0.884052909,0.220779221,0.4,0.773895476
CC1CN(C)C(=O)c2nc(Nc3ccccc3)ncc2CN1,112,0.884052909,0.223684211,0.61,0.77759511
CC1CN(C)C(=O)c2nc(Nc3ccccc3)ncc21,112,0.908333203,0.23943662,0.6,0.793973342
CC1CN(C)C(=O)c2nc(Nc3ccccc3)ncc2C1,112,0.919058498,0.232876712,0.61,0.79392447
CC1CN(C)C(=O)c2nc(Nc3ccccc3)ncc2N1C,112,0.919853644,0.232876712,0.6,0.773358574
CC1CN(C)C(=O)c2nc(Nc3ccccc3)ncc2C1C,112,0.925098623,0.232876712,0.6,0.748087711
CC1CN(C)C(=O)c2nc(Nc3ccccc3)ncc2N1,112,0.883020725,0.22972973,0.57,0.776445239
CC1N(C)C(=O)c2c(nc(Nc3ccccc3)nc2Cl)N1,112,0.834838262,0.216216216,0.15,0.748281919
CC1N(C)C(=O)c2nc(Nc3ccccc3)ncc2N1C,112,0.914106371,0.211267606,0.58,0.770101476
CC1NCN(C)C(=O)c2nc(Nc3ccccc3)ncc21,112,0.880802232,0.210526316,0.63,0.759582162
CC1CN(C)c2nc(Nc3ccccc3)ncc2N(C)C1=O,112,0.921096994,0.22972973,0.58,0.786337731
CC1NCC(=O)N(C)c2nc(Nc3ccccc3)ncc21,112,0.879889694,0.210526316,0.55,0.770299342
CC1CN(C)c2nc(Nc3ccccc3)ncc2NC1=O,112,0.884264156,0.226666667,0.5,0.781736265
CCN1CC(=O)N(C)c2nc(Nc3ccccc3)ncc21,112,0.933510285,0.197368421,0.61,0.83729088
CC1CN(C)C(=O)c2nc(Nc3ccccc3)ncc2C1Cl,112,0.864255804,0.243243243,0.58,0.732177537
CC1CCN(C)C(=O)c2nc(Nc3ccccc3)ncc2C1,112,0.925506078,0.207792208,0.67,0.803666416
CC1=CN2C(=N)C(=Cc3ccc(C)o3)C(=O)N=C2S1,113,0.798667337,1,0,0.751829911
CC1=NN(C2=NC(=O)C(=Cc3ccc(C)o3)C2=N)SC1,113,0.634527198,0.49122807,0.03,0.689865614
CCCC1=NC(=Cc2ccc(C)s2)C(=O)N1C1=NC(C)CO1,113,0.803836455,0.181818182,0.06,0.669328798
CCCC1=NC(=Cc2ccc(C)o2)C(=O)N1C1=NC(N)SN1,113,0.654179534,0.309859155,0.14,0.647524331
CCCCC1=NC(=Cc2ccc(C)o2)C(=O)N=C1C(C)N,113,0.845345035,0.323076923,0.09,0.700838962
CCCSC1=NC(=Cc2ccc(C)o2)C(=O)N=C1C(C)N,113,0.86726365,0.318181818,0.07,0.680676362
CCCC1=CC(=Cc2ccc(C)o2)C(=O)N=C1C(C)N,113,0.856476103,0.333333333,0.06,0.701398277
CCSC1=CC(=Cc2ccc(C)o2)C(=O)N=C1C#N,113,0.792823956,0.333333333,0.01,0.729040941
CCSC1=NC(=Cc2ccc(C)o2)C(=O)C1=C(N)N,113,0.80359598,0.317460317,0.01,0.738372241
CCSC1=CC(=Cc2ccc(C)o2)C(=C(C)N)C=N1,113,0.869968658,0.253731343,0.02,0.734823235
COC=C1SC(=Cc2ccc(C)o2)C(=O)N1C(C)N,113,0.888657266,0.3125,0.07,0.692233603
CCCCC1=CC(=Cc2ccc(C)o2)C(=C)C(=O)N1,113,0.908371816,0.276923077,0.05,0.763554439
CSC1=CC(=Cc2ccc(C)o2)C(=O)NC1=C(C)N,113,0.799934821,0.296875,0.13,0.719394134
COc1ccc2c(c1)C(=Cc1ccc(C)o1)C(=O)N2,113,0.83881855,0.327868852,0.74,0.864729035
COc1cc2c(cc1OC)C(C(=O)NCCN(C)C)C(c1cccs1)N(C)C2,114,0.770444867,0.723076923,0,0.740058416
COc1ccc2c(c1)C(C(=O)NCCN(C)C)C(c1cccs1)N(C)C2,114,0.845650634,0.623188406,0,0.743913322
COc1ccc2c(c1)C(=O)N(CCN(C)C)C(c1cccs1)C2=O,114,0.836757269,0.424657534,0.07,0.797238022
COc1ccc2c(c1)C(=O)N(CCN(C)C)C(c1cccs1)C2,114,0.844579252,0.413333333,0.06,0.790115976
COc1ccc2c(c1)C(NCCN(C)C)C(c1cccs1)S2=O,114,0.869806365,0.376623377,0.03,0.668081065
COc1cc2c(cc1CCC(C)C)C(c1cccs1)N(C)C2=O,114,0.806928973,0.464788732,0.1,0.77893071
COc1cc2c(cc1S(=O)(=O)NCCN(C)C)C(=O)NCC2,114,0.756794324,0.259259259,0.26,0.836548003
COc1ccc2c(c1)C(=O)N(CCN(C)C)C2c1cccs1,114,0.850177567,0.471428571,0.06,0.807187607
COc1ccc2c(c1)C(=O)N(CCN(C)C)C2c1cccc(=O)s1,114,0.834539554,0.355263158,0.05,0.764291524
COc1cccc2c1C(=O)N(CCN(C)C)C2c1ccc(CO)s1,114,0.872372523,0.341772152,0.05,0.7650332
COc1ccc2c(c1)C(=O)N(CCN(C)C)C2c1ccc(CO)s1,114,0.872372523,0.341772152,0.05,0.775055014
COc1ccc2c(c1)C(=O)N(CCN(C)C)C2c1ccc(CO)o1,114,0.876016913,0.3125,0.08,0.78414204
COc1ccc2c(c1)C(=O)N(CCN(C)C)C2c1ccccn1,114,0.849057171,0.3,0.08,0.806383905
COc1ccc2c(c1)C(=O)N(CCN(C)C)C2c1ccn[nH]1,114,0.909355768,0.2875,0.12,0.771351378
COc1ccc2c(c1)C(=O)N(CCN(C)C)C2c1ccncn1,114,0.839000934,0.280487805,0.27,0.784302721
COc1ccc2c(c1)C(c1ccncn1)N(CCN(C)C)C2=O,114,0.839000934,0.265060241,0.28,0.784286627
CN(C(=O)COC(=O)CNC(=O)C12CC3CC(CC(C3)C1)C2)c1ccccc1,115,0.764985651,1,0,0.719549417
CN(C(=O)COC(=O)C12CC3CC(CC(C3)C1)C2)c1ccccc1,115,0.796287167,0.693877551,0,0.728019327
CN(C(=O)COC(=O)C1(C2CC2)Cc2ccccc2C1)C1CC1,115,0.784009527,0.307692308,0.01,0.816869699
CN(C(=O)COC(=O)C1(c2ccccc2)CCCCC1)C1CC1,115,0.784645273,0.328125,0.01,0.86099349
CN(C(=O)COC(=O)C1CCc2ccccc2C1)c1ccccc1,115,0.812732485,0.457627119,0,0.832818348
CN(C(=O)COC(=O)C1CCOc2ccccc2C1)c1ccccc1,115,0.803970159,0.421875,0,0.822667043
CN(C(=O)COC(=O)C1CCCc2ccccc21)c1ccccc1,115,0.811062212,0.419354839,0.01,0.827048448
CN(C(=O)COC(=O)C1(C)CCCO1)c1ccc2ccccc2c1,115,0.810368745,0.338235294,0,0.782751796
CN(C(=O)COC(=O)C1(C)CCCc2ccccc21)c1ccccc1,115,0.802525794,0.412698413,0,0.797892184
CN(C(=O)CNC(=O)C1(C)CCCO1)c1ccc2ccccc2c1,115,0.93893731,0.358208955,0,0.786989126
CN(C(=O)COC(=O)C1(C)CCCC1)c1ccc2ccccc2c1,115,0.800347274,0.359375,0,0.853353469
CN(C(=O)COC(=O)C1(C)CCCCC1)c1ccc2ccccc2c1,115,0.779620912,0.353846154,0,0.852829843
CN(C(=O)COC(=O)C(C)c1ccc2c(c1)CCCC2)c1ccccc1,115,0.768292023,0.412698413,0.01,0.818336715
CN(C(=O)COC(=O)C1(C)CCCc2cc(O)ccc21)c1ccccc1,115,0.857453554,0.382352941,0.01,0.779989744
CN(C(=O)COC(=O)NCC1(C)CCCCC1)c1ccc2ccccc2c1,115,0.845267795,0.373134328,0.03,0.839666568
CN(C(=O)COC(=O)C1(C)CCNCC1)c1ccc(-c2ccccc2)cc1,115,0.82553779,0.396825397,0.09,0.850902932
CN(C(=O)COC(=O)C1(C)CCNCC1)c1ccc(-c2ccncc2)cc1,115,0.822860201,0.323529412,0.31,0.831625609
CN(C(=O)COC(=O)C1(Cc2ccccc2)CCOC1)c1cccnc1,115,0.744361931,0.342465753,0.06,0.781234433
CN(C(=O)COC(=O)C1(Cc2ccccc2)CC1)c1ccc(N)nc1,115,0.815525997,0.347826087,0.06,0.838802879
CN(C(=O)COC(=O)C1(c2ccccc2)CCOC1)c1ccc(N)nc1,115,0.817516404,0.324324324,0.11,0.767115509
CN(C(=O)CNC1(CC(=O)O)CCOCC1)c1ccc(CCO)cc1,115,0.64130583,0.323529412,0,0.811390351
CN(C(=O)COC(=O)C1(c2ccccc2)CC1)c1ccc(N)nc1,115,0.8487077,0.358208955,0.05,0.843971684
CN(C(=O)CNc1ccc(CC(=O)O)cc1)C1(c2ccncc2)CC1,115,0.808496677,0.236111111,0.13,0.829696065
CN(C(=O)COC(=O)Cc1ccc(CCO)cc1)c1ccncc1,115,0.776556568,0.370967742,0.04,0.86860822
CN(C(=O)COC(=O)Nc1ccc(CCO)cc1)c1ccncc1,115,0.843393315,0.333333333,0.06,0.866388311
CN(C(=O)Cc1ccc(NCC(=O)O)cc1)c1ccncc1,115,0.849377956,0.296875,0.04,0.874509343
CN(C(=O)Cc1ccncc1)C(N)c1ccc(C(=O)O)cc1,115,0.814267741,0.169014085,0.17,0.806911005
CN(C(=O)Cc1ccccc1)C(N)c1ccc(C(=O)O)cc1,115,0.827425246,0.212121212,0.02,0.832298395
CN(C(=O)Cc1ccccc1)C(C)c1ccc(NC(=O)O)cc1,115,0.88692546,0.223880597,0.01,0.85456244
CN(C(=O)CNc1ccc(CCO)cc1)c1cc(N)cc(OC)c1,115,0.675253797,0.263888889,0.03,0.85884034
CN(C(=O)CNc1ccc(CCO)cc1)c1cc(N)ccn1,115,0.747124763,0.219178082,0.15,0.847439368
CN(C(=O)Cc1ccccc1)c1ccc(NCC(=O)O)cc1,115,0.858861964,0.333333333,0.01,0.902179566
CN(C(=O)Cn1ccc2ccccc21)c1ccc(N)nc1,115,0.800199871,0.222222222,0.04,0.855168059
CN(C(=O)Cn1ccc2ccccc21)c1cc(N)ccn1,115,0.800199871,0.186666667,0.14,0.844951393
CN(C(=O)CNc1ccc(CC#N)cc1)c1ccncc1,115,0.911444084,0.287878788,0.03,0.857850367
CN(C(=O)COc1ccccc1)c1ccc(NCCN)cc1,115,0.821364042,0.349206349,0.05,0.895043192
CN(C(=O)Cc1ccncc1)c1ccc(NCCN)cc1,115,0.845993022,0.235294118,0.17,0.872349854
CN(C(=O)COc1ccc(CCN)cc1)c1ccncc1,115,0.875491179,0.292307692,0.11,0.881241905
CN(C(=O)COc1ccc(CCN)cc1)c1ccncc1N,115,0.835825318,0.219178082,0.19,0.860020509
CN(C(=O)COc1ccc(CCN)cc1)c1ccncc1C#N,115,0.872493562,0.207792208,0.21,0.843995147
COc1cc(NC(=O)CN2C(=O)C(c3ccccc3)=NC23CCCCC3)ccn1,116,0.847756994,0.741935484,0.08,0.778605388
COc1cc(NC(=O)CN2CC(c3ccccc3)=NC23CCCCC3)ccn1,116,0.864803507,0.486111111,0.11,0.757104053
COc1cc(NC(=O)CN2CC(c3ccccc3)=NC23CCCC3)ccn1,116,0.885253286,0.472222222,0.11,0.756601859
COc1cc(CN2C(=O)C(c3ccccc3)=NC23CCCCC3)ccc1OC,116,0.7836408,0.546875,0.06,0.803038422
COc1cc(Cn2c(-c3ccccc3)cc3c2CCCCC3)nc(OC)n1,116,0.635018238,0.253164557,0.05,0.82631105
COc1cc(CN2C(=O)C3(CCCCC3)N=C2c2ccccc2)ccn1,116,0.847624606,0.328947368,0.08,0.778974317
COc1cc(Cn2cc(-c3ccccc3)[nH]c2=O)cc(OC)c1OC,116,0.749226485,0.22972973,0.12,0.870092032
COc1cc(Cn2cc(-c3ccccc3)[nH]c2=O)nc(SC)n1,116,0.575044505,0.240506329,0.11,0.824412364
COc1cc(NC(=O)C2COCCN2)cc(-c2cnc3ccccn23)c1,116,0.750371816,0.287356322,0.2,0.775837475
COc1cc(NC2=NC(c3ccccc3)Cc3cccnc32)cc(OC)c1,116,0.75636197,0.263157895,0.03,0.781254829
COc1cc(CN2NC(c3ccccc3)=CC3=NC=CC32)cc(OC)c1,116,0.900416361,0.276315789,0.07,0.728256504
COc1cc(C2Cc3ccccc3NC2=O)cc(-c2cncnc2)n1,116,0.797895482,0.202380952,0.16,0.767156183
COc1cc(CN2COc3ccccc3C2=O)cc(-c2ccn[nH]2)c1,116,0.795518927,0.25,0.27,0.826884507
COc1cc(C2=NNC(=O)c3ccccc3C2)cc(-c2cn[nH]c2)c1,116,0.773864326,0.222222222,0.38,0.806834981
COc1cc(C2=NNC(=O)c3ccccc3O2)cc(-c2cn[nH]c2)c1,116,0.770329659,0.207317073,0.31,0.802810535
COc1cc(C2=NNC(=O)c3ccccc3C2)cc(-c2cn[nH]c2)n1,116,0.76816476,0.172413793,0.36,0.787416436
COc1cc(C2=NNC(=O)c3ccc(-c4ccncc4)cc3N2)ccn1,116,0.76179812,0.168674699,0.66,0.805656867
COc1cc(C2=NNC(=O)c3cc(-c4ccncc4)ccc3N2)ccn1,116,0.76179812,0.154761905,0.6,0.805466382
COc1cc(C2=NNC(=O)c3cc(-c4ccncc4)ccc3N2)ccc1OC,116,0.732059582,0.156626506,0.62,0.828486531
COc1cc(C2NNC(=O)c3cc(-c4ccncc4)ccc32)ccc1OC,116,0.747075445,0.170731707,0.59,0.789048385
COc1cc(C2NNC(=O)c3cc(-c4ccncc4)ccc32)nc(OC)c1,116,0.741743665,0.192771084,0.57,0.743203415
COc1cc(C2NNC(=O)c3cc(-c4cncnc4)ccc32)cc(OC)c1,116,0.741743665,0.233766234,0.39,0.762304401
COc1cc(C2NNC(=O)c3cc(-c4ccncc4)ccc32)cc(OC)c1,116,0.747075445,0.236842105,0.58,0.778398681
Cc1cc(C2NNC(=O)c3sc(-c4ccncc4)cc32)cc(C(C)C)c1,116,0.716092269,0.122222222,0.47,0.732357297
COc1cc(C2COC(=O)c3cc(-c4ccncc4)ccc32)cc(C)n1,116,0.675836114,0.174418605,0.44,0.764484074
COc1cc(C2COC(=O)c3cc(-c4ccncc4)ccc32)cc(OC)c1,116,0.655860138,0.246753247,0.44,0.790534775
COc1cc(C2COC(=O)c3cc(-c4ccncc4)ccc32)ccc1OC,116,0.655860138,0.180722892,0.44,0.802075604
COc1cc(C2Cc3ccc(-c4ccncc4)cc3C2=O)cc(COC)c1,116,0.676270448,0.21686747,0.46,0.791608543
COc1cc(C2CNC(=O)c3cc(-c4ccncc4)ccc32)ccc1OC,116,0.771628729,0.154761905,0.59,0.805661403
COc1cc(CN2Cc3ccc(-c4ccncc4)cc3C2=O)cc(OC)c1,116,0.691934961,0.263157895,0.45,0.863769568
COc1cc(CN2Cc3ccc(-c4ccncc4)cc3C2=O)cc(NC)c1,116,0.749272868,0.271604938,0.47,0.849426175
COc1cc(CN2CNc3ccc(-c4ccncc4)cc3C2=O)cc(F)c1,116,0.763314511,0.226190476,0.5,0.835036629
COc1cc(CN2CNc3ccc(-c4ccncc4)cc32)cc(=O)n1C,116,0.785610049,0.174418605,0.53,0.788571766
COc1cc(C2CNC(=O)c3ccc(-c4ccncc4)cc32)cc(OC)c1,116,0.771628729,0.217948718,0.59,0.791460219
COc1cc(C2NNC(=O)c3ccc(-c4ccncc4)cc32)cc(OC)c1,116,0.747075445,0.233766234,0.58,0.777497892
COc1cc(C2CNC(=O)c3ccc(-c4ccncc4)cc32)cc(F)c1OC,116,0.750623072,0.146067416,0.64,0.777971534
COc1cc(C2CNC(=O)c3ccc(-c4ccncc4)cc32)cc(F)c1F,116,0.764652897,0.147727273,0.65,0.77610531
Cc1cc(O)nc(NN=Cc2ccc(Br)s2)n1,117,0.675082359,1,0.02,0.799341854
Cc1cc(N)nc(NCCc2ccc(Br)s2)n1,117,0.910875114,0.350877193,0.1,0.834509162
Cc1cc(N)nc(NCc2ccc(Br)cc2O)n1,117,0.810833261,0.288135593,0.07,0.847198081
Cc1cc(N)nc(NCc2ccc(Br)s2)n1,117,0.914474839,0.37037037,0.08,0.835424186
Cc1cc(NCCc2ccc(Br)s2)nc(N)n1,117,0.910875114,0.305084746,0.18,0.837842175
Cc1cc(NCc2ccc(Br)s2)nc(CCN)n1,117,0.886262332,0.295081967,0.1,0.823227245
Cc1cc(NCc2ccc(Br)s2)nc(N)n1,117,0.914474839,0.315789474,0.18,0.838735639
CC12CCC(C(=O)NNC(=O)c3ccc(F)cc3)(CC1)OC2(C)C,118,0.817353425,0.549019608,0,0.695435898
CC12CCC(C(=O)NNC(=O)c3ccc(F)cc3)(CC1)C2(C)C,118,0.82283153,0.551020408,0,0.729081566
CC12CCC(C(=O)NNc3ccc(F)cc3)(CC1)C2(C)C,118,0.82957096,0.363636364,0,0.711558874
CC12CC(C(=O)NNC(=O)c3ccc(F)cc3)CCC1(C)C2,118,0.825487886,0.421052632,0,0.729145735
COC1(C(=O)NNC(=O)c2ccc(F)cc2)CCCC(C)(C)C1,118,0.840602047,0.464285714,0,0.773596705
COC1(C(=O)NNC(=O)c2ccc(F)cc2)CCC1(C)C,118,0.835245229,0.5,0,0.770965887
COC1(C(=O)NCC(=O)c2ccc(F)cc2)CCC1(C)C,118,0.847739424,0.333333333,0,0.762348883
CN1CC(CNC(=O)c2ccc(F)cc2)CCC1(C)C,118,0.92167437,0.344262295,0,0.806414221
COC1(C(=O)NNC(=O)c2ccc(F)cc2)CCC1,118,0.80657511,0.490196078,0,0.859384371
CC1CC(CNC(=O)c2ccc(F)cc2)CCC1(C)O,118,0.89351926,0.344262295,0.01,0.762882333
CC1CN(C(=O)c2ccc(F)cc2)CCC1(C)O,118,0.829619235,0.310344828,0.01,0.796525524
CC1(C(=O)Nc2ccc(F)cc2)CCC(C)(CN)CC1,118,0.890894719,0.310344828,0.02,0.832857996
CC1(C)CCN(C(=O)c2ccc(F)cc2)CCC1(C)O,118,0.858449222,0.345454545,0,0.808137505
CC1(CO)CCN(C(=O)c2ccc(F)cc2)CCC1(C)C,118,0.910024026,0.350877193,0,0.790351582
CC1(CO)CCN(C(=O)c2ccc(F)cc2)CC1(C)C,118,0.903936024,0.322033898,0,0.789059157
CC1(CO)CCN(C(=O)c2ccc(F)cc2)CC1,118,0.873688787,0.345454545,0.01,0.881559619
CC1(CN)CCN(C(=O)c2ccc(F)cc2)CC1,118,0.872591099,0.339285714,0.01,0.872122081
CC1(CN)CCN(C(=O)c2ccc(F)cc2)CCCN1,118,0.859377832,0.296875,0.07,0.798057702
CC1(CN)CCN(C(=O)c2ccc(F)cc2)CCN1,118,0.837765271,0.327868852,0.06,0.796544309
CC1(NC(=O)c2ccc(F)cc2)CCN(CN)CC1,118,0.866473104,0.368421053,0.04,0.841877516
CC1(NC(=O)c2ccc(F)cc2)CCN(CN)CCN1,118,0.753166598,0.35483871,0.09,0.749426109
CC1(NC(=O)c2ccc(F)cc2)CCN(CC#N)CC1,118,0.857600353,0.372881356,0.05,0.846364515
CC1(CNC(=O)c2ccc(F)cc2)CCC(N)CC1,118,0.880800003,0.368421053,0.05,0.857371856
COc1cc(C2CC(=O)N3CN(c4ccccc4C)CSC3=C2C#N)cc(OC)c1,119,0.736044689,0.816666667,0.03,0.76171812
COc1cc(C2CC(=O)N3CN4C=CC=CC4=C3C2C#N)cc(OC)c1OC,119,0.800807642,0.358974359,0.05,0.665663402
COc1cc(C2CC(=O)N3CN4C=CC=CC4=C3C2)cc(C#N)c1OC,119,0.839443382,0.35443038,0.06,0.695928607
COc1cc(C)c(C2CC(=O)N3C=CC=CC3=C2C#N)cc1OC(F)F,119,0.821685233,0.313253012,0.05,0.707253647
COc1cc(C)c(C2CC(=O)N3Cc4ccccc4C=C3N2)cc1C#N,119,0.907308254,0.341463415,0.06,0.72446686
COc1cc(C)c(C2CC(=O)N3C=Cc4ccccc4C3=N2)cc1OC,119,0.849432287,0.256097561,0.04,0.744803659
COc1ccc(C2CC(=O)N=C3C=Cc4ccccc4N3C2)cc1C#N,119,0.836798574,0.329268293,0.11,0.747636485
COc1ccc(C2CC(=O)Nc3nc(C4CC4)ccc3N2)cc1C#N,119,0.898785133,0.24137931,0.15,0.744652748
COc1ccc(C2CC(=O)Nc3nc(C4CCC4)ncc32)cc1C#N,119,0.931595541,0.25,0.2,0.74567875
COc1ccc(C2CC(=O)Nc3nc(C4CC4)ncc32)cc1C#N,119,0.939116772,0.255813953,0.22,0.745552022
COc1ccc(C2CC(=O)Nc3nc(C4CCCN4)ncc32)cc1C#N,119,0.881520754,0.239130435,0.18,0.695944906
COc1ccc(C2CC(c3cccc4cccnc34)=C(C#N)N2)cc1O,119,0.753526554,0.224719101,0.17,0.750437921
COc1ccc(OC)c(C2CC(c3ccccc3C#N)=CC(=O)N2)c1O,119,0.884507427,0.256097561,0.05,0.749479312
COc1ccc(OC)c(C2CC(c3ccccc3C#N)=CC(=O)N2)c1,119,0.931738487,0.268292683,0.05,0.772959573
COc1ccc(OC)c(C2CC(c3ccccc3C#N)=CN2)c1OC,119,0.902612282,0.272727273,0.07,0.753148739
COc1cccc(C2CC(c3ccccc3C#N)=NC2=O)c1OC,119,0.867648843,0.294871795,0.04,0.777509262
COc1cccc(C2CC(c3ccccc3C#N)=CC2=O)c1CN,119,0.939160342,0.253012048,0.1,0.760896818
COc1ncc(C2CC(=O)NC(c3ccccc3)=C2)cc1C#N,119,0.945500186,0.238095238,0.22,0.756043181
COc1ncc(C2CC(=O)NC(c3ccccc3)=C2)cc1CC#N,119,0.940035597,0.218390805,0.2,0.745845103
COc1ncc(C2CC(=O)Nc3nc(-c4ccccc4)cn32)cc1C#N,119,0.787734111,0.25,0.26,0.735018228
COc1ncc(C#N)cc1C1CC(=O)NC(c2ccccc2C)=C1,119,0.943614251,0.258823529,0.23,0.743755868
COc1ncc(C#N)cc1C1=CC(c2cccc3ccccc23)NC1=O,119,0.79241721,0.188888889,0.31,0.747978844
COc1ncc(C#N)cc1C1=CC(c2ccccc2CN)=NC(=O)C1,119,0.924786908,0.2,0.25,0.766041544
COc1ncc(C#N)cc1C1=CC(c2cccc3ccccc23)=CC(=O)N1,119,0.600323281,0.181818182,0.48,0.827040376
COc1ncc(C2CC(=O)NC(N)=C2C#N)cc1Cc1ccc2ccccc2c1,119,0.719619249,0.295454545,0.19,0.751942698
COc1ncc(C2CC(=O)NC(N)=C2C#N)cc1Cc1cccc(-c2ccccc2)c1,119,0.668657678,0.295454545,0.27,0.759378177
COc1ncc(C2CC(=O)C(C#N)=C2Nc2ccccc2)cc1-c1ccccc1,119,0.693065839,0.244186047,0.24,0.760006853
COc1ncc(C2CC(=O)N(Cc3ccccc3N)C2)cc1-c1ccccc1,119,0.689826628,0.213483146,0.18,0.799890653
COc1ccc(C2CC(=O)C(C#N)=C2Nc2cccc3ncccc23)cc1,119,0.759397586,0.213483146,0.07,0.772816038
COc1ccc(-c2ccncc2C2CC(=O)N(c3ccccc3)C2)cc1OC,119,0.668627282,0.253012048,0.33,0.818792838
COc1ccc(Br)c(C2CC(=O)NC(c3ccccc3N)=C2)c1OC,119,0.76417478,0.256097561,0.14,0.75086244
COc1ccc(C2CC(=O)C(C#N)=C2Nc2ccccc2)cc1OC,119,0.903497595,0.333333333,0.02,0.787263365
COc1cc(O)c(C2CC(=O)N(Cc3ccccc3N)C2)cc1OC,119,0.815702334,0.243902439,0.05,0.80599233
COc1cc(-c2ccncc2)cc(C2CC(=O)NC2=CN)c1OC,119,0.899494259,0.231707317,0.35,0.744428493
COc1cc(OC)ccc1C1CC(=O)NC1(N)c1cccnc1,119,0.893386439,0.195402299,0.08,0.730522054
COc1cc(Cl)cc(-c2ccnn2C2CC(=O)NC2N)c1OC,119,0.883860677,0.220930233,0.2,0.698277247
COc1cc(C)cc(-c2ccnn2C2CC(=O)NC2N)c1OC,119,0.884783171,0.238095238,0.17,0.701857535
COc1cc(C)cc(-c2ccnn2C2CC(=O)NC2N)c1,119,0.888315637,0.186046512,0.21,0.706980526
COc1cc(C)cc(-c2ccnn2C2CC(=O)NC2N)c1O,119,0.782121539,0.193181818,0.14,0.687298731
COc1ccc(-c2ccncc2C2CC(=O)N2)c(C#N)c1O,119,0.843109412,0.226190476,0.25,0.756929164
COc1ccc(-c2ccncc2)c(C2NC(=O)C(C#N)C2N)c1,119,0.892112588,0.159090909,0.34,0.706179527
COc1ccc(-c2ccncc2)cc1C1NC(=O)C(C#N)C1N,119,0.892112588,0.202380952,0.53,0.710003432
COc1ccc(-c2ccncc2)cc1C1NCC(=O)N1C(C)C#N,119,0.932428818,0.235294118,0.54,0.718598163
COc1ccc(-c2ccncc2)cc1C1CNC(=O)C(C#N)C1,119,0.94507024,0.231707317,0.46,0.732412357
COc1ccc(-c2ccncc2)cc1C1CNC(=O)C(C#N)=N1,119,0.937728444,0.231707317,0.56,0.739092365
COc1ccc(-c2ccncc2)cc1CNC(C)C1NCC(=O)N1,119,0.745566732,0.166666667,0.48,0.729101075
COc1ccc(-c2ccncc2)cc1CNC(C)C1SCC(=O)N1,119,0.843359806,0.193181818,0.4,0.731484129
COc1ccc(-c2ccncc2)cc1CNC=C1SCC(=O)N1,119,0.883369394,0.183908046,0.48,0.806756277
COc1ccc(-c2ccncc2)cc1NC1CCC(=O)N=C1N,119,0.903452992,0.188235294,0.51,0.771261829
COc1ccc(-c2ccncc2)cc1NC1CC(=O)NCC1C,119,0.91107917,0.19047619,0.47,0.752953616
COc1ccc(-c2ccncc2)cc1C1CC(=O)N=CN1,119,0.93762767,0.2,0.51,0.745451881
COc1ccc(-c2ccncc2)cc1C1CNC(=O)CN1,119,0.896202054,0.2,0.51,0.783655412
CC1=CC(=O)C2=C1C1OC(=O)C(C)C1CCC2C,120,0.616434806,1,0.01,0.640105779
CC1=CC(=O)C2=C1CCN(C(=O)C(C)C)C2CCCCF,120,0.72993167,0.215384615,0.02,0.712876009
CC1=CC(=O)C2=C(CCN2C(=O)C(C)C)C1CCCCF,120,0.728411978,0.144927536,0.01,0.693110557
CC1=CC(=O)c2c(cc(C)n2C2C(=O)CCC2C)C1F,120,0.786638385,0.193548387,0,0.625151409
CCC(=O)N1c2ccc(C)cc2C(=O)C1C1CCC(F)C1,120,0.836038345,0.128571429,0.01,0.706102517
CCC(=O)N1CC(=O)c2cc(C)c(C3CCCC3)c(F)c21,120,0.831572959,0.132352941,0.04,0.781522622
CC1=CC(=O)c2c(C3CCC(O)C3C)c(C)ccc21,120,0.835032623,0.245614035,0.05,0.68581597
CC1=CC(=O)c2c1cc(C)n2C1CCC(C)C1C(=O)O,120,0.900477177,0.233333333,0,0.667608959
CC1=CC(=O)c2c(c3ccccc3n2CCC(C)O)C1=O,120,0.94187091,0.174603175,0.05,0.780593869
CC1=CC(=O)c2c(c3ccc(O)cc3c(=O)n2CCO)C1,120,0.873446068,0.134328358,0.02,0.794291852
CC1=CC(=O)C2=C(C1=O)c1cc(O)ccc1CCC2C,120,0.736044079,0.321428571,0.07,0.750271284
CC1=CC(=O)c2c1cc(O)c1cc(C3CC3)ccc21,120,0.829478319,0.224137931,0.04,0.823600883
CC1=CC(=O)c2c(c3ccc(O)cc3cc2C1C)CCO,120,0.887970095,0.153846154,0.07,0.741072649
CC1=CC(=O)c2c1ccc1cc(O)c(C3CC3)cc21,120,0.829478319,0.220338983,0.04,0.819531798
CC1=CC(=O)c2cc(CCO)c(C3CC=C3)cc2C1=O,120,0.857205977,0.193548387,0.06,0.734591284
CC1=CC(=O)c2cc(C)c(C3CC=CC3)cc2C1=O,120,0.713155124,0.226415094,0.07,0.794208431
CC1=CC(=O)c2cc(-c3ccccc3O)ccc21,120,0.819993286,0.203703704,0.08,0.868077019
CC1=CC(=O)c2cc(-c3ccccc3)ccc2C1C,120,0.72046606,0.2,0.04,0.813554904
CC1=CC(=O)c2cc(-c3ccccc3)ccc2C1CO,120,0.899926038,0.166666667,0.07,0.804918821
CC1=CC(=O)c2cc(-c3ccccc3)ccc2C1O,120,0.840266179,0.175438596,0.06,0.805893366
CC1=CC(=O)c2cc(-c3ccccc3O)ccc2C1C,120,0.83314251,0.186440678,0.08,0.789385175
CC1=CC(=O)c2cc(-c3ccco3)ccc2C1=NCCO,120,0.940535578,0.184615385,0.12,0.798746264
CC1=CC(=O)c2cc(-c3ccc4c(c3)CCN4)ccc21,120,0.842576049,0.186440678,0.3,0.836928336
CC1=CC(=O)c2cc(-c3cccnc3NCCO)ccc21,120,0.903663007,0.166666667,0.2,0.83175447
CC1=CC(=O)c2cc(-c3cccnc3N)ccc2C1=N,120,0.829778729,0.177419355,0.22,0.809180174
CC1=CC(=O)c2cc(-c3cccnc3NCCN)ccc2C1,120,0.909280023,0.142857143,0.25,0.812496184
CC1=CC(=O)c2cc(-c3ccncc3NCCN)ccc21,120,0.902632161,0.149253731,0.39,0.822059598
CC1=CC(=O)c2cc(-c3cncnc3N)ccc2NCC1,120,0.839002828,0.130434783,0.51,0.793030111
CC1=CC(=O)c2cc(-c3cncnc3N)ccc2NC1,120,0.827237628,0.132352941,0.6,0.781832478
CC1=CC(=O)c2cc(-c3cnccc3N)ccc2NCCN1,120,0.752476984,0.134328358,0.44,0.738159457
CC1=CC(=O)c2cc(-c3cncnc3N)ccc2NC1N,120,0.732022112,0.132352941,0.39,0.727258712
CC1=CC(=O)c2cc(-c3cncnc3N)ccc2NC1C,120,0.838999698,0.149253731,0.37,0.738842806
CC1=CC(=O)c2cc(-c3cncnc3N)ccc2NC1Cl,120,0.625019467,0.130434783,0.41,0.725326508
CC1=CC(=O)c2cc(-c3cncnc3N)ccc2NC1=O,120,0.697819715,0.101449275,0.63,0.837845856
CC1=CC(=O)c2cc(-c3cncnc3N)ccc2NCC=CC1,120,0.790590571,0.123287671,0.46,0.716092831
CC1=CC(=O)c2cc(-c3cncnc3N)ccc2NCCC1,120,0.844499156,0.126760563,0.49,0.749522094
CCc1cc2c3c(c1)C(C)CC(C)(C)N3C(=O)C2=C1SC(=O)NC1,121,0.783455567,0.706896552,0.12,0.673913341
CCc1cc2c(c(C)c1)C(C)CC(C)(C)N2C1=C(Br)C(=O)NC1,121,0.829426877,0.385714286,0.08,0.690393861
CCc1cc(Br)c2c(c1)C(C)CN2C(C)=C1CC(C)NC1=O,121,0.802154856,0.315068493,0.06,0.650490374
CCc1cc(Br)c2c(c1)C(C)CN2C(C)=C1CC(=O)NC1=O,121,0.648312327,0.338028169,0.08,0.694313132
CCc1cc(Br)c2c(c1)C(C)CN2CCC1(C)NC(=O)NC1=O,121,0.790088679,0.328767123,0.03,0.678221493
CCc1ccc2c(c1)C(C)CN2CCC1(C)NC(=O)NC(C)=C1C,121,0.879917359,0.272727273,0.02,0.689063637
CCc1ccc2c(c1)C(C)CN(CCCN)C2=C(C)NC(=O)NC,121,0.777119107,0.219512195,0.08,0.724864623
CCc1ccc2c(c1)CNC(=O)C2=C1CC(C)NC(=O)N1CC,121,0.823774023,0.266666667,0.12,0.7301872
CCc1ccc2c(c1)C(C)CN1CC(C)NC(=O)C1=C2C,121,0.859738233,0.3,0.06,0.698923065
CCc1ccc2c(c1)c(C)cn2CCCN1CC(C)NC(=O)C1CC,121,0.873009682,0.204819277,0.08,0.732129718
CCc1ccc2c(c1)c(C)cn2C1CC(C)NC(=O)C1=CCO,121,0.856350424,0.219512195,0.0725,0.684720516
CCc1ccc2c(c1)c1c(n2CCC#N)CC(C)NC(=O)C1=C,121,0.885350561,0.21686747,0.12,0.716460758
CCc1ccc2c(c1)C(C)CN1CCC2(C)C1=CC(=O)NC,121,0.851458117,0.253164557,0.02,0.590237799
CCc1ccc2c(c1)C(C)CN2CCCC(C)=CC(=O)C1CC1,121,0.669009992,0.209876543,0.01,0.753271335
CCc1ccc2c(c1)C(C)CC(=NC(=O)C1CC1)C(=O)N2,121,0.906957033,0.27027027,0.18,0.738517742
CCc1ccc2c(c1)C(C)CC(=CC(=O)C1CC1)NC2=O,121,0.864682315,0.287671233,0.08,0.729213232
CCc1ccc2c(c1)C(C)CC(=CC(=O)C1CC1)NC2=NC,121,0.866141041,0.25974026,0.04,0.680967247
CCc1ccc2c(c1)C(CC(C)C1CC1)=CC(=O)C(=O)N2,121,0.876787964,0.22972973,0.07,0.77500554
CCc1ccc2c(c1)S(=O)CCCN1CCCC1=C(C)C(=O)N2,121,0.859700202,0.2,0.19,0.671479172
CCc1ccc2c(c1)C(CC(C)C1CCC1)=CC(=O)C(=O)N2,121,0.878985399,0.223684211,0.1,0.775232821
CCc1ccc2c(c1)S(=O)CC(C)C(=CC(C)=C1CC1)N2,121,0.876233706,0.202531646,0.05,0.62228593
CCc1ccc2c(c1)C(CC(C)=C1CCCC(=O)C1)NC(=O)C2,121,0.862792539,0.215189873,0.03,0.716183668
CCc1ccc2c(c1)C(=C1CCCN1C)C(=O)NC(=O)C2,121,0.632623291,0.256756757,0.32,0.812659154
CCc1ccc2c(c1)C(=CC(C)=C1CCCC(=O)N1)NCC2,121,0.878861847,0.205128205,0.05,0.763056135
CCc1ccc2c(c1)C(=CC(C)=C1CCCN1)C(=O)N2,121,0.808442799,0.220779221,0.43,0.776418983
CCc1ccc2c(c1)C(=CC(C)=C1CC1)NC(=O)N2,121,0.826912477,0.219178082,0.12,0.770185789
CCc1ccc2c(c1)C(=C1CCCN1)C(=O)NC2=O,121,0.592648892,0.260869565,0.42,0.818961513
CCc1ccc2c(c1)C(=C1CC1)C(=O)NC2=O,121,0.589356011,0.285714286,0.4,0.839487783
CCc1ccc2c(c1)C(=C1CCCC1)C(=O)N2,121,0.730522657,0.28125,0.38,0.842991207
CCc1ccc2c(c1)C(=C1CCCCC1)C(=O)N2,121,0.741768267,0.276923077,0.38,0.845589312
CCc1ccc2c(c1)C(=C1CCCC1=O)C(=O)N2,121,0.768285231,0.264705882,0.38,0.833195571
CCc1ccc2c(c1)C(=C1CCCCCC1=O)C(=O)N2,121,0.626334372,0.264705882,0.38,0.837016284
CCc1ccc2c(c1)C(=CN1CCCCCC1=O)C(=O)N2,121,0.848842961,0.246575342,0.42,0.817093187
CCc1ccc2c(c1)C(=Cc1cccc(=O)[nH]1)C(=O)N2,121,0.819980326,0.219178082,0.72,0.82954125
CCc1ccc2c(c1)C(=Cc1cccc(CN)c1)C(=O)N2,121,0.847073464,0.213333333,0.63,0.866096521
CCc1ccc2c(c1)C(=Cc1cccc(C)c1)C(=O)N2,121,0.813615973,0.219178082,0.72,0.880557174
CCc1ccc2c(c1)C(=Cc1cccc(C(N)=O)c1)C(=O)N2,121,0.853781128,0.205128205,0.53,0.869896192
CCc1ccc2c(c1)C(=Cc1ccccc1)C(=O)NC2=O,121,0.677099374,0.231884058,0.26,0.882106521
CCC(C(=O)O)n1c(O)c2c(c1O)CCCC2,122,0.750876397,1,0,0.74286387
CCC(C(=O)O)n1c(C)c2c(c1O)CCCC2,122,0.848216436,0.818181818,0.01,0.746028753
CCC(C(=O)O)n1c(C)cc2c1CCCCC2CC,122,0.832553534,0.446808511,0.02,0.726126959
CCC(C(=O)O)n1c(C)cc2cc(OC)ccc21,122,0.903153698,0.354166667,0,0.812438151
CCC(C(=O)O)n1c(C)cc2cc(CN)ccc21,122,0.870229747,0.382978723,0.07,0.792929202
CCC(C(=O)O)n1ccc2cc(C(C)CC)cc(O)c21,122,0.869604634,0.32,0.01,0.727067909
CCC(C(=O)O)n1ccc2cc(C3CCCC3)cc(O)c21,122,0.891683346,0.346153846,0.02,0.763221684
CCC(C(=O)O)n1ccc2cc(C3CCCC3)c(O)cc21,122,0.891683346,0.346153846,0.01,0.772727812
CCC(C(=O)O)n1c(OC)cc2cc(C3CC3)cnc21,122,0.910015927,0.333333333,0.02,0.742968347
CCC(C(=O)O)n1c(C)cc2cc(C3CC3)cnc21,122,0.915366528,0.352941176,0.04,0.765009342
CCC(C(=O)O)n1c(C)cc2cc(CC)cnc21,122,0.901946327,0.354166667,0.03,0.774480223
CCC(C(=O)O)n1c(C)cc2c(C3CC3)ccnc21,122,0.915366528,0.346153846,0.04,0.766317035
CCC(C(=O)O)n1c(C)cc2c(C3CC3)[nH]cc21,122,0.869973411,0.36,0.06,0.719137052
CCC(C(=O)O)c1[nH]c2cc(C)ccc2c1Cl,122,0.873801162,0.226415094,0.01,0.778707683
CCC(C(=O)O)n1c(C(F)F)cc2c1CCC2,122,0.882939021,0.465116279,0.01,0.730184606
CCC(C(=O)O)n1c(C)cc2c(Cl)c[nH]c21,122,0.866655565,0.361702128,0.03,0.725346807
CCC(C(=O)O)n1c(C)cc2c1CCCC2,122,0.852311946,0.525,0.01,0.770823177
CCC(C(=O)O)n1c(C)cc2c1CCCC2Cl,122,0.84094206,0.425531915,0.01,0.703693308
CCC(C(=O)O)n1c(C)cc2c(C)[nH]nc21,122,0.832452511,0.377777778,0.07,0.742082764
CCC(C(=O)O)n1c(C)cc2c(CC)n[nH]c21,122,0.853527898,0.354166667,0.085,0.725675576
CCC(C(=O)O)n1c(C)cc2c(CC)nccc21,122,0.901946327,0.346938776,0.01,0.7649741
CCC(C(=O)O)n1c(CC)nc2c(C)cccc21,122,0.901946327,0.375,0.01,0.802320097
CCC(C(=O)O)n1c(C)c(C)c2cnccc21,122,0.884725687,0.354166667,0.07,0.778099321
CCC(C(=O)O)n1c(CCCl)nc2cnccc21,122,0.843911276,0.320754717,0.09,0.768891928
CCC(C(=O)O)n1c(CC)nc2cnccc21,122,0.876864773,0.346938776,0.06,0.78526091
CCC(C(=O)O)n1c(CN)nc2cnccc21,122,0.82009491,0.333333333,0.19,0.770685787
CCC(C(=O)O)n1c(CO)nc2cnccc21,122,0.823540683,0.34,0.07,0.772938815
CC(=O)NC1C(OCc2ccccc2)OC2COC(c3ccccc3)OC2C1O,123,0.798915259,0.766666667,0.01,0.702304443
CC(=O)NC1C(OCc2ccccc2)OC2COCc3ccccc3C2O1,123,0.897631718,0.438356164,0.03,0.691557534
CC(=O)NC1C(OCc2ccccc2)COC2c3ccccc3OC21,123,0.93025306,0.436619718,0,0.719795761
CC(=O)NC1C(OCc2ccccc2)COC1c1ccccc1,123,0.923453685,0.507936508,0,0.765066451
CC(=O)NC1CC2OCc3ccccc3OC2C1c1ccccc1,123,0.923981286,0.302631579,0.02,0.708403216
CC(=O)NC1CC2c3ccccc3OC2COC1c1ccccc1,123,0.923099684,0.324324324,0,0.713798821
CC(=O)NC1C=Cc2c(OCc3ccccc3)cccc2OC1,123,0.943394001,0.324675325,0.02,0.78448645
CC(=O)NC1COCC(OCc2ccccc2)C1c1ccccc1,123,0.919382434,0.426470588,0,0.759452449
CC(=O)NC1COC(OCc2ccccc2)C1c1ccccc1,123,0.923453685,0.523809524,0,0.763774832
CC(=O)NC1C=C(OCc2ccccc2)COC1c1ccccc1,123,0.917616545,0.385714286,0.05,0.748210716
CC(=O)NC1C=C(OCc2ccccc2)C(C)OC1c1ccccc1,123,0.903740355,0.366197183,0,0.72207183
CC(=O)NC1C=C(OCc2ccccc2C)COC1c1ccccc1,123,0.905410992,0.333333333,0.05,0.736561123
CC(=O)NC1CC(OCc2ccccc2C)COC1c1ccccc1,123,0.906162248,0.369863014,0.01,0.742902385
CC(=O)NC1CC(OCc2ccccc2)COC1c1ccccc1,123,0.917900264,0.447761194,0.01,0.756353988
CC(=O)NC1CC(OCc2ccccc2CCc2ccccc2)CO1,123,0.842325544,0.356164384,0,0.753976706
CC(=O)NC1CC(OCc2ccccc2CCc2ccccc2)OC1,123,0.842325544,0.394366197,0,0.771663324
CC(=O)NC1COC(c2ccccc2OCc2ccccc2)OC1,123,0.917348363,0.426470588,0.01,0.860835085
CC(=O)NC1COC(c2ccccc2OCc2ccccc2)C1,123,0.921976383,0.375,0,0.794716727
CC(=O)NC1COC(c2cccc(OCc3ccccc3)c2)C1,123,0.921976383,0.383561644,0,0.795426945
CC(=O)NC1COC(c2cccc(OCc3ccccc3)c2)OC1,123,0.917348363,0.434782609,0.02,0.865112668
CC(=O)NC1CCN(c2cccc(OCc3ccccc3)c2)CC1,123,0.916673839,0.32,0.02,0.909036184
CC(=O)NC1CCN(c2cccc(OCc3ccccc3)c2)C1,123,0.922907907,0.311688312,0.04,0.857930078
CC(=O)NC1CCN(c2cccc(OCc3ccccc3)c2)C1=O,123,0.919194392,0.307692308,0.01,0.843484345
CCCOC(=O)C1NC(=O)N2C1SC(C)(C)C2C(=O)OCCC,124,0.735298929,1,0.03,0.670473365
CCCOC(=O)C1NC(=O)C2C1SC(C)(C)C(=O)N2CCC,124,0.760280382,0.456140351,0.01,0.650514888
CCCOC(=O)C1NC(=O)C2C1SC(C)(C)CN2C(=O)OCC,124,0.770518129,0.440677966,0.05,0.64977138
CCCOC(=O)C1SC(N2CCNC2=O)C(C#N)C1(C)C,124,0.796963647,0.380952381,0.07,0.623714039
CCCOC(=O)C1NC(C)(C)C(=O)N2CCSC(CCC)C12,124,0.780049405,0.416666667,0.04,0.631393902
CCCOC(=O)C1NC(c2ccc(OC)nc2)C(=O)NC1C,124,0.772749469,0.359375,0.02,0.688854436
CCCOC(=O)C1NC(c2ccc(OC)cc2)C(C)(C)C1=O,124,0.667529241,0.35,0.03,0.731568323
CCCOC(=O)C1C(c2ccc(OC)cc2)NC(=O)CN1CCC,124,0.771534783,0.328125,0.04,0.75002513
CCCOC(=O)C1C(c2ccc(OC)cc2)NC(=O)CN1C,124,0.825765006,0.333333333,0.03,0.751075023
CCCOC(=O)C1C(c2ccc(Cl)cc2)NC(=O)CSC1C,124,0.854360525,0.328125,0.03,0.70817726
CCCOC(=O)C1C(c2ccc(Cl)cc2)NC(=O)CC1SC,124,0.835502366,0.307692308,0.02,0.709996933
CCCOC(=O)C1C(c2ccc(F)cc2)NC(=O)CC1SC,124,0.845844058,0.307692308,0.02,0.709345735
CCCOC(=O)C1C(c2ccc(Cl)s2)NC(=O)CC1(C)C,124,0.859248792,0.365079365,0.06,0.699899756
CCCOC(=O)C1C(c2cccs2)NC(=O)CC(C)(C)N1,124,0.834815957,0.403225806,0.05,0.695206354
CCCOC(=O)C1C(c2cccs2)NC(=O)CC(C)(C)N1C,124,0.863827372,0.375,0.02,0.696220118
CCCOC(=O)C1C(c2ccc(F)cc2)NC(=O)CC1(C)C,124,0.87009264,0.360655738,0.01,0.746387297
CCCOC(=O)C1C(c2ccc(F)cc2)NC(=O)CN1CCC,124,0.814335929,0.333333333,0.05,0.744715468
CCCOC(=O)C1C(c2ccc(F)cc2)NC(=O)CN1C(C)C,124,0.842874835,0.323076923,0.05,0.740775583
CCCOC(=O)C1C(c2ccc(F)cc2)NC(=O)CN1C(C)CC,124,0.810738157,0.333333333,0.04,0.713710125
CCCOC(=O)C1C(c2ccc(F)cc2)NC(=O)CN1C(C)(C)C,124,0.858108937,0.323076923,0.06,0.729018121
CCCOC(=O)C1C(c2ccccc2)NC(=O)CN1C(C)(C)C,124,0.865424205,0.333333333,0.06,0.734778758
CCCOC(=O)C1C(c2ccccc2)NC(=O)CN1CC(C)(C)C,124,0.841962456,0.323076923,0.06,0.73686387
COCCN(C)C(=O)CC1C(=O)NCCN1Cc1ccccc1-c1ccccc1,125,0.744064749,0.682539683,0.09,0.806465218
COCCN(C)C(=O)CC1NCCN1Cc1ccccc1-c1ccccc1,125,0.778943517,0.492753623,0.05,0.78367087
COCCN(C)C(=O)CC1NCCN(c2ccccc2)c2ccccc21,125,0.867196714,0.463768116,0.02,0.79726951
CCN1C(=O)CN(CCNc2ccccc2-c2ccccc2)CC1=O,125,0.822915559,0.153846154,0.04,0.869866316
CCCN1C(=O)CN(CC(=O)NCc2ccccc2)c2ccccc21,125,0.881335759,0.17721519,0,0.883734051
COCCN1C(=O)CN=C(C(=O)c2ccccc2)C1c1ccccc1,125,0.761833845,0.305555556,0,0.788051231
COCCN1C(=O)CN=C1C(=O)c1ccccc1-c1ccccc1,125,0.767533332,0.266666667,0.03,0.842895203
COCCN1CCN=C1C(=O)NCc1cc(-c2ccccc2)ccn1,125,0.834783887,0.2625,0.14,0.833312748
COCCN1CCNC1C(=O)NCC(c1ccccc1)c1ccccc1,125,0.760053404,0.411764706,0,0.787203467
COCCN1CNC(=O)C1C(=O)Nc1cc(-c2ccccc2)ccn1,125,0.769369615,0.324675325,0.15,0.76627794
COCCN1CNC(=O)C1CC(=O)Nc1cc(-c2ccccc2)ccn1,125,0.786910175,0.386666667,0.16,0.783867459
CCN1CCNC(=O)C1CC(=O)NCc1cc(-c2ccccc2)ccn1,125,0.827690207,0.368421053,0.14,0.806114228
CCCN1CNC(=O)C1CC(=O)Nc1cc(-c2ccccc2)ccn1,125,0.847070674,0.311688312,0.17,0.787858709
CCCN1CCNC(=O)C1=C1NCc2cc(-c3ccccc3)ccc2N1,125,0.746813554,0.209876543,0.21,0.801681159
CCCN1CCNC(=O)C1=C1NCCc2cc(-c3ccccc3)ccc21,125,0.839163921,0.209876543,0.32,0.81585626
COCCN1CCNC(=O)C1=C1NCCc2cc(-c3ccccc3)ccc21,125,0.81842477,0.278481013,0.32,0.812629259
COCCN1CCNC(=O)C1=C1Nc2ccc(-c3ccncc3)cc2C1F,125,0.811957731,0.23255814,0.54,0.720639312
COCCN1CCNC(=O)C1=C1Nc2ccc(-c3ccncc3)cc2N1,125,0.729739892,0.234567901,0.5,0.798365977
COCC1CCNC(=O)C1=C1Nc2ccc(-c3ccncc3)cc2N1,125,0.751344343,0.180722892,0.61,0.740204234
COCC1CCNC(=C2C(=O)Nc3ccc(-c4ccncc4)cc32)N1,125,0.747382294,0.174418605,0.64,0.736630578
COCC1CN(C)CCNC1=C1C(=O)Nc2ccc(-c3ccncc3)cc21,125,0.817747243,0.206896552,0.57,0.735828464
COCC1CN=C(C)C(=C2NC(=O)Nc3ccc(-c4ccncc4)cc32)N1,125,0.78226536,0.170454545,0.47,0.708067517
COCC1CNC(=C2C(=O)Nc3ccc(-c4ccncc4)cc32)N=C1,125,0.844774203,0.162790698,0.63,0.712679471
COCC1CCNC(=C2C(=O)Nc3ccc(-c4ccncc4)cc32)C1,125,0.84642307,0.174418605,0.6,0.760682
COCCN1CCNC(=C2C(=O)Nc3ccc(-c4ccncc4)cc32)C1,125,0.825503172,0.226190476,0.58,0.812505653
COCC1CCC(=C2CCCCc3ccc(-c4ccncc4)cc3N2)CC1,125,0.729351979,0.152941176,0.48,0.81249515
COCC1CCC(=C2CCCc3ccc(-c4ccncc4)cc3N2)CC1,125,0.785164353,0.152941176,0.48,0.812812885
COCC1CCC2(CCNc3ccc(-c4ccncc4)cc3N2)C1=O,125,0.899276421,0.176470588,0.5025,0.659336475
COCC1CCC2(CC1)C(=O)Nc1ccc(-c3ccncc3)cc12,125,0.935508052,0.185185185,0.51,0.77856102
COCC1CCC2(CCNC(=O)c3ccc(-c4ccncc4)cc32)N1,125,0.903127781,0.176470588,0.52,0.659696222
COC12CCN(C(=O)c3ccc(-c4ccncc4)cc3N1)C2,125,0.923859965,0.170731707,0.47,0.628132425
COC1CCC2(CCNc3ccc(-c4ccncc4)cc3C2=O)N1,125,0.88964817,0.152941176,0.54,0.644352475
COC1CCC2(CCNc3cc(-c4ccncc4)ccc3N2)OC1=O,125,0.819628804,0.176470588,0.46,0.642305495
COC1CCC2(CCNC(=O)c3ccc(-c4ccncc4)cc3N2)C1,125,0.883035343,0.151162791,0.58,0.665110132
COC1CCCC2(C1)C(=O)c1ccc(-c3ccnc4ccncc34)cc1N2,125,0.741613068,0.127659574,0.49,0.664690313
COC1CCCC2(C1)c1ccc(-c3ccnc(-c4ccncc4)c3)cc1N2,125,0.714820139,0.113636364,0.44,0.683689188
COCC1CCC2(CCNC(=O)c3cc(-c4ccncc4)ccc3N2)C1=O,125,0.874080355,0.170454545,0.57,0.662335648
COC1(C)CCCC2(C1)C(=O)c1ccc(-c3cc4ncncc4[nH]3)cc12,125,0.759593414,0.115789474,0.34,0.632335574
COCC1CCCC2(C1)C(=O)c1ccc(-c3cc4ccncc4[nH]3)cc1O2,125,0.750876968,0.178947368,0.45,0.659368599
COCCC1(C)CCCC2(C1)C(=O)c1cc(-c3ccncc3)ccc1N2,125,0.867280089,0.172413793,0.54,0.662472394
COCC1(C)CCCC2(C1)C(=O)c1cc(-c3ccncc3)ccc1N2,125,0.906621877,0.149425287,0.49,0.660309072
COCC1(C)CCCC2(C1=O)c1ccc(-c3ccncc3)cc1N2,125,0.93425425,0.152941176,0.43,0.650588991
COCC1(C)CCCC(=O)c2cc(-c3ccncc3)ccc2N1,125,0.932905587,0.154761905,0.48,0.761089567
CCC1(C)Cc2c(C#N)c(SC)nc(N3CCOCC3)c2C1,126,0.80209679,0.735849057,0.03,0.728318872
CCC1(C)Cc2c(C#N)c(N)nc(N3CCOCC3)c2CN1,126,0.852899885,0.507936508,0.09,0.706058326
CCC1=Cc2c(C#N)c(N)nc(N3CCOCC3)c2CC1(C)C,126,0.908511967,0.454545455,0.05,0.752037488
CCC1=Cc2c(N3CCOCC3)nc(N)c(C#N)c2CC1(C)C,126,0.908511967,0.432835821,0.04,0.749008642
CCC1=Cc2c(N3CCOC(C)(C)C3)nc(N)c(C#N)c2CC1,126,0.908498721,0.337837838,0.06,0.739680997
CC1(C)Cc2c(N)nc(N3CCOCC3)c(C#N)c2CNC(CF)C1,126,0.847805644,0.388888889,0.13,0.696020022
CC1(C)Cc2c(C#N)cc3c(c2N=C1N)CC(NC(C)(C)C)C3,126,0.837131075,0.1625,0.05,0.665354903
CC1(C)Cc2c(C#N)c(N3CCOCC3)nc3c2NC(C)(C)C13,126,0.863615461,0.388059701,0.1,0.580556719
CC1(C)Cc2c(C#N)c(N3CCOCC3)nc3c2C(C)(C)NC3C1,126,0.85949404,0.417910448,0.06,0.579137011
CC1(C)Cc2c(C#N)c(N3CCC(NC(C)C)CC3)nc3c2N1CC3,126,0.917308803,0.276315789,0.05,0.754147494
CC1(C)Cc2c(C#N)c(N3CCCC3)nc3c2C(NC(C)(C)C3)CN1,126,0.822708609,0.287671233,0.09,0.68285189
CC1(C)Cc2c(C#N)c(N3CCCC3)nc3c(NC(C)(C)C)cc1n23,126,0.904160082,0.25,0.02,0.734677696
CC1(C)Cc2c(C#N)c(N3CCCC3)nc3c(NC(C)(C)C)cn1c23,126,0.899393821,0.27027027,0.03,0.740965099
CC1(C)Cc2c(C#N)c(N3CCC(C)(C)CC3)nc3ccn(c23)CN1,126,0.866179382,0.263157895,0.08,0.72987189
Cc1cc2cc(C#N)c(N3CCCC3)nc2c(NC(C)(C)C)n1,126,0.917547833,0.202702703,0.01,0.806062007
CC1(C)Cc2c(C#N)c(N3CCOCC3)nc(NC(C)(C)C)c2NC1,126,0.859898704,0.371428571,0.11,0.756576916
CC1(C)Cc2c(C#N)c(N3CCOCC3)nc(NC(C)(C)C)c2CN1,126,0.859103948,0.409090909,0.12,0.759967774
CC1(C)Cc2c(C#N)c(N3CCOCC3)nc(NC(C)(C)CF)c2CN1,126,0.857791485,0.394366197,0.08,0.734171937
CC1(C)Cc2c(C#N)c(N3CCOCC3)nc(NC(C)(C)CF)c2NC1,126,0.858986464,0.36,0.07,0.730922364
Cc1cc2c(C#N)c(N3CCOCC3)nc(NC3CC3(C)C)c2cc1F,126,0.912458704,0.315789474,0.04,0.748139331
Cc1cc(N2CCOCC2)c2nc(N(C)C3CC3)c(C#N)cc2c1N,126,0.866832091,0.253164557,0.03,0.791346835
Cc1cc(C#N)c2c(N3CCOCC3)nc(NC(C)(C)CF)nc2c1,126,0.920078852,0.285714286,0.02,0.779689692
Cc1cc(C)c2c(N3CCOCC3)nc(NC(C)(C)C#N)nc2c1,126,0.93517564,0.253333333,0.06,0.799132189
Cc1cc(C#N)c2nc(N3CCOCC3(C)CF)c(NC3CC3)nc2c1,126,0.908896559,0.235294118,0.09,0.688889849
CC1(C)Cc2nc(N3CCOCC3)c(Nc3ccc(C#N)cc3)nc2C1,126,0.917939954,0.328571429,0.04,0.814215048
CC1(C)Cc2nc(N3CCOCC3)c(Nc3ccc(C#N)cc3)n2C1,126,0.932697081,0.319444444,0.08,0.786595162
CC1(C)Cc2nc(N3CCOCC3)c(C#N)c(NC(C)(C)CF)c2N1,126,0.872383293,0.351351351,0.05,0.72969531
CC1(C)Cc2nc(N3CCOCC3)c(C#N)nc2NC(C)(C)CN1,126,0.802410952,0.358208955,0.13,0.719797631
CC1(C)Cc2nc(N3CCOCC3)c(C#N)c(NC3CC3)c2CN1,126,0.881665033,0.366197183,0.14,0.757665008
CC1(C)Cc2nc(N3CCOCC3)c(C#N)c(NC3CC3)c2N1,126,0.890228958,0.352112676,0.14,0.765840591
CC1(C)Cc2c(N3CCOCC3)ncc(C#N)c2NC1=O,126,0.841855445,0.338235294,0.1,0.780968151
CC1(C)CNc2ncc(C#N)c(N3CCOCC3)c2C1,126,0.844154905,0.304347826,0.12,0.767485379
CCc1c(C#N)cnc2nc(N3CCOCC3)[nH]c12,126,0.875055732,0.3,0.21,0.787366093
CCc1c(C#N)c2ncc(N3CCOCC3)cc2[nH]c1=O,126,0.895538911,0.291666667,0.14,0.810708572
CCOc1[nH]c2ncc(C#N)c(N3CCOCC3)c2c1CC,126,0.936950124,0.266666667,0.18,0.770897649
CCOCc1[nH]c2ncc(C#N)c(N3CCOCC3)c2c1CC,126,0.916859539,0.25974026,0.18,0.774596513
CCc1[nH]c2ncc(C#N)c(N3CCOCC3)c2c1CC,126,0.939611976,0.277777778,0.19,0.781496777
CCc1[nH]c2ncc(C#N)c(N3CCOCC3)c2c1C,126,0.907688462,0.277777778,0.18,0.788241655
Cc1ccc(CN2CCSc3ccc(C(=O)N4CCC5(CC4)OCCO5)cc32)cc1,127,0.742564511,1,0,0.777217268
Cc1ccc(CN2CCSc3ccc(C(=O)N4CCC5(CC4)OCC5)cc32)cc1,127,0.748515348,0.827586207,0,0.782237989
Cc1ccc(CN2CCSc3ccc(C(=O)N4CCCN(C)CC4)cc32)cc1,127,0.787926986,0.677419355,0,0.858930596
Cc1ccc(CN2CCSc3ccc(C(=O)N4CCC(N)CC4)cc32)cc1,127,0.881294981,0.716666667,0.05,0.852567595
Cc1ccc(CN2CCc3cc(C(=O)N4CCCN(Cl)CC4)ccc32)cc1,127,0.752840829,0.442857143,0,0.849634656
Cc1ccc(CN2CCc3cc(C(=O)N4CCCNCC4)cc(Cl)c32)cc1,127,0.878330968,0.350649351,0.04,0.850155564
Cc1ccc(Cn2cc(C(=O)N3CCC4OCCN=C43)cc2Cl)cc1,127,0.84679751,0.292682927,0,0.711042898
Cc1ccc(Cn2cc(C(=O)N3CCC4OCCCC43)cc2Cl)cc1,127,0.83375067,0.307692308,0,0.744755567
Cc1ccc(Cn2cc(C(=O)N3CCC(N)CC3)cc2Cl)cc1,127,0.939368688,0.371428571,0.06,0.843949466
Cc1ccc(Cn2cc(C(N)=O)c3c2CCN(CCC)CC3)cc1,127,0.918819088,0.243589744,0.03,0.846371343
Cc1ccc(Cn2cc(C(N)=O)c3c2CCN(CCCCl)CC3)cc1,127,0.805987105,0.2375,0.05,0.832169388
Cc1ccc(Cn2cc(C(=O)N3CCC(N)CC3)cn2)cc1Cl,127,0.938635376,0.328947368,0.08,0.862253845
Cc1ccc(Cn2cc(C(=O)N3CCC(N)CC3)cn2)cc1,127,0.939545729,0.352112676,0.09,0.877670787
Cc1ccc(Cn2cc(C(=O)N3CCC(N)CC3)cn2)cc1C,127,0.943868242,0.302631579,0.07,0.8657071
Cc1ccc(Cn2cc(C(=O)N3CCCC(N)C3)cn2)cc1,127,0.939545729,0.315789474,0.12,0.82667594
Cc1cc(Cn2cc(C(=O)N3CCCC(N)C3)cn2)ccn1,127,0.923542631,0.25,0.21,0.793750421
CC(=O)N1CN2CN(C(C)=O)CC(C(=O)c3ccccc3)(C1)C2,128,0.757453618,1,0,0.694427006
CC(=O)N1CN(CC(C)=O)CN(C(=O)c2ccccc2)CCCC1,128,0.843565177,0.387755102,0,0.798931248
CC(=O)N1CN(C(C)=O)CC(C(=O)c2ccccc2)(CN)C1,128,0.823393701,0.571428571,0.01,0.811178003
CC(=O)N1CN(C(C)=O)CC(C(N)c2ccccc2)(CN)C1,128,0.83975377,0.416666667,0.02,0.721903901
CC(=O)N1CN(C(C)=O)CC(Cc2ccccc2)(C(C)C)C1,128,0.860687152,0.434782609,0.01,0.799195183
CC(=O)N1CC(C(C)=O)(c2ccccc2)CN(C(C)C)C1,128,0.854416034,0.416666667,0,0.754825266
CC(=O)N1CCN(C(C)=O)CC(Cc2ccccc2)C(C)C1,128,0.840053546,0.32,0.03,0.788955729
CC(=O)N1CCN(C(C)=O)C(Cc2ccccc2)(CN)C1,128,0.887635046,0.346153846,0.02,0.76230554
CC(=O)N1CCN(C(=O)c2ccccc2)Cc2ccccc21,128,0.811108419,0.34,0.01,0.908053449
CC(=O)N1CN(C(C)=O)CN(Cc2ccccc2)CNCCC1,128,0.885544028,0.333333333,0.04,0.781855621
CC(=O)N1CNC(=O)N(Cc2ccccc2)Cc2ccccc21,128,0.927127738,0.263157895,0,0.852881362
CC(=O)N1CNC(=O)c2ccccc2CN(Cc2ccccc2)C1,128,0.921657429,0.315789474,0.16,0.805160154
CC(=O)N1CNC(=O)C(Cc2ccccc2)Cc2ccccc21,128,0.926601529,0.233333333,0.08,0.800751805
CC(=O)N1CC(=O)N(Cc2ccccc2)Cc2ccccc21,128,0.853904827,0.283018868,0,0.88739362
CC(=O)N1CNC(=O)c2ccccc2Cc2ccccc2C1,128,0.810448427,0.283018868,0.1,0.806463486
CC(=O)N1CNC(=O)c2cc3ccccc3cc2C1,128,0.780136822,0.283018868,0.15,0.847443565
CC(=O)N1CNC(=O)c2ccccc2NCC(C)C1,128,0.739380467,0.277777778,0.15,0.72543984
CC(=O)N1CNC(=O)CCN(Cc2ccccc2)C1,128,0.855368894,0.339622642,0.02,0.849644989
CC(=O)C1CNC(=O)CCc2ccccc2CN1,128,0.770196789,0.196428571,0.03,0.738091621
C=CC(=O)N1CNC(=O)c2ccccc2CC1,128,0.730002132,0.196428571,0.1,0.828038649
C=CC(=O)N1CNC(=O)c2ccccc2CNC1,128,0.706130325,0.189655172,0.13,0.731655813
C=CC(=O)N1CNC(=O)c2ccccc2NCC1,128,0.719853024,0.189655172,0.2,0.762170745
C=CC(=O)N1CNC(=O)c2ccccc2NC1,128,0.701761839,0.203703704,0.16,0.790204034
CC(=O)N1CNC(=O)c2ccccc2CNCC1C,128,0.722963989,0.224137931,0.1,0.715106313
CC(=O)N1CNC(=O)c2ccccc2CN(C)C1,128,0.731150113,0.301886792,0.16,0.767094082
CC(=O)N1CNC(=O)c2cnn(Cc3ccccc3)c21,128,0.884387563,0.254237288,0.15,0.814587404
CC(=O)N1CCC(=O)C(Cc2ccccc2)CNC1,128,0.869382135,0.285714286,0.04,0.782121856
CC(=O)N1CNC(=O)C1Cc1ccccc1C1CC1,128,0.890877271,0.220338983,0.09,0.760592205
CC(=O)N1CNC(=O)c2ccn(Cc3ccccc3)c21,128,0.899795944,0.285714286,0.11,0.815786594
CC(=O)N1CNC(=O)C(Cc2ccncc2)C1,128,0.7920608,0.254545455,0.12,0.752764483
CC(=O)N1CNC(=O)C(Cc2ccccc2)C1,128,0.818897072,0.31372549,0.08,0.785027624
COc1ccc(Nc2nc(CN3CCSCC3)nc3c2CCC(C)C3)cc1,129,0.843658413,0.6,0.06,0.777534673
COc1ccc(Nc2nc(CN3CCSC(C)C3)nc3c2CCC3)cc1,129,0.866884905,0.448717949,0.04,0.773970471
COc1ccc(Nc2nc(CN3CCN(C)CC3)cc3c2CCC3)cc1,129,0.895542895,0.376623377,0.07,0.855821847
COc1ccc(Nc2nc(CN3CCNC(C)C3)cc3c2CCC3)cc1,129,0.8658567,0.361445783,0.12,0.783306908
COc1ccc(Oc2nc(NC3CCCNC3)nc3c2CCNC3)cc1,129,0.757635502,0.211111111,0.12,0.769655024
COc1ccc(Cc2nc(NC3CCCNC3)nc3c2CCCC3)cc1,129,0.865781439,0.238636364,0.08,0.784381097
COCc1ccc(Nc2nc(NC)nc3c2CCN(C)C3)cc1,129,0.883660764,0.265060241,0.18,0.837885091
COc1ccc(Nc2nc(NN3CCNCC3)nc3c2CCC3)cc1,129,0.768033221,0.308641975,0.18,0.821854806
COc1ccc(Nc2nc(NCCCN)nc3c2CCCCC3)cc1,129,0.52936254,0.292682927,0.25,0.857889565
COc1ccc(Nc2nc(NCCCN3CCCCC3)ncc2C)cc1,129,0.701983709,0.317073171,0.26,0.873791888
COc1ccc(Nc2nc(NCCCNC)nc3c2CCNCC3)cc1,129,0.53812066,0.317073171,0.27,0.834208689
COc1ccc(Nc2nc(Nc3ccncc3)nc3c2CNC3)cc1,129,0.66131435,0.278481013,0.26,0.837639214
COc1ccc(Nc2nc(Nc3cccnc3)nc3c2CNC3)cc1,129,0.66131435,0.280487805,0.24,0.838936511
COc1ccc(Nc2nc(NC3CCCNCC3)ncc2C)cc1,129,0.783779027,0.273809524,0.44,0.813332229
COc1ccc(Nc2nc(NC3CCCNCC3)ncc2Br)cc1,129,0.723213915,0.270588235,0.52,0.807186075
COc1ccc(Nc2nc(NC3CCNCC3)ncc2Br)cc1,129,0.742701715,0.283950617,0.53,0.853514716
COc1ccc(Nc2nc(NC3CC3)ncc2Br)cc1,129,0.874849357,0.302631579,0.6,0.879762303
Cc1ccc2c(C)c(C(=O)N(Cc3ccncc3)CC3CCCO3)oc2c1,130,0.678496675,0.741935484,0.04,0.796766334
Cc1ccc2c(C)c(C(=O)N(CC3CC3)CC3CCCO3)oc2c1C,130,0.809892939,0.724137931,0.01,0.784088813
CCn1c2c(c(C)c1C(=O)N(CCO)Cc1ccncc1)OCC2,130,0.877117373,0.368421053,0.03,0.790841705
Cc1ccc2c(c1)CN(C(=O)Cc1ccncc1)CCCOC2,130,0.856363995,0.25,0.06,0.813327093
Cc1ccc2c(c1)CN(C(=O)Cc1ccncc1)CC21CCCO1,130,0.853490871,0.238095238,0.06,0.720653328
Cc1ccc2c(c1)CN(C(=O)Cc1ccncc1)CCC2(C)CO,130,0.944095642,0.202380952,0.08,0.780773741
Cc1ccc2c(C(=O)N(C)Cc3ccncc3)nn(CCCO)c2c1,130,0.74904389,0.275,0.09,0.847417276
CC(=O)N(Cc1ccncc1)Cc1cccc2c(C(F)(F)F)noc12,130,0.719002634,0.333333333,0.09,0.818696505
Cc1noc(C(=O)N(Cc2ccncc2)CC2CCCNC2)c1CCCN,130,0.735641385,0.405063291,0.15,0.748944637
Cc1nncc(C(=O)N(Cc2ccncc2)CC2CNCCO2)c1CC,130,0.843054389,0.41025641,0.06,0.739745818
Cc1noc(C(=O)N(Cc2ccncc2)CC2CCCNC2)c1CC,130,0.873523457,0.421052632,0.09,0.759314692
Cc1nncc(C(=O)N(Cc2ccncc2)CC2CCCNC2)c1,130,0.907833595,0.358974359,0.1,0.769515086
Cc1nncc(C(=O)N(Cc2ccncc2)CC2CCCNC2)c1N,130,0.853928586,0.35443038,0.17,0.745652086
Cc1nncc(C(=O)N(Cc2ccncc2)CC2CCNCC2)c1N,130,0.853928586,0.355263158,0.16,0.796721658
Cc1n[nH]c(C(=O)N(Cc2ccncc2)CC2CCNCC2)c1N,130,0.768871996,0.36,0.19,0.798467778
Nc1nncc(C(=O)N(Cc2ccncc2)CC2CCCNC2)c1,130,0.853711177,0.325,0.16,0.761652009
Nc1nccc(C(=O)N(Cc2ccncc2)CC2CCCNC2)n1,130,0.853711177,0.333333333,0.26,0.77660102
Nc1nccc(C(=O)N(Cc2ccncc2)CC2CCNCC2)n1,130,0.853711177,0.333333333,0.25,0.827806514
Nc1ncnc(C(=O)N(Cc2ccncc2)CC2CCCNC2)c1,130,0.853711177,0.329113924,0.26,0.768162998
Nc1ncnc(C(=O)N(CCCc2ccncc2)CC(F)(F)F)c1,130,0.870966123,0.225,0.17,0.81858615
Nc1ncnc(C(=O)N(CCCN)Cc2ccncc2)c1C(F)(F)F,130,0.81245251,0.265822785,0.25,0.807119614
Nc1ncnc(C(=O)N(CCN)Cc2ccncc2)c1C(F)(F)F,130,0.842247208,0.272727273,0.25,0.804141499
Nc1n[nH]c(C(=O)N(Cc2ccncc2)Cc2ccncc2)c1N,130,0.647381124,0.298507463,0.28,0.818381045
Nc1ncncc1C(=O)N(Cc1ccncc1)Cc1cccc(N)c1,130,0.689184866,0.25974026,0.35,0.847710119
Nc1ncncc1C(=O)N(Cc1ccncc1)Cc1cccc(F)c1,130,0.772765212,0.269230769,0.34,0.856534264
Nc1ncncc1C(=O)N(Cc1ccncc1)Cc1n[nH]c2c1CCCC2,130,0.715540652,0.292682927,0.31,0.800442306
Nc1ncncc1C(=O)N(Cc1ccncc1)Cc1nc2c(s1)CCCC2,130,0.730604524,0.261904762,0.36,0.809450875
Nc1ncc(C(=O)N(Cc2ccncc2)C2CCCCC2)c2[nH]ccc12,130,0.754235611,0.283950617,0.45,0.821107677
Nc1ncc(C(=O)N(Cc2ccncc2)C2CCCCC2)c2[nH]cnc12,130,0.753273844,0.283950617,0.39,0.812930552
Nc1ncc(C(=O)N(Cc2ccncc2)C2CCCCC2)c2[nH]c[nH+]c12,130,0.752837938,0.261904762,0.41,0.736867799
Nc1ncc(C(=O)N(Cc2ccncc2)C2CCCCC2)c([O-])c1C[NH3+],130,0.82288264,0.268292683,0.28,0.751202452
Nc1ncncc1C(=O)N(Cc1ccncc1)c1nc2c([nH]1)CCCC2,130,0.743503177,0.235294118,0.36,0.780147353
Nc1ncncc1C(=O)N(Cc1ccncc1)C1CCCCC1C1CC1,130,0.894661517,0.275,0.38,0.734489727
Nc1ncncc1C(=O)N(Cc1ccncc1)C1CCCCC1,130,0.937005945,0.293333333,0.38,0.846229526
Nc1ncncc1C(=O)N(Cc1ccncc1)CC1CCCCC1,130,0.913257337,0.361111111,0.34,0.844362118
CC1=C(C(=O)OC2CCCC2)C(c2coc3ccccc3c2=O)C(C(=O)CC(C)(C)C)=N1,131,0.610313307,0.56,0.09,0.729888141
CC1=C(C(=O)OC2CCCC2)C(c2cccc(C)c2)C2C(=O)CC(C)(C)C=C2C(=O)N1,131,0.729104473,0.34939759,0.06,0.701600493
CC1=C(C(=O)OC2CCCC2)C(c2cccc(C)c2)C2C(=O)CC(C)(C)C=C2N1,131,0.739153624,0.353658537,0.01,0.720501387
CC1=C(C(=O)OC2CCCC2)C(c2cccc(F)c2)C2C(=O)CC(C)(C)C2=N1,131,0.708663344,0.454545455,0.02,0.707496483
CC1=C(C(=O)OC(C)(C)C)C(c2cccc(O)c2)C2C(=O)CCCC2=N1,131,0.816067037,0.317073171,0,0.73848971
CC1=C(C(=O)OC(C)(C)C)C(c2cccc3ccccc23)C(=O)N1,131,0.858032574,0.234567901,0.04,0.809708213
CC1=C(C(=O)OC2CC2)C(c2cccc(F)c2)=NC(=O)C1,131,0.802802607,0.268292683,0.05,0.797800871
CC1=C(c2ccco2)C2C(=O)CC(C)(C)N=C2C=C1,131,0.77114439,0.207317073,0.07,0.677062161
CC1=C(c2ccco2)C2C(=O)OC(C)(C)CC2=N1,131,0.714726467,0.269230769,0.05,0.704805466
CC1=C(c2ccccc2F)OC(=O)C1C(=O)NC1CCCC1,131,0.689839949,0.231707317,0,0.772704232
CC1(C)OC(c2coc3ccccc23)C(C(=O)NC2CC2)=N1,131,0.947179547,0.346153846,0.04,0.72593922
CC1(C)OC(c2coc3ccccc3c2=O)C(c2ccccn2)N1,131,0.783850623,0.333333333,0.1,0.708700183
CC1(C)OC(c2coc3ccccc3c2=O)C(c2cccc(F)c2)N1,131,0.764557379,0.329113924,0.06,0.720685728
CC1(C)OC(c2coc3ccccc3c2=O)=C(c2ccccc2F)N1,131,0.764363247,0.275,0.18,0.797968738
CC1(C2COC2)OC(c2ccccc2C(=O)Nc2ccccc2C(F)(F)F)=N1,131,0.85530548,0.184782609,0.01,0.766319888
CC1(Oc2coc3ccccc23)C(c2ccccc2C(=O)NC2CCCC2)=N1,131,0.703774637,0.34939759,0.07,0.754802552
CC1(c2coc3ccccc23)C(=O)NC(c2ccc3ccccc3c2C(=O)O)=N1,131,0.556785609,0.270588235,0.05,0.738093022
CC1(c2coc3ccccc23)C(=O)NC(c2ccc3c(c2C(=O)O)CCCC3)N1,131,0.635050961,0.295454545,0.03,0.683169992
CC1=C(c2coc3ccccc23)C(C(=O)Nc2ccc3c(c2)CCCC3=O)N1,131,0.719313042,0.25,0.2,0.75312883
CC1(c2coc3ccccc23)C(C(=O)Nc2c[nH]ccc2=O)=C2CCCCN21,131,0.731174073,0.244680851,0.08,0.699407462
CC1CC(c2coc3ccccc23)=C(C(=O)Nc2c[nH]c(=O)cc2F)N1,131,0.675504909,0.223404255,0.22,0.714995551
CC1CC(c2coc3ccccc23)=C(C(=O)Nc2c[nH]c(=O)cn2)C1,131,0.768213228,0.255555556,0.21,0.72141106
CC1CC(c2coc3ccccc23)=C(C(=O)Nc2c[nH]c(=O)cn2)N1,131,0.681016723,0.252747253,0.2,0.706037769
CC1CC(c2coc3cccnc23)=C(C(=O)NC2CCCC2=O)N1,131,0.903224859,0.223404255,0.13,0.675360384
CC1CC(c2coc3ccccc23)=C(C(=O)NN2CCCC2=O)N1,131,0.906920755,0.244444444,0.15,0.708942762
CC1CC(c2c[nH]c3ncccc23)=C(C(=O)NC2CCCC2=O)N1,131,0.804549121,0.177083333,0.72,0.686418132
CC1CC(c2c[nH]c3ncccc23)=C(C(=O)NC2CCCN2)C1,131,0.815852562,0.15625,0.73,0.681132571
CC1CC(c2c[nH]c3ncccc23)=C(C2CCCN2)C(=O)N1,131,0.79340209,0.147368421,0.66,0.678961656
CC1CC(c2c[nH]c3ncccc23)=C(NC2CCC2)C(=O)O1,131,0.85490729,0.175824176,0.72,0.73825616
CC1CC(c2c[nH]c3ncccc23)=C(N)C(=O)N1,131,0.700813935,0.134831461,0.78,0.721529418
CC1CC(c2c[nH]c3ncccc23)=C(NC2CCC2)C1,131,0.886579168,0.146067416,0.77,0.744161122
CC1CC(c2c[nH]c3ncccc23)=C(C2CCC[NH2+]2)N1,131,0.771270538,0.129032258,0.72,0.584765003
CC1CC(c2c[nH]c3ncccc23)=C([N-])C1Cn1cccn1,131,0.799623,0.112244898,0.66,0.660818868
CC1CC(c2c[nH]c3ncccc23)=C([N-]c2cnccn2)C1,131,0.785606834,0.11827957,0.6,0.654968004
CC1CC(c2c[nH]c3ncccc23)=C([N-]c2cnccn2)C1O,131,0.777513834,0.126315789,0.56,0.618359666
CC1CC(c2c[nH]c3ncccc23)=C([N-]c2cnccn2)C1=O,131,0.803379406,0.138297872,0.57,0.65309885
CC1CC(c2c[nH]c3ncccc23)=C([O-])C1c1c[nH]c(=O)[nH]1,131,0.667097224,0.163043478,0.68,0.632886809
CC1CC(c2c[nH]c3ncccc23)=C(C2CCCC(C(N)=O)C2)O1,131,0.907509847,0.175257732,0.76,0.675737256
CC1CC(c2c[nH]c3ncccc23)=C(C2C=CC=C(N)C2)O1,131,0.890368486,0.112244898,0.74,0.6476143
CC1CC(c2c[nH]c3ncccc23)=C(C2C=CC(=O)N2)O1,131,0.885896259,0.136842105,0.68,0.656206315
CC1CC(c2c[nH]c3ncccc23)=C(C2CNCC2C(=O)[O-])O1,131,0.869141205,0.142857143,0.74,0.620140197
CC1CC(c2c[nH]c3ncccc23)=C(C2CCCC2C(N)=O)O1,131,0.914026942,0.166666667,0.76,0.670004533
CC1CC(c2c[nH]c3ncccc23)=C(C(F)(F)C(N)=O)O1,131,0.909948784,0.161290323,0.8,0.703528352
CC1CC(c2c[nH]c3ncccc23)=C(CCCF)C(=O)N1,131,0.907941959,0.125,0.71,0.710656521
CC1CC(c2c[nH]c3ncccc23)=C(C(F)(F)CN)O1,131,0.907541817,0.139784946,0.81,0.699801933
CC1CC(c2c[nH]c3ncccc23)=C(NC(N)=O)C1,131,0.770327535,0.144444444,0.79,0.73975348
CC1CC(c2c[nH]c3ncccc23)=C(CCCC(N)=O)C1,131,0.882345143,0.138297872,0.77,0.74523447
CC1CC(c2c[nH]c3ncccc23)=C(C(F)(F)C(N)=O)C1,131,0.912355548,0.152173913,0.79,0.709227821
NC1CC(c2c[nH]c3ncccc23)=C(C2CCCC2F)C1,131,0.885839291,0.117021277,0.84,0.658133773
NC1CC(c2c[nH]c3ncccc23)=C(CC(F)F)C1,131,0.893644885,0.108695652,0.79,0.70008311
NC1CC(c2c[nH]c3ncccc23)=C(C(=O)F)C1,131,0.793996155,0.134831461,0.84,0.701504682
CC1CC(c2c[nH]c3ncccc23)=C(C(N)=O)C1,131,0.845865025,0.147727273,0.78,0.740817804
NC1CC(c2c[nH]c3ncccc23)=C(C(F)(F)F)C1,131,0.834110151,0.113636364,0.84,0.713896704
O=C(CC1C(=O)NCCN1Cc1ccc(F)c(F)c1)NCCn1cccn1,132,0.743438794,1,0,0.78596565
O=C(CC1C(=O)NCCN1Cc1cccc(F)c1)NCCn1cccn1,132,0.755880387,0.8125,0.01,0.794067459
O=C(CC1COCCN1Cc1cccc(F)c1)NCCn1cccn1,132,0.823975217,0.526315789,0.02,0.79340297
NCCCC1C(=O)NCCN1Cc1ccc(F)c(-n2cccn2)c1,132,0.829535518,0.5,0.11,0.769430611
NCCCC1C(=O)NCCN1Cc1cccc(F)c1-n1cccn1,132,0.829535518,0.392405063,0.12,0.755613888
NCCC1C(=O)NCCN1Cc1ccc(F)c(-n2cccn2)c1,132,0.849333483,0.513888889,0.09,0.76679726
NCCC1C(=O)NCCN1Cc1ccc(F)cc1-n1cccn1,132,0.849333483,0.41025641,0.13,0.760073017
NCCC1CCCC1Nc1ccc(F)c(-n2cccn2)c1,132,0.889103155,0.235294118,0.11,0.749526113
NCCC1CCCN1Cc1ccc(F)c(-n2cccn2)c1,132,0.918254127,0.329113924,0.06,0.794243054
NCCC1C(=O)NCCN1Cc1ccc(-n2cccn2)c(F)c1,132,0.849333483,0.513888889,0.1,0.771226397
NCCC1C(=O)NCCN1Cc1ccc(-c2ccc(F)cn2)cc1,132,0.873258087,0.371794872,0.26,0.794405416
NCCC1C(=O)NCCN1Cc1ccc(-c2ccc(F)c(F)c2)nc1,132,0.864070452,0.434210526,0.29,0.784387526
NCCC1C(=O)NCCN1Cc1ccc(-c2ccc(F)c(F)c2)cc1N,132,0.71090024,0.381578947,0.21,0.777201967
NCCC1C(=O)NCCN1Cc1ccc(-c2ccc(F)c(F)c2)cc1CCN,132,0.675165376,0.376623377,0.2,0.770317559
NCCC1C(=O)NCCN1Cc1ccc(-c2ccc(F)c(F)c2)c(CCN)c1,132,0.675165376,0.447368421,0.19,0.772051736
NCCC1C(=O)NCCN1Cc1ccc(-c2ccc(F)cn2)c(CCO)c1,132,0.676341641,0.376470588,0.29,0.759067947
NCCC1C(=O)NCCN1Cc1ccc(-c2ccc(F)cn2)c(CCN)c1,132,0.675628536,0.373493976,0.3,0.75876585
NCCC1C(=O)NCCN1Cc1ccc(-c2ccc(F)cn2)c(CO)c1,132,0.717409182,0.385542169,0.32,0.762968939
NCCC1C(=O)NCCN1Cc1ccc(-c2ccc(F)cc2)nc1,132,0.873258087,0.371794872,0.26,0.797936965
NCCC1C(=O)NCCN1Cc1ccc(-c2ccc(F)cc2)nc1CCN,132,0.675628536,0.30952381,0.18,0.762572443
NCCC1C(=O)NCCN1Cc1ccc(-c2ccnc(F)c2)nc1,132,0.797492299,0.392405063,0.3,0.763722472
NCCC1C(=O)NCCN1Cc1ccc(-c2ccnc(N)n2)cc1,132,0.732316302,0.341772152,0.27,0.784415672
NCCC1C(=O)NCCN1Cc1ccc(-c2ccncn2)cc1,132,0.852818333,0.346153846,0.51,0.788871295
NCCC1C(=O)NCCN1Cc1ccc(-c2ccncc2)cc1,132,0.875503155,0.375,0.45,0.805337196
NCCC1C(=O)NCCN1Cc1ccc(-c2ccncn2)cc1F,132,0.852513194,0.325301205,0.57,0.770553019
O=C(C(c1cc2n(n1)C(C(F)(F)F)CC2)N1CCN(c2ccccn2)CC1)NO,133,0.589538382,0.409638554,0.08,0.678510405
O=C(C(c1ccccc1)N1CCN(C(F)(F)F)CC1)c1cc2n(n1)CCCO2,133,0.589690909,0.222222222,0.02,0.717285188
CC(C(=O)N1CCN(c2ccccc2)CC1)c1cc(C(F)(F)F)n[nH]1,133,0.924188046,0.261904762,0.09,0.780915846
CC(C(=O)N1CCN(C(F)F)CC1)c1cccc(-n2cccn2)c1,133,0.806159351,0.175824176,0.03,0.776525551
CC(c1ccccc1)N1CCC(n2cc(C(=O)O)nn2)CC1,133,0.938320714,0.159090909,0.01,0.813024658
O=C(C(c1ccccc1)N1CCN(C(F)F)CC1)n1ccnn1,133,0.798980863,0.178571429,0.02,0.740051572
CC(C(=O)N1CCN(c2ccccc2)CC1)c1nnn[n-]1,133,0.806049605,0.188235294,0,0.722538892
CC(C(=O)N1CCN(c2ccccc2)CC1)c1cn(C(F)F)nn1,133,0.858848942,0.209302326,0,0.775639805
CC(C(=O)N1CCN(c2ccccc2)CC1)c1cn(CC(F)F)nn1,133,0.828488321,0.191011236,0,0.778889584
CC(C(F)F)n1cc(C(=O)N2CCN(c3ccccc3)CC2)nn1,133,0.858266145,0.253012048,0.04,0.785023289
CC(C(=O)N1CCN(c2ccccc2)CC1)c1cc(F)cc(Br)c1,133,0.788711999,0.197674419,0,0.831509488
CC(C(=O)N1CCN(c2ccccc2)CC1)c1cc(F)cc(Br)n1,133,0.751456283,0.206896552,0,0.79048347
CC(C(=O)N1CCN(c2ccccc2)CC1)c1cc(F)cc(N)n1,133,0.938633491,0.206896552,0.01,0.794789126
CC(C(F)(F)F)N1CCN(C(=O)c2cc(-n3cccc3)n[nH]2)CC1,133,0.927830156,0.235294118,0.1,0.741545714
CC1CCN(C(=O)c2cc(-n3cccc3)cnn2)CCN1C(F)F,133,0.805597378,0.213483146,0.02,0.728017633
CC(C(=O)N1CCN(c2ccccc2)CC1)c1cc(N)c(F)cn1,133,0.938633491,0.218390805,0.07,0.799766049
CC1CCN(C(=O)c2cc(-n3cccc3)cc(N(F)F)n2)CCN1,133,0.874570543,0.224719101,0.08,0.714906547
O=C(c1cc(-c2ccccc2)n[nH]1)N1CCN(C(F)F)CCN1,133,0.84235615,0.177777778,0.08,0.790758751
O=C(c1cc(-c2ccccc2)n[nH]1)N1CCN(C2CCNC2)CC1,133,0.889898102,0.215909091,0.13,0.806157745
O=C(c1cc(-c2ccccc2)n[nH]1)N1CCN(c2cn[nH]c2)CC1,133,0.76981677,0.23255814,0.14,0.841753909
O=C(c1cc(-c2ccccc2)n[nH]1)N1CCN(c2cn[nH]c2)CC1(F)F,133,0.704547491,0.189473684,0.16,0.760944279
O=C(c1cc(-c2ccccc2)n[nH]1)N1CCN(c2cc(N)ncn2)CC1,133,0.740841429,0.270588235,0.21,0.851867191
Nc1ccc(-c2cc(C(=O)N3CCN(c4ccncc4)CC3)[nH]n2)c(F)c1,133,0.693352611,0.222222222,0.28,0.845091067
O=C(c1cc(-c2ccncc2)n[nH]1)N1CCN(c2cc(N)ncn2)CC1,133,0.717487436,0.252873563,0.32,0.83233622
Nc1ccc(-c2cc(C(=O)N3CCN(c4ccncc4)CC3)[nH]n2)c(C(F)F)c1,133,0.659645819,0.217391304,0.25,0.818287627
NC1CCN(C(=O)c2cc(-c3ccncc3)ccc2-c2n[nH]c(C(F)(F)F)n2)CC1,133,0.683341127,0.210526316,0.48,0.810123277
NC1CCN(C(=O)c2cc(-c3ccncc3)ccc2NC(=O)c2cnc(F)[nH]2)CC1,133,0.612959399,0.193877551,0.58,0.810596326
NC1CCN(C(=O)c2cc(-c3ccncc3)ccc2-n2cc(-c3ccncn3)[nH]2)CC1,133,0.535127731,0.18556701,0.5,0.790877195
NC1CCN(C(=O)c2cc(-c3ccncc3)ccc2-n2cc(-c3ccncc3)[nH]2)CC1,133,0.536583534,0.188888889,0.5,0.804266597
NC1CCN(C(=O)c2cc(-c3ccncc3)n(-c3ccc4[nH]ncc4c3)n2)CC1,133,0.561375932,0.223404255,0.55,0.818810403
NC1CCN(c2ncc(-c3ccncc3)cc2NC(=O)c2cc3ccccc3[nH]2)CC1,133,0.473341327,0.191919192,0.47,0.831996912
NC1CCN(C(=O)c2cc(-c3ccncc3)ccc2-c2cnc3[nH]ccc3c2)CC1,133,0.549519354,0.197916667,0.58,0.826877303
NC1CCN(C(=O)c2cc(-c3ccncc3)cnc2-c2ccc(F)cc2)CC1,133,0.759231674,0.2,0.33,0.855792324
Nc1cc(-c2cnccn2)ccc1C(=O)N1CCC(c2ccncc2)CC1,133,0.726300642,0.184782609,0.4,0.847336561
Nc1ccc(-c2cnccn2)cc1C(=O)N1CCC(c2ccncc2)CC1,133,0.726300642,0.184782609,0.41,0.847606084
Nc1cc(-c2ccncc2)ccc1C(=O)N1CCC(c2cnc[nH]2)CC1,133,0.712826796,0.184782609,0.51,0.835478527
Nc1cc(-c2ccncc2)ccc1N1CCN(C(=O)c2ccc[nH]2)CC1,133,0.714094645,0.23255814,0.52,0.851532981
Nc1cc(-c2ccncc2)ccc1C(=O)N1CCN(c2ccc[nH]2)CC1,133,0.714094645,0.229885057,0.53,0.83329877
Nc1cc(-c2ccncc2)ccc1C(=O)N1CCc2[nH]cc(C=N)c2C1,133,0.502615719,0.151515152,0.55,0.791011561
Nc1cc(-c2ccncc2)ccc1C(=O)N1CCc2[nH]ccc2C1,133,0.713483037,0.163043478,0.56,0.823264536
NCc1cc(-c2ccncc2)ccc1C(=O)N1CCc2[nH]ccc2C1,133,0.774242076,0.157894737,0.57,0.815084297
NCc1cc(-c2ccncc2)ccc1C(=O)N1CCc2[nH]cc(CCCO)c2C1,133,0.602969222,0.145631068,0.57,0.805104142
CCCCc1nc(NCCN2CCOCC2)c(C#N)c2c1COC(C)C2,134,0.807503624,0.692307692,0.03,0.740557716
CCCCc1nc(NCCCN)c(C#N)c2c1CSC(C)(C)C2,134,0.745906064,0.485714286,0.09,0.76892018
CCCCc1nc(NCCCN)nc(C#N)c1C1CC1C,134,0.717438713,0.265822785,0.04,0.699845877
CCCCc1nc(N)nc(NCCN2CCOCC2)c1C(C)C,134,0.764764343,0.463768116,0.14,0.821880591
CCCCc1nc(N)nc(NC2CC2)c1CN1CCOCC1,134,0.799894381,0.333333333,0.14,0.829351129
CCCCc1nc(N)nc(NC2CC2)c1CCN(C)C,134,0.761278535,0.202531646,0.14,0.822391703
CCCCc1nc(N)ncc1OCCN1CCOCC1,134,0.806369767,0.342465753,0.11,0.846017991
CCCCc1c(N)ncnc1NCCN1CCOCC1,134,0.779416889,0.426470588,0.2,0.842314543
CCCc1c(N)ncnc1NCCN1CCOCC1,134,0.790444853,0.376811594,0.19,0.840653645
CCCc1c(N)ncnc1NCCN1CCOCC1C#N,134,0.792881866,0.296296296,0.22,0.724645752
CCCc1c(N)ncnc1NCCN1CCOCC1(C)C,134,0.828239659,0.294871795,0.24,0.788813783
CCCCc1c(N)ncnc1NCCN1CCOCC1(C)C,134,0.801351662,0.337662338,0.25,0.792300162
CCN(C(=O)C1CC1)C1C=CS(O)(O)CC1,135,0.801590948,0.56097561,0.02,0.669950385
CCN(C(=O)C1CC1)C1C=C(O)C=CC1,135,0.768722859,0.511627907,0.05,0.707273819
CCN(C(=O)C1CC1)C1CCCC(O)=C1,135,0.774021088,0.488372093,0,0.724380761
CCN(C(=O)c1cc(OC)ccn1)C1CC1,135,0.775453227,0.254545455,0.01,0.876936533
CCN(C(=O)c1cc(O)ccn1)C1CC1,135,0.813130929,0.269230769,0.01,0.84143228
CCN(C(=O)c1ccccc1O)C1CCSC1,135,0.896230176,0.254545455,0,0.802260316
CCN(C(=O)c1ccccc1)C1CCCOC1,135,0.801571345,0.259259259,0,0.836181254
CCN(C(=O)C1CC1)c1cc(N)ccn1,135,0.811570973,0.31372549,0.15,0.837731342
O=C(NCc1ccccc1)C1(C(F)(F)F)CC(=CCCO)CO1,136,0.81539052,0.773584906,0.01,0.733592008
O=C(NCc1ccccc1)C1(CC(F)(F)F)CCC=CCCO1,136,0.855485339,0.415384615,0.01,0.740035739
O=C(NCc1ccccc1)C1(CC(F)(F)F)CCC=COC1,136,0.922714351,0.367647059,0,0.738146167
O=C(NCc1ccccc1)C1(CC(F)(F)F)CCc2ccoc21,136,0.931351412,0.388059701,0.01,0.744756213
O=C(NCc1ccccc1)C1(CC(F)(F)F)CCc2ccccc21,136,0.89509614,0.384615385,0.01,0.790361977
O=C(NCc1ccccc1)C1(C(F)(F)F)CCc2ccccc2C1,136,0.902313994,0.442622951,0.01,0.802685054
O=C(NCc1ccccc1)C1(Cc2cccc(C(F)(F)F)c2)CC1,136,0.866122547,0.369230769,0.01,0.879723693
O=C(NCc1ccccc1)C1(c2cccc(F)c2CCCO)CC1,136,0.820864461,0.347826087,0,0.860194419
O=C(NCc1ccccc1)C1(c2cccc(Br)c2CCF)CCOCC1,136,0.755992172,0.328767123,0.01,0.822489715
O=C(NCc1ccccc1)C1(c2cccc(Br)c2)CCN(C)CC1,136,0.867332033,0.291666667,0,0.873925526
O=C(NCc1ccccc1)C1(Cc2cccc(Br)c2)CCNCC1,136,0.822062859,0.304347826,0.01,0.863097503
O=C(NCc1ccccc1)C1(c2cccc(Br)c2)CCNCC1,136,0.862854652,0.3,0.01,0.867084406
O=C(NCc1ccccc1)C1(F)CCN(Cc2ccncc2)C1,136,0.921191023,0.309859155,0.01,0.803435474
O=C(NCc1ccccc1)C1(F)CCc2ccccc2C1,136,0.92055249,0.393442623,0.04,0.812341666
O=C(NCc1ccccc1)C1(Cc2cccc(F)c2)CCOC1,136,0.921001888,0.347826087,0.01,0.818589091
O=C(NCc1ccccc1)C1(F)CCc2ccccc2CC1,136,0.861904151,0.389830508,0.02,0.860620695
O=C(NCc1ccccc1)C1(F)CCc2ccncc2C1,136,0.941024926,0.352941176,0.05,0.780009006
O=C(NCc1ccccc1)C1(F)CCCc2ccncc2C1,136,0.885190167,0.362318841,0.04,0.783194446
O=C(NCc1ccccc1)C1(Cc2ccncc2)CCOCC1,136,0.923635235,0.348484848,0.02,0.862645732
O=C(NCc1ccccc1)C1(F)CCCc2ccncc2CC1,136,0.943871939,0.342857143,0.06,0.783168884
O=C(NCc1ccccc1)C1(Cc2ccncc2)CCCOC1,136,0.923635235,0.347826087,0.09,0.80623252
O=C(NCc1ccccc1)C1(Cc2ccnc(Cl)c2)CCOCC1,136,0.84576196,0.319444444,0.05,0.84672036
O=C(NCc1ccccc1)C1(Cn2cncn2)CCOCC1,136,0.905786457,0.323943662,0.02,0.833076287
O=C(NCc1ccccc1)C1(Cn2cncn2)CCOCC1=O,136,0.815526657,0.302631579,0.04,0.752609068
O=C(NCc1ccccc1)C1(Cn2cncn2)CCc2ccccc21,136,0.780735877,0.293333333,0.06,0.783869942
O=C(NCc1ccccc1)C1(CO)CCNCc2ccncc21,136,0.790974625,0.293333333,0.14,0.758826978
O=C(NCc1ccccc1)C1(CO)CCc2ccncc2CC1,136,0.851571583,0.338235294,0.09,0.78924994
O=C(NCc1ccccc1)C1(CO)CCc2ccncc2CN1,136,0.792159746,0.333333333,0.13,0.756822156
O=C(NCc1ccccc1)C1(Cc2ccncn2)CCOCCN1,136,0.859929056,0.302631579,0.12,0.754874971
O=C(NCc1ccccc1)C1(CO)CCCOCc2ccncc2N1,136,0.790438316,0.328947368,0.16,0.698613739
O=C(NCc1ccccc1)C1(Cc2ccncn2)CCCOCC1,136,0.917317241,0.328767123,0.15,0.789593281
O=C(NCc1ccccc1)C1(Cc2ccncn2)CCCOCCN1,136,0.862063688,0.311688312,0.14,0.755670566
O=C(NCc1ccccc1)C1(Cc2ccncn2)CCCCN1,136,0.884271355,0.293333333,0.12,0.769681162
O=C(NCc1ccccc1)C1(Cc2ccncn2)CCCNC1,136,0.882045062,0.289473684,0.16,0.782194511
O=C(NCc1ccccc1)C1(Cc2ccncn2)CCCN1,136,0.876361479,0.297297297,0.12,0.768441376
CC1(C)Cc2c(sc(N)c2C#N)C(C)(C)C(C)N1,137,0.756329168,0.619047619,0.04,0.669145008
CC1(C)Cc2c(sc(N)c2C#N)C(C)(C)N1,137,0.725368726,1,0.03,0.753508045
CC1(C)Cc2c(sc(N)c2C#N)C(C)(C)N1O,137,0.742555554,0.609756098,0.06,0.715718865
CC1(C)Cc2c(sc(N)c2C#N)C(C)(C)N1[O],137,0.768119716,0.609756098,0.09,0.716261172
CC1(C)Cc2c(sc(N)c2C#N)C1(C)C,137,0.730173065,0.605263158,0.05,0.733544052
CC1(C)Cc2c(sc(N)c2C#N)C1(C)C(C)(C)C,137,0.765300069,0.547619048,0.03,0.667604262
CC1(C)Cc2c(sc(N)c2C#N)C(C)(C)N1C=O,137,0.789793824,0.568181818,0.04,0.693296595
CC1(C)Cc2c(sc(N)c2C#N)C(C)(C)N1C(N)=O,137,0.760623442,0.555555556,0.05,0.71406831
CC1(C)Cc2c(sc(N)c2C#N)C(C)(C)N1C(=O)O,137,0.763633824,0.555555556,0.05,0.722798295
CC1(C)Cc2c(sc(N)c2C#N)C(=O)N1C(N)=O,137,0.72872527,0.42,0.06,0.73099283
CC1(C)Cc2c(sc(N)c2C#N)C(=O)N1CC#N,137,0.774086776,0.42,0.03,0.725909183
CC1(C)Cc2c(sc(N)c2C#N)N(CC#N)C1=O,137,0.776487004,0.392156863,0.04,0.728468799
CC1(C)Cc2c(sc(N)c2-c2ccc(C#N)cc2)C(=O)N1,137,0.849058547,0.351851852,0.28,0.797187874
CC1(C)Cc2c(sc(N)c2C#N)C(=O)N1CCN(C)C,137,0.916864264,0.388888889,0.04,0.751031449
CC1(C)Cc2c(sc(N3CC(N)C3)c2C#N)C(=O)N1CCN,137,0.845099949,0.274193548,0.11,0.726609124
CC1(C)Cc2c(sc(N3CC(N)C3)c2C#N)C(=O)N1CCO,137,0.847475012,0.26984127,0.09,0.732722032
CC1(C)Cc2c(sc(N3CC(N)C3)c2C#N)c(=O)n1CCN,137,0.845099949,0.274193548,0.11,0.726609124
CC1(C)Cc2c(sc(N3CC(N)C3)c2C#N)c(=O)ccc1=O,137,0.85130838,0.262295082,0.06,0.731018772
CC1(C)Cc2c(sc(N3CCN(CCO)C3)c2C#N)c(=O)[nH]c1=O,137,0.773721842,0.246153846,0.1,0.739652455
CC1(C)Cc2c(sc(N3CCNC(CO)C3)c2C#N)c(=O)nc1[O-],137,0.770814054,0.222222222,0.13,0.638837583
CC1(C)Cc2c(sc(N3CCNC(CO)C3)c2C#N)c(=O)cc1F,137,0.854116786,0.23943662,0.09,0.665056231
CC1(C)Cc2c(sc(C#N)c2-c2ccc(C#N)c(F)c2)C(=O)N1,137,0.87310551,0.258064516,0.24,0.764750282
CC1(C)Cc2c(sc(C#N)c2-c2ccc(C#N)cc2)C(=O)N1,137,0.878400395,0.280701754,0.21,0.782005405
CC1(C)Cc2c(sc(C#N)c2-c2ccc(CO)cc2)C(=O)N1,137,0.895294991,0.262295082,0.196666667,0.790290399
CC1(C)Cc2c(sc(C#N)c2-c2ccc(C#N)cc2)C(=O)NC1,137,0.87338126,0.25,0.18,0.772680036
CC1(C)Cc2c(ccc(N)c2-c2ccc(C#N)cc2)C(=O)N1,137,0.792869688,0.285714286,0.31,0.825775393
CC1(C)Cc2c(ccc(C#N)c2-c2ccc(C#N)cc2)C(=O)N1,137,0.878560317,0.245614035,0.36,0.815000228
CC1(C)Cc2c(ccc(O)c2-c2ccc(CCC#N)cc2)C(=O)N1,137,0.90758279,0.2,0.436666667,0.817443096
CC1(C)Cc2c(ccc(O)c2-c2ccc(C#N)cc2)C(=O)NC1=O,137,0.790566546,0.193548387,0.36,0.814721685
CC1(C)Cc2c(ccc(O)c2-c2ccc(C#N)cc2)C(=O)N1,137,0.848265705,0.237288136,0.36,0.827111584
O=C(NCc1ccc2c(c1)OCO2)C(=O)NCC1CCCS(=O)(=O)c2ccccc21,138,0.711525293,0.465753425,0.01,0.769690996
O=C(NCc1ccc2c(c1)OCO2)C(=O)NCCS(=O)(=O)c1ccccc1,138,0.699920942,0.580645161,0.01,0.870683951
O=C(NCc1ccc2c(c1)OCO2)C1CCCN1S(=O)(=O)c1ccccc1,138,0.845495407,0.625,0,0.83335371
O=C(NCc1ccc2c(c1)OCO2)C1CCCN1S(=O)(=O)c1cccs1,138,0.837860333,0.459459459,0,0.810324485
O=C(NCc1ccc2c(c1)OCO2)C1CCCN(S(=O)(=O)c2ccccc2)C1,138,0.828267972,0.558823529,0,0.834750672
O=C(NCc1ccc2c(c1)OCO2)C1CCCN(C(=O)c2ccccc2F)C1,138,0.880262668,0.415584416,0,0.833936047
O=C(NCc1ccc2c(c1)OCO2)C1CC(c2ccccc2F)=NO1,138,0.926108969,0.381578947,0.01,0.805101178
O=C(NCc1ccc2c(c1)OCO2)C1CC(c2ccccc2F)=NN1CCO,138,0.790026446,0.37037037,0.02,0.769054756
O=C(NCc1ccc2c(c1)OCO2)N1CCOC(c2ccccc2F)C1,138,0.916643946,0.465753425,0.03,0.80955873
O=C(NCc1ccc2c(c1)OCO2)N1CCOC(c2cccc(F)c2)C1,138,0.916643946,0.44,0,0.810063184
O=C(NCc1ccc2c(c1)OCO2)N1CCOC(c2ccncc2)C1,138,0.925429553,0.438356164,0.15,0.802321085
O=C(NCc1ccc2c(c1)OCCO2)N1CCOC(c2ccncc2)C1,138,0.913175507,0.386666667,0.15,0.799443036
O=C(NCc1ccc2c(c1)OCCO2)N1CCCC(c2ccncc2)=N1,138,0.921061288,0.333333333,0.16,0.82874815
O=C(NCc1ccc2c(c1)OCCO2)c1cc(-c2ccncc2)nc([O-])n1,138,0.74417188,0.307692308,0.23,0.814395373
C(c1ccc2c(c1)OCCO2)c1cc(-c2ccncc2)nc(-c2ccncc2)n1,138,0.532038386,0.226666667,0.39,0.840637526
C(c1ccc(Oc2ccncc2)cc1)c1cc(-c2ccncc2)ncn1,138,0.54142571,0.098765432,0.35,0.860141234
C(c1ccc(Oc2ccncc2)cc1)c1cc(-c2ccoc2)ncn1,138,0.538744947,0.103448276,0.25,0.839659538
C(c1ccc2c(c1)CCO2)c1cc(-c2ccncc2)nc(N2CCOCC2)n1,138,0.699847576,0.181818182,0.44,0.831328099
c1cc(-c2ccc3c(c2)CCO3)nc(-c2cc(OCCF)ncn2)c1,138,0.713212826,0.159090909,0.19,0.823261667
c1cc(-c2ccc3c(c2)OCCO3)cc(-c2cc3ncncc3cn2)n1,138,0.554981969,0.158536585,0.29,0.829489754
Oc1cc(-c2ccncc2)cc(-c2ccc3c(c2)OCCO3)n1,138,0.786807141,0.173333333,0.65,0.846074238
Oc1cc(-c2ccc3c(c2)OCCO3)nc(-c2ccncc2F)n1,138,0.780521788,0.154761905,0.57,0.830137942
Oc1cc(-c2ccncc2)nc(-c2ccc3c(c2)OCCO3)c1C1CC1,138,0.77116118,0.168674699,0.47,0.831691685
Oc1cc(-c2ccncc2)nc(-c2ccc3c(c2)OCCO3)c1CF,138,0.787688474,0.170731707,0.44,0.823669755
Oc1cc(-c2ccncc2)cc(-c2ccc3c(c2)OCO3)n1,138,0.785162192,0.205479452,0.61,0.848359601
CC1CN(c2c3c(nc4ncnn24)CCCC3)CC(C)O1,139,0.797460468,1,0.02,0.724275672
CC1CN(c2c3c(nc4ncccc24)CCCC3)CCO1,139,0.806364051,0.387096774,0.03,0.769580889
CC1CN(c2ccccc2F)c2c(nc3n2CCCC3)CO1,139,0.808331365,0.242857143,0.01,0.739750936
CC1CN(c2ccccc2F)Cc2nc3n(c2C1)CCCC3,139,0.802624876,0.211267606,0.03,0.759630744
CC1CN(c2cncc3ncccc23)CC2(CCCC2)O1,139,0.805491279,0.214285714,0.17,0.704693396
CC1CN(c2cncc3ncccc23)CC2(CCCC2)N1,139,0.87295544,0.164383562,0.22,0.681171063
CC1CN(c2c3c(nc4ncccc24)CCC3)CCCO1,139,0.806364051,0.349206349,0.02,0.767683618
CC1CN(c2c3c(nc4ncccc24)CCC3)CCCN1,139,0.871212106,0.303030303,0.1,0.759346646
CC1CN(c2cncc3ncccc23)CC2(CCC2)N1,139,0.861723712,0.164383562,0.23,0.681522555
CC1CN(c2cncc3[nH]ccc23)CC2(CCC2)N1,139,0.822468623,0.152777778,0.14,0.653272388
CC1CN(c2cncc3c2[nH]c2ncccc23)CCCO1,139,0.745366707,0.225352113,0.18,0.762606199
CC1CN(c2cncc3[nH]ccc23)CCCN1CCCF,139,0.940170149,0.142857143,0.24,0.750691982
CC1CN(c2cncc3[nH]ccc23)CCCN1CCF,139,0.934885651,0.148648649,0.23,0.748868549
CC1CN(c2cnc3[nH]ccc3c2F)CCCO1,139,0.842885204,0.235294118,0.29,0.752269904
CC1CN(c2c[nH]c3ncccc23)CCCN1C,139,0.834023955,0.173913043,0.4,0.783170496
CC1CN(c2c[nH]c3ncccc23)CCCN1,139,0.784167552,0.194029851,0.41,0.775479816
CC1CN(c2c[nH]c3ncccc23)CC1CO,139,0.825584634,0.157142857,0.39,0.724833463
CC1CN(c2c[nH]c3ncccc23)CCNC1=O,139,0.790358773,0.154929577,0.42,0.762654815
CC1CN(c2c[nH]c3ncccc23)CCCN1CCO,139,0.889415125,0.16,0.37,0.777446268
CC1CN(c2c[nH]c3ncccc23)CCCN1CCCO,139,0.901265898,0.155844156,0.39,0.779544945
CC1CN(c2c[nH]c3ncccc23)CCCN1C(=O)O,139,0.835360271,0.162162162,0.37,0.783929078
CC1CN(c2c[nH]c3ncccc23)CC(CO)O1,139,0.835380546,0.253731343,0.4,0.730754089
CC1CN(c2c[nH]c3ncccc23)CC(C)O1,139,0.817479721,0.288135593,0.46,0.753603635
CCOP(=O)(OCC)C(O)c1cccnc1,140,0.778815992,1,0.01,0.77385989
CCOP(=O)(OCC)C(O)c1ccccn1,140,0.778815992,0.547619048,0,0.766546604
CCOP(=O)(OCC)C(O)c1ccccc1,140,0.781471409,0.666666667,0,0.806385764
CCOP(=O)(OCC)C(O)c1cccc(C)c1,140,0.795603894,0.585365854,0,0.791526746
CCOP(=O)(OCC)C(O)c1cccc(OC)c1,140,0.774263641,0.558139535,0.01,0.797673315
CCOP(=O)(OCC)C(O)c1cccc(-c2ccco2)c1,140,0.77601149,0.489795918,0.02,0.777901476
CCOP(=O)(OCC)C(O)c1cccc(-c2ccncc2)c1,140,0.780498542,0.613636364,0.29,0.789688351
CCOP(=O)(OCC)C(O)c1ccncc1,140,0.778815992,0.675675676,0.04,0.768859541
CCOP(=O)(OC)OCC(O)c1ccncc1,140,0.755379474,0.416666667,0.04,0.729352925
CCOP(=O)(O)C(O)c1cccc(C)c1,140,0.777988244,0.434782609,0,0.751483691
CCOP(=O)(OCC)OCC(O)c1ccccc1,140,0.738239659,0.431818182,0,0.794005466
CCOP(=O)(OCC)OCC(O)c1cccc(C)c1,140,0.743921594,0.387755102,0,0.782031827
CCOP(=O)(O)C(O)c1cccc(-c2ccncc2)c1,140,0.828430646,0.469387755,0.3,0.756898882
CCOP(=O)(O)C(O)c1cccc(-c2ccoc2)c1,140,0.823281788,0.37037037,0.02,0.725573811
CCN(CC)c1nc(N)n(CCSC(=S)N(C)C)c(=O)n1,141,0.761566595,1,0,0.759767894
CCN(CC)c1nc(N)n(CC2CC2C(C)C)c(=S)n1,141,0.817725203,0.35,0.01,0.670564776
CCN(C)c1nc(N)n(CC2CC2C(C)C)c(=S)n1,141,0.83945998,0.28125,0.03,0.657997426
CCN(C)c1nc(C)n(C2CCCC2CO)c(=S)n1,141,0.857205894,0.191176471,0.06,0.681925184
CCN(C)c1nc(=S)n(C2CCCC2C)c(N)n1,141,0.852191493,0.258064516,0.06,0.685718302
CCN(C)C(=S)SCc1c(C)nc(C)n(CC)c1=O,141,0.797988963,0.31147541,0.03,0.772935827
CCN(C)C(=S)SCc1c(C)ncc(C)c1CO,141,0.86029172,0.21875,0.05,0.758997965
CCN(C)C(=S)SCc1c(C)nc(C)[nH]c1=O,141,0.85038444,0.278688525,0.07,0.761738243
CCN(C)C(=S)SCc1c(C)ncc(C)c1N,141,0.854675754,0.258064516,0.05,0.758897217
CCN(C)C(=S)SCc1c(C)ncc(C)c1C,141,0.779846237,0.225806452,0.03,0.779398756
CCN(C)C(=S)SCc1c(C)ncc(C)n1,141,0.774343751,0.245901639,0.05,0.771407236
CCN(C)C(=S)SCc1c(C)noc1C,141,0.762702552,0.233333333,0,0.791756192
CCN(C)C(=S)SCc1c(C)nccc1C,141,0.769809944,0.225806452,0.02,0.786763228
CCN(C)C(=S)SCc1c(C)ncnc1C,141,0.774343751,0.24137931,0.01,0.771644803
CCN(C)C(=S)SCc1cccc(C)c1N,141,0.662960954,0.245901639,0.01,0.806370384
CCN(C)C(=O)NCc1c(N)nccc1SC,141,0.799663474,0.208955224,0.11,0.807442063
CCN(C)C(=O)NCc1c(N)nsc1N,141,0.70140042,0.209677419,0.03,0.762898884
CCN(CC)C(=S)SCc1cn[nH]c1N,141,0.791680806,0.254237288,0.12,0.770828153
CCN(C)C(=S)SCc1cnc(N)nc1N,141,0.784960636,0.283333333,0.12,0.768614033
CCN(C)C(=S)SCc1c(C)ncc(N)n1,141,0.832849455,0.278688525,0.08,0.753689883
CCN(C)C(=S)SCc1cnc(N)nc1N(C)C,141,0.843070769,0.274193548,0.15,0.76374444
CCN(C)C(=S)SCc1cnc(N)nc1NC,141,0.805663623,0.265625,0.16,0.763107281
O=[n+]1c2c(n(O)c3cc(F)c(N4CCCC4)cc31)CCC2,142,0.645559454,1,0.01,0.765997034
O=[n+]1c2c(n(O)c3cc(F)c(N4CCC4)cc31)CCC2,142,0.636001537,0.951219512,0.01,0.758493636
O=[n+]1n(-c2c(F)cc(NCCCCO)cc2Br)c2ccc12,142,0.527599073,0.150684932,0.06,0.748160589
O=[n+]1n(-c2c(F)cc(N(F)Br)cc2)c2c(n1C)CCC2,142,0.618368739,0.285714286,0.02,0.68076429
O=C[n+]1c(N2CCCC2)c(Br)cc(N2CCCC2)c1F,142,0.478023873,0.285714286,0.03,0.747135852
O=CCn1c([O-])c(Nc2ccc(F)cc2)c2c1CCCC2,142,0.879084807,0.157142857,0.02,0.784293444
O=CCOc1c(NC=O)c(Br)cc(F)c1CN1CCCC1,142,0.759622469,0.183098592,0.02,0.783477668
O=CC(Oc1c(N)cc(F)c(CBr)c1Br)CN1CCCC1,142,0.433561307,0.197183099,0.04,0.705231004
O=CC(Oc1c(N)cc(F)c(CN(Br)Br)c1)CN1CCCC1,142,0.402628963,0.194444444,0.03,0.697733704
O=C(Nc1cc(F)cc(N2CCCC2)c1Br)Cn1cccn1,142,0.904026644,0.225352113,0.01,0.833356501
O=C(Nc1c(C#N)cc(O)cc1Br)CCCN1CCCC1,142,0.799318529,0.150684932,0.04,0.841491488
O=C(Nc1c(F)cc(N2CCCC2)c(Br)c1O)CC1CCC1,142,0.786410681,0.253731343,0.03,0.821503514
O=C(Nc1c(F)cc(N2CCCC2)cc1Br)C1(O)CCC1,142,0.874477751,0.25,0.03,0.828745699
O=C(Nc1c(F)cc(N2CCCC2)c(Br)c1O)C1CCCN1,142,0.714124662,0.246376812,0,0.755963289
O=C(Nc1c(N2CCCC2)ccc(Br)c1O)C1(C)CCCN1,142,0.718319235,0.180555556,0.01,0.750153364
O=C(Nc1c(N2CCCC2)cc(Br)c2c1OCCC2)C(=O)N,142,0.780056909,0.217391304,0.03,0.793896192
O=C(NCc1ccncc1)c1c(N2CCCC2)cc(Br)cc1O,142,0.860987151,0.2,0.04,0.854710965
O=C(Nc1c(F)cc(N2CCCC2)cc1Br)C1CN(C=O)CCO1,142,0.785877241,0.2,0,0.751351796
O=C(Nc1c(F)cc(N2CCCC2)cc1Br)C1Cc2ccccc2O1,142,0.835270008,0.216216216,0,0.801895462
O=C(Nc1ccncc1)c1c(N2CCCC2)cc(Br)cc1O,142,0.878509219,0.208955224,0.05,0.85543318
O=C(Nc1ccncc1)c1c(N2CCCC2)cc(F)cc1Br,142,0.900402721,0.261538462,0.04,0.858970421
O=C(Nc1c(F)cc(N2CCCC2)cc1Br)C1CCCC1O,142,0.857578775,0.220588235,0,0.762081755
O=C(Nc1c(F)cc(N2CCCC2)cc1Br)C1CCCCN1,142,0.858611889,0.214285714,0,0.795788028
O=C(Nc1c(F)cc(N2CCCC2)cc1Br)C1CCCCC1O,142,0.834911419,0.220588235,0,0.764934835
CC(C(=O)Nc1c(F)cc(N2CCCC2)cc1N)C1CCCC1,142,0.83055675,0.217391304,0.08,0.786503668
CCC(C(=O)Nc1c(F)cc(N2CCCC2)cc1N)C1CCC1,142,0.812224008,0.208333333,0.09,0.77214345
CC(C(=O)Nc1c(F)cc(N2CCCC2)cc1N)N1CCCC1,142,0.836610095,0.227272727,0.08,0.809590769
CCC(C(=O)Nc1cc(F)c(N2CCCC2)cc1N)C1CCC1,142,0.812224008,0.279411765,0.02,0.786042729
CCN(CC)C(=O)Nc1c(F)cc(N2CCCC2)cc1N,142,0.839391933,0.227272727,0.08,0.844692118
CCNC(=O)C1CCCc2cc(F)c(N3CCCC3)cc2N1,142,0.902224846,0.303030303,0.02,0.791820751
CCNC(=O)C1CCCc2cc(F)c(N3CCCC3)c(N)c21,142,0.843892,0.242857143,0.13,0.758380907
CCNC(=O)C1CCCc2cc(F)c(N3CCCC3)cc21,142,0.927923267,0.3125,0,0.797782675
CCC(=O)Nc1c(N2CCCC2)cc(F)cc1N1CCCC1,142,0.926109708,0.280701754,0.02,0.854994108
CCN(C)C(=O)Nc1cc2c(c(F)c1N1CCCC1)CCC2,142,0.928777711,0.235294118,0,0.812120013
CCN1CCCc2cc(N3CCCC3)c(F)c(NC(=O)O)c21,142,0.899505109,0.253731343,0,0.807424728
CCN1CCCc2cc(N3CCCC3)c(F)c(NC=O)c21,142,0.866509323,0.23880597,0.04,0.794083187
CCNC(=O)Nc1cc(N2CCCC2)c(F)c2c1CCC2,142,0.898705719,0.285714286,0.04,0.836472675
CCNC(=O)N1CCc2cc(F)c(N3CCCC3)cc21,142,0.901321136,0.333333333,0,0.854188213
CCNC(=O)Nc1cc(N2CCCC2)c(F)cc1O,142,0.736059945,0.316666667,0.02,0.871040071
CCNC(=O)Nc1cc(N2CCCC2)c(F)cc1F,142,0.885781171,0.327586207,0.03,0.884025267
CCNC(=O)Nc1cc(N2CCCCC2)c(F)cc1F,142,0.89498075,0.322033898,0.03,0.883616987
O=C1OCCC1Sc1ncnc2sc3c(c12)CCC3,143,0.628812827,1,0,0.753792542
O=C1CCCC1Sc1ncnc2sc3c(c12)CCC3,143,0.795127025,0.714285714,0.01,0.759220289
CC1=CCCC1Oc1ncnc2sc(C)c(C)c12,143,0.77039772,0.227272727,0.03,0.735809056
CC1=CCCC1Oc1ncnc2scc(C3CC3)c12,143,0.790401155,0.183098592,0.06,0.715744135
CC1CCCC1Oc1ncnc2sc(C)c(O)c12,143,0.904076123,0.23880597,0.05,0.717084307
C1CCCC1Oc1ncnc2sc(C3CC3)c(O)c12,143,0.930318435,0.25,0.08,0.792171967
C1CCCC(Oc2ncnc3sc4c(c23)CCNC4)C1,143,0.92280569,0.328125,0.11,0.814638929
CC1CCCCC1Oc1ncnc2sc3c(c12)CCN3,143,0.917027054,0.260869565,0.14,0.693768914
C1CCCCC1Oc1ncnc2sc3c(c12)CCNC3,143,0.92280569,0.328125,0.11,0.814638929
C1CCCCC1Oc1ncnc2sc(N)c(C3CC3)c12,143,0.931600817,0.246153846,0.25,0.801153005
C1CCNCC1Oc1ncnc2sc(N)c(C3CC3)c12,143,0.907000305,0.225352113,0.28,0.727461122
C1CCNCC1Oc1ncnc2sc(N)c(C)c12,143,0.863606018,0.228571429,0.29,0.740888247
CC1CCCCC1Oc1ncnc2sc(N)c(C)c12,143,0.911702632,0.23880597,0.22,0.72358246
C1CCCC1Oc1ncnc2c(N)c(Cl)ccc12,143,0.84557625,0.144927536,0.23,0.830492566
C1CCCC1Oc1ncnc2c1[nH]c1c(N)cccc12,143,0.700311077,0.136986301,0.25,0.81768118
C1CCCCC1Oc1ncnc2c1ccn2C1CCNCC1,143,0.946243127,0.135135135,0.2,0.818181709
C1CCNCC1Oc1nc2ccncc2n1C1CCNCC1,143,0.899028998,0.0875,0.28,0.735346792
C1CCCCC1n1c2cnccc2c2c1CCNCC2,143,0.861116151,0.123287671,0.38,0.819303544
C1CCCCC1n1ncc2c(N)ncnc21,143,0.791773422,0.153846154,0.48,0.845139858
C1CCCCN1c1ncnc2[nH]ccc12,143,0.768316382,0.123076923,0.72,0.862724354
CN1CCCCC1c1ncnc2[nH]ccc12,143,0.793731686,0.142857143,0.54,0.761414458
CN1CCCCC1c1ncnc2[nH]cc(N)c12,143,0.783258246,0.157142857,0.49,0.73320386
CC1CCCCN1c1ncnc2[nH]ccc12,143,0.795378621,0.142857143,0.66,0.79090251
CC(C)Cn1c(=O)n(C)c(=O)c2c(S)nc(CC(C)(C)C)nc21,144,0.687618964,1,0.01,0.775667119
CC(C)Cn1c(=O)n(C)c(=O)c2c(N)nc(CC(C)C)nc21,144,0.906097249,0.549019608,0.07,0.822819038
CC(C)Cn1c(=O)n(C)c2c(N)nc(CC(C)C)nc21,144,0.91963915,0.425925926,0.05,0.810437835
CC(C)Cn1cnc(=O)c2c(N)nc(CC(C)C)nc21,144,0.915882756,0.274193548,0.11,0.803283715
CC(C)Cn1cnc(=O)c2c(N)nc(C)nc21,144,0.825971526,0.241935484,0.11,0.808781528
CC(C)Cn1c(=O)n(C)c2nc(N)ncc21,144,0.794153901,0.357142857,0.06,0.833299186
CC(C)Cn1c(=O)nc(N)c2nn(C)cc21,144,0.794153901,0.266666667,0.1,0.789044445
CC(C)Cn1c(=O)sc2c(NC3CC3)ncnc21,144,0.918202331,0.242424242,0.1,0.807910696
CC(C)Cn1c(=O)sc2c(NC3CC3)nc(N)nc21,144,0.888723189,0.257575758,0.15,0.800109223
CC(C)Cn1c(=O)sc2c(NC3CCCC3)nc(N)nc21,144,0.905831264,0.25,0.11,0.807560849
CC(C)Cn1c(=O)n2nc(NC3CCCC3)cc2c(N)n1,144,0.889881789,0.197183099,0.16,0.798413783
CC(C)Cn1c(=O)n(C)c2nc(NC3CCCC3)nc(N)c21,144,0.897260215,0.328125,0.17,0.82065963
CC(C)Cn1c(=O)n(C)c2cc(NC3CCCC3)nc(N)c21,144,0.908426374,0.298507463,0.18,0.810545632
CC(C)Cn1c(=O)n(C)c(=O)c2c(NC3CCCC3)nc(N)nc21,144,0.86730698,0.457627119,0.09,0.825808632
CC(C)Cn1c(=O)n(C)c(=O)c2c(NC3CCCC3)ncnc21,144,0.923914883,0.4,0.09,0.835436046
CC(C)Cn1c(=O)n(C)c(=O)c2c(NC3CC3)ncnc21,144,0.896599998,0.413793103,0.1,0.833535684
CC(C)Cn1c(=O)n(C)c(=O)c2c(N)ncnc21,144,0.789866447,0.452830189,0.45,0.841055658
CC(C)Cn1c(=O)c2c(N)ncnc2n(C)c1=O,144,0.789866447,0.375,0.47,0.842520722
CC(C)Cn1c(=O)c2c(N)ncnc2n(CCCN)c1=O,144,0.768651074,0.306451613,0.46,0.827515711
CC(C)Cn1c(=O)c2c(N)ncnc2n(C2CC2)c1=O,144,0.880901455,0.301587302,0.54,0.82814155
N#[N+]CC(=O)C(O)(c1ccccc1)C(Cl)c1ccccc1,145,0.680600739,1,0,0.721344542
N#[N+]CC(=O)C(O)(c1ccccc1)c1ccccc1,145,0.850401728,0.578947368,0.01,0.829523052
N#CCC(=O)C(O)(c1ccccc1)c1ccccc1,145,0.907217453,0.363636364,0.02,0.860538436
NCC(=O)C(O)(c1ccccc1)c1ccccc1,145,0.851226125,0.357142857,0.01,0.879347004
N#CCC(=O)C(N)(c1ccccc1)c1ccccc1,145,0.905408413,0.326086957,0,0.841450972
NCC(=O)C(O)(c1ccccc1)c1ccccc1C#N,145,0.873374446,0.307692308,0.03,0.796500559
NCC(O)(c1ccccc1)C(O)(C=O)c1ccccc1,145,0.706083868,0.270833333,0,0.752995311
NCC(O)(c1ccccc1)C(O)C(=O)c1ccccc1,145,0.710449342,0.306122449,0.03,0.786664542
NCC(O)(c1ccccc1)C(CO)c1ccccc1,145,0.762068906,0.319148936,0.1,0.78543887
NCC(O)(c1ccccc1)C(=O)c1ccccc1,145,0.800980002,0.311111111,0,0.834668483
NC(C(=O)c1ccccc1)C(O)c1ccccc1,145,0.803858259,0.255319149,0.06,0.833554292
NC(=O)C(O)(c1ccccc1)c1ccccc1,145,0.832264378,0.317073171,0.05,0.900066854
NC(C(=O)c1ccccc1)C(O)(CO)c1ccccc1,145,0.710449342,0.306122449,0.06,0.791074157
CCN(CC)CCCN1C(=O)N=C(SCC(=O)Nc2ccc3c(c2)OCO3)C2CCC=CC21,146,0.547447204,0.658536585,0.03,0.688092502
CCN(CC)CCCN1C(=O)C2(CC2)N=C1SCC(=O)Nc1ccc2c(c1)OCO2,146,0.645750486,0.607594937,0.01,0.75108735
CCN(CC)CCCN1C(=O)C2(CC2)N=C1SCC(=O)c1ccc2c(c1)OCO2,146,0.575619238,0.441860465,0.01,0.743290486
CCN(CC)CC1C(=O)NCC(=O)N1C(c1ccc2c(c1)OCO2)C1CC1,146,0.784993573,0.311111111,0.06,0.706828033
CCN(CC)CC1C2CNCC2C(=O)N1C(C)c1ccc2c(c1)OCO2,146,0.840315392,0.307692308,0.04,0.661452805
CCN(CC)CC1C(=O)NCc2cc(-c3ccco3)ccc2N1CC,146,0.876981622,0.191919192,0.21,0.757427396
CCN(CC)CC1C(c2ccc3c(c2)OCO3)NCC(=O)N1CCCO,146,0.717317542,0.304347826,0.02,0.705771947
CCN(CC)CC1C(=O)NCc2cc(-c3cccnc3)ccc21,146,0.923537336,0.177083333,0.25,0.767914276
CCN(CC)CC1C(=O)NCc2cc(-c3ccnn3C)ccc21,146,0.920104229,0.212765957,0.16,0.739857514
CCN(CC)CCCN1C(=O)CNC1c1ccc2c(c1)OCO2,146,0.826804968,0.373493976,0.01,0.761288402
CCN(C)CCCN1C(=O)CNC1c1ccc2c(c1)OCCO2,146,0.854619852,0.263736264,0.08,0.754699591
CCN(C)CCCN1NC(c2ccc3c(c2)OCO3)=CC(=O)N1C,146,0.847189396,0.288888889,0.15,0.759422926
CCN(C)CCCn1c(-c2ccc3c(c2)OCO3)cc(=O)nc1,146,0.815688919,0.325581395,0.14,0.820457819
CCN(C)CCCN1NC(c2ccc3c(c2)OCO3)=NC1=O,146,0.870895657,0.306818182,0.26,0.812681288
CCN(C)CCCn1c(-c2ccc3c(c2)OCO3)cc(=O)nc1N,146,0.865429004,0.3,0.12,0.817422474
CCN(C)CCCN1NC(c2ccc3c(c2)NCCO3)=NC1=O,146,0.841841975,0.224489796,0.37,0.784204205
CCN(C)CCCN1NC(c2ccc3ccccc3c2)=NC1=O,146,0.761452301,0.193548387,0.27,0.836675301
CCN(C)CCCN1NC(=O)c2ccc(-c3ccncc3)cc21,146,0.761452301,0.178947368,0.47,0.82599931
CCN(C)CCCN1NC(=O)c2cc(-c3ccncc3)ccc2O1,146,0.882895924,0.210526316,0.56,0.784802227
CCN(C)CCCN1NC(=O)c2ccc(-c3ccncc3)cc2N1,146,0.85378074,0.177083333,0.6,0.787505237
CCN(C)CCCN1NC(c2ccccc2)=NC(=O)c2ccncc21,146,0.876570394,0.173469388,0.24,0.801944521
CCN(C)CCCN1NC(c2ccccc2)=NCCNC(=O)c2ccncc21,146,0.801140874,0.174757282,0.33,0.741290084
CCN(C)CCCN1NC(c2ccccc2)=NCCNC(=O)c2cccnc21,146,0.801140874,0.163461538,0.38,0.750949153
CCN(C)CCCN1NC(=O)c2cc(-c3ccncc3)ccc2NCCO1,146,0.814879237,0.188118812,0.55,0.717238917
CCCN(C)CCCN1NC(=O)c2cc(-c3ccncc3)ccc2N1,146,0.812181807,0.163265306,0.6,0.788985333
CCN(CC)CCCN1C(=O)NCCc2cc(-c3ccncc3)ccc21,146,0.828881895,0.266666667,0.44,0.839227356
CCN(CC)CCCN1C(=O)CCc2cc(-c3ccncc3)ccc21,146,0.771727709,0.272727273,0.43,0.860315247
CCN(CC)CCN1C(=O)CCc2cc(-c3ccncc3)ccc2C1=O,146,0.750943003,0.217391304,0.43,0.853262951
CCN(CC)CCN1C(=O)Cc2cc(-c3ccncc3)ccc2C1=O,146,0.760534334,0.21978022,0.44,0.852063863
CCN(CC)CCCN1C(=O)Cc2cc(-c3ccncc3)ccc2C1CN,146,0.780283814,0.242105263,0.51,0.770130285
CCN(CC)CCCN1C(=O)Cc2cc(-c3ccncc3)ccc21,146,0.783685943,0.275862069,0.46,0.85714381
COc1ccccc1NC(=O)CCS(=O)(=O)c1ccc2c(c1)NC(=O)CO2,147,0.778505144,0.617647059,0,0.863599117
Cc1ccccc1NC(=O)CCS(=O)(=O)c1ccc2c(c1)NC(C)C2,147,0.860862966,0.485714286,0.01,0.807457824
Cc1ccccc1NC(=O)CCS(=O)c1ccc2c(c1)NC(=O)C2C,147,0.86383879,0.346153846,0.08,0.747713015
COc1ccccc1NC(=O)CCS(=O)c1ccc2c(c1)NC(=O)C2,147,0.829970977,0.413333333,0.03,0.784772791
COc1ccccc1NC(=O)CCS(=O)c1ccc2c(c1)NC(=O)C2C,147,0.816554017,0.479452055,0.07,0.747788981
COc1ccccc1NC(=O)CCSc1ccc2c(c1)NC(=O)C2C,147,0.771175253,0.486111111,0.07,0.810094134
COc1ccncc1NC(=O)c1ccc2c(c1)NC(=O)C(C)CS2,147,0.895307805,0.367088608,0.15,0.788875325
COc1ccncc1NC(=O)c1ccc2c(c1)C(CO)C(=O)N2,147,0.791288442,0.308641975,0.15,0.792510769
COc1ccccc1NC(=O)Sc1ccc2c(c1)CCC(=O)N2,147,0.838544585,0.342105263,0.05,0.847087189
COc1ccncc1NC(=O)Sc1ccc2c(c1)CCC(=O)N2,147,0.844637474,0.247058824,0.25,0.81696015
COc1ccncc1NC(=O)c1ccc2c(c1)C1CNC(=O)C1C2,147,0.901290388,0.247058824,0.16,0.749668745
COc1ccncc1NC(=O)Oc1ccc2c(c1)CC(=O)NC2,147,0.902717732,0.253012048,0.23,0.832248961
COc1ccncc1NC(=O)Oc1ccc2c(c1)CC(=O)N2,147,0.906483866,0.283950617,0.26,0.851059554
COc1cnccc1NC(=O)c1ccc2c(c1)CC(=O)N2,147,0.900310169,0.275,0.21,0.868308572
COc1cnccc1NC(=O)OCc1ccc2c(c1)CNC2=O,147,0.901790195,0.23255814,0.28,0.841772504
COc1cnccc1NC(=O)OCc1ccc2c(c1)CNC(=O)C2,147,0.896462485,0.244186047,0.19,0.831342695
COc1cnccc1NC(=O)COc1ccc2c(c1)NC(=O)C2,147,0.874955108,0.304878049,0.23,0.856980196
COc1cnccc1CSc1ccc2c(c1)CC(=O)N2C(=O)O,147,0.868335776,0.191011236,0.08,0.810996094
COc1cnccc1CSc1ccc2c(c1)NC(=O)C2CN,147,0.828437468,0.238095238,0.2,0.758323803
COc1cnccc1-c1ccc2[nH]c(=O)c(COC)cc2c1,147,0.803753888,0.19047619,0.49,0.855860531
COc1cnccc1-c1ccc2c(c1)NC(=O)C2SC,147,0.941603843,0.225,0.39,0.76380843
COc1cnccc1-c1ccc2[nH]c(=O)c(CS)cc2c1,147,0.730808716,0.19047619,0.47,0.835138828
COc1cnccc1-c1ccc2[nH]c(=O)c(SC)cc2c1,147,0.753648207,0.164705882,0.59,0.837504726
COc1cnccc1-c1ccc2sc(=O)[nH]c2c1,147,0.768468408,0.1875,0.5,0.840331028
COc1cnccc1-c1ccc2c(c1)NC(=O)CS2,147,0.913002729,0.256410256,0.35,0.841841897
COc1cnccc1-c1ccc2c(c1)CC(CN)C(=O)N2,147,0.900552387,0.228915663,0.46,0.778625496
COc1cnccc1-c1ccc2c(c1)CCC(=O)N2,147,0.895918294,0.2,0.44,0.863596023
COc1cnccc1-c1ccc2[nH]c(=O)cc-2cc1,147,0.762178783,0.181818182,0.52,0.862149309
COc1cnccc1-c1ccc2[nH]c(=O)sc2c1,147,0.768468408,0.189873418,0.55,0.844661205
COc1cnccc1-c1ccc2[nH]c(=O)[nH]c2c1,147,0.719726063,0.181818182,0.61,0.859401442
COc1cnccc1-c1ccc2[nH]c(=O)ccc2c1,147,0.762319712,0.175,0.6,0.874464274
O=C1CC=CCC1=NC(=O)c1c(O)nc2c(c1O)CCCCC2,148,0.611554643,0.975609756,0,0.729890768
O=C1CC(CCN)N=C1C=Cc1c(O)cc2c(c1O)CCCC2,148,0.792903215,0.225352113,0.07,0.672879526
O=C1CCCCC1=NC(=O)c1c2c(cc(O)c1F)CC=CC2,148,0.811001439,0.396551724,0.03,0.729666663
O=C1CCCCC1=Nc1c2c(nc3cccc(F)c13)CC(O)C2,148,0.880060954,0.225352113,0.05,0.714237586
O=C1CCCCC1=NOC(=O)c1c2c(nc3ccccc13)CCC2,148,0.627669119,0.349206349,0.01,0.820904756
O=C1CCCCC1NC(=O)c1c2c(nc3ccccc13)CCC2,148,0.927629634,0.287878788,0.01,0.807102064
O=C1CCCCC1=Nc1c(O)cc2ccccc2c1N1CCC1,148,0.912969295,0.223880597,0.02,0.807303972
O=C1CCCC1NC(=O)c1c2c(nc3ccccc13)CCCC2,148,0.927629634,0.292307692,0.02,0.804906886
O=C1CCCCC1=Nc1c2c(nc3ccccc13)CCCC2O,148,0.870784035,0.272727273,0.06,0.742476117
O=C1CCCC1=Nc1c2c(nc3ccccc13)CCCCC2,148,0.734128833,0.316666667,0,0.817083624
O=C1CCCCC1=Nc1c2c(nc3ccccc13)CCCC2,148,0.784778131,0.327586207,0,0.816223506
O=C1CCCCC1=Nc1c2c(nc3cccc(O)c13)CCC2,148,0.87294923,0.322580645,0.02,0.787461801
O=C1CCCCC1=Nc1c(O)ccc2nc3c(cc12)NCC3,148,0.847316683,0.25,0.2,0.759845695
O=C1CCCCC1=Nc1c(O)ccc2nc3c(cc12)NCCC3,148,0.845000644,0.264705882,0.19,0.763108516
O=C1CCCC1=Nc1c(O)ccc2nc3c(nc12)CCCC3,148,0.877020836,0.278688525,0.06,0.768991849
O=C1CCCC1=C1NCCc2nc3c(cc21)CCCCN3,148,0.718114564,0.176470588,0.12,0.75447657
O=C1CCCC1=C1NCCc2nc3c(cc21)CCCC3,148,0.735320956,0.203125,0.12,0.7745847
O=C1CCCC1=Nc1c2c(nc3cccnc13)CCC2,148,0.796189782,0.26984127,0.01,0.785803475
O=C1CCCC1=Nc1c2c(nc3c1CCCC3)NCC2,148,0.85255429,0.283333333,0.07,0.747817816
O=C1CCCC1=Nc1ccc2n[nH]c3c2c1CC3,148,0.830704553,0.181818182,0.14,0.752683724
O=C1CCCC1=Nc1ccc(O)c2nc[nH]c12,148,0.78543539,0.203125,0.12,0.758204393
O=C1NCCC1=Nc1ccc2c(n1)CCCC2,148,0.794019457,0.229508197,0.24,0.763714893
O=C1NCCc2[nH]cc(CNc3ccccn3)c21,148,0.759650826,0.094594595,0.22,0.806800124
O=C1NCCc2[nH]cc(CNc3ccc(O)cn3)c21,148,0.66119596,0.12,0.32,0.785777841
O=C1NCCc2nc(NCc3ccccn3)ccc21,148,0.86791814,0.14084507,0.24,0.837163365
O=C1NCCc2cc(OCc3cccnc3N)ccc21,148,0.885478663,0.092105263,0.33,0.855095445
O=C1NCc2ncc(CNc3ccccn3)cc21,148,0.849036082,0.095890411,0.24,0.822923201
O=C1NCCc2ncc(CNc3ccccn3)cc21,148,0.86791814,0.108108108,0.32,0.8292782
O=C1NCCc2nccc(CNc3ccc(N)nc3)c21,148,0.771333173,0.121621622,0.27,0.805153005
O=C1NCCc2nccc(CCc3ccc(N)nc3)c21,148,0.874059835,0.126760563,0.19,0.807977143
O=C1NCCc2nccc(CCc3ccc(N)cc3)c21,148,0.832240011,0.130434783,0.2,0.831779795
O=C1NCCc2cc(CCc3ncc(O)n3C3CCC3)ccc21,148,0.910813164,0.139240506,0.3,0.794364345
O=C1NCCc2cc(NCc3ccc(O)nc3C3CC3)ccc21,148,0.811273133,0.128205128,0.29,0.806010732
O=C1NCCc2cc(NCc3ccc(O)cn3)ccc21,148,0.792337753,0.12,0.42,0.841253801
O=C1NCCc2cc(CCc3ccc(O)cn3)ccc21,148,0.892806188,0.138888889,0.38,0.841244517
O=C1NCCc2cc(-c3ccc(O)cn3)ccc21,148,0.797715102,0.132352941,0.46,0.850865051
Cc1cccc(CN2C(=O)c3c(Cc4ccc[nH]4)c(C)ccc3N2C)c1,149,0.598341641,0.275,0.08,0.791047359
Cc1cccc2cc(CN3C(C)(Cc4ccc[nH]4)C(C)C3)c(=O)n2c1,149,0.794115284,0.247058824,0.01,0.672630257
Cc1cccc2[nH]c(=O)c(Cc3ccc(F)cc3)c(C(C)O)c12,149,0.77599464,0.185185185,0.09,0.804430469
CCc1cccc2c(=O)n(Cc3ccc(F)cc3)c(C)c(C)c12,149,0.704014795,0.194805195,0.03,0.880709844
CCc1cccc2c(=O)c(Cc3ccc(F)cc3)c(C)[nH]c12,149,0.774039139,0.194805195,0.08,0.874671626
CCc1cccc(CN2C(C)(Cc3ccc[nH]3)C(C)C2=O)c1,149,0.841502018,0.263157895,0.06,0.710210291
CCc1cccc2c(C)c(Cc3ccc(F)cc3)c(C)c(C)c12,149,0.551689195,0.157894737,0.02,0.871139892
CCc1cccc(C[N+](C)=C(C)C(Cc2cccs2)C(F)F)c1,149,0.492243791,0.114942529,0.02,0.721502104
CCc1ccc(F)c(CN2C(C)Cc3[nH]ccc3C2C)c1C,149,0.881920523,0.152941176,0.05,0.6843295
CC(=O)N1CCc2[nH]c(C)c(Cc3ccc(F)cc3)c2C1,149,0.904984118,0.156626506,0.05,0.842898529
CCc1cc[n+](C(=O)O)c(C)c1Cc1ccc(F)cc1,149,0.873730053,0.098765432,0.01,0.807430304
CC(=O)N1CCc2[nH]c([N+](=O)[O-])c(Cc3ccc(F)cc3)c21,149,0.698789485,0.125,0.09,0.793333779
CC(=O)N1C(C)Cc2[nH]c(N)c(Cc3ccc(F)cc3)c21,149,0.891586237,0.154761905,0.05,0.750972384
CC(=O)N1C(C)Cc2[nH]c(N)c(Cc3ccc(F)cc3)c2C1,149,0.89542083,0.164705882,0.06,0.746607852
CC1Cc2cc(C(=O)O)c(C(N)Cc3ccc(F)cc3)cc21,149,0.908860984,0.154761905,0.02,0.763955982
CC1Cc2ccc(CN3C(C(=O)O)CC3CCCNCCF)c(N)c21,149,0.470900045,0.114583333,0.05,0.647046616
CC1Cc2ccc(CN3C(C(=O)O)CC3CCCNCCF)c(C)c21,149,0.673756737,0.127659574,0,0.660963539
Cc1cccc(Cc2c(F)cc(C(=O)O)c3c2CC3CCN)c1,149,0.88887428,0.278481013,0.06,0.763187921
Cc1cccc(CN2C(C(=O)O)Cc3ccc(CCN)cc32)c1,149,0.890321789,0.315789474,0.05,0.810457041
Cc1cccc(Cc2c(C(=O)O)c(CN)cc3[nH]ccc23)c1,149,0.69091794,0.240506329,0.17,0.837110584
Cc1cccc(CN2C(C(=O)O)Cc3cc(CN)ccc32)c1,149,0.90932812,0.306666667,0.05,0.818767507
Cc1cccc(CN2Cc3cc(C(=O)O)ccc3CC2)c1,149,0.938523073,0.266666667,0,0.905867034
Cc1cccc(CN2CCc3cc(C=O)ccc3CC2N)c1,149,0.885389219,0.285714286,0.04,0.788515501
Cc1cccc(CN2CCc3cc(C=O)cc(N)c3CC2)c1,149,0.69902056,0.276315789,0.02,0.857623656
Cc1cccc(CN2CCc3[nH]c(N)cc3CC2C2CC2)c1,149,0.912449448,0.302631579,0.06,0.768781191
Cc1cccc(CN2CCc3cc(N)ccc3CC2C)c1,149,0.852200318,0.283783784,0.03,0.829973188
Cc1cccc(CN2CCc3cc(N)cc(C)c3C2)c1,149,0.843653685,0.273972603,0.01,0.873004408
Cc1cccc(CN2CCc3cc(N)cc(C)c3NC2=O)c1,149,0.833379075,0.310810811,0.04,0.839316043
Cc1cccc(CN2C(=O)CC(N)=Cc3[nH]ccc32)c1,149,0.878045979,0.328767123,0.16,0.785621142
Cc1cccc(CN2C(=O)Nc3cc(N)cc(C)c32)c1,149,0.700866382,0.333333333,0.03,0.857030174
Cc1cccc(CN2CCc3[nH]c(N)cc3C(=O)C2)c1,149,0.877776033,0.310810811,0.11,0.82848484
Cc1cccc(CN2CCc3[nH]c(N)cc3C2=O)c1,149,0.862909937,0.319444444,0.06,0.8333712
Cc1cccc(CN2CCc3[nH]c(N)cc3C(=O)NC2)c1,149,0.784776916,0.324324324,0.23,0.811052162
Cc1cccc(CN2CCc3[nH]c(N)cc3C(=O)NC2C)c1,149,0.794054302,0.311688312,0.21,0.746390584
Cc1cccc(CN2CCc3[nH]c(N)nc3CC2C(=O)O)c1,149,0.795141027,0.3,0.08,0.774490088
Cc1cccc(CN2CCc3c(N)ncc(C)c3NC2=O)c1,149,0.89482347,0.315789474,0.13,0.821748301
Cc1cccc(CN2C(=O)Cc3c(N)n[nH]c3C2C)c1,149,0.875414168,0.337837838,0.3,0.75306457
CC1(CCc2ccc3c(c2)OCO3)NCCc2c1[nH]c1ccccc21,150,0.763744224,1,0.03,0.771122333
CC1(CCc2cccc(O)c2)OCCc2c1[nH]c1ccccc21,150,0.757753734,0.461538462,0.06,0.779632489
CC(CCc1cccc2c1OCO2)Cc1ccc2c(n1)NCC2,150,0.916320724,0.2125,0.14,0.760266004
CC(C)(Cc1cccc2c1OCO2)c1ccc2c(n1)NCC2,150,0.94353684,0.207792208,0.16,0.792057955
CC(Cc1cccc2c1OCO2)c1ccnc2[nH]ccc12,150,0.796463962,0.210526316,0.38,0.76879801
CC(Cc1ccc2c(c1)OCO2)c1ncnc2[nH]ccc12,150,0.801301314,0.295774648,0.52,0.771142179
CC(Cc1ccc2c(c1)OCO2)c1ccnc2[nH]ccc12,150,0.796463962,0.295774648,0.42,0.788927539
CC(Cc1ccc2c(c1)OCO2)c1ncnc2nc[nH]c12,150,0.798343857,0.277777778,0.11,0.760905454
CN(Cc1ccc2c(c1)OCO2)c1ncnc2[nH]cnc12,150,0.788403712,0.277777778,0.416666667,0.813749771
CN(Cc1ccc2c(c1)OCO2)c1ncnc2[nH]ccc12,150,0.79843335,0.295774648,0.6,0.835577315
COc1ccc(C2CC(=O)N=C3SC(N)=C(C#N)C(N)=C3C2C)cc1OC,151,0.819777232,0.467532468,0.04,0.666863792
COc1ccc(C2CC(=O)N=C3C2=C(N)c2sc(N)c(C)c23)cc1OC,151,0.866461316,0.375,0.09,0.715520314
COc1ccc(C2CC(=O)C3=C(C)N=C(N)C(C#N)C3=N2)cc1OC,151,0.905349877,0.341463415,0.16,0.672592598
COc1cc(C)ccc1C1CC(=O)N=C2NCC(N)=C(C#N)C2=C1C,151,0.860895713,0.298850575,0.12,0.691267507
COc1cc(C)ccc1C1CC(=O)C(=C2NC(N)=NC2(C)C)C=C1,151,0.819442429,0.208791209,0.04,0.693629425
COc1cc(C)ccc1C1CC(=O)C(C#N)=C(N)C1=C1C=CNC1,151,0.871684868,0.241758242,0.11,0.688626082
COc1cc(Cl)ccc1C1CC(=O)C(C#N)=C2NCCC(N)=C2C1,151,0.861609831,0.22826087,0.09,0.713753521
COc1cc(Cl)ccc1C1CC(=O)C(C#N)=C2N=C(N)C=CC21,151,0.904090343,0.272727273,0.08,0.670619554
COc1ccc(Cl)cc1C1CC(=O)C(C#N)=C1NC1CCCN1,151,0.886303613,0.217391304,0.06,0.684901226
COc1ccc(Br)cc1C1CC(=O)C(=C2CCCN2)C=C1N,151,0.793337267,0.2,0.1,0.717643686
COc1ccc(Cl)cc1C1CC(=O)C(=C2CCCN2)C=C1N,151,0.822995463,0.2,0.12,0.72340721
COc1ccc(Br)cc1C1CC(=O)N=C(N)C1=C1CCCN1,151,0.845408661,0.252873563,0.14,0.736620609
COc1ccc(C2CCNC2=O)cc1-c1nc(N)ncc1F,151,0.895934593,0.235955056,0.34,0.765260311
COc1ccc(C2CCNC2=O)cc1-c1nc(C)ncc1C,151,0.944402239,0.215909091,0.18,0.770373711
COc1ccc(C2CCNC2)cc1-c1nc(N)ncc1OC,151,0.896024928,0.220930233,0.37,0.784760922
COc1ccc(C2CCNCC2=O)cc1-c1nc(N)ncc1F,151,0.892096527,0.230769231,0.3,0.756206153
COc1ccc(C2CCNCC2=O)cc1-c1nc(N)nc2cccn12,151,0.754293499,0.223404255,0.08,0.743974308
COc1ccc(C2CCNCC2=O)cc1-c1nc(N)nc2ccccc12,151,0.755869361,0.22826087,0.19,0.778242433
COc1ccc(C2CCNCC2)cc1-c1nc(N)nc2ccc(O)cc12,151,0.672135021,0.208791209,0.21,0.836544279
COc1ccc(C2CCNCC2)cc1-c1ccc2ncc(O)nc2c1,151,0.766926834,0.2,0.21,0.827250788
COc1ccc(C2CCNCC2=Cc2nc(N)nc(OC)n2)c(F)c1,151,0.871739754,0.142857143,0.08,0.718776691
COc1ccc(C2CCNCC2)cc1-c1nc(N)nc2ccc(OC)cc12,151,0.738623393,0.211111111,0.19,0.846027359
COc1ccc(C2CCNCC2)cc1-c1nc(N)nc2cnc(OC)cc12,151,0.733822071,0.206521739,0.27,0.814936432
COc1ccc(C2CCNCC2)cc1-c1nc2ncnc(N)c2[nH]1,151,0.68159243,0.224719101,0.31,0.817368272
COc1ccc(C2CCNCC2)cc1-c1nc(N)nc2cnc(C)cc12,151,0.755724201,0.206521739,0.28,0.818088074
COc1ccc(C2CCNCC2)cc1-c1nc(N)nc2cnc(N)n12,151,0.660675922,0.208791209,0.17,0.786003068
COc1ccc(C2CCNC2)cc1-c1nc(N)nc2cnccc12,151,0.770018183,0.217391304,0.44,0.776273108
COc1ccc(C2CCNC2)cc1-c1nc(N)ncc1C#N,151,0.893936365,0.261363636,0.36,0.773849322
COc1ccc(C2CCNCC2)cc1-c1nc(N)ncc1F,151,0.91018021,0.218390805,0.32,0.835670054
COc1ccc(C2CCNC2)cc1-c1nc(N)ncc1F,151,0.902817708,0.213483146,0.36,0.783752675
COc1cc(C2CCNC2)ccc1-c1nc(N)ncc1F,151,0.902817708,0.213483146,0.35,0.784951906
COc1c(F)cc(C2CCNC2)cc1-c1nc(N)ncc1F,151,0.908168928,0.150537634,0.33,0.753818128
COc1cc(F)ccc1-c1cnc(NC2CCNC2)nc1NN,151,0.487899461,0.166666667,0.52,0.773222201
COc1cc(F)ccc1-c1ccc(-c2nc(N)ncc2F)n1C,151,0.806425129,0.170454545,0.15,0.819918257
COc1cc(C2=CNNC2N)ccc1-c1nc(NC2CC2)ncc1F,151,0.655165146,0.15,0.46,0.718074633
COc1cc(-c2nc(N)ncc2F)ccc1-c1ccc(=O)[nH]c1,151,0.77318827,0.191011236,0.38,0.837977869
COc1cc(OCCC(=O)NC2CC2)ccc1-c1nc(N)ncc1F,151,0.794530052,0.173469388,0.18,0.852185736
COc1cc(-c2nc(N)ncc2F)ccc1NC1CCNCC1F,151,0.792251564,0.177083333,0.36,0.729258344
COc1cc(-c2nc(N)ncc2F)ccc1NC1CCNC(=O)C1,151,0.785740837,0.212765957,0.42,0.772017633
COc1cc(C2=CNC(=O)C2)ccc1-c1nc(N)ncc1F,151,0.90069809,0.184782609,0.32,0.793706365
COc1cc(C2=CNC(=O)CC2N)ccc1-c1nc(C2CC2)ncc1F,151,0.879614734,0.183673469,0.31,0.721582789
COc1cc(C2=CNC(N)=NC2=O)ccc1-c1nc(C2CC2)ccc1F,151,0.75235726,0.195652174,0.35,0.803957056
COc1cc(C2CCNC2=O)ccc1-c1nc(NC2CC2)ncc1F,151,0.872924965,0.2,0.48,0.764186659
COc1cc(C2CCNC2=O)ccc1-c1nc(N)ncc1C1CCNC1,151,0.768158304,0.221052632,0.32,0.71044583
COc1cc(C2CCNC2=O)ccc1Oc1nc(N)ncc1C1CC1,151,0.86654074,0.261363636,0.23,0.754696735
COc1cc(C2CCNC2=O)ccc1-c1nc(N)ncc1NC1CC1,151,0.768965893,0.239130435,0.37,0.752782108
COc1cc(C2CCNC2=O)ccc1-c1nc(N)ncc1F,151,0.895934593,0.235955056,0.33,0.766420857
COc1cc(-c2nc(N)ncc2F)ccc1OC1CCNC(=O)C1,151,0.880743121,0.22826087,0.47,0.771950212
COc1cc(-c2nc(N)ncc2F)ccc1OC1CCNC(=O)CC1,151,0.877376044,0.212765957,0.46,0.779373658
COc1ccc(-c2nc(N)ncc2F)cc1OC1CCNC(=O)CCC1,151,0.867970516,0.208333333,0.43,0.779421122
COc1ccc(-c2nc(N)ncc2F)cc1OC1CCNC(C2CC2)C1,151,0.85524652,0.189473684,0.37,0.734383798
COc1ccc(-c2nc(N)ncc2F)cc1OC1CCNC(C2CC2)C1=O,151,0.827566941,0.234042553,0.29,0.711348074
COc1ccc(-c2nc(N)ncc2F)cc1OC1CCNC(=O)CC1,151,0.877376044,0.212765957,0.46,0.779596843
COc1ccc(-c2nc(N)ncc2F)cc1OC1CCNC(=O)C1,151,0.880743121,0.22826087,0.47,0.772183244
CC1CC(=NNC(=O)CCc2ccc(S(=O)N3CCOCC3)cc2)CC(C)(C)C1,152,0.719451446,0.707692308,0.01,0.696093894
CC1CC(=NNC(=O)CCc2ccc(C(=O)N3CCOCC3)cc2)CC(C)(C)C1,152,0.77153275,0.73015873,0,0.784227446
CC1CC(C(=O)NN=Cc2ccc(OCCN3CCOCC3)c(Cl)c2)CC(C)(C)C1,152,0.519686101,0.307692308,0.01,0.740466071
CC1CC(=NNC(=O)c2ccc(OCCN3CCOCC3)c(Cl)c2)CC(C)(C)C1,152,0.705358311,0.46835443,0.01,0.775152587
CC1CC(=NNC(=O)c2ccc(OCCN3CCOCC3)c(C(C)(C)C)c2)C1,152,0.761580478,0.321428571,0.01,0.830818688
CC1CC(=NNC(=O)c2ccc(OCC3CCCO3)c(C(C)(C)C)c2)C1,152,0.807690883,0.264367816,0.02,0.778608775
CC1CC(=NNC(=O)c2ccc(OCC(=O)N3CCCC3)c(C)c2)C1,152,0.835223868,0.268292683,0.01,0.855773868
CC1CC(=NNC(=O)c2cccn2C2CCOC2)CC(C)(C)C1,152,0.868925119,0.465753425,0.02,0.697221699
CC1CC(=NNC(=O)c2cccnc2OCC2CCCO2)CC1(C)C,152,0.832010716,0.284090909,0.03,0.708452792
CC1CC(=NNC(=O)c2cccnc2N2CCOCC2)CC1(C)C,152,0.864683665,0.35443038,0.01,0.747950212
CC1CC(=NNC(=O)c2cccnc2N2CCCC2)CC(=O)N1,152,0.816856915,0.23255814,0.09,0.748721502
CC1CC(=NNC(=O)c2ccc(C(=O)N3CCCC3)[nH]2)CCN1,152,0.72954911,0.2375,0.02,0.736488402
CC1(C)CC(=NNC(=O)c2ccco2)C(=NC2CCCC2)N1,152,0.841875181,0.211764706,0.03,0.753653937
CC1(C)CC(=NNC(=O)c2ccco2)C(N2CCCC2)=N1,152,0.846595286,0.231707317,0.01,0.793138316
CC1CC(=Nc2ccc(C(=O)N3CCCC3)[nH]c2=S)C1,152,0.847307577,0.246753247,0,0.772512317
CC1CC(=NNc2nc(C(=O)N3CCCC3)ncn2)C1,152,0.840018296,0.246753247,0.06,0.792964192
CC1CC(=NNc2nc(-c3cccnc3)ncc2CCCO)C1,152,0.801357233,0.193181818,0.24,0.796397912
CC1CC(=NNc2nc(-c3cccnc3)ncc2C2CC2)C1,152,0.874579703,0.164705882,0.2,0.801926953
CC1CC(=NNc2nccc(-c3cccnc3)n2)CCN1,152,0.843010683,0.146067416,0.58,0.746088085
CC1CC(Nc2nccc(-c3cccnc3)n2)=CCN1,152,0.892470378,0.111111111,0.69,0.736931585
CC1CC(Nc2nccc(-c3cccnc3)n2)CCN1,152,0.893065098,0.1,0.58,0.754592643
CSc1cc(Nc2nccc(-c3ccncc3)n2)n[nH]1,152,0.717089474,0.055555556,0.65,0.799408429
COc1cc(Nc2nccc(-c3cccnc3)n2)ccn1,152,0.791222889,0.06741573,0.75,0.862545801
COc1cc(Nc2nccc(-c3ccncc3)n2)ccc1C,152,0.795821643,0.055555556,0.76,0.886439205
COc1cc(Nc2nccc(-c3ccncc3)n2)ccc1Cl,152,0.790256805,0.066666667,0.73,0.884408676
COc1cc(Nc2nccc(-c3cc[nH]n3)n2)ccc1Cl,152,0.773228898,0.065217391,0.91,0.817216142
COc1cc(Nc2nccc(-c3ccon3)n2)ccc1Cl,152,0.794414896,0.076923077,0.91,0.84516671
CC(Oc1ccccc1)C(=O)N=Nc1c(O)[nH]c2ccc(Br)cc12,153,0.634685387,1,0,0.752194103
CC(Oc1ccccc1)C(=O)N=Nc1c(O)[nH]c2ccccc12,153,0.715220764,0.76,0,0.764692365
CC(Oc1ccccc1)C(=O)N=Nc1c[nH]c(OC2CC2)c1Cl,153,0.801106154,0.417910448,0.09,0.717275503
CC(Oc1ccccc1)C(=O)N=Nc1cc(O)c(=O)[nH]c1Cl,153,0.666940918,0.5,0.04,0.733575822
CC(Oc1ccccc1)C(=O)N=Nc1ccc(OC)cc1Cl,153,0.766262968,0.442622951,0,0.80027917
CC(Oc1ccccc1)C(=O)Nc1ccc(OC)c(O)c1,153,0.887006945,0.323076923,0,0.876182571
CC(Oc1ccccc1)C(=O)Nc1ccc(OC)cc1O,153,0.829759836,0.328125,0,0.87327201
CC(Oc1ccccc1)C(=O)Nc1ccc(OC)cc1OC,153,0.890420517,0.307692308,0,0.883998773
CC(Oc1ccccc1)C(=O)Nc1ccc(OC2CC2)cc1,153,0.885313938,0.307692308,0,0.874209029
CC(Oc1ccccc1)C(=O)Nc1ccc(OC)cc1,153,0.908614341,0.31147541,0,0.903113693
CC(Oc1ccccc1)C(=O)Nc1cc(C=O)[nH]n1,153,0.799144072,0.318181818,0.03,0.800184249
CC(Oc1ccccc1)C(=O)Nc1cc(C2CC2)[nH]n1,153,0.878228384,0.304347826,0.06,0.829498579
CC(Oc1ccccc1)C(=O)Nc1n[nH]c(C2CC2)n1,153,0.873013872,0.285714286,0.15,0.819053504
CC(Oc1ccccc1)C(=O)Nc1n[nH]c(CCN)n1,153,0.719660689,0.281690141,0.12,0.81078036
CC(Oc1ccccc1)C(=O)Nc1n[nH]c(CC2CC2)n1,153,0.852493112,0.3,0.03,0.811907291
CC(Oc1ccccc1)C(=O)Nc1n[nH]c(CC2CC2)c1Br,153,0.824172182,0.305555556,0.26,0.791111428
CC(Oc1ccccc1)C(=O)Nc1n[nH]c2cc(OC)ccc12,153,0.759262459,0.333333333,0.4,0.838733857
CC(Oc1ccccc1)C(=O)Nc1n[nH]c2cc(OCF)ccc12,153,0.727540081,0.315068493,0.46,0.807868738
CC(Oc1cccc(Cl)c1)C(=O)Nc1n[nH]c2cc(Br)ccc12,153,0.689671398,0.352112676,0.51,0.816950295
CC(Oc1cccc(Cl)c1)C(=O)Nc1n[nH]c2ncc(Br)cc12,153,0.704363618,0.310810811,0.61,0.798479526
CC(Oc1ccccc1)C(=O)Nc1n[nH]c2ncc(Br)cc12,153,0.748382654,0.388059701,0.63,0.811772888
CC(Oc1cccc(Br)c1)C(=O)Nc1n[nH]c2ncc(Br)cc12,153,0.645729685,0.342857143,0.61,0.792826982
CC(OCc1ccccc1)C(=O)Nc1n[nH]c2ncc(Br)cc12,153,0.717526961,0.28,0.6,0.80246719
CC(OCc1ccccc1)C(=O)NC(=O)c1n[nH]c2ncc(Br)cc12,153,0.682798484,0.272727273,0.18,0.787578208
CC(OCc1ccccc1)OC(=O)Nc1n[nH]c2ncc(Br)cc12,153,0.645647335,0.256410256,0.59,0.781187132
CC(C)OCCOC(=O)C(=O)Nc1n[nH]c2ncc(-c3ccccc3)cc12,153,0.393373947,0.195121951,0.76,0.830021613
CC(C)OOC(C(=O)Nc1n[nH]c2ncc(-c3ccccc3)cc12)C,153,0.530699883,0.223684211,0.87,0.760369107
CC(OCc1ccccc1)C(=O)Nc1n[nH]c2ncc(OCCO)cc12,153,0.568419855,0.219512195,0.68,0.792717305
CC(Oc1ccccc1)C(=O)Nc1n[nH]c2ncc(OCCO)cc12,153,0.603229555,0.293333333,0.7,0.801358923
CC(OCc1ccccc1)C(=O)Nc1n[nH]c2ncc(Cl)cc12,153,0.752748122,0.230769231,0.53,0.805865325
CC(Oc1ccccc1)C(=O)NNc1n[nH]c2ncc(Br)cc12,153,0.595776817,0.376811594,0.55,0.791227796
Cn1c(=O)n(Cc2ccco2)c(=N)c2c3c(sc21)COC(C)(C)C3,154,0.774859344,0.810344828,0.01,0.765303945
Cn1c(=O)n(Cc2ccco2)c2c(N)c3c(cc21)COC(C)(C)C3,154,0.733530342,0.444444444,0.02,0.772144129
Cn1c(=O)n(Cc2ccco2)c2c(P)cnc(C(C)(C)C)c21,154,0.680801331,0.306666667,0.03,0.71211826
CN1C(=O)N(C)c2ccc3c(c21)COC(C)(C)C3,154,0.709448708,0.279411765,0.01,0.796243079
C1N(CC)C(=S)n2c1cc1c(P)cncc1C(C)(C)C2,154,0.584451737,0.117647059,0.12,0.62082541
C1C(CO)N(c2ccc3c(c2)COC3)CCC1(C)C(C)C,154,0.926084566,0.154761905,0.04,0.698303342
C1C(OC)N(Cc2ccco2)c2ccccc2C1(C)C(C)C,154,0.82631388,0.256410256,0.01,0.717107562
CC1C(=O)N(Cc2cccnc2N)C(C)COC1(C)C(C)C,154,0.931145753,0.174418605,0.1,0.662325319
CC1C(=O)N(Cc2cnccc2N)CCC1(C)C(C)(C)CO,154,0.892093671,0.133333333,0.13,0.667448097
CC1C(=O)N(c2cccnc2C(C)C)CCC1(C)COC(C)C,154,0.823563945,0.162790698,0.03,0.686064685
CCN1C(=S)OCc2c1ccc1c2COC(C(C)C)C1(C)CC,154,0.756496207,0.178571429,0.01,0.630055681
CN1CCN(c2ccc3c(c2C(C)C)COC3)C(=O)C1CO,154,0.918857464,0.139534884,0.03,0.720890072
CC1=CC(=O)N(C(C)C)C(C)CC1c1cccnc1C(C)CO,154,0.927571251,0.134831461,0.04,0.64841009
CC1=CC(=O)N(C(C)C)C(CO)CC1c1cccnc1C(C)CO,154,0.866887861,0.146067416,0.04,0.638926245
CC1CCN(C(C)CO)C(=O)Cc2c1c(C)n(C(C)C)c2CO,154,0.892300772,0.08988764,0.02,0.679462634
CC1CCN(C(C)C)C(=O)Cc2c1c(C)c(C(C)C)nc2CO,154,0.930173422,0.101123596,0.02,0.710112236
CC1CCN(C(=O)NCc2ccccc2N)C(C(C)C)COC1CO,154,0.727476915,0.127659574,0.09,0.71373335
CC1CCC(C(=O)NCc2ccccc2N)C(C(C)C)COC(=O)C1,154,0.648109352,0.11827957,0.05,0.675936762
CC1CCN(C(=O)C(C)C)C(=O)Cc2c1c(CN)cnc2C1CC1,154,0.924072575,0.108695652,0.18,0.707681865
CC1CCN(C(=O)c2ccccc2Br)Cc2c1c(CN)cnc2C(C)C,154,0.7972764,0.125,0.11,0.755543177
CC1CCC(C(=O)NCc2ccccc2Br)Cn2c1c(CO)nc2C,154,0.819237837,0.09375,0,0.721631477
Cn1cc(C(=O)N(C)C)c(=O)c2ccc(CN)c(Cc3ccccc3)c21,154,0.785689111,0.112359551,0.06,0.833500142
CC1(C)OCC(=O)N(Cc2ccc(F)c3cccnc23)CC1CN,154,0.93494109,0.193181818,0.18,0.738927574
CC1(C)OCC(=O)N(Cc2ccc(F)c3ncccc23)CC1CN,154,0.93494109,0.191011236,0.16,0.741503923
CC1(C)OCC(=O)N(Cc2ccccc2F)Cc2cnc(N)cc21,154,0.919397996,0.181818182,0.11,0.800888561
CC1(C)OCC(=O)N(Cc2ccccc2Cl)Cc2cnc(N)cc21,154,0.907606235,0.181818182,0.09,0.802048377
CC1(C)OCC(=O)N(Cc2cnccc2Cl)c2ccccc2CNC1,154,0.894430527,0.204545455,0.17,0.756459031
CC1(C)OCC(=O)N(Cc2cc(Br)cc3cnccc23)CC1CN,154,0.872407385,0.175824176,0.25,0.727992786
CC1(C)OC(=O)CCN1Cc1cc(F)c2cnccc2c1CN,154,0.879973333,0.142857143,0.26,0.753043497
CC1(C)OCC(=O)N1Cc1cc(F)c2cnccc2c1CN,154,0.940450554,0.172413793,0.23,0.75623794
CC1(C)OCC(=O)N1Cc1cc(C#N)c2cnccc2c1CN,154,0.930448136,0.179775281,0.22,0.743421863
CC1(C)OCC(=O)N1Cc1cnc2c(C#N)cncc2c1,154,0.835465535,0.176470588,0.17,0.754863848
CC1(C)CC(CN)OCCN1Cc1cc(C#N)c2cnccc2n1,154,0.926021288,0.135416667,0.18,0.711128493
CC1(C)CNCC1c1cncc2cc(C#N)c(=O)[nH]c12,154,0.821014669,0.114942529,0.25,0.697737922
CC1(C)CCC(=O)N1Cc1cnc(N)c(-c2ccncc2)c1,154,0.944718367,0.139534884,0.44,0.816540112
CC1(C)CNCC1c1ncc(Cc2ccnc3ccccc23)[nH]1,154,0.780696145,0.125,0.17,0.735862799
CC1(C)OCC(=O)N1Cc1cc(-c2cnccc2CN)ccn1,154,0.928981768,0.183908046,0.41,0.777159644
CC1(C)OCC(=O)N1Cc1cc(-c2cncc3ccccc23)c[nH]1,154,0.804834689,0.195402299,0.29,0.763771011
CC1(C)CNCC(=O)N1Cc1cncc(-c2ccncc2N)c1,154,0.895762237,0.133333333,0.38,0.785823549
CC1(C)CNCC(=O)N1Cc1cc(-c2cncc3ccncc23)c[nH]1,154,0.77036224,0.139784946,0.42,0.741263324
CC1(C)CCC(=O)N1Cc1cc(-c2cnccc2-c2ccncc2)c[nH]1,154,0.775375104,0.147727273,0.43,0.777123561
CC1(C)CCC(=O)N1Cc1cc(-c2cnccc2-c2cn[nH]c2)cnn1,154,0.783162496,0.150537634,0.43,0.760001305
CC1(C)CNCC(=O)N1Cc1cc(-c2cnccc2-c2cnncc2)c[nH]1,154,0.743282768,0.152173913,0.38,0.735523808
CC1(C)CNCC(=O)N1Cc1cc(-c2cnccc2-c2ccncc2)cnn1,154,0.754451345,0.144444444,0.33,0.772852343
CC1(C)CNCC(=O)N1Cc1cc(-c2ccncc2)cnc1-c1ccncn1,154,0.754451345,0.129032258,0.46,0.779815306
CC1(C)CNCC(=O)N1Cc1cc(-c2ccncc2)cnc1-c1cnc[nH]1,154,0.743282768,0.127659574,0.47,0.764639982
CC1(C)CNCC(=O)N1Cc1cc(-c2ccncc2)cnc1N,154,0.895762237,0.137931034,0.57,0.795906863
CC1(C)NNC(=O)N1Cc1cc(-c2ccncc2)cnc1N,154,0.797571235,0.129411765,0.57,0.771626465
CC1(C)NCC(=O)N1CCc1cc(-c2ccncc2)cc(N)c1,154,0.847878847,0.126436782,0.39,0.803599171
CC1(C)NCC(=O)N1CCc1cc(-c2ccncc2)ccc1N,154,0.847878847,0.127906977,0.49,0.805747336
CC1(C)NNC(=O)N1Cc1cc(-c2ccncc2)ccc1-c1ccn[nH]1,154,0.676608735,0.136363636,0.52,0.76594592
CC1(C)NCC(=O)N1Cc1cc(-c2ccncc2)cnc1N,154,0.894205535,0.139534884,0.56,0.793051775
Cc1cc(C)c(NC(=O)C2C3CCCCC32)c(C)c1,155,0.852540032,0.682926829,0,0.791254798
Cc1cc(C)c(NC(=O)C2C3CCCCC32)cc1,155,0.843160882,0.469387755,0,0.810483402
Cc1cc(C)c(NC(=O)C2C3CCCC32)c(Cl)c1,155,0.860322873,0.541666667,0,0.778274196
Cc1cc(C)c(NC(=O)C2CCCCCC2)c(Cl)c1,155,0.769303567,0.46,0,0.904184918
Cc1cc(C)c(NC(=O)C2CC3CCC2C3)cc1,155,0.843160882,0.288135593,0,0.715694384
Cc1cc(C)c(NC(=O)C2CC3CC32)c(Cl)c1,155,0.85337828,0.388888889,0.01,0.746392138
Cc1cc(C)c(NC(=O)C2CCCCC2C)cc1,155,0.835791693,0.37037037,0,0.826670503
Cc1cc(C)c(NC(=O)C2CCCCC2C)c(C)c1,155,0.838845537,0.52173913,0,0.806508024
Cc1cc(C)c(NC(=O)C2CCCCC2N)c(C)c1,155,0.858297611,0.5,0.04,0.801871338
Cc1cc(N)c(NC(=O)C2CCCCC2N)c(C)c1,155,0.714677179,0.433962264,0.11,0.780120746
Cc1cc(N)c(NC(=O)C2CCCCC2N)c(C)n1,155,0.756293713,0.3,0.11,0.753753291
Cc1ccnc(N)c1NC(=O)C1CCCCC1CCN,155,0.784293771,0.276923077,0.27,0.749032124
Cc1ccnc(C)c1NC(=O)C1CCCCC1CCN,155,0.887505594,0.285714286,0.21,0.756078278
Cc1ccnc(C)c1NC(=O)C1CCCCC1N,155,0.841098391,0.310344828,0.13,0.771912965
Cc1ccncc1NC(=O)C1CCCCC1N,155,0.818708278,0.262295082,0.15,0.791221277
Cc1ccnc(N)c1NC(=O)C1CCCCC1C,155,0.843965396,0.305084746,0.17,0.768843426
Cc1ncnc(N)c1NC(=O)C1CCCCC1,155,0.818335549,0.298245614,0.31,0.858446982
Cc1ncnc(N)c1NC(=O)C1CCCCC1C,155,0.83973995,0.288135593,0.43,0.751310196
CC(C)(C)NC(=O)C(c1ccc(F)cc1)N(CCc1ccccc1)C(=O)O,156,0.805071084,0.696428571,0,0.828509225
CC(C)(C)NC(=O)c1ccc(F)cc1N(CCc1ccccc1)C(=O)O,156,0.846008067,0.405797101,0.01,0.863456793
CC(C)(C)NC(=O)c1ccc(F)cc1N(CCc1ccccc1)CCO,156,0.797619484,0.394366197,0.02,0.862228988
CC(C)(C)NC(=O)c1ccc(F)cc1CNCCc1cccc(O)c1,156,0.704083924,0.298701299,0.01,0.866688176
CC(C)(C)NC(=O)C(c1ccc(F)cc1)N(C)c1cc[nH]c(=O)c1,156,0.904984635,0.426470588,0.03,0.776368729
CC(C)(C)NC(=O)C(c1ccc(F)cc1)N(C)c1nc[nH]c1CO,156,0.782362878,0.428571429,0.01,0.745872871
CC(C)(C)NC(=O)C(c1ccc(F)cc1)N(CCN)c1nc[nH]c1,156,0.754151961,0.436619718,0.13,0.743078609
CC(C(=O)NC(c1ccc(F)cc1)c1ncn[nH]1)N(C)C(C)(C)C,156,0.880176537,0.285714286,0.16,0.72820037
CC(C(=O)NC(c1ccccc1)c1ncn[nH]1)N(C)CCC(C)(C)C,156,0.810590426,0.2625,0.18,0.741602631
CC(C)(C)NC(=O)C(c1ccccc1)N(CCc1ccn[nH]1)C(C)C,156,0.811311302,0.408450704,0.07,0.770470629
CC(C)(C)NC(=O)C(c1ccccc1)N(CCn1ccnc1)C(=O)[O-],156,0.852751814,0.383561644,0.02,0.763018901
CC(C)(C)NC(=O)C(c1ccccc1)N(CCO)c1ncncc1F,156,0.837152702,0.402777778,0.07,0.774677541
CC(C)(C)NC(=O)N(c1ncnc2[nH]ccc12)c1ccccc1,156,0.759223833,0.266666667,0.49,0.816236804
CC(C)(C)NC(=O)N(c1nccc2cc[nH]c12)c1ccccc1N,156,0.626997964,0.234567901,0.24,0.790692235
CC(C)(C)NCCN1C(c2ccccc2)C(=O)Nc2nccc(N)c21,156,0.797232479,0.172413793,0.15,0.750837385
CC(c1ccccc1)N1C(c2ccncc2)C(=O)Nc2[nH]ncc21,156,0.777899946,0.139534884,0.15,0.72401665
CC(c1ccccc1)(c1nccc2c1[nH]c(=O)n2C)n1ccnc1,156,0.629665341,0.137931034,0.21,0.730852238
CC(c1ccccc1)N(C(=O)N1CCc2ccccc21)c1ncn[nH]1,156,0.79691357,0.176470588,0.04,0.770241326
CC(C)(C)NC(=O)N(CCc1ccccc1)c1ncnc2[nH]ccc12,156,0.764851674,0.369863014,0.5,0.824990407
CC(c1ccccc1)N(CCCN(C)C)c1ncnc2[nH]cnc12,156,0.723946787,0.182926829,0.34,0.757371079
CC(C)(C)N(CCCO)C(c1ccccc1)c1ncnc2[nH]ccc12,156,0.721510573,0.2375,0.56,0.739896301
CC(C)(C)N(CCNC(=O)c1ccccc1)c1ncnc2[nH]ccc12,156,0.750480032,0.25,0.47,0.822772422
CC(C)(C)NC(=O)N(CCCn1ccnc1)c1ncnc2[nH]ccc12,156,0.745877018,0.218390805,0.45,0.785369172
CC(C)(C)NC(=O)C(c1ccccc1)c1ncnc2[nH]ccc12,156,0.78111355,0.319444444,0.49,0.777191479
CCCN(C(=O)c1ccccc1)C(C)(C)c1ncnc2[nH]ccc12,156,0.778017745,0.256410256,0.43,0.806947813
CC(C)(C)C(C(=O)c1ccccc1)c1ncnc2[nH]ccc12,156,0.743254756,0.223684211,0.41,0.76980448
CCCCN(C(=O)c1ccccc1)c1ncnc2[nH]ccc12,156,0.784107747,0.227848101,0.51,0.850429109
CC(C)CCCN(C(=O)c1ccccc1)c1ncnc2[nH]ccc12,156,0.744730899,0.234567901,0.57,0.840235894
CC(C)(C)C(c1ccccc1)c1ncnc2[nH]ccc12,156,0.756386551,0.205479452,0.56,0.774949321
CC(C)CN(c1ccccc1)c1ncnc2[nH]ccc12,156,0.781805953,0.181818182,0.64,0.82772648
CC(C)N(CCCc1ccccc1)c1ncnc2[nH]ccc12,156,0.751697777,0.25,0.65,0.845293292
CC(C)CN(CCc1ccccc1)c1ncnc2[nH]ccc12,156,0.754273874,0.266666667,0.62,0.84639858
CC(C)N(CCc1ccccc1)c1ncnc2[nH]ccc12,156,0.778607512,0.273972603,0.63,0.844097858
O=C(COc1ccc(F)cc1)N(Cc1cccs1)C1CCS(O)=CC1,157,0.769664564,0.619047619,0.04,0.696539541
O=C(COc1ccc(F)cc1)N(Cc1cccs1)CCS(O)=CC,157,0.71906505,0.492537313,0,0.753848402
O=C(Oc1ccc(F)cc1)N(Cc1cccs1)C1=CSCC1,157,0.798433531,0.411764706,0.02,0.79603608
O=C(NCc1ccc(F)cc1)N(Cc1cccs1)C1CCOC1,157,0.910558144,0.394366197,0.01,0.805346381
COc1ccc(F)cc1CN(C(=O)O)Cc1cccs1,157,0.916970392,0.358208955,0,0.877454899
COc1ccc(F)cc1CN(Cc1cccs1)C(=O)O,157,0.916970392,0.358208955,0,0.877454899
O=C(O)CN(Cc1cccs1)Cc1ccc(F)cc1,157,0.883441691,0.387096774,0.03,0.894550972
O=C(O)CN(Cc1cccs1)c1ccc(F)cc1,157,0.903152978,0.393442623,0,0.884351227
CC(=O)N(Cc1cccs1)Cc1ccc(F)cc1,157,0.827185135,0.393442623,0,0.899172645
O=C(O)CN(Cc1cccs1)C(=O)c1ccc(F)cc1,157,0.92159533,0.380952381,0.01,0.896520833
CC(=O)N(Cc1cccs1)Cc1cc(F)c[nH]c1=O,157,0.932389073,0.309859155,0.01,0.828591885
CC(=O)N(Cc1cccs1)Cc1ccc(F)c(OC)c1,157,0.844825004,0.314285714,0,0.880244735
CN(Cc1cccs1)C(=O)CNc1ccc(F)cc1F,157,0.919284959,0.347826087,0.01,0.875395559
Cc1ncc(CN(Cc2cccs2)C(=O)C2CCCCC2)[nH]1,157,0.909260675,0.289473684,0.03,0.829950984
Nc1ncc(CN(Cc2cccs2)C(=O)C2CCCCC2)[nH]1,157,0.888908754,0.289473684,0.12,0.822311801
Nc1ncc(CN(Cc2cccs2)C(=O)C2CCCC2)[nH]1,157,0.891593951,0.293333333,0.11,0.820441363
Nc1ncc(CN(Cc2cccs2)C(=O)O)cc1F,157,0.902214443,0.328571429,0.1,0.829929476
Nc1ncc(CN(Cc2cccs2)C2CCCC2)cc1O,157,0.888660061,0.301369863,0.12,0.823500127
Nc1ncc(CN(Cc2cccs2)C2CCCCC2)cc1Br,157,0.808536018,0.263157895,0.14,0.832024782
Nc1ncc(Br)cc1CN(Cc1cccs1)Cc1ccc[nH]1,157,0.68233447,0.215189873,0.21,0.804512282
Nc1ncc(Cl)cc1CN(Cc1cccs1)Cc1ccc[nH]1,157,0.719190359,0.2125,0.24,0.80772358
Nc1cc(CN(Cc2cccs2)C(=O)C2CCCCN2)ccn1,157,0.882940365,0.275,0.11,0.782725256
NC(CN(Cc1cccs1)Cc1ccc[nH]1)c1cccnc1,157,0.704297211,0.197530864,0.14,0.76268824
Nc1ncc(F)cc1CN(Cc1cccs1)C(=O)C1CC1,157,0.923788608,0.342465753,0.12,0.838631254
Nc1cnccc1CN(Cc1cccs1)C(=O)C1CC1,157,0.91941869,0.283783784,0.11,0.844218983
Nc1cncc(CN(Cc2cccs2)C2CC2)c1F,157,0.91312092,0.277777778,0.17,0.808725901
Nc1cncc(CN(Cc2cccs2)C2CCCCC2)c1F,157,0.897867177,0.266666667,0.17,0.815408676
Nc1cncc(CN(Cc2cccs2)C(=O)C2CC2)c1,157,0.91941869,0.301369863,0.16,0.844131803
Nc1cncc(CN(Cc2cccs2)C2CC2C=C)c1F,157,0.831250078,0.272727273,0.16,0.678262482
Nc1cncc(CN(Cc2cccs2)C2CC2C=C)c1,157,0.828044798,0.263157895,0.19,0.704269363
Cc1cncc(CN(Cc2cccs2)C2CC2C)c1,157,0.821317307,0.260273973,0.13,0.754204112
Nc1cncc(F)c1CN(Cc1cccs1)C1CC1,157,0.91312092,0.277777778,0.23,0.819739861
Nc1cncc(F)c1CN(Cc1cccs1)C1CC1F,157,0.921825015,0.273972603,0.24,0.704969761
Nc1cncc(F)c1CN(Cc1cccs1)C1(C)CC1,157,0.91753093,0.253333333,0.2,0.76526424
Nc1cncc(F)c1CN(Cc1cccs1)C1(O)CC1,157,0.830733224,0.27027027,0.18,0.754950779
Nc1cncc(F)c1CN(Cc1cccs1)C1CC1CO,157,0.859036995,0.293333333,0.27,0.702481969
CC1(C)CC(N2CCC(=O)NC2=S)CC(C)(C)N1,158,0.706437041,1,0.03,0.757965273
CC1(C)CC(N2CCC(=O)NC2=O)CC(C)(C)N1,158,0.738796282,0.735294118,0.02,0.793508542
CC1(C)CC(N2CCCNC2=O)CC(C)(C)N1O,158,0.751112237,0.319148936,0.04,0.775222324
CC1(C)CC(N2CCCCNC2=O)CC(C)(C)N1O,158,0.767064736,0.3125,0.04,0.781865251
CC1(C)CCCC(N2CCCNC2=O)CC(C)(C)N1,158,0.766424258,0.404255319,0.05,0.743740999
CC1(C)CC(N2CCCCCNC2=O)CC(C)(C)N1,158,0.766424258,0.476190476,0.04,0.803729342
CC1(C)CC(N2CCCNC(=O)C2=O)CC(C)(C)N1,158,0.685592879,0.465116279,0.06,0.780652279
CC1(C)CC(N2CCCCCC2=O)CC(C)(CN)N1,158,0.799395029,0.408163265,0.11,0.699743231
CC1(C)CC(N2CCCCCC2=O)CC(C)(C)N1,158,0.777970393,0.525,0.02,0.819117491
CC1(C)CC(N2CCCNC2=O)CC(C)(C)N1,158,0.731436628,0.5,0.05,0.792596578
CC1(C)CC(N2CCCC2=O)CC(C)(C)N1,158,0.737759562,0.552631579,0.02,0.807781475
CC1(C)CC(N2CCCCC2=O)CC(C)(C)N1,158,0.760051059,0.538461538,0.02,0.814428016
CC1(C)CC(N2CCCC2=O)CC(C)(C)NC(C)C1,158,0.791184152,0.375,0.01,0.692652629
CC1(C)CC(N2CCCCC2=O)CC(C)(C)NC(C)C1,158,0.798779638,0.367346939,0.01,0.699564776
CC1(C)CC(N2CCCC2=O)CC(C)(C)NC(C)(C)C1,158,0.798779638,0.477272727,0.03,0.74183235
CC1(C)CC(N2CCCCNC2=O)CC(C)(C)N1C(C)=O,158,0.807149503,0.294117647,0.04,0.780899213
CC1(C)CC(N2CCCCNC2=O)CC(C)(C)N1C(C)C,158,0.848772018,0.3,0.04,0.766883004
CC1(C)CC(N2CCCCC2=O)CC(C)(C)N1C(C)=O,158,0.740436212,0.306122449,0.01,0.79449502
CC1(C)CC(N2CCCC2=O)CC(C)(C)N1CC(C)N,158,0.86031922,0.288461538,0.05,0.726145267
CC1(C)CC(N2CCCCC2=O)CC(C)(C)N1C(C)C,158,0.773471485,0.3125,0,0.779685441
CC1(C)CC(N2CCCCC2=O)CC(C)(C)N1CCCN,158,0.866028042,0.283018868,0.04,0.787901946
CC1(C)CC(N2CCCC2=O)CC(C)(C)NC1CC,158,0.8331958,0.36,0.07,0.679962433
CC1(C)CC(N2CCCCC2=O)CC(C)(C)NC1C,158,0.791184152,0.375,0.11,0.696793806
CC1(C)CC(N2CCCCNC2=O)CC(C)(C)N1C,158,0.79184856,0.319148936,0.05,0.793467966
CC1(C)CC(N2CCCCNC2=O)CC(C)(C)C1=O,158,0.792727898,0.326086957,0.08,0.767953637
CC1(C)CC(N2CCCNC(=O)C2C)CC(C)(C)C1=O,158,0.798806722,0.254901961,0.04,0.689380971
CC1(C)CC(N2CCCNC(=O)C2CO)CC(C)(C)C1=O,158,0.795949619,0.236363636,0.04,0.693828939
CC1(C)CC(N2CCCCNC(=O)C2)CC(C)(C)OC1=O,158,0.748441156,0.25,0.13,0.724589639
CC1(C)CC(N2CCCCNC2=O)CC(C)(C)OC1=O,158,0.750762438,0.288461538,0.09,0.73015061
CC1(C)CC(N2CCCCNCC2=O)CC(C)(C)C1=O,158,0.798824096,0.306122449,0.07,0.762901949
CC1(C)CC(N2CCCNC(=O)C2)CC(C)(C)C1=O,158,0.783912792,0.285714286,0.07,0.755976563
CCN1C(NCCc2cccnc2)=NC(c2ccccc2)C(C(=O)OC)=C1C,159,0.782677307,1,0.08,0.776939803
CCN1C(NCc2cccnc2)=NC(c2ccccc2)C(C(=O)OC)=C1C,159,0.826225005,0.827586207,0.04,0.780590825
CCN1C(NCCc2cccnc2)=NC(c2ccccc2)C(C(=O)OC)=CC1,159,0.783192766,0.666666667,0.08,0.745210881
CC1C(NCc2cccnc2)=NC(Nc2ccccc2)C(CCOC)=C1C,159,0.728986137,0.325,0.17,0.708953477
CC1C(Cc2ccccc2)=NC=C(NCC2CCCN2)C1c1cccnc1,159,0.826094301,0.273809524,0.11,0.666236305
CC1C(Cc2ccccc2)=NC(NCCc2cccnc2)=C(C#N)C1=O,159,0.873884193,0.350649351,0.08,0.739325921
CCN1C(NCc2cccnc2)=NC(Cc2ccccc2)C(C#N)=C1O,159,0.868679088,0.4,0.11,0.749727357
CCC1C(NCc2cccnc2)=NC(=O)C(Cc2ccccc2)=C1C,159,0.90762671,0.351351351,0.12,0.758892684
CCC1C(NCc2cccnc2)=NC(=O)C(Cc2ccccc2)=N1,159,0.920516945,0.32,0.13,0.749335965
CCC1C(c2ccccc2)=NC(NCCc2cccnc2)=NC1=O,159,0.920685501,0.420289855,0.14,0.763752009
CCC1C(Nc2cccnc2)=NC(=O)C(Cc2ccccc2)=N1,159,0.944157352,0.285714286,0.18,0.74262583
CCC1C(Nc2cccnc2)=NC(=O)C(Cc2ccccc2)N1,159,0.910079153,0.276315789,0.22,0.728858863
CCC1C(Nc2cccnc2)=NC(=O)C(Cc2ccccc2)N1C,159,0.940201954,0.282051282,0.21,0.733887028
CCC1C(Nc2cccnc2)=NC(Cc2ccccc2)C(=O)NC1C,159,0.901683375,0.278481013,0.21,0.699165847
CCC1C(Nc2cccnc2)=NC(Cc2ccccc2)C(=O)C1C,159,0.932880038,0.282051282,0.27,0.700986531
CCC1C(Nc2cccnc2)=NC(Cc2ccccc2)C(C)NC1=O,159,0.901683375,0.298701299,0.2,0.690440847
CCCC1C(Nc2cccnc2)=NC(Cc2ccccc2)C(C)N1,159,0.882961494,0.269230769,0.2,0.692653988
CCC1N=C(Nc2cccnc2)N=C(Cc2ccccc2)C1C,159,0.92913258,0.272727273,0.08,0.715202835
CCC1C(Nc2ccccc2)=NC(Cc2cccnc2)C(C)N1,159,0.911138073,0.293333333,0.2,0.692937174
CCC1C(Nc2cccnc2)=NC(Cc2ccccc2)C(C)N1,159,0.911138073,0.276315789,0.21,0.693093776
CCC1C(Nc2cccnc2)=NC(Cc2ccccc2)C(=O)N1,159,0.911300511,0.285714286,0.24,0.736195946
CCC1C(Nc2ccncc2)=NC(Cc2ccccc2)C(=O)N1,159,0.911300511,0.246753247,0.2,0.734763111
CCC1C(Nc2ccncn2)=NC(Cc2ccccc2)C1=O,159,0.940512296,0.256410256,0.32,0.713400598
CCC1C(Nc2ccnnc2)=NC(Cc2ccccc2)C1=O,159,0.940512296,0.243589744,0.25,0.700876079
CCC1C(Nc2cccnc2)=NC(Cc2ccccc2)C(=O)N1CC,159,0.912401001,0.307692308,0.21,0.728576721
CCC1C(Nc2ccnnc2)=NC(Cc2ccccc2)C(=O)N1CC,159,0.910068464,0.243902439,0.18,0.699835054
CCC1C(Nc2cccnc2)=NC(Cc2ccccc2)C1=O,159,0.942030136,0.315068493,0.26,0.733210454
CCC1C(Nc2cccnc2)=NC(Cc2ccccc2)C1=CCC,159,0.797546413,0.285714286,0.22,0.704220387
N#CC1C(=N)Oc2cc3ccccc3cc2C1c1cccs1,160,0.717085562,1,0.02,0.715660214
N#CC1C(=N)Oc2cc3ccccc3cc2C1c1cccnc1,160,0.74104621,0.607843137,0.03,0.722367933
N#CC1C(=N)c2cc3ccccc3cc2OC1c1cccnc1,160,0.74104621,0.35,0.05,0.722643708
N#CC1C(=N)c2cc3ccccc3cc2C1c1ccoc1,160,0.724967711,0.385964912,0.03,0.696153604
N#CC1C(=N)c2cc3ccccc3cc2OC1CCCN,160,0.905803172,0.35,0.11,0.7110112
N#CC1C(=N)c2ccccc2OC1c1cccnc1CN,160,0.879585376,0.257575758,0.14,0.696133251
N#CC1C(=N)c2ccccc2OC1c1cccnc1CCCN,160,0.907158731,0.242857143,0.13,0.699548022
N#CC1C(=O)c2ccccc2OC1c1cccnc1CN,160,0.907699367,0.220588235,0.13,0.721338123
N#CC1C(=O)c2ccc(Oc3cccnc3)cc2C=C1CN,160,0.938280003,0.157894737,0.13,0.738671789
N#CCC(=O)C1c2ccc(Oc3cccnc3)cc2CC1CN,160,0.916664446,0.15,0.14,0.718918651
N#CCC(=O)C1c2cc(-c3cccnc3)ccc2OC1CN,160,0.931322486,0.171052632,0.22,0.723074599
N#CCC(=O)C1c2cc(-c3ccncc3)ccc2OC1CN,160,0.931322486,0.164383562,0.41,0.722298286
N#CCC(=O)C1c2ccc(-c3ccncc3)cc2OCCN1,160,0.939101043,0.16,0.5,0.752608869
N#CCC(=O)C1c2cc(-c3ccncc3)ccc2OC1CCN,160,0.915992372,0.16,0.42,0.717573197
N#CC1C(=O)c2ccc(-c3ccncc3)cc2OC1CCCN,160,0.937353429,0.194444444,0.49,0.731425411
N#CCC1Oc2cc(-c3ccncc3)ccc2C(=O)N1CCN,160,0.929130471,0.144736842,0.49,0.745853903
N#CCC1Oc2cc(-c3ccncc3)ccc2C1CCCN,160,0.918162101,0.166666667,0.52,0.728371512
N#CCC1C(=O)c2ccc(-c3ccncc3)cc2OC1CN,160,0.936498385,0.150684932,0.55,0.728472401
N#CCC1C(=O)c2cc(-c3ccncc3)ccc2OC1N,160,0.909251021,0.154929577,0.52,0.717467353
N#CCC1Oc2cc(-c3ccncc3)ccc2C1CN,160,0.924903812,0.176470588,0.52,0.723659284
N#CCC1Oc2cc(-c3ccncc3)ccc2C1CNCCO,160,0.79893114,0.16,0.57,0.722495143
N#CCC1Nc2cc(-c3ccncc3)ccc2C1CN,160,0.892792485,0.142857143,0.63,0.707646287
N#CCC1Nc2ccc(-c3ccncc3)cc2C1CN,160,0.892792485,0.142857143,0.61,0.711286074
N#CCC1Nc2ccc(-c3ccncc3)cc2OC1CN,160,0.899729434,0.152777778,0.56,0.715291813
N#CCC1Nc2ccc(-c3ccncc3)cc2NC1=O,160,0.872638286,0.128571429,0.5,0.77317465
NCC1Oc2ccc(-c3ccncc3)cc2NC1=O,160,0.850117664,0.114285714,0.58,0.79394973
NCC1Oc2ccc(-c3ccncc3)cc2NC1N,160,0.750468076,0.117647059,0.6,0.733912193
COc1ccc(OC)c(C(O)c2coc3ccc(O)c(CN4CCOCC4)c23)c1,161,0.658932066,1,0.13,0.770485237
COc1ccc(OC)c(C(O)c2coc3ccc(CN4CCOCC4)cc23)c1,161,0.704197071,0.709677419,0.17,0.793920663
COc1ccc(OC)c(C(O)c2coc3ccc(CN)cc23)c1,161,0.756902201,0.507692308,0.2,0.797063432
COc1ccc(OC)c(C2COCCc3cc(CN)cn32)c1,161,0.939699531,0.278481013,0.02,0.742233205
COc1ccc(OC)c(C2CCOc3cccnc32)c1,161,0.860087125,0.230769231,0.04,0.806819478
COc1cc(OC)c2c(C3CCNCC3)ccnc2c1,161,0.93269817,0.192307692,0.13,0.844548495
COc1cc(OC)c2cc(CCNC)ccc2n1,161,0.876148083,0.139240506,0.03,0.875163897
COc1cc(OC)c2cc(CCN(C)C)ncc2c1,161,0.826291439,0.155844156,0.08,0.859452262
COc1cc(OC)cc(C(N)CC2CCNCC2)c1,161,0.854797129,0.16,0.06,0.805164591
COc1cc(OC)cc(C(N)CC2CCN(C)CC2)c1,161,0.89842172,0.189189189,0.04,0.816378307
COc1ccc2c(N)nc(CC3CCNCC3)cc2c1,161,0.899455486,0.172839506,0.09,0.841003668
COc1ccc2ccnc(C(N)CC3CCOCC3)c2c1,161,0.938162241,0.253164557,0.07,0.78769173
COc1ccc2ccnc(C(N)CC3CCNCC3)c2c1,161,0.90634415,0.192771084,0.14,0.78224608
COc1ccc(OC)c(C(N)c2cnc3ccccc3c2)c1,161,0.801826197,0.253333333,0.07,0.838504267
COc1ccc(OC)c(C(N)c2cncc3ccncc23)c1,161,0.801036902,0.253333333,0.33,0.796830031
COc1ccc(OC)c(C(N)c2cncc(C3CCNCC3)c2)c1,161,0.883308135,0.253164557,0.29,0.789055806
COc1ccc(OC)c(C(N)c2cncc(C3CCN(C)CC3)c2)c1,161,0.905886678,0.282051282,0.22,0.79731602
COc1ccc(OC)c(C(N)c2cncc(-c3ccncc3)c2)c1,161,0.781157219,0.27027027,0.39,0.816980443
COc1ccc(OC)c(C(N)c2cncc(-c3cn[nH]c3)c2)c1,161,0.756058999,0.25974026,0.33,0.787616374
COc1ccc(OC)c(C(N)c2cnc(-c3ccncc3)[nH]2)c1,161,0.756058999,0.25974026,0.42,0.783987936
COc1ccc(OC)c(C(N)c2ncc(-c3ccncc3)[nH]2)c1,161,0.756058999,0.243589744,0.45,0.79806416
COc1ccc(OC)c(C(N)c2nc(-c3ccncc3)cnc2C)c1,161,0.771160468,0.2375,0.35,0.786854914
COc1ccc(OC)c(C(N)c2nc(-c3ccncc3)c[nH]2)c1,161,0.756058999,0.243589744,0.48,0.772613577
COc1ccc(OC)c(C(O)c2ncc(-c3ccncc3)[nH]2)c1,161,0.756745022,0.310810811,0.38,0.802662528
COc1ccc(OC)c(C(O)c2ncc(-c3ccncc3)[nH]2)c1OC,161,0.71618722,0.172839506,0.36,0.783068349
COc1ccc(OC)c(C(N)c2ncc(-c3ccncc3)[nH]2)c1OC,161,0.71587109,0.130952381,0.41,0.775889801
COc1ccc(OC)cc1C(O)c1ncc(-c2ccncc2)[nH]1,161,0.756745022,0.310810811,0.38,0.802662528
COc1ccc(OC)cc1C(N)c1ncc(-c2ccncc2)[nH]1,161,0.756058999,0.243589744,0.45,0.79806416
C=S(O)(O)=Cc1ccc(C(=O)NC2CCCc3ccccc32)cc1,162,0.742012928,1,0,0.776015597
C=S(O)C=Cc1ccc(C(=O)NC2CCCc3ccccc32)cc1,162,0.797428152,0.666666667,0.01,0.752266515
C=S(O)OCc1ccc(C(=O)NC2CCCc3ccccc32)cc1,162,0.803723792,0.568965517,0.01,0.760909993
C=S(O)c1ccc(C(=O)NC2CCCc3ccccc32)cc1,162,0.840666089,0.634615385,0.03,0.763611839
C=S(O)c1ccc(C(=O)NC2CCCc3ccccc32)c(Br)c1,162,0.738366256,0.467741935,0.04,0.734709747
C=S(O)(=O)c1ccc(CNC2CCCc3ccccc32)c(Br)c1,162,0.765930203,0.415384615,0,0.753922764
CS(=O)(=O)c1ccc(CNC2CCCc3ccccc32)c(Br)c1,162,0.85226073,0.343283582,0.01,0.820258224
CS(=O)(=O)c1ccc(CNC2CCCc3ccccc32)c(F)c1,162,0.932692817,0.343283582,0.01,0.827749112
C=Cc1ccc(C(=O)NC2CCOc3ccccc32)c(F)c1,162,0.937319996,0.343283582,0,0.816913303
C=Cc1ccc(C(=O)NC2CCCc3ccccc32)c(F)c1,162,0.899562392,0.551724138,0,0.826689127
Cn1ncc(C(=O)NC2CCCc3ccccc32)c1C(F)F,162,0.946548668,0.4375,0,0.792109691
CSc1ccc(C(=O)NC2CCCc3ccccc32)c(F)c1,162,0.852982656,0.451612903,0,0.831958724
CNC(=O)c1ccc(NC(=O)C2CCCc3ccccc32)cc1,162,0.915107861,0.440677966,0,0.852763926
O=CNC(=O)c1ccc(C2CCCc3ccccc32)c(F)c1,162,0.884457513,0.396825397,0,0.801236136
O=C(O)c1ccc(NC(=O)C2CCCc3ccccc32)c(Cl)c1,162,0.890625141,0.375,0.02,0.841984615
O=C(O)c1ccc(NC(=O)C2CCCc3ccccc32)cc1,162,0.911152818,0.413793103,0.02,0.859035891
O=C(O)c1ccc(NC(=O)C2CCCc3ccccc32)nc1,162,0.912455253,0.359375,0.05,0.831003413
O=Cc1ccc(NC(=O)C2CCCc3ccccc32)nc1,162,0.879303766,0.375,0.02,0.813093999
O=CNc1ccc(NC(=O)C2CCCc3ccccc32)nc1,162,0.851929615,0.323529412,0.02,0.801638677
NC(=O)c1ccc(NC(=O)C2CCCc3ccccc32)nc1,162,0.910265576,0.353846154,0.09,0.826348223
NC(=O)c1ccc(NC2CCCc3ccccc32)nc1,162,0.897982972,0.440677966,0.09,0.830259796
NC(=O)c1ccc(NC2CCCc3ccccc3NC2)nc1,162,0.81230616,0.285714286,0.22,0.807681465
NC(=O)c1ccc(NC2CCCc3ccccc3OC2)nc1,162,0.911544569,0.285714286,0.12,0.815007908
NC(=O)c1ccc(NC2CCCc3cccnc32)c(Br)n1,162,0.836959407,0.285714286,0.15,0.755542932
NC(=O)c1ccc(NC2CCCc3cccnc32)c(Br)c1,162,0.894716006,0.3,0.08,0.802171137
NC1CCCc2ccc(Nc3nc4ccccc4s3)cc21,162,0.737541868,0.222222222,0.06,0.818131757
NC(=O)c1ccc(NC2CCCc3cnccc32)cc1,162,0.897982972,0.328125,0.07,0.821021069
Cc1ccc(C2C3=C(C(O)N(C)C3)C(O)CC(=O)N2Cc2ccccc2)c(=O)o1,163,0.760850238,0.3625,0.04,0.662450414
Cc1ccc(C2C3(C(=O)N(C)CC3O)C(O)CN2Cc2ccccc2)c(=O)o1,163,0.808572337,0.368421053,0.03,0.608917702
Cc1ccc(C2N(C)CC(O)CN2CC(=O)NCc2ccccc2)c(=O)o1,163,0.811292033,0.301204819,0.03,0.738395037
Cc1ccc(C2N(C)CC(O)C2(C)C(=O)OCc2ccccc2)c(=O)o1,163,0.843834368,0.3375,0.04,0.699782579
Cc1ccc(C2C(O)C(=O)N2CC(=O)OCc2ccccc2)c(C)c1,163,0.670378662,0.21686747,0.01,0.774659828
Cc1ccc(-c2ccccc2)n1CC1(O)C(=O)OCCN1C(=O)[O-],163,0.820280114,0.183908046,0.01,0.710413682
Cc1ccc(-c2ccccc2)n1CC1(O)C(=O)OCCN1C(C)C,163,0.875968616,0.188235294,0,0.736413452
Cc1ccc(C2COC(Cn3ccccc3=O)C(=O)N2C)c(C)c1,163,0.86746347,0.197674419,0.03,0.731550044
Cc1ccc(C2COCC2C(=O)Nc2ccccc2F)n1C,163,0.947182173,0.19047619,0,0.745375304
Cc1ccc(C2COC(=O)N2Cc2ccccc2F)n1C,163,0.869138818,0.225,0.02,0.766133288
Cc1ccc(C2C(O)CCN2Cc2ccccc2F)c(=O)o1,163,0.945764467,0.275,0.01,0.755560415
Cc1ccc(C2C(O)CCN2Cc2ccccc2C)c(=O)o1,163,0.946152256,0.302631579,0.01,0.757579522
Cc1ccc(C2C(O)C(=O)N2Cc2ccccc2C)o1,163,0.871740324,0.338028169,0.01,0.754900805
Cc1ccc(C2C(CO)C(=O)N2Cc2ccccc2C)o1,163,0.878476006,0.347222222,0.02,0.753069444
Cc1ccc(C2C(O)CCN2Cc2ccccc2C)c(=O)[nH]1,163,0.913953935,0.222222222,0.04,0.752029646
Cc1ccc(C2C(O)CCN2Cc2ccccc2C(N)=O)o1,163,0.904753093,0.291139241,0.02,0.758349994
Cc1ccc(C2C(O)CCN2Cc2cccc3ccccc23)o1,163,0.792858981,0.298701299,0.01,0.774843937
Cc1ccc(C2C(O)CCN2Cc2cccccc2=O)o1,163,0.939541473,0.337837838,0.02,0.74236402
Cc1ccc(C2(O)CCN(Cc3ccccc3)C(=O)C2C)o1,163,0.947888863,0.408450704,0,0.740878778
Cc1ccc(C2CCN(Cc3cccccc3=O)C(C)C2)o1,163,0.865547522,0.32,0.04,0.748410863
Cc1ccc(C2(O)CN(Cc3ccccc3)C(=O)C2C)o1,163,0.94215268,0.420289855,0,0.73310256
Cc1ccc(C2(O)CCN(Cc3ccccc3)C2=O)o1,163,0.930829293,0.391304348,0.04,0.781360927
Cc1ccc(CC2CCN(Cc3ccccc3)C2=O)o1,163,0.853817726,0.352112676,0.05,0.817062448
Cc1ccc(CC2CCN(Cc3ccccc3)C(=O)C2)o1,163,0.859180774,0.361111111,0.06,0.820541162
Cc1ccc2c(c1)COc1c-2ccc(C(=O)NC(CO)CC(C)C)c1C#N,164,0.849724335,0.329268293,0.06,0.761304945
Cc1ccc2c(c1)COc1cc(C(=O)NC(CN)CC(C)C)ccc1-2,164,0.874331986,0.386666667,0.03,0.800407275
Cc1ccc2c(c1)COc1cc(C(=O)NC(C)C)cc(CN)c1-2,164,0.915066568,0.368421053,0.03,0.834755757
Cc1ccc2c(c1)COc1cc(CN)c(NC(C)C)cc1C2,164,0.906384003,0.253164557,0.04,0.817187755
Cc1ccc2c(c1)CNC(CO)(C[N+](=O)NC(C)C)C2,164,0.556596135,0.25,0.05,0.671768347
Cc1ccc2c(c1)CNC(CO)(CN)C(=O)NC(C)C2,164,0.604580667,0.192771084,0.11,0.629595286
Cc1ccc2c(c1)CNC(CO)(CN)C(=O)N2,164,0.567900683,0.205128205,0.14,0.718282841
Cc1ccc2c(c1)CNC(C(=O)NC(C)C)C(=O)N2,164,0.693614149,0.243589744,0.08,0.773038336
Cc1ccc2c(c1)CNC(C(=O)NCCC(C)C)C2,164,0.870893683,0.243589744,0.01,0.808067096
Cc1ccc2c(c1)CNC(CC(=O)NC(C)C)CO2,164,0.872445519,0.298701299,0.02,0.78880846
Cc1ccccc1CONC(=O)C(=O)NC(C)C,164,0.620133994,0.184210526,0,0.860687035
Cc1ccc2c(c1)COC(CCN)(NC(=O)C(C)C)C2,164,0.882316889,0.265822785,0.03,0.717754361
Cc1ccc2c(c1)COC(CCN)(C(=O)NC(C)C)C2,164,0.879141819,0.282051282,0.03,0.737483312
Cc1ccc2c(c1)COC(NC(=O)CC(C)C)C(=O)N2,164,0.886392906,0.265822785,0.01,0.752811424
Cc1ccc2c(c1)COC(=O)c1ccccc1C(=O)N2,164,0.746574256,0.22972973,0.27,0.82169291
Cc1ccc2c(c1)COc1c(CCN)cccc1C(=O)N2,164,0.889665801,0.21686747,0.25,0.835583444
Cc1ccc2c(c1)NC(=O)c1ccccc1C(=O)N2,164,0.757052984,0.138888889,0.47,0.88372761
Cc1ccc2c(c1)OC(=O)c1ccccc1C(=O)N2,164,0.579863585,0.142857143,0.32,0.873117354
Cc1ccc2c(c1)NC(=O)c1ccccc1C(=O)O2,164,0.579863585,0.142857143,0.29,0.879423907
Cc1ccc2c(c1)C(=O)Nc1ccccc1C(=O)N2,164,0.757052984,0.136986301,0.73,0.884262083
Cc1ccc2c(c1)C(=O)Nc1cnccc1C(=O)N2,164,0.755737024,0.142857143,0.6,0.850961513
Cc1ccc2c(c1)C(=O)Nc1ccccc1C(=O)N=N2,164,0.791589976,0.1375,0.438333333,0.781343113
Cc1ccc2c(c1)C(=O)Nc1cc(C(=O)NN)ccc1CO2,164,0.424449038,0.324675325,0.25,0.850770881
Cc1ccc2c(c1)C(=O)Nc1ccccc1C(=O)NCCO2,164,0.784022025,0.156626506,0.48,0.813940897
Cc1ccc2c(c1)C(=O)Nc1ccccc1C(=O)N2CO,164,0.841738791,0.202531646,0.2,0.866562675
Cc1ccc2c(c1)C(=O)Nc1ccccc1C(=O)NCCS2,164,0.785751318,0.129411765,0.54,0.794249567
CC(C)=C1C2CCC1c1c2c(O)n(NC(=O)OCc2ccc(C)cc2)c1C(C)C,165,0.642645351,0.420289855,0.02,0.604956567
CC(C)=C1CCc2c1c(O)c(=O)n(NC(=O)COc1ccc(C)cc1)c2Cl,165,0.786407098,0.4,0.06,0.778645441
CC(C)=C1CCc2c1c(O)c(=O)n(OCc1ccc(C)cc1)c2N,165,0.909037119,0.179487179,0.08,0.768704669
CC(C)=C1CCc2c1c(O)n(NC(=O)Oc1ccc(C)cc1)c2O,165,0.784851362,0.289855072,0.05,0.765957816
CC(C)=C1CCc2c(c(O)n(OC(=O)c3ccc(C)cc3)c2N)C1,165,0.831024037,0.2,0.05,0.76487996
CC(C)=C1CCc2c1c(O)n(OC(=O)CCC(C)(C)C)c2N,165,0.897923952,0.219178082,0.1,0.721007632
CC(C)=C1CCc2c1c(O)c(O)n2NCc1ccccc1F,165,0.812803949,0.186666667,0.04,0.759178167
CCC1=CCc2c(cc(O)n2NC(=O)CCC(C)C)C1N,165,0.729415759,0.220779221,0.05,0.666858195
CCC1=Cc2c(cc(O)n2NC(=O)CCC(C)C)C1N,165,0.773253154,0.213333333,0.05,0.671735226
CCC1CCc2c(cc(O)n2NC(=O)CCC(C)(C)F)C1,165,0.87559061,0.273972603,0,0.694522162
CCC1(c2ccccc2F)CCc2c1c(O)nn2N,165,0.813482606,0.113924051,0.03,0.704097285
CCC1CCc2c(cc(-c3ccccc3F)n2NCCO)C1,165,0.888583318,0.148148148,0.04,0.744835159
CCC1(Cc2ccccc2F)CCc2c1ccc(=O)[nH]2,165,0.91201793,0.086419753,0.04,0.758933666
CCC1CCc2c(N)n(NC(=O)CCc3cccs3)cc21,165,0.890261144,0.197530864,0.01,0.723936265
CC1(Cc2cccc(F)c2)CCc2c1c(N)nn2[O],165,0.899615155,0.097560976,0.08,0.694923409
CC1CCc2c(N)nc(C(=O)Nn3cccc3F)cc21,165,0.879773906,0.172839506,0.14,0.696456329
CC1CCc2c(N)nn([O-])c2C1c1ccccc1F,165,0.856718888,0.1,0.08,0.673381068
CCC1CCc2c(N)n([IH2-]c3ccccc3F)c(=O)n21,165,0.646230877,0.1375,0.03,0.642818691
CCC1CCc2c(N)nn(OC(=O)c3ccccc3F)c21,165,0.940986589,0.158536585,0.11,0.72970982
CCCC1CCc2c(N)nn([O-])c2-c2cccc(c2)C1,165,0.909196608,0.107142857,0.14,0.576449128
CCCC1(c2ccccc2F)CCc2c(N)n[nH]c2C1,165,0.900613347,0.083333333,0.3,0.741967674
CCCC1CCc2c(N)nn([O-])c2-c2ccccc2C1,165,0.909196608,0.109756098,0.14,0.725743383
CCCC1CCc2c(N)nn([O-])c2-c2cccc(F)c2C1,165,0.918942754,0.105882353,0.14,0.702748412
CCCN1CCc2[nH]nc(N)c2C(c2ccccc2F)C1,165,0.912201202,0.146341463,0.28,0.763422675
CCCC1CCc2c(N)nn(CC(=O)NC3CCCCC3)c2C1,165,0.876544599,0.144578313,0.07,0.760629894
CCCC1CCc2c(N)n[nH]c2-c2cccc(c2)C(=O)N1,165,0.791905299,0.120481928,0.37,0.630680432
CCCC1CCc2c(N)n[nH]c2C(C(=O)OCC)C1,165,0.646694454,0.139240506,0.21,0.712792969
CCCn1cnc2c(N)n[nH]c(=O)c2c1=O,165,0.708622487,0.121621622,0.33,0.809827792
CCCC1(c2ccncc2)CCc2c(N)n[nH]c2C1,165,0.886657154,0.086419753,0.29,0.720563156
CCCC(COC)Nn1cnc2c(-c3ccncc3)n[nH]c21,165,0.698779644,0.117647059,0.36,0.715091321
CCCC(Nn1cnc2c(=O)[nH]cnc21)c1ccncc1,165,0.742599584,0.109756098,0.24,0.724329056
CCCCOc1n[nH]c2c(-c3ccncc3)c[nH]c(=O)c12,165,0.704974603,0.125,0.61,0.811224465
CCCc1noc2nccc(-c3ccncc3)c(=O)c12,165,0.729174404,0.088607595,0.23,0.819420909
CCCN1CNc2c(-c3ccncc3)c[nH]c2C1=O,165,0.885519507,0.102564103,0.51,0.779947911
CCCN1CCc2c(-c3ccncc3)c[nH]c2C1=O,165,0.915622121,0.101265823,0.49,0.81257812
CCCC1CCc2c(-c3ccncc3)c[nH]c2C1,165,0.863285767,0.102564103,0.56,0.762821054
CCCN1CCc2c(-c3ccncc3)c[nH]c2C1,165,0.895731812,0.088607595,0.62,0.823652664
CCCC1CCc2c(-c3ccncc3)c[nH]c(=O)c21,165,0.913331175,0.128205128,0.59,0.758573506
CCCC1CCc2c(-c3ccncc3)c[nH]c2C1=O,165,0.908817903,0.115384615,0.58,0.749814625
COc1cc2c(c(OC)c1OC)-c1c(cc3c(c1OC)OCO3)C(C)C(C)C2,166,0.775724353,0.684210526,0.01,0.723958219
COc1cc2c(c(OC)c1-c1c3c(ccc1OC)OCO3)C(C)C(C)O2,166,0.823624056,0.357142857,0.06,0.719564323
COc1cc2c(cc1OC)-c1c(cc3occc3c1OC)C(C)C2,166,0.694671912,0.283783784,0.06,0.765525778
COc1cc2c(c(OC)c1CN(C)C)-c1ccccc1OC2,166,0.866310398,0.233766234,0.02,0.838180063
COc1cc2c(cc1OC)-c1ccccc1OC(C)C2,166,0.832553446,0.260869565,0.03,0.841226784
COc1cc2c(cc1OC)-c1ccccc1C(C)C2,166,0.805189982,0.235294118,0,0.840316728
COc1cccc2c(OC)c3c(cc12)CCC(C)C3,166,0.808759921,0.232876712,0.01,0.818495645
COc1cc2c(OC)ccc3c2c(c1-O)CCC3,166,0.88201746,0.178082192,0.04,0.854309598
COc1cccc2c(OC)c3c(nc12)CCCC3,166,0.811675688,0.175675676,0.01,0.870239016
COc1ccc2c(OC)c3c(cc2n1)CCCC3,166,0.811675688,0.16,0.04,0.856480436
COc1ccc2c(c1OC)CCC(C)(C)CCC2,166,0.787305272,0.180555556,0.03,0.865920235
CCOc1cc(OC)cc2c(CC)csc12,166,0.801916251,0.146666667,0,0.845330853
COc1ccc2c(c1OC)C(C)(C)CCC2,166,0.760879003,0.202898551,0,0.856276044
COc1ccc2c(c1C(=O)CC(C)C)CCC2,166,0.743514931,0.186666667,0,0.86353721
COc1cc2c(c(OC)c1CCCF)CCC(C)C2,166,0.808155914,0.24,0.03,0.773310347
COc1cc2c(c(OC)c1CCC)C(O)CCC2,166,0.892356059,0.22972973,0.02,0.784100543
COc1cc(OC)c2c(c1OC)CCC(C)CC2,166,0.77082536,0.25,0,0.824307005
COc1cc(OC)c2c(c1OC)C(C)CCC2,166,0.806511807,0.23880597,0,0.80685469
COc1cc2c(c(OC)c1OC)C(C)CCC2,166,0.806511807,0.296875,0.01,0.816223921
COc1cc2c(c(OC)c1OC)OC(C)CC2,166,0.810055551,0.35483871,0.02,0.801348307
COc1cc2c(c(OC)c1OCC)OCCO2,166,0.803627104,0.287878788,0,0.864739611
COc1cc2c(c(OC)c1OCC)OC(C)CC2,166,0.825364843,0.304347826,0.03,0.794393466
COc1cc2c(c(OC)c1OCCO)OC(C)CC2,166,0.881945772,0.309859155,0.03,0.783127183
COc1cc2c(c(OC)c1OCCBr)OC(C)CC2,166,0.776769196,0.291666667,0.02,0.766800333
COc1cc2c(c(OC)c1OCCO)OC(C)C2,166,0.860342766,0.31884058,0.08,0.788644543
Cc1nn(C(=O)c2c([N+](=O)[O-])cnn2C)c(C)c1Cl,167,0.614253721,1,0.01,0.796863827
Cc1nn(C(=O)c2ccncc2[N+](=O)[O-])c(C)c1C(C)Cl,167,0.493727334,0.416666667,0.09,0.747617401
Cc1nn(C(=O)c2c(Cl)cncc2[N+](=O)[O-])c(C)c1CN,167,0.679485096,0.473684211,0.2,0.788345642
Cc1nn(C(=O)c2c(Cl)cncc2[N+](=O)[O-])c(C)c1C(C)C,167,0.638532753,0.448275862,0.02,0.789269701
Cc1nn(C(=O)c2c(C)cncc2Cl)c(C(N)=O)c1[N+](=O)[O-],167,0.666708479,0.37704918,0.09,0.783358295
Cc1nn(C(=O)c2c(Cl)cncc2Cl)c(C)c1C(N)=O,167,0.917606291,0.345454545,0.13,0.805308082
Cc1nn(C(=O)c2ccncc2C2CC2)c(C)c1C(N)=O,167,0.925527277,0.257575758,0.13,0.805847965
Cc1nn(C(=O)c2ccncc2C2CC2)c(C)c1C(=O)Cl,167,0.81787516,0.276923077,0.09,0.793572931
Cc1nn(C(=O)c2ccncc2Cl)c(C2CC2)c1C(N)=O,167,0.937289772,0.25,0.15,0.808185347
Cc1nn(C(=O)c2ccncc2C2CC2)c(C)c1Cl,167,0.845984445,0.396551724,0.08,0.818644134
Cc1cnccc1C(=O)Cn1nc(C)c(Cl)c1C1CC1,167,0.811424088,0.23880597,0.03,0.825263311
Cc1nn(C)c(C(=O)NC2CC2)c1-c1ccncc1Cl,167,0.943686054,0.253731343,0.16,0.834897157
Cc1nn(C(=O)c2ccncc2Cl)c(C2CC2)c1Cl,167,0.852326152,0.306451613,0.04,0.807475791
Cc1nn(C(=O)c2ccncc2Cl)c(C)c1C1CC1,167,0.845984445,0.306451613,0.06,0.818651235
Cc1nn(C(=O)c2ccncc2Cl)c(C)c1CNO,167,0.836930438,0.322580645,0.06,0.801942655
Cc1nn(C(=O)c2ccncc2Cl)c(CN)c1C,167,0.895859233,0.26984127,0.18,0.800791902
Cc1nn(C(=O)c2ccncc2Cl)c(C)c1CN,167,0.895859233,0.333333333,0.19,0.824960505
Cc1nn(C(=O)CN)c(C)c1-c1ccncc1Cl,167,0.897791467,0.290322581,0.27,0.808493943
O=C(O)c1cn[nH]c1-n1cnnn1,168,0.618201516,1,0.03,0.788590224
O=C(O)c1cnc([O-])cc1-n1cnnn1,168,0.657152478,0.477272727,0.02,0.74967654
O=C(O)c1cnc([O-])c(-c2cnnn2C(F)F)c1,168,0.856164816,0.232142857,0.06,0.719774633
O=C(O)c1cn[nH]c1-c1cnn(CC(C)F)n1,168,0.819073327,0.314814815,0.11,0.691583987
CC(C)Oc1cn[nH]c1-c1cnn(CC(=O)O)c1N,168,0.732693232,0.213114754,0.09,0.774558632
CC(C)Oc1cn[nH]c1-c1cnn(CC(C)C(=O)O)c1,168,0.839760785,0.220338983,0.06,0.744638836
C=C(C)COc1cn[nH]c1-c1cnn(C(C)C)c1O,168,0.811692384,0.158730159,0.04,0.755534667
C=C(C)COc1c[nH]nc1-c1cnn(C(C)C)c1O,168,0.811692384,0.107692308,0.15,0.730838217
CC(C)(C(=O)O)c1ccnn1Cc1cn[nH]c1,168,0.82670641,0.206896552,0.09,0.77474212
CCC(C)(C(=O)O)c1cnnn1Cc1cncnc1,168,0.857810542,0.210526316,0.06,0.717663322
CCC(C)(C(=O)O)c1c[nH]nc1-c1cncnc1,168,0.854766521,0.152542373,0.17,0.702156543
CC(C)(C(=O)O)c1c[nH]nc1-c1cncnc1,168,0.829877672,0.163636364,0.15,0.761882218
CC(C(=O)O)c1cn[nH]c1-c1cnc(N)cc1,168,0.737979183,0.214285714,0.17,0.763830795
CC(C(=O)O)c1c[nH]c(C)c1-c1cnccc1N,168,0.772157352,0.14516129,0.29,0.743979124
CC(C(=O)O)c1c[nH]c(C)c1-c1ccncc1N,168,0.772157352,0.14516129,0.3,0.74531633
CC(C(=O)O)c1c[nH]c(-c2ccncc2)c1CCCC,168,0.843851929,0.126984127,0.26,0.772465669
CC(C(=O)O)c1cn[nH]c1-c1ccncc1C(C)C,168,0.884459995,0.214285714,0.27,0.750801058
CC(C)(C(=O)O)c1ccncc1-c1ccncc1,168,0.897775269,0.150943396,0.27,0.84221685
CC(C)(C(=O)O)c1cn[nH]c1-c1ccncc1,168,0.844232211,0.230769231,0.3,0.812215443
CC(C)(C(=O)O)c1cn[nH]c1-c1ccncc1F,168,0.871211583,0.210526316,0.36,0.792835858
O=C(O)c1cn[nH]c1-c1ccncc1C(F)F,168,0.859170134,0.31372549,0.32,0.793932627
O=C(O)c1cn[nH]c1-c1ccncc1F,168,0.777587403,0.333333333,0.34,0.827438078
O=C(O)c1cn[nH]c1-c1ccncc1C(F)(F)F,168,0.863792728,0.31372549,0.32,0.811790018
CC(C)OCCCNC(=O)C1n2c(O)ccc2SC1C(C)(C)C,169,0.780822529,0.447761194,0,0.667343097
CC(C)OCCCNC(=O)C1n2c(O)ccc2C1=C(C)C,169,0.791734869,0.476190476,0,0.72375887
CC(C)OCCCNC(=O)C1C(O)c2ccccc2C1(C)C,169,0.794190765,0.5,0,0.747207554
CC(C)n1c(C(=O)NCCCO)c2ccccc2c1C(C)C,169,0.802945267,0.333333333,0,0.829323131
CC(C)n1c(=O)c2ccccc2n1CCC(=O)NCCCO,169,0.75645929,0.295774648,0,0.823418772
CC(C)n1c(=O)c2ccccc2n1CCC(=O)NCCCOCCCO,169,0.594968796,0.324324324,0.01,0.814695517
CC(C)(C)n1c(=O)c2ccccc2n1CCC(=O)NCCCO,169,0.791271995,0.260273973,0,0.819912186
CC(C)(C)n1c(=O)cc(C(=O)NCCCO)c2ccccc21,169,0.847004213,0.263888889,0.01,0.853513131
CC(C)n1c(=O)cc(C(=O)NCCCOC)c2ccccc21,169,0.833273916,0.367647059,0,0.873247776
CC(C)n1c(=O)cc(C(=O)NCCCO)c2ccccc21,169,0.822535559,0.31884058,0,0.870535354
CC(C)n1c(=O)cc(C(=O)NCCCN)c2ccccc21,169,0.821054658,0.314285714,0.06,0.868245699
CC(C)n1c(=O)n(CCC(=O)NCCCN)c2ccccc21,169,0.755055266,0.277777778,0.02,0.863290399
CC(C)n1c(=O)n(CCC(=O)NCCCO)c2ccccc21,169,0.75645929,0.281690141,0,0.865467448
CC(C)n1cc(C(=O)NCCCOCCCO)c2ccccc21,169,0.698854784,0.342857143,0.01,0.864618342
CC(C)n1cc(C(=O)NCCCOCCO)c2ccccc21,169,0.73589141,0.342857143,0.01,0.867097432
CC(C)n1cc(C(=O)NCCCO)c2cccc(F)c21,169,0.825517972,0.277777778,0.04,0.851172122
CC(C)n1cc(C(=O)NCCCO)c2ccccc2c1=O,169,0.822535559,0.308823529,0.07,0.874883364
CC(C)n1cc(C(=O)NCCCO)c2ccccc21,169,0.810676354,0.313432836,0.02,0.881366631
CC(C)n1cc(C(=O)NCCCN)c2ccccc2c1=O,169,0.821054658,0.304347826,0.13,0.872593709
Cc1nc2cc(C(=O)N3CCC4(CC3)OCCO4)ccc2n1CC(C)C,170,0.847370341,0.6,0,0.782485571
Cc1nc2cc(C(=O)N3CCC4(CCO4)CC3)ccc2n1CC(F)F,170,0.855810948,0.529411765,0.01,0.765167275
Cc1nc2ccc(C(=O)N3CCC4(CCO4)CC3)cc2n1C(F)F,170,0.847022802,0.470588235,0.03,0.763474991
Cc1nc2ccc(C(=O)N3CCC4(CCO4)CC3)cc2n1C,170,0.811389455,0.462686567,0.04,0.790862793
CC1SCc2cc(C(=O)N3CCC4(CC3)OCCO4)ncc21,170,0.794977332,0.333333333,0.01,0.670361226
Cc1nc2ccc(C(=O)N3CCSC4(CCC4)CC3)cn2c1,170,0.811148332,0.282051282,0.04,0.740863974
Cc1nc2ccc(C(=O)N3CCC4(CC3)OCCO4)cn2c1F,170,0.80361399,0.484848485,0.04,0.749193763
CC1=NCC2(CCN(C(=O)c3cscn3)CC2)N1CCCF,170,0.85306628,0.211764706,0.04,0.682771423
Cc1nc2ccc(CN3CCN(CCCF)CC3)cn2c1C(=O)O,170,0.87306713,0.162790698,0.03,0.827984691
Cc1nc(C2CCN(C(=O)c3cscn3)CC2)c2ccccn12,170,0.726874696,0.226190476,0.04,0.811235267
Cc1nc2cccc(F)c2n1CC1CCN(C(=O)C2CC2)CC1,170,0.872569451,0.265822785,0.01,0.848916094
Cc1ncn(Cc2cccc(F)c2)c1C(=O)N1CCNCCC1,170,0.939506724,0.280487805,0.09,0.842056187
Cc1ncn(Cc2csc(I)c2)c1C(=O)N1CCN(CCF)CC1,170,0.64225037,0.179775281,0.04,0.772769306
Cc1nc2ccn(CCCF)c2cc1CC(=O)N1CCSCC1,170,0.843214991,0.209302326,0.02,0.797562714
Cc1ncn(Cc2cscn2)c1C(=O)N1CCC(F)(F)CC1,170,0.870934544,0.219512195,0.02,0.776212073
Cc1nc2cccc(F)c2nc1C(=O)N1CCCN(CI)CC1,170,0.419494299,0.2625,0.04,0.820765324
Cc1c(C(=O)N2CCNCC2)cnn1-c1cccc(I)c1,170,0.788736777,0.256410256,0.08,0.850285239
Cc1c(C(=O)N2CCNCC2)cnn1-c1cc2ccccc2[nH]1,170,0.757162666,0.219512195,0.05,0.825465577
Cc1c(C(=O)N2CCNCC2)cnn1-c1cccc(F)c1,170,0.907684926,0.361111111,0.05,0.869777546
Cc1c(C(=O)N2CCCNCC2)cnc2ccc(F)cc12,170,0.873568004,0.269230769,0.1,0.855429085
Cc1c(C(=O)N2CCCNCC2)cncc1-c1cccc(F)c1,170,0.926860507,0.291139241,0.24,0.853429613
CNc1c(C(=O)N2CCCNCC2)cncc1-c1cccc(F)c1,170,0.908128285,0.261904762,0.31,0.838981268
CNc1c(C(=O)N2CCNCC2)cncc1-c1cccc(F)c1,170,0.909385677,0.275,0.3,0.840272038
Cc1c(C(=O)N2CCNCC2)cncc1-c1cccc(F)c1,170,0.924800687,0.306666667,0.24,0.855128174
Nc1c(C(=O)N2CCNCC2)cncc1-c1cccc(F)c1,170,0.88182533,0.272727273,0.28,0.847811935
CCC1CN(C(=O)N2CCC(C(=O)NCc3cc(OC)c(OC)cc3)CC2)c2ccccc2O1,171,0.698540371,0.846153846,0,0.795448504
CCC1CN(C(=O)N2CCC(C(=O)NCc3ccc(OC)c(OC)c3)CC2)C1,171,0.811500243,0.535211268,0,0.867762081
CCC1CN(C(=O)N2CCC(NC(=O)OC)CC2)c2ccccc2OC1C,171,0.861401868,0.460526316,0,0.740732689
CCC1CN(C(=O)N2CCC(NC)CC2)Cc2cccc(OC)c21,171,0.926206706,0.329268293,0.04,0.764206773
CCC1CN(C(=O)N2CCC(Nc3ccc(C)cc3)CC2)CCO1,171,0.925520749,0.296296296,0.005,0.813412773
CCC1CCN(C(=O)Nc2cc(OC)ccc2)CCN1C1CC1,171,0.92747096,0.270588235,0,0.825229585
CCC1CCN(C(=O)Nc2cc(C)ccc2OC)CCN1C,171,0.933580506,0.289156627,0,0.828374561
CCC1CN(C(=O)Nc2cc(OC)ccc2C)CCN1C1CC1,171,0.927926697,0.26744186,0.02,0.81831244
CCC1CCN(C(=O)NCc2cc(OC)ccc2N)CCN1C,171,0.831429152,0.279069767,0.05,0.804865325
CCC1CCN(C(=O)NCc2cc(C)ccc2OC)CCN1,171,0.897176567,0.30952381,0.01,0.815612421
CCC1CCN(C(=O)NCc2ccccc2OC)CCN1C,171,0.928318103,0.341772152,0.01,0.82922582
CCC1CCN(C(=O)c2ccccc2OCC#N)CCN1,171,0.916839616,0.255813953,0.04,0.805236521
CCC1CCN(C(=O)NCc2ccccc2OC)CCN1,171,0.891654985,0.3375,0.01,0.824978573
CCCC1CN(C(=O)NCc2ccccc2OC)CCN1,171,0.871973632,0.301204819,0.03,0.819748316
CCCC1CN(C(=O)NCc2ccccc2OC)CCN1CN,171,0.835221093,0.30952381,0.06,0.795376331
CCC1CN(C(=O)NCc2ccccc2OC)CCN1CCN,171,0.827711747,0.30952381,0.04,0.812400473
CCC1CN(C(=O)NCc2ccncc2OC)CCN1CCN,171,0.803820583,0.266666667,0.2,0.778980118
CCC1CN(C(=O)NCc2ccncc2OC)CCN1,171,0.861519234,0.279069767,0.16,0.785655124
CCC1CN(C(=O)NCc2ccncc2OC)CCN1N,171,0.792987607,0.279069767,0.18,0.766481919
CCC1C(CNC(=O)N2CCOc3ccncc32)CCN1,171,0.882349527,0.241758242,0.17,0.700079707
Cc1cccc(C)c1NC(=O)C=S(O)CC(=O)Nc1ccc(F)cc1,172,0.711767248,0.72,0.01,0.775501844
Cc1cccc(C)c1NC(=O)C=S=CC(=O)Nc1ccc(F)cc1,172,0.83580516,0.428571429,0,0.81376755
Cc1cccc(C)c1NC(=O)C=S=Cc1ccc(F)cc1F,172,0.85409535,0.49122807,0.01,0.791422808
Cc1cccc(F)c1N=S=CC(=O)Nc1ccc(F)cc1,172,0.864757647,0.328125,0,0.801578059
Cc1cccc(F)c1NCC(=O)Nc1cncc(F)c1C,172,0.910093839,0.365079365,0.03,0.851074611
Cc1cc(F)cc(F)c1CC(=O)Nc1cnccc1C,172,0.935272951,0.349206349,0.08,0.86794415
Cc1cc(F)cc(F)c1NC(=S)Nc1cnccc1C,172,0.826181505,0.257575758,0.14,0.85266443
Cc1cc(F)ccc1NC(=S)Nc1cncc(F)c1C,172,0.826181505,0.285714286,0.07,0.860600374
Cc1ccc(F)cc1Nc1cncc(SCC(=O)O)c1C,172,0.823618584,0.257142857,0.11,0.834853391
Cc1c(C)ccc(C)c1Nc1ccncc1S(=O)CCCF,172,0.866349241,0.208333333,0.21,0.741812897
Cc1ccc(F)cc1CS(=O)c1c(C)ccnc1NC(C)=O,172,0.941472809,0.289855072,0.05,0.765227747
Cc1ccc(F)cc1CS(=O)CCCC(=O)Nc1cnccc1C,172,0.832940723,0.305555556,0.12,0.790693131
Cc1ccc(F)cc1CS(=O)CC(=O)Nc1cnccc1C,172,0.921322994,0.363636364,0.06,0.793459807
Cc1cccc(F)c1NC(=O)Cc1cc(F)cnc1NCCO,172,0.762808672,0.328571429,0.06,0.842421863
CCNc1cc(F)ccc1C(=O)Nc1cnccc1CC(=O)O,172,0.76132812,0.22972973,0.17,0.866022584
CCNc1c(C)cccc1C(=O)Nc1cc(F)cnc1CC,172,0.883465714,0.31884058,0.05,0.854039453
Cc1ccncc1C(=O)CC(=O)Nc1ccc(F)cc1C,172,0.693884666,0.349206349,0.05,0.880890261
Cc1cc(F)ccc1C(=O)CC(=O)Nc1cnccc1C,172,0.693884666,0.328125,0.05,0.876982303
CC(CC(=O)Nc1ccncc1F)c1cc(F)ccc1C,172,0.93022343,0.348484848,0.03,0.819483524
Cc1cc(F)ccc1CCCC(=O)Nc1cnccc1C,172,0.908050889,0.318181818,0.07,0.889936599
Cc1cc(F)ccc1CC(=O)Nc1cnccc1C,172,0.91908399,0.333333333,0.06,0.895794788
Cc1cc(F)ccc1NC(=O)Cc1cc(N)cnc1N,172,0.796066834,0.359375,0.09,0.868755059
Cc1cc(F)ccc1CC(=O)Nc1cnccc1NCC,172,0.887947944,0.308823529,0.07,0.872065673
Cc1cc(F)ccc1CC(=O)Nc1cnccc1NCCC,172,0.857888423,0.3,0.08,0.872850534
Cc1cc(F)ccc1CC(=O)Nc1cnccc1NCCO,172,0.763940118,0.3,0.1,0.86498701
Cc1cc(F)ccc1CC(=O)Nc1cnccc1NCCN,172,0.763019111,0.314285714,0.19,0.860553015
Cc1cc(F)ccc1CC(=O)Nc1cnccc1CCCN,172,0.861488843,0.314285714,0.18,0.864977829
Cc1cc(F)ccc1CC(=O)Nc1cnccc1NCCCN,172,0.685609642,0.305555556,0.23,0.860878934
Cc1cc(F)ccc1CCC(=O)Nc1cnccc1NCCN,172,0.732911485,0.323943662,0.22,0.85971633
Cc1cc(F)ccc1CCC(=O)Nc1cnccc1CCCN,172,0.825110742,0.328571429,0.2,0.863936922
Cc1cc(F)ccc1CCC(=O)Nc1cnccc1N,172,0.89953778,0.328358209,0.14,0.878337866
Cc1cc(F)ccc1CC(=O)Nc1cnccc1N,172,0.888230229,0.318181818,0.12,0.879179403
Cc1cc(F)ccc1CCC(=O)Nc1cnccc1OCCN,172,0.822059216,0.315068493,0.21,0.866722484
Cc1cc(F)ccc1CCC(=O)Nc1cnc(N)c(OCCN)c1,172,0.719561477,0.283783784,0.2,0.857105093
Cc1cc(F)ccc1CCC(=O)Nc1cnc(F)c(CCN)c1,172,0.80455678,0.304347826,0.11,0.850904315
Cc1cc(F)ccc1NC(=O)Nc1cnccc1CCCN,172,0.793779473,0.304347826,0.18,0.870724976
Cc1cc(F)ccc1NC(=O)Nc1cnccc1CCN,172,0.808825209,0.313432836,0.18,0.873492531
Cc1cc(F)ccc1NC(=O)Nc1cnccc1N,172,0.776270667,0.296875,0.18,0.88590248
Cc1cc(F)ccc1NC(=O)Nc1cnccc1CCCCN,172,0.714031059,0.3,0.19,0.870745206
Cc1cc(F)ccc1NC(=O)Nc1cnccc1CCCCCN,172,0.674712185,0.295774648,0.22,0.86911003
Cc1cc(F)ccc1NC(=O)Nc1cnccc1CCC(=O)O,172,0.789516785,0.308823529,0.02,0.876835324
CCC(=O)N1N=C(c2cccc(Cl)c2)OC1c1cccc([N+](=O)[O-])c1,173,0.612095174,0.803571429,0.03,0.779650352
CCC(=O)N1N=C(c2cccc(Cl)c2)OC1C(C)=O,173,0.85258285,0.491803279,0.02,0.751867626
CCC(=O)N1N=C(c2cccc(Cl)c2)OC1C(C)=NO,173,0.528576799,0.461538462,0.05,0.727260934
CCC1N=C(c2cccc(Cl)c2)OC1C(=O)N(C)N,173,0.519718376,0.352941176,0.05,0.695027847
CCCC1N=C(c2cccc(Cl)c2)OC1C(C)=O,173,0.838259272,0.412698413,0.05,0.72683358
CC(=O)N1N=C(c2cccc(Cl)c2)OC1C#N,173,0.761293207,0.551724138,0.03,0.733353872
CC(=O)N1CCC(c2cccc(Cl)c2)OC1C#N,173,0.783074137,0.314285714,0.04,0.713229888
CC(=O)N1CCC(c2cccc(Cl)c2)OC1CN,173,0.891775926,0.314285714,0.02,0.729144349
CC(=O)N1CCC(c2cccc(Cl)c2)OC1C(C)C,173,0.828342566,0.31884058,0.02,0.741566012
CC(=O)Cn1nc(-c2cccc(Cl)c2)cc1C(C)O,173,0.935537098,0.323529412,0.04,0.795829165
CC(=O)N1N=C(c2cccc(Cl)c2)OC1c1ccco1,173,0.853399725,0.603448276,0.02,0.775659982
CC(=O)Cn1ncc(-c2cccc(Cl)c2)c1CO,173,0.921780944,0.308823529,0.05,0.830175004
CC(=O)Cn1ncc(-c2cccc(Cl)c2)c1,173,0.818672021,0.328125,0.03,0.878765041
CC(=O)Cn1cnc(-c2cccc(Cl)c2)c1,173,0.818672021,0.328125,0.02,0.859604699
CC(=O)Cc1ncc(-c2cccc(Cl)c2)o1,173,0.821002104,0.323076923,0.04,0.868475469
CC(=O)CC1N=CC=C1c1cccc(Cl)c1,173,0.788709765,0.34375,0.03,0.735025042
CC(Cl)CC1N=CC=C1c1cccc(Cl)c1,173,0.716839508,0.268656716,0.07,0.68630878
CC(=O)Cc1cnccc1-c1cccc(Cl)c1,173,0.82806744,0.303030303,0.19,0.879847303
CC(=O)Cc1cnccc1-c1cccc(Cl)c1NCCCO,173,0.768690885,0.158536585,0.14,0.83121902
CC(=O)Cc1c(-c2cccc(Cl)c2)cncc1NCCCO,173,0.768690885,0.263157895,0.21,0.832194207
CC(=O)Cc1cncc(-c2cccc(Cl)c2)c1NCCCO,173,0.768690885,0.263157895,0.16,0.832564182
CC(=O)Cc1cncc(-c2cccc(Cl)c2)c1NCCCCO,173,0.723181213,0.263157895,0.17,0.833290058
CC(=O)Cc1cncc(-c2cccc(Cl)c2)c1NCCCOC,173,0.742748458,0.253164557,0.14,0.836486271
CC(=O)Cc1cncc(-c2cccc(Cl)c2)c1NCOC,173,0.829255538,0.266666667,0.15,0.811331123
CC(=O)Cc1cncc(-c2cccc(Cl)c2)c1NC,173,0.926603728,0.285714286,0.18,0.838343119
CC(=O)Nc1cnccc1-c1cccc(Cl)c1,173,0.882916488,0.303030303,0.21,0.901079034
CC(=O)Nc1cnccc1-c1cccc(Cl)c1NC,173,0.902571861,0.173333333,0.13,0.854212494
CC(=O)Cc1cncc(-c2cccc(Cl)c2)c1NCCO,173,0.861122865,0.27027027,0.19,0.83282995
CC(=O)Nc1cnccc1-c1cncc(-c2ccc[nH]2)c1,173,0.773008579,0.181818182,0.38,0.828807315
CC(=O)Cc1cnccc1-c1cccc(-c2ccc[nH]2)c1,173,0.785756107,0.197368421,0.33,0.837790922
CC(=O)Nc1cnccc1-c1cncc(-c2cccc(Cl)c2)c1,173,0.775766667,0.281690141,0.24,0.87241959
CC(=O)Cc1cnccc1-c1cncc(-c2cccc(Cl)c2)c1,173,0.704919052,0.281690141,0.21,0.856978331
CC(=O)Nc1cnccc1-c1cnc(-c2cccc(Cl)c2)[nH]1,173,0.773422084,0.263157895,0.54,0.848419016
CC(=O)NC(C)c1cnccc1-c1cnc(-c2cccc(Cl)c2)[nH]1,173,0.754012126,0.25,0.49,0.780998855
CC(=O)NC(=S)c1cnccc1-c1ccc2[nH]ccc2c1,173,0.714448873,0.134146341,0.42,0.818536008
CC(=O)Nc1cnccc1-c1ccc(-c2cncc(Cl)c2)[nH]1,173,0.773422084,0.210526316,0.44,0.820894963
CC(=O)Nc1cnccc1-c1ccc(-c2cncc(Cl)c2)cc1,173,0.775766667,0.205479452,0.47,0.875419124
CC(=S)Nc1cnccc1-c1ccc(-c2cncc(Cl)c2)cc1,173,0.663466019,0.173333333,0.5,0.845100243
CC(=O)Cc1cnccc1-c1ccc(-c2cncc(Cl)c2)cc1NN,173,0.537642749,0.182926829,0.4,0.817063213
CC(=O)Cc1cnccc1-c1ccc(-c2cncc(Cl)c2)cc1N,173,0.725044161,0.189873418,0.42,0.830569759
CC(=O)Cc1cnccc1-c1ccc(-c2cncc(F)c2)cc1,173,0.729128894,0.142857143,0.46,0.858803506
CC(=O)Cc1cnccc1-c1ccc2[nH]cc(C(F)F)c2c1,173,0.780534728,0.129411765,0.55,0.818873859
CC(=O)Cc1cnccc1-c1ccc2[nH]cc(C(F)(F)F)c2c1,173,0.778710033,0.142857143,0.58,0.822904074
CC(=O)Cc1cnccc1-c1c[nH]c2ccc(C(F)F)cc12,173,0.780534728,0.117647059,0.3,0.815817283
CC(=O)Nc1cnccc1-c1ccc2[nH]cc(C(F)F)c2c1,173,0.764019976,0.129411765,0.59,0.835311328
CC(=O)Nc1cnccc1-c1cnc2[nH]cc(C(F)(F)F)c2c1,173,0.757664871,0.142857143,0.68,0.812628834
CC(=O)Nc1cnccc1-c1ccc2[nH]cc(C(F)(F)F)c2c1,173,0.743275215,0.142857143,0.6,0.838827872
CC(=O)Nc1cnccc1-c1ccc2[nH]cc(F)c2c1,173,0.749346698,0.134146341,0.62,0.851729644
CC(=O)Nc1cnccc1-c1nc2c(F)c(F)ccc2[nH]1,173,0.761383346,0.120481928,0.42,0.835980667
CC(=O)Cc1cnccc1-c1ccc2[nH]c(CF)cc2c1,173,0.790086165,0.13253012,0.48,0.813576008
CC(=O)Cc1cnccc1-c1ccc2[nH]cc(F)c2c1,173,0.789815259,0.134146341,0.58,0.833850292
CN(C(=O)COc1ccc(-c2nnco2)cc1)C1C=S(O)(O)=C1,174,0.791747188,0.745454545,0.02,0.747831238
CN(C(=O)COc1ccc(-c2cccnc2)cc1)C1CN=S(O)(O)C1,174,0.70629063,0.351351351,0.2,0.702958056
CN(C(=O)COc1ccc(-c2cccnc2)cc1)C1CCS(=O)(O)=N1,174,0.881773407,0.383561644,0.14,0.704761568
CN(C(=O)COc1ccc(-c2ccccc2)cc1)CC1N=NC=C1O,174,0.877393155,0.323943662,0.06,0.768495248
CN(CCc1ccc(-c2cccnc2)cc1)CC1CN=C([O-])S1(=O)=O,174,0.760082855,0.166666667,0.14,0.720359573
CC(C)COc1ccc(-c2ccccc2)cc1CN1CCC2=NN=C2C1=O,174,0.782664926,0.134831461,0.1,0.823363256
CC(C)COc1ncc(-c2ccccc2)cc1CN1CCC2=NN=CC2C1=O,174,0.773943944,0.139784946,0.18,0.723107747
CC(C)COc1ccc(-c2ccccc2)cc1C1CC2CCN=C2C(=O)N1O,174,0.778741773,0.179775281,0.04,0.714007879
CC(C)COc1ncc(-c2ccccc2)cc1CCn1cnccc1=O,174,0.654077341,0.125,0.27,0.843627561
CC(C)COc1ccc(-c2ccc(C(C)(C)O)cc2)cc1C1CCN=N1,174,0.744716064,0.156626506,0.09,0.754836319
CC(C)COc1ccc(-c2ccc(C(C)O)cc2)cc1C1C(=O)N=N1,174,0.844139883,0.1625,0.14,0.7419284
CC(C)COc1ccc(-c2ccc(C(C)=O)cc2)cc1C1CCN=N1,174,0.655081413,0.182926829,0.05,0.775235413
CC(C)COc1ccc(-c2ccc(C(=O)O)cc2)cc1C1CCN=N1,174,0.806824607,0.182926829,0.07,0.776886117
CC(C)COc1ccc(-c2ccc3c(c2)NCC(=O)N3CCO)cc1,174,0.847990648,0.185185185,0.2,0.850343169
CC(C)COc1ccc(-c2cnc3c(c2)C(=O)NCC3N)cc1,174,0.909354037,0.215189873,0.35,0.774100355
CC(C)COc1ccc(-c2cnccc2NCC2CCCC2=O)cc1,174,0.803604698,0.188235294,0.35,0.795023453
CC(C)COc1ccc(-c2cnccc2NCC(=O)O)cc1,174,0.820773057,0.207792208,0.35,0.87680711
CC(C)COc1ccc(-c2cnccc2NCC(N)=O)cc1,174,0.82373908,0.205128205,0.34,0.871363189
CC(C)COc1ccc(-c2ccncc2NCC(=O)O)cc1,174,0.820773057,0.207792208,0.36,0.876810832
CC(C)COc1ccc(-c2ccncc2CC(=O)O)cc1,174,0.88322345,0.216216216,0.34,0.883289402
CC(C)COc1ccc(-c2ccncc2)cc1CC(=O)O,174,0.88322345,0.171052632,0.48,0.886506873
CC(C)COc1ccc(-c2ccncc2)cc1NCCC(=O)O,174,0.777621466,0.160493827,0.53,0.877348756
CC(C)COc1ccc(-c2ccncc2)cc1NCCCO,174,0.731708809,0.135802469,0.56,0.875931104
CC(C)COc1ccc(-c2ccncc2)cc1NCCO,174,0.820501046,0.139240506,0.62,0.878413444
CC1CCCCN1CCNC(=O)C1CCCN(S(=O)(=O)c2cccc3nsnc23)C1,175,0.722533604,1,0.01,0.748643503
CC1CCCCN1C1CCCN(C(=O)C2CCCN2S(=O)(=O)c2ccccn2)C1,175,0.745818127,0.284090909,0.02,0.725351799
CC1CCCCN1C(=O)C1CCCN(C(=O)c2cccc3nsnc23)CCN1,175,0.835334468,0.397590361,0.09,0.742557715
CC1CCCCN1C(=O)C1CCCN(S(=O)(=O)c2cccc3nsnc23)C1,175,0.779122756,0.691176471,0,0.755753208
CC1CCCCN1C(=O)C1CCCN(C(=O)c2ccccc2-n2cnnn2)C1,175,0.809682928,0.263736264,0.01,0.769222103
CC1CNCCN1C(=O)C1CCCN(C(=O)c2cccc3nonc23)C1,175,0.85844031,0.27173913,0.13,0.741728291
CC1CCCN(C(=O)c2ccnc(NNC(=O)C3CCCC3)c2)C(C)CN1,175,0.705356494,0.252747253,0.03,0.741230131
CCNC1CCCCN(C)C1CNC(=O)c1ccnc(N2CCCCC2)n1,175,0.788942542,0.22826087,0.09,0.7386661
CCNC1CCCCN(C)C(=O)C2CCN(C(=O)c3cccc(CNC)c3)C12,175,0.810771301,0.242105263,0,0.672867628
CCNC1(C)CCCN(C(=O)c2ccnc3c2CCCC3)C(CCCCC)CN1,175,0.677840453,0.141509434,0.08,0.687512532
CCNC1(C)CCCN(C(=O)c2ccnc3c2CCCC3)C(CNCCC)C1,175,0.706006266,0.153846154,0,0.69732711
CC1CCN(C(=O)C2CCCC2)C(CNC(=O)c2ccnc(NCC)c2)C1,175,0.80477903,0.221052632,0.07,0.761662299
CC1CCN(C(=O)C2CCCC2)C(CNC(=O)c2ccnc(F)c2)CN1,175,0.800123366,0.234042553,0.14,0.744021843
CC1CCN(C(=O)C2CCCC2)C(CNC(=O)c2ccncc2F)CN1,175,0.855325784,0.223404255,0.17,0.745281303
CC1CCN(C(=O)C2CCCC2)C(CNC(=O)c2ccncc2F)C1,175,0.910900222,0.230769231,0.06,0.765188004
CC1CCN(C(=O)C2CCC2)C(CNC(=O)c2ccncc2F)C1,175,0.920068813,0.217391304,0.06,0.764930297
CC1CCC(CNC(=O)c2ccnc3ccncc23)N(CCCCC)C1,175,0.771227633,0.206185567,0.1,0.75517383
CC1CCN(C(=O)c2ccnc3cc(F)ccc23)C(CCCCN)C1,175,0.841397757,0.161616162,0.16,0.76521964
CC1CCC(CNC(=O)c2ccnc3cc(F)ccc23)N(CCC)C1,175,0.901867455,0.208333333,0.1,0.772119098
CC1CCC(CNC(=O)c2ccnc3cc(F)ccc23)N(C)C1,175,0.947134515,0.206521739,0.09,0.775717794
CC1CCC(CNC(=O)c2ccnc3cc(F)ccc23)CN1,175,0.915586179,0.168421053,0.15,0.772020875
CC1CCN(C(=O)c2ccnc3cc(F)ccc23)C(CCN)C1,175,0.947079437,0.164948454,0.16,0.765327262
CC1CCN(C(=O)c2ccnc3cc(F)ccc23)CCCN1,175,0.880356609,0.172043011,0.12,0.8133387
CC1CCN(C(=O)c2ccnc3ccncc23)C(CCN)C1,175,0.942770708,0.168421053,0.23,0.744209642
CC1CCN(C(=O)c2ccnc3[nH]ccc23)C(CCCCN)C1,175,0.833237455,0.164948454,0.49,0.74104639
NC1CCN(C(=O)c2ccnc3[nH]ccc23)CCCCCC1,175,0.849951293,0.177777778,0.58,0.758766274
NC1CCN(C(=O)c2ccnc3[nH]ccc23)CC1CCCCN,175,0.727420071,0.154639175,0.56,0.73771935
NC1CCN(C(=O)c2ccnc3[nH]ccc23)CC1CCN,175,0.773161939,0.157894737,0.55,0.729963251
NC1CCN(C(=O)c2ccnc3[nH]ccc23)CC1CCO,175,0.775799888,0.157894737,0.54,0.735735302
NC1CCN(C(=O)c2ccnc3[nH]ccc23)CC1,175,0.789160666,0.149425287,0.57,0.847077477
NC1CCC(C(=O)c2ccnc3[nH]ccc23)CC1,175,0.79461475,0.139534884,0.58,0.828784282
NC1CCC(C(=O)c2ccnc3[nH]ccc23)CC1CCN,175,0.746852192,0.14893617,0.53,0.691501138
NC1CCC(C(=O)NCc2ccnc3[nH]ccc23)CC1,175,0.794780837,0.183908046,0.5,0.842903403
NCCN1CCC(C(=O)c2ccnc3[nH]ccc23)CC1,175,0.825355499,0.179775281,0.46,0.838676877
NCCN(C(=O)O)c1ccnc2[nH]ccc12,175,0.718772958,0.102272727,0.49,0.805342819
CN(C)c1cccc(NC(=O)NC2(C)C=CS(O)(O)=C2)c1,176,0.438380512,0.517857143,0.03,0.651403404
CN(C)c1cccc(NC(=O)NC2(C)C=CS(O)(O)C2)c1,176,0.691311219,0.653846154,0.02,0.704555091
CN(C)c1cccc(NC(=O)NC(C)c2csc(Cl)c2O)c1,176,0.786776632,0.390625,0.02,0.778573388
CN(C)c1cccc(NC(=O)NC2(C)CC=C(Cl)C2=N)c1,176,0.802566034,0.543859649,0,0.724515955
CN(C)c1cccc(NC(=O)NC(C)c2ccc(Cl)c(N)c2)c1,176,0.744208205,0.396825397,0.06,0.830716119
CN(C)c1cccc(NC(=O)c2ccc(C3(C)NC3)cc2)c1,176,0.852855098,0.448275862,0,0.819583136
CN(C)c1cccc(NC(=O)c2ccc(F)c3c2CCCN3)c1,176,0.911323279,0.358208955,0.03,0.846987573
CN(C)c1cccc(NC(=O)c2ccc(F)c3c2CCCC3N)c1,176,0.907231731,0.367647059,0.07,0.80017855
CN(C)c1cccc(NC(=O)c2ccc(F)cc2C2(N)CC2)c1,176,0.911709979,0.419354839,0.02,0.851554189
CN(C)c1cccc(NC(=O)c2cccc(-c3nocc3N)c2)c1,176,0.770070087,0.343283582,0.03,0.847724962
CN(C)c1cccc(NC(=O)c2ccc(-c3nsnc3N)cc2)c1,176,0.762851437,0.353846154,0.15,0.855127677
CN(C)c1cccc(NC(=O)c2cc(-c3cscc3N)ccc2F)c1,176,0.726596557,0.333333333,0.17,0.846489252
CN(C)c1cccc(NC(=O)c2cc(-c3c[nH]cc3N)ccc2F)c1,176,0.678589094,0.338235294,0.25,0.837542659
CN(C)c1cccc(NC(=O)c2cc(-c3n[nH]cc3N)ccc2F)c1,176,0.681462959,0.323943662,0.37,0.827185516
CN(C)c1cccc(NC(=O)c2cc(-c3noc4c3CCCC4)co2)c1,176,0.765024161,0.338028169,0,0.808296894
CN(C)c1cccc(NC(=O)c2cc(-c3n[nH]c4c3CCCC4)ccc2N)c1,176,0.604508259,0.347222222,0.25,0.839018841
CN(C)c1cccc(NC(=O)c2cc(-c3n[nH]c4c3CCC4)ccc2N)c1,176,0.621145697,0.347222222,0.25,0.840529705
CN(C)c1cccc(NC(=O)c2ccc(-c3n[nH]c4c3CCCC4)cc2N)c1,176,0.604508259,0.328767123,0.24,0.83895961
CN(C)c1cccc(NC(=O)c2cc(-c3cnc4n3CCNC4N)cs2)c1,176,0.645209646,0.3,0.23,0.72452569
CN(C)c1cccc(NC(=O)c2ccc(-c3c[nH]c4c3CCCC4N)cc2)c1,176,0.636015947,0.342465753,0.33,0.781359419
CN(C)c1cccc(NC(=O)c2ccc(-c3cc4cn[nH]c4cc3N)cc2)c1,176,0.470817907,0.319444444,0.55,0.85730711
CN(C)c1cccc(NC(=O)c2ccc(-c3cc4cn[nH]c4cc3N)o2)c1,176,0.481047334,0.306666667,0.2,0.830481753
CN(C)c1cccc(-c2ccc(-c3cc4cn[nH]c4cc3N)cn2)c1,176,0.558539405,0.205479452,0.55,0.836362897
CN(C)c1cccc(-c2ccc(-c3cc4cn[nH]c4cc3N)cc2)c1,176,0.542647889,0.202898551,0.52,0.857280205
CN(C)c1cccc(-c2ccccc2-c2cc3cn[nH]c3cn2)c1,176,0.610948731,0.202898551,0.36,0.849962778
CN(C)c1cccc(-c2ccncc2-c2ccc3[nH]ncc3c2)c1,176,0.610948731,0.2,0.72,0.85396036
CN(C)c1cccc(-c2ccncc2-c2ccc(N)cc2)c1,176,0.739189139,0.215384615,0.39,0.885232203
CN(C)c1cccc(-c2ccc3[nH]cc(N)c3c2)c1,176,0.73203787,0.225806452,0.39,0.867463793
CN(C)c1cccc(-c2ccc3[nH]ncc3c2N)c1,176,0.689412278,0.212121212,0.51,0.84572875
CN(C)c1cccc(-c2cncc3cn[nH]c23)c1,176,0.746202027,0.215384615,0.33,0.83352659
CN(C)c1cccc(-c2c[nH]c3ccncc23)c1,176,0.741271267,0.215384615,0.62,0.868333099
CN(C)c1cccc(-c2cnc3[nH]ccc3c2)c1,176,0.741271267,0.238095238,0.62,0.864480436
CN(C)c1cccc(-c2cnc3[nH]cc(N)c3c2)c1,176,0.736976474,0.227272727,0.63,0.844039861
CN(C)c1cccc(-c2cc(-c3cccnc3)c[nH]2)c1,176,0.778891221,0.215384615,0.24,0.849353535
CN(C)c1cccc(-c2cc(-c3ccncc3)c[nH]2)c1,176,0.778891221,0.222222222,0.51,0.848510299
CN(C)c1ccc2[nH]nc(-c3ccnc4ccccc34)c2c1,176,0.609196701,0.171428571,0.44,0.860627667
CN(C)c1ccc2[nH]cc(-c3ccnc(N)c3)c2c1,176,0.736976474,0.15942029,0.64,0.850907667
CN(C)c1cccc(-c2c[nH]c3cc(-c4ccncc4)cnc23)c1,176,0.610948731,0.2,0.61,0.849025415
CN(C)c1cccc(-c2ccc3[nH]nc(-c4ccncc4)c3c2)c1,176,0.610948731,0.215384615,0.76,0.866374646
CN(C)c1cccc(-c2ccc3[nH]nc(N)c3c2)c1,176,0.736976474,0.245901639,0.85,0.870136727
CN(C)c1cccc(-c2c[nH]nc2-c2ccncc2)c1,176,0.789735533,0.215384615,0.67,0.829770246
CN(C)c1ccc2c(-c3ccncc3)c[nH]c2c1,176,0.741271267,0.169230769,0.77,0.868844045
CCCN(C)c1ccc2[nH]ncc2c1-c1ccncc1,176,0.786071517,0.093333333,0.34,0.827805525
CN(CCC(C)N)c1ccc2[nH]ncc2c1,176,0.821419065,0.111111111,0.53,0.781601794
CN(C)c1ccc2[nH]nc(-c3ccn[nH]3)c2c1,176,0.703732054,0.169230769,0.36,0.814728098
CN(CCCCN)c1ccc2[nH]nc(C)c2c1,176,0.775623898,0.111111111,0.37,0.836252111
COc1ccc(C2CC3(CC(C)(C)NC(S)=N3)Oc3cc(OC)ccc32)cc1,177,0.754024698,0.558823529,0.06,0.646250024
COc1ccc(C2CC(CC(C)(C)N)Nc3cc(OC)cc(OC)c32)cc1,177,0.799363544,0.243902439,0.04,0.734457059
COc1ccc(C2CCC(C)(C#N)Nc3cc(OC)cc(O)c32)cc1,177,0.883657874,0.337662338,0.08,0.70991829
COc1ccc(C2CC(C)(C)Nc3cc(OC)cc(OC)c32)cc1,177,0.901079533,0.376811594,0.06,0.794038481
COc1ccc(C2CC(C)(C)Nc3cc(O)cc(F)c32)cc1,177,0.870282431,0.434782609,0.06,0.770446188
COc1ccc(C2CC(C)(C)Nc3ccc(O)cc32)c(F)c1,177,0.814114717,0.298701299,0.01,0.781555393
COc1ccc(C(C)(C)c2ccc(F)cc2O)c(OC)c1,177,0.928534231,0.166666667,0.05,0.863293309
COc1ccc(C(C)(C)c2ccc(F)cc2O)c(O)c1,177,0.900632985,0.191780822,0.04,0.851761493
COc1ccc(C(C)(F)c2ccc(O)cc2O)cc1,177,0.891514951,0.202702703,0.01,0.803799875
COc1cnc(C(C)(C)c2ccc(F)cc2O)[nH]1,177,0.879849661,0.144578313,0.17,0.774924712
COc1ccc(-c2cc(F)c3c(c2)CC(C)N3)c(O)c1,177,0.878666439,0.209876543,0.12,0.782853856
COc1ccc(-c2nc(F)nc(C)c2O)c(OCN)c1,177,0.652283203,0.178571429,0.06,0.796570164
COc1ccc(-c2nc(O)c3c(c2)CC(C)(C)N3)cc1,177,0.879499117,0.28,0.1,0.822967537
COc1ccc(-c2nc(O)c3c(n2)NC(=O)C3)c(F)c1,177,0.867076458,0.204819277,0.17,0.813107647
COc1ccc(-c2nc(C)c(CCO)[nH]2)c(OC(F)F)c1,177,0.859707357,0.186046512,0.14,0.821715195
COc1ccc(-c2nc(C)c(CCN)[nH]2)c(OC(F)F)c1,177,0.858904482,0.159090909,0.2,0.818860287
COc1ccc(-c2nc(N)c(C(C)CCO)[nH]2)c(O)c1,177,0.667437771,0.204819277,0.16,0.746060375
COc1ccc(-c2nc(C)c(CCN)[nH]2)c(OCF)c1,177,0.849878781,0.176470588,0.19,0.809588416
COc1ccc(-c2nc(N)c(CCO)[nH]2)c(OCF)n1,177,0.72656868,0.16091954,0.18,0.756627702
COc1ccc(-c2nc(O)c(C#N)[nH]2)c(OCF)n1,177,0.863588845,0.164705882,0.2,0.744836297
COc1ccc(-c2nc(C#N)c(C)[nH]2)c(O)c1,177,0.824331987,0.220779221,0.08,0.825409551
COc1ccc(-c2nc(CCN)c(C)[nH]2)c(O)c1,177,0.765838038,0.215189873,0.15,0.830355312
COc1ccc(-c2nc(CCN)c(C)[nH]2)cc1OC,177,0.861865981,0.13253012,0.2,0.860938764
COc1ccc(-c2nc(CCN)c(C)[nH]2)cc1,177,0.8442515,0.181818182,0.23,0.869159803
COc1ccc(-c2nc(CCN)c(O)[nH]2)cc1,177,0.742611731,0.194805195,0.25,0.835622303
COc1ccc(-c2ncc(CCN)[nH]2)cc1,177,0.816956487,0.186666667,0.33,0.872992644
COc1ccc(-c2ncc(CCCN)[nH]2)cc1,177,0.826592383,0.181818182,0.3,0.872883514
COc1ccc(-c2cnc(CCCN)[nH]2)cc1,177,0.826592383,0.179487179,0.25,0.878407847
COc1ccc(-c2cnc(CCN)[nH]2)cc1,177,0.816956487,0.184210526,0.26,0.877497661
CC(=O)Nc1ccc(NCn2c(O)c3c(c2O)C2CCC32)cc1,178,0.698866421,0.761904762,0,0.725075191
CC(=O)Nc1ccc(NCCn2c(O)c3c(c2O)CC3)cc1,178,0.680743217,0.520833333,0.01,0.838151278
CC(=O)Nc1ccc(OCCn2c(O)c3c(c2)CC3)cc1,178,0.886390214,0.35,0,0.84506088
CCC(=O)Nc1ccc(-n2c(O)c3c(c2)CC3)cc1,178,0.886590127,0.288135593,0,0.836720488
CCC(=O)Nc1ccc(-n2c(O)c3c(c2)CCN3)cc1,178,0.803217552,0.26984127,0.04,0.818090778
CCC(=O)Nc1ccc(-n2c(O)c3c(c2)CCNC3)cc1,178,0.809497978,0.261538462,0.06,0.817478828
CCC(=O)Nc1ncc(-c2c(O)ccc3c2CCN3)s1,178,0.75958529,0.180555556,0.12,0.806835717
CC(=O)Nc1ccc(-c2[nH]cc3c2CCCCNC3)cc1,178,0.793079036,0.26984127,0.17,0.831499875
CC(=O)Nc1ccc(-n2cnc3c2CCC(N)C3)cc1,178,0.871092255,0.327868852,0.08,0.780199523
CC(=O)Nc1ccc(-c2[nH]cc3c2CCN(O)C3)cc1,178,0.785244451,0.295081967,0.13,0.794538821
CC(=O)Nc1ccc(-c2[nH]cc3c2CCN(O)CC3)cc1,178,0.793521136,0.3,0.13,0.805078059
CC(=O)Nc1ccc(-c2ncc3c(n2)NCC=C3)cc1,178,0.876219876,0.26984127,0.22,0.81330022
CC(=O)Nc1ccc(-c2csc3c2CCN(O)C=N3)cc1,178,0.894354292,0.285714286,0.08,0.779176777
CC(=O)Nc1ccc(-c2c[nH]c3nc[nH]c23)cc1,178,0.643534257,0.280701754,0.41,0.847322152
CC(=O)Nc1ccc(-c2c[nH]c3ncc(OCO)nc23)cc1,178,0.638817057,0.265625,0.42,0.828050763
CC(=O)Nc1ccc(-c2c[nH]c3ncc(OCCN)nc23)cc1,178,0.667249268,0.25,0.52,0.838582527
CC(=O)Nc1ccc(-c2c[nH]c3ncc(OCON)nc23)cc1,178,0.488568675,0.268656716,0.51,0.804450592
CC(=O)Nc1ccc(-c2c[nH]c3ncc(C4=NCCN4)n23)cc1,178,0.687212552,0.264705882,0.23,0.764889458
CC(=O)Nc1ccc(-c2c[nH]c3ncc(CCNO)nc23)cc1,178,0.540384441,0.253731343,0.44,0.823308401
CC(=O)Nc1ccc(-c2c[nH]c3ncc(CCNO)cc23)cc1,178,0.545443862,0.272727273,0.61,0.843571805
CC(=O)Nc1ccc(-c2c[nH]c3ncc(OC=CCN)cc23)cc1,178,0.629439884,0.236111111,0.75,0.810272461
CC(=O)Nc1ccc(-c2c[nH]c3ncc(CC=CNO)cc23)cc1,178,0.54293989,0.242857143,0.62,0.807266887
CC(=O)Nc1ccc(-c2c[nH]c3ncc4cc(OC)ncc4c23)cc1,178,0.598704291,0.228571429,0.6,0.834229991
CC(=O)Nc1ccc(-c2c[nH]c3ncc4cc(OC)ccc4c23)cc1,178,0.586316257,0.228571429,0.58,0.866230418
CC(=O)Nc1ccc(-c2c[nH]c3ncc(OC)cc23)cc1,178,0.774381791,0.25,0.66,0.881556777
CC(=O)Nc1ccc(-c2c[nH]c3nccc(OC=O)c23)cc1,178,0.724778113,0.242424242,0.66,0.830397038
CC(=O)Nc1ccc(-c2c[nH]c3nccc(OC(C)C)c23)cc1,178,0.765862205,0.242424242,0.63,0.858749466
CC(=O)Nc1ccc(-c2c[nH]c3nccc(OC)c23)cc1,178,0.774381791,0.253968254,0.68,0.873439854
CC(=O)Nc1ccc(-c2c[nH]c3ncccc23)cc1,178,0.734483411,0.271186441,0.8,0.897143155
CC(=O)Nc1ccc(-c2c[nH]c3ncccc23)cc1OC,178,0.774381791,0.185714286,0.82,0.880049854
CC(=O)Nc1ccc(-c2c[nH]c3ncncc23)cc1,178,0.736006564,0.266666667,0.63,0.871276862
CC(=O)N1C(C2CCCCC2)SC2CCCCC21,179,0.720012377,0.741935484,0.01,0.697764698
CC(=O)N1c2ccccc2SC2CCCCC2C1O,179,0.792184743,0.347826087,0,0.707310689
CC(=O)N1c2ccccc2SC(C2CCCCC2)C1C,179,0.759311904,0.326086957,0.01,0.743167939
CC(=O)N1c2ccccc2SC(N2CCCCC2)C1C,179,0.792266497,0.265306122,0.01,0.739633257
CC(=O)N1c2ccccc2SC1CC1CCCCC1,179,0.794885628,0.326086957,0,0.775964555
CC(=O)N1c2ccccc2SC1N1CCCCC1,179,0.777226429,0.282608696,0.03,0.779993573
CC(=O)N1c2ccccc2N(C2CCCCC2)CC1C,179,0.779852225,0.311111111,0.05,0.810081035
CC(=O)N1CCN(C2CCCCC2)c2ncccc2C1C,179,0.795901964,0.269230769,0.02,0.785172932
CC(=O)N1CCN(C2CCCCC2)c2ncccc21,179,0.777503141,0.285714286,0.06,0.853285533
CC(=O)N1CCN(C2CCCCC2)c2nnccc21,179,0.774459406,0.285714286,0.05,0.819695883
CC(=O)N1CCN(C2CCCCC2)c2cnccc21,179,0.777503141,0.29787234,0.16,0.842117421
CC(=O)N1CCN(C2CCCCC2)c2c1cncc2N,179,0.852213378,0.28,0.22,0.809327755
CC(=O)N1CCN(C2CCCCC2)c2ccc(N)cc2C1,179,0.808041941,0.3,0.12,0.859616008
CC(=O)N1CCN(C2CCCCC2)c2c(cccc2N)C1,179,0.808041941,0.274509804,0.08,0.846525495
CC(=O)N1CCN(C(C2CC2)c2cccc(N)c2)CC1,179,0.855564733,0.235294118,0.03,0.806306603
CC(=O)N1CCN(C(c2ccnc(N)c2)C2CC2)CC1,179,0.901621147,0.226415094,0.05,0.782321439
CC(=O)N1CCN(C(c2ccnc(N)c2)C2CCCCC2)C1,179,0.931097574,0.296296296,0.05,0.751528687
CC(=O)N1CCN(C(c2ccnc(N)c2)C2CCCCC2)CC1,179,0.930208347,0.283018868,0.05,0.78439726
CC(=O)N1CCN(C(c2ccnc(N)c2)C2CCCCCC2)C1,179,0.871095387,0.296296296,0.05,0.754094696
CC(=O)N1CCN(C(c2ccnc(N)c2)C2CCCCCC2)CC1,179,0.865786349,0.283018868,0.05,0.785110655
CC(=O)N1CCN(C(c2ccnc(NN)c2)C2CCCCCC2)CC1,179,0.498259883,0.267857143,0.11,0.777162769
CC(=O)N1CCN(C(c2ccnc(N)c2)C2CCCCCCC2)CC1,179,0.91428349,0.283018868,0.05,0.785462769
CC(=O)N1CCN(C(c2ccnc(N)c2)C2CCCCCCC2)CCC1,179,0.896276842,0.267857143,0.05,0.782402639
CC(=O)N1CCc2nc(N)ccc2C(c2ccnc(C3CC3)c2)C1,179,0.921732844,0.209677419,0.13,0.750542293
CC(=O)N1CCc2c(-c3ccnc(N)n3)ccc(C3CCC3)c2C1,179,0.922535466,0.213114754,0.28,0.821725189
CC(=O)N1CCc2c(nc(-c3ccnc(NC)c3)cc2C2CC2)C1,179,0.943681535,0.209677419,0.22,0.808710709
CC(=O)N1CCc2cc(-c3ccnc(NC4CCCCC4)n3)ccc21,179,0.926123871,0.271186441,0.58,0.856604634
CC(=O)N1CCc2cc(-c3ccnc(NC4CCCCC4)n3)ccc2C1,179,0.914812882,0.266666667,0.6,0.854074884
CC(=O)N1CCc2cc(-c3ccnc(NC4CCCNC4)n3)ccc2C1,179,0.887237423,0.205882353,0.58,0.785978973
CC(=O)N1Cc2cc(-c3ccnc(NC4CCCNC4)n3)ccc2CC1,179,0.887237423,0.205882353,0.58,0.785357111
CC(=O)C1Cc2cc(-c3ccnc(NC4CCCC4)n3)ccc2CN1,179,0.897918629,0.19047619,0.58,0.773756605
CC(=O)N1CCc2cc(-c3ccnc(NC4CCCC4)n3)ccc2C1,179,0.933123315,0.25,0.6,0.855004002
CC(=O)N1CCc2cc(-c3ccnc(NC4CCCC4)n3)ccc2CNCC1,179,0.857945621,0.227272727,0.64,0.788553209
CC(=O)N1CCc2cc(-c3ccnc(NC4CCCC4)n3)ccc2N(CCBr)C1,179,0.685247067,0.214285714,0.59,0.800127219
CC(=O)N1CCc2cc(-c3ccnc(NC4CCCC4)n3)ccc2NCCC1,179,0.850819038,0.230769231,0.57,0.790275535
CC(=O)N1CCc2cc(-c3ccnc(NC4CCCC4)n3)ccc2C(N)C1,179,0.873639472,0.25,0.65,0.77775805
CC(=O)N1CCc2cc(-c3ccnc(NC4CCCC4)n3)ccc2NC1,179,0.888047076,0.238095238,0.55,0.822787029
Cc1ccc(C(=O)NCCC(=O)N2CCC3(CC2)NCCc2[nH]cnc23)cc1C,180,0.736515203,1,0.01,0.760012206
Cc1ccc(C(=O)NCCC2(C)CCC(N3CCc4[nH]cnc43)CC2)cc1C,180,0.818776641,0.487179487,0.1,0.787194226
Cc1ccc(C(=O)N2CCC(C)(n3cc4c(n3)NCC4)CC2)cc1C,180,0.915199261,0.35443038,0.15,0.783417926
Cc1ccc(C(=O)N2CCC3(CC2)OCCc2[nH]cnc23)cc1C,180,0.876898932,0.492957746,0.07,0.756476096
Cc1cc(C(=O)N2CCC3(CC2)OCCN3)cc2[nH]cnc12,180,0.835530223,0.341772152,0.05,0.719810071
Cc1cc(C(=O)N2CCC3(CC2)OCCN3)cc2scnc12,180,0.875557596,0.289156627,0.05,0.714587956
Cc1cc(C(=O)N2CCc3cncn3C2)cc2[nH]cc(Br)c12,180,0.72606415,0.213483146,0.11,0.762148687
Cc1cc(C(=O)N2CCc3cnc(Br)nc3C2)cc2c1NCC2,180,0.781427816,0.24137931,0.08,0.783099543
Cc1cc(C(=O)N2CCc3cnc(N)nc3C2)cc2c1CCN2,180,0.834433832,0.238636364,0.25,0.802774369
Cc1cc(CCN2CCc3sccc3C2)nc2[nH]cc(Br)c12,180,0.739409439,0.172043011,0.11,0.785653388
Cc1cc(N2CCC3(CC2)OCc2[nH]cnc2C3)ncc1Br,180,0.846521242,0.235294118,0.11,0.699613196
Cc1cc2c(cc1CCN1CCc3[nH]cnc3C1)OCCN2C,180,0.943043693,0.24137931,0.04,0.785722523
Cc1cc(CCN2CCc3ccc(Br)nc3C2)cnc1NCCO,180,0.741638795,0.178947368,0.08,0.805124412
Cc1ccc(CCN2CCc3[nH]cnc3C2)c2nc(Br)cnc12,180,0.768041635,0.227272727,0.15,0.768225393
Cc1cc2c(cc1C)C(=O)c1cnc(N3CCNCC3)nc1N2,180,0.666434054,0.19047619,0.16,0.822156187
Cc1cc2c(cc1C)CCC21CCc2nc(NCCO)ncc2N1,180,0.809684946,0.218390805,0.19,0.67593681
Cc1cc2c(cc1C)C(=O)c1cnc(NCCN3CCCC3)n1C2,180,0.801342506,0.181818182,0.06,0.803265995
Cc1cc2c(cn1)CCc1cnc(NCCN3CCCC3)nc1-2,180,0.939988607,0.16091954,0.24,0.830034872
Cc1cc2c(cn1)CNc1ccc(NCCN3CCCC3)nc1-2,180,0.909342465,0.163043478,0.35,0.802900256
Cc1cc2c(cn1)CCc1cnc(NCCN3CCC3)nc1-2,180,0.935504768,0.16091954,0.24,0.82796084
Cc1ccc2c(c1)CCc1nc(NCc3nc[nH]n3)ncc1-2,180,0.773929023,0.170454545,0.15,0.76726824
Cc1ccc2c(c1)CCc1cnc(NCc3nc[nH]n3)nc1-2,180,0.773929023,0.172413793,0.26,0.776110607
Cc1ccc2c(c1)NCc1cnc(NCC(=O)O)nc1-2,180,0.788962923,0.181818182,0.37,0.818916419
Cc1ccc2c(c1F)CCc1cnc(NCCN)nc1-2,180,0.897409241,0.159090909,0.29,0.817214934
Cc1cc2c(cn1)CCc1cnc(NCCCl)nc1-2,180,0.874369545,0.142857143,0.23,0.810197701
Cc1cc2c(cn1)CCc1cnc(NCCN)nc1-2,180,0.864572536,0.142857143,0.3,0.816751267
Cc1cc2c(cc1Cl)-c1nc(NCCN)ncc1CC2,180,0.911046455,0.149425287,0.33,0.828302384
Cc1cc2c(cc1F)CCc1cnc(NCCN)nc1-2,180,0.897409241,0.151162791,0.34,0.825800359
Cc1cc2c(cc1F)CCc1cnc(NCCNC)nc1-2,180,0.846984006,0.149425287,0.25,0.824433957
Cc1cc2c(cc1F)CCc1cnc(NCCNC)nc1CC2=O,180,0.841350176,0.177777778,0.12,0.79587089
Cc1cc2c(cc1F)CCc1cnc(NCCN)nc1C(=O)N2,180,0.800591028,0.177777778,0.47,0.804536449
Cc1cc2c(cc1F)CCc1cnc(NCCN)nc1COC2=O,180,0.833476054,0.161290323,0.19,0.749128493
Cc1cc2c(cc1F)CCc1cnc(NCCN)nc1C2=O,180,0.900103196,0.157303371,0.37,0.812451527
Cc1cc2c(cc1F)OCc1cnc(NCCN)nc1C2=O,180,0.890886487,0.163043478,0.38,0.798280807
Cc1cc2c(cc1F)OCc1cnc(NCCN)nc1-2,180,0.893317501,0.157303371,0.33,0.807930184
Cc1cc2c(cc1F)OCc1cnc(NCCN)nc1CN2,180,0.801529059,0.161290323,0.29,0.781640506
Cc1cc2c(cc1F)OCc1cnc(NCCCN)nc1-2,180,0.844130303,0.153846154,0.33,0.811567803
Cc1cc2c(cc1F)OCc1cnc(NC3CCNC3)nc1-2,180,0.890682056,0.161290323,0.48,0.750233629
Cc1cc2c(cc1F)OCc1cnc(Nc3ccncc3)nc1-2,180,0.783218538,0.141304348,0.55,0.822872006
Cc1cc2c(cc1F)OCc1cnc(Nc3cccnc3)nc1-2,180,0.783218538,0.138297872,0.41,0.824304842
Cc1cc2c(cc1F)OCc1cnc(Nc3cncnc3)nc1-2,180,0.784224063,0.130434783,0.42,0.801755818
Cc1cc2c(cc1F)OCc1cnc(Nc3ccccc3)nc1-2,180,0.769497868,0.142857143,0.54,0.84750002
Cc1cc2c(cc1OC)CCc1cnc(Nc3ccccc3)nc1-2,180,0.782031817,0.133333333,0.59,0.868094646
CCCCCOC(=O)C1C(C)=NC(=O)NC1c1ccc(OC)cc1,181,0.613923425,1,0,0.760124326
CCCCC1C(=O)N=NC(C)=C1c1ccc(OC)cc1,181,0.805171975,0.349206349,0.06,0.76722034
CCCCC1NC(=O)N=C(c2ccc(OC)cc2)C1C,181,0.894249154,0.403225806,0.06,0.739255476
CCCCC1N=C(C)C(c2ccc(OC)cc2)NC1=O,181,0.897226659,0.426229508,0.03,0.741591465
CCCCC1=NC(C)(c2ccc(OC)cc2)C(=O)NC1C,181,0.90498454,0.348484848,0.02,0.720027044
CCCCC1C(=O)NC(C)(c2ccc(OC)cc2)C=N1,181,0.897115227,0.333333333,0.08,0.700354377
CCCCC1C(=O)NC(C)(c2ccc(OC)cc2)C(=O)N1,181,0.867326428,0.359375,0,0.766367097
CCCCC1C(=O)NC(C)(c2ccc(OC)cc2)C(=O)N1C,181,0.905590783,0.348484848,0.01,0.762300374
CCCCC1C(=O)NC(=O)NC1(C)c1ccc(OC)cc1,181,0.875445799,0.323076923,0.07,0.743490704
CCCCC1=C(C)C(=O)NC(c2ccc(OC)cc2)C1=O,181,0.905550534,0.409836066,0.11,0.788315089
CCCCC1=C(c2ccc(OC)c(C)c2)C(=O)NC1=O,181,0.838935393,0.264705882,0.56,0.846196178
CCCCC1=C(c2ccc(OC)cc2)C(=O)NC(C)C1=O,181,0.905622225,0.365079365,0.27,0.783491482
CCCCC1=C(c2ccc(OC)cc2)C(=O)NC1=O,181,0.825380714,0.35,0.58,0.862761986
CCOC(=O)C1CCN(c2nc3ccccc3nc2C(C#N)C(C)C)CC1,182,0.751314096,0.779661017,0,0.774665555
CCOC(=O)C1CCN(c2nc3ccccc3nc2C(C)C#N)C1,182,0.804504379,0.693548387,0,0.752423729
CCOC(=O)c1ccccc1N=C(C#N)N(C)CC(C)C,182,0.474149976,0.289473684,0.03,0.801564294
CCOC(=O)C(C#N)c1nc2ccccc2nc1C(C)C,182,0.806257618,0.516666667,0.01,0.788097317
CCOC(=O)C(C#N)c1nc2ccccc2nc1N(C)CC,182,0.78772923,0.454545455,0.01,0.775525885
CCOC(=O)C1CCN(c2nc3ccccc3nc2C(C)C)C1,182,0.811688301,0.639344262,0,0.812202366
CCOC(=O)C1CCN(c2nc3ccccc3nc2C)CC1,182,0.815674199,0.620689655,0,0.881697649
CCOC(=O)C1CCC(c2c(C#N)cnc3ccccc23)CC1,182,0.805561208,0.402777778,0.02,0.848697446
CCOC(=O)C1CCN(c2ncnc(-c3ccccc3)c2N)CC1,182,0.869517898,0.442857143,0.23,0.867662427
CCOC(=O)C1CCN(c2ncnc(-c3ccncc3)c2N)CC1,182,0.856987817,0.397260274,0.25,0.846150053
CCNC(=O)C1CCN(c2ncnc(-c3ccncc3)c2N)CC1,182,0.882984975,0.259259259,0.33,0.845541803
CCNC(=O)C1CCN(c2ncnc(N)c2-c2ccncc2)CC1,182,0.882984975,0.259259259,0.39,0.847793308
CCOC(=O)C1CCN(c2ncnc(N)c2-c2ccncc2)CC1,182,0.856987817,0.397260274,0.37,0.848401558
CCOC(=O)C1CCN(c2ncnc(N)c2-c2ccncc2N)CC1,182,0.801685909,0.376623377,0.4,0.82142421
CCOC(=O)C1CCN(c2ncnc(N)c2-c2ccncc2F)CC1,182,0.847397471,0.367088608,0.39,0.828965271
CN(C)c1nc(C#N)nc(N(C)C)n1,183,0.650084649,1,0,0.783472035
CN(C)c1nc(N(C)C)nc(C#N)c1C#N,183,0.709350066,0.466666667,0,0.762819766
CN(C)c1cc(C#N)nc(N(C)C)n1,183,0.68019556,0.466666667,0.02,0.790126505
COCc1cc(N(C)C)nc(N(C)C)c1C#N,183,0.784003694,0.268292683,0.01,0.797313628
COCc1nc(N(C)C)nc(N(C)C)c1C#N,183,0.762188722,0.388888889,0,0.783446619
COCc1nc(N(C)C)nc(NCC#N)c1C#N,183,0.75496229,0.341463415,0.03,0.762381855
CCOc1nc(N(C)C)nc(NC)c1C#N,183,0.812248654,0.358974359,0.06,0.808909561
CCOc1nc(C(C)C)nc(NCC)c1C#N,183,0.84600996,0.177777778,0.07,0.821272164
CCOc1nc(C(C)C)nc(N(C)C)c1C#N,183,0.796258398,0.261904762,0.05,0.808352602
CCOc1nc(N(C)C)nc(N(C)C)c1C#N,183,0.771494629,0.388888889,0.05,0.804978243
CCOc1nc(N(C)C)nc(NC2CC2C)c1C#N,183,0.868077318,0.311111111,0.06,0.724534077
CCOc1nc(N(C)C)nc(NC2CCCC2)c1C#N,183,0.88736101,0.304347826,0.08,0.824238416
Cc1nc(N(C)C)nc(NC2CCCC2)c1C#N,183,0.88282504,0.35,0.07,0.826409158
Cc1nc(N(C)C)nc(NC2CC2)c1C#N,183,0.826242271,0.368421053,0.1,0.817407236
O=C1NC(=S)N=C1Cc1ccc(Br)cc1,184,0.841525558,0.575,0.186666667,0.807173243
O=C1NC(=S)N=C1Cc1ccc(Cl)cc1,184,0.797834854,0.575,0.186666667,0.816998518
O=C1NC(=O)N=C1Cc1ccc(Cl)cc1,184,0.825935025,0.386363636,0.506666667,0.828226357
Cc1ccc(C=NNC(=O)CNC(=O)C23CC4CC(CC(C4)C2)C3)o1,185,0.635810701,1,0,0.699852127
Cc1ccc(C=NNC(=O)CNC23CC4CC(CC(C4)C2)C3)cn1,185,0.644859842,0.444444444,0.05,0.693732227
Cc1csc(CNC(=O)C23CC4CC(CC(C4)C2)C3)c1OC=O,185,0.840090554,0.369230769,0.02,0.649451711
Cc1ccc(C(=O)NC23CC4CC(CC(C4)C2)C3)c(=O)[nH]1,185,0.876550145,0.261538462,0.06,0.704059084
Cc1ccc(CNC(=O)C23CC4CC(CC(C4)C2)C3)c(=O)[nH]1,185,0.900752758,0.393442623,0.03,0.701826562
Cc1nc(CNC(=O)C23CC4CC(CC(C4)C2)C3)c(CO)[nH]1,185,0.796300109,0.365079365,0.05,0.661628271
Cc1nc(CNC(=O)C23CC4CC(CC(C4)C2)C3)c(C=O)[nH]1,185,0.838359495,0.380952381,0.06,0.651667099
Cc1nc(CNC(=O)C23CC4CC(CC(C4)C2)C3)nc2c1C(=O)CCC2,185,0.906033851,0.31884058,0.01,0.681406535
Cc1nc(CNC(=O)C23CC4CC(CC(C4)C2)C3)cc(=S)[nH]1,185,0.841218439,0.396825397,0.06,0.660908613
Cc1nc(CNC(=O)C23CC4CC(CC(C4)C2)C3)cc(=O)[nH]1,185,0.895271534,0.403225806,0.07,0.674883216
COCn1cc(CNC(=O)C23CC4CC(CC(C4)C2)C3)nc1C,185,0.90806197,0.353846154,0.02,0.675142154
COC[n+]1ccc(NC(=O)C23CC4CC(CC(C4)C2)C3)nc1C,185,0.868142945,0.323529412,0.02,0.632217445
COCn1ccc(NC(=O)C23CC4CC(CC(C4)C2)C3)c1C(=O)O,185,0.868540456,0.313432836,0,0.669287722
COCn1ccc(C(=O)NC(=O)C23CC4CC(CC(C4)C2)C3)n1,185,0.861656661,0.308823529,0.01,0.68384938
COc1ccc(NC(=O)C23CC4CC(CC(C4)C2)C3)cc1SC,185,0.821279146,0.298507463,0,0.720107422
COc1ccc(CNC(=O)C23CC4CC(CC(C4)C2)C3)cc1C,185,0.917030605,0.387096774,0.02,0.742280149
COc1ccc(CNC(=O)C23CC4CC(CC(C4)C2)C3)c(C)c1C,185,0.902193136,0.387096774,0,0.723097903
CCCCN(C(=O)c1ccccc1)C1C(=N)N(CCC)C(=O)NC1=O,186,0.794113821,0.763636364,0,0.761046103
C=CCN(C(=O)c1ccccc1)C1C(=O)N(CCCC)C(=O)NC1C,186,0.773153335,0.315789474,0.05,0.737362498
CCCC(=NCc1cccc(C#N)c1)C1C(=O)NC(CC)C1=O,186,0.646603207,0.25,0.03,0.691469074
CCCC(=NCc1ccc(C#N)cc1)C1C(=O)NC(CC)C1=O,186,0.646603207,0.297297297,0.02,0.697315708
CCCCN(C(=O)c1ccc(C#N)cc1)C1CC(=O)NC1CC,186,0.876515259,0.507692308,0.03,0.735940227
CCCN(C(=O)c1ccc(C#N)cc1)C1CC(=O)NC1CC,186,0.904319116,0.432835821,0.03,0.734308062
CCCN(C(=O)c1ccc(C#N)cc1)C1CCNC1=O,186,0.896660389,0.476190476,0,0.796551933
CCCN(C(=O)c1ccc(C#N)cc1)C1CC1NC,186,0.874305486,0.428571429,0.02,0.751902403
CCCN(C(=O)c1ccc(C#N)cc1)C1CC1,186,0.794584635,0.457627119,0.02,0.893534591
CCCN(C(=O)c1ccc(C#N)cn1)C1CC1,186,0.792684665,0.338235294,0.07,0.855679272
CCCN(C(=O)c1ccc(C#N)nc1)C1CC1,186,0.792684665,0.31884058,0.05,0.851611515
CCCN(C(=O)c1ccc(C#N)nc1)C1CCCNC1,186,0.902731816,0.333333333,0.1,0.779870508
CCCN(C(=O)c1ccc(C#N)cn1)C1CCCNCC1,186,0.918181616,0.337837838,0.12,0.788465496
CCCCN(C(=O)c1ccc(C#N)cn1)C1CCNCC1,186,0.897914745,0.405797101,0.1,0.835262675
CCCCN(C(=O)c1ccc(C#N)cn1)C1CCCNCC1,186,0.905906918,0.402777778,0.13,0.789071545
NCCCN(C(=O)c1ccc(C#N)cn1)C1CCCCC1,186,0.897890905,0.297297297,0.21,0.845436264
NCCCN(C(=O)c1ccc(C#N)cn1)C1CCCCNCC1,186,0.853130129,0.291139241,0.22,0.778485605
NCCCCN(C(=O)c1ccc(C#N)cn1)C1CCCNCC1,186,0.771031901,0.307692308,0.24,0.77847325
NCCCCN(C(=O)c1ccc(C#N)cn1)C1CCNCC1,186,0.760766646,0.306666667,0.21,0.824503754
NCCN(C(=O)c1ccc(C#N)cn1)C1CCCCNCC1,186,0.860771513,0.265822785,0.21,0.776563852
NCCN(CCC(=O)c1ccc(C#N)cn1)C1CCCCNCC1,186,0.732660794,0.214285714,0.2,0.760450232
NCCCCCN(C(=O)c1ccc(C#N)cn1)C1CCCNCC1,186,0.741978129,0.303797468,0.23,0.778813219
NCCCN(CCC(=O)c1ccc(C#N)cn1)C1CCCNCC1,186,0.698521687,0.240963855,0.22,0.761804078
NCCCCCN(C(=O)c1ccc(C#N)cn1)C1CCCCNCC1,186,0.738964835,0.283950617,0.21,0.778783923
NCCCN(C(=O)c1ccc(C#N)cn1)C1CCCCNC1=O,186,0.817157363,0.320512821,0.16,0.762891124
NCCN(C(=O)c1ccc(C#N)cn1)C1CCC2CCNC2C1,186,0.860356205,0.256097561,0.19,0.689995675
NCCCN(C(=O)c1ccc(C#N)cn1)C1CCCCCC1,186,0.846701178,0.297297297,0.21,0.846196306
NCCCN(C(=O)c1ccc(C#N)cn1)C1CCCC1,186,0.883710744,0.301369863,0.19,0.84422627
NCCCN(C(=O)c1ccc(C#N)cn1)C1CCC1,186,0.862410646,0.305555556,0.2,0.842901319
NCCCN(C(=O)Nc1ccc(C#N)cn1)C1CCC1,186,0.852965052,0.276315789,0.24,0.838621108
NCCCN(C(=O)c1ccc(C#N)cn1)C1CCCCP1,186,0.842580974,0.294871795,0.17,0.660035559
NCCCN(C(=O)c1ccc(C#N)cn1)C1CCCCS1,186,0.899114583,0.278481013,0.16,0.722830624
CC1CN(C(=O)COC(=O)C2(c3ccc(F)cc3)CCCC2)CC(C)O1,187,0.772184779,1,0,0.764743038
CC1CN(C(=O)COC(=O)C2(c3ccc(F)cc3)CCCC2)C1,187,0.801685845,0.8125,0,0.854344219
CC1CN(C(=O)COCc2ccc(F)cc2)CC(C2CCCC2)O1,187,0.829647577,0.483870968,0.01,0.769755255
CC1CCN(C(=O)COCc2ccc3ccccc3c2)C(F)C1,187,0.800648806,0.210526316,0.01,0.767703966
CC1CCN(C(=O)COCc2ccc3ccccc3c2)CC1F,187,0.863149001,0.260273973,0.01,0.779790679
CC1CCN(C(=O)COCc2ccc(F)c(C3CCCC3)c2)C1,187,0.824375329,0.291666667,0,0.814992831
CC1CCN(C(=O)COCc2cccc(C3CCCC3)c2)CC1F,187,0.812850811,0.266666667,0.02,0.76020899
CC1CCN(C(=O)COCc2ccc(-c3ccc(F)cc3)o2)CC1,187,0.835355911,0.338235294,0,0.873837901
CC1CCN(C(=O)COCc2ccc(-c3ccc(F)cc3)o2)CCN1,187,0.904505411,0.315068493,0.07,0.799524521
CC1CN(C(=O)CN2CCCC2)CCN1C(=O)c1ccc(F)cc1,187,0.843795385,0.318181818,0,0.841116728
CC1CN(C(=O)CN2CCCC2)CCN1C(=O)OCc1ccc(F)cc1,187,0.822056065,0.333333333,0,0.827271226
CC1CN(C(=O)C2(NC=O)CCCC2)CCN1Cc1ccc(F)cc1,187,0.828199257,0.323943662,0.01,0.76796564
CC1(C)CN(C(=O)OC2CCCC2)CCN1Cc1ccc(F)cc1,187,0.842735461,0.289855072,0,0.84451727
CC1CN(C(=O)OC2CCCC2)CCN1Cc1ccc(F)cc1,187,0.855434731,0.313432836,0.02,0.8246236
CC1(C)CN(C(=O)Oc2ccc(F)cc2)CCN1C1CCCC1,187,0.833451563,0.279411765,0,0.840095029
CC1(CC(=O)N2CCCN(c3ccc(F)cc3)CC2)OCCO1,187,0.853727861,0.318181818,0.01,0.846781828
CC1CN(C(=O)COC2CCCC2)CCN1Cc1ccc(F)cc1,187,0.830022352,0.358208955,0.02,0.819759708
CC1CN(C(=O)COc2ccccc2)CCN1Cc1ccc(F)o1,187,0.844043112,0.287671233,0.03,0.794363944
CC1CN(C(=O)COc2ccccc2)CCN1Cc1ccco1,187,0.84998108,0.260273973,0.02,0.834070836
CC1CN(C(=O)COc2cccnc2)CCN1c1ccc(F)cc1,187,0.863657565,0.319444444,0.03,0.826300399
CC1CN(C(=O)COC2CC2)CCN1Cc1ccc(F)cc1,187,0.834395334,0.348484848,0.02,0.823286366
CC1CN(C(=O)COc2ccccc2)CCN1c1ccc(F)cc1,187,0.865005591,0.348484848,0.02,0.850369964
CC1CN(C(=O)COc2cncnc2)CCN1Cc1ccc(F)cc1,187,0.826708901,0.323943662,0.07,0.80974012
CC1CN(C(=O)COc2ccccc2)CCN1Cc1ccc(F)cc1,187,0.837518374,0.338235294,0.02,0.852163838
CC1CN(C(=O)COc2ccc(F)cc2)CCN1Cc1ccc(F)cc1,187,0.821566515,0.353846154,0.01,0.845185363
CC1CN(C(=O)COc2ccc(F)cc2)CCN1c1ccc(F)cc1,187,0.852927526,0.365079365,0.02,0.843409627
CC1CN(C(=O)COc2cccc(F)c2)CCN1c1ccc(F)cc1,187,0.852927526,0.333333333,0.02,0.835446464
CC1CN(C(=O)COc2cccc(-c3ccc(F)cc3)c2)CC(C)N1,187,0.928372735,0.363636364,0.15,0.794455609
CC1CN(C(=O)COc2cccc(-c3ccc(F)cc3)c2)CCCN1,187,0.92836547,0.357142857,0.15,0.833334778
CC1CN(C(=O)COc2cccc(-c3ccc(F)cc3)c2)CCN1,187,0.938163497,0.328571429,0.16,0.834677433
CC1CN(C(=O)COc2cccc(-c3ccc(F)cc3F)c2)CCN1,187,0.92562858,0.293333333,0.11,0.818526637
CC1CN(C(=O)COc2cccc(-c3ccc(F)cc3F)c2)CCCN1,187,0.910312241,0.32,0.1,0.817623201
CC1CN(C(=O)COc2cncc(-c3ccc(F)cc3F)c2)CC(N)CN1,187,0.846465476,0.2875,0.37,0.738921151
CC1CN(C(=O)COc2cncc(-c3ccc(F)cc3F)c2)CCC(N)CN1,187,0.834137301,0.261904762,0.37,0.741854444
CC1CN(C(=O)COc2cncc(-c3ccc(F)cc3F)c2)CCC(N)=N1,187,0.891042616,0.271604938,0.34,0.759392073
CC1CN(C(=O)COc2cncc(-c3ccc(F)cc3)c2)CC(N)C1O,187,0.862206202,0.328767123,0.29,0.743205571
CC1CN(C(=O)CCOc2cncc(-c3ccc(F)cc3)c2)CC1N,187,0.905437066,0.297297297,0.32,0.773120398
CC1CN(C(=O)COc2cncc(-c3ccc(F)cc3)c2)CC1N,187,0.932285831,0.342857143,0.31,0.778110833
CC1CN(C(=O)COc2cncc(-c3ccc(F)cc3)c2)CCC1N,187,0.925873724,0.310810811,0.3,0.778720831
CC1(C)CN(C(=O)COc2cncc(-c3ccc(F)cc3)c2)C1,187,0.870511402,0.308823529,0.31,0.864404555
CC(C)n1cc(C(O)Nc2ccccc2)cc1O,188,0.726966159,1,0,0.750817774
CC(C)n1cc(C(O)Nc2ccccc2)cc1N,188,0.725688646,0.717948718,0.04,0.751132235
CC(C)n1cc(CNCc2ccccc2)cc1N,188,0.847580743,0.326530612,0.04,0.847937653
CC(C)n1cc(CNCC(O)c2ccccc2)cc1,188,0.835692575,0.326923077,0,0.80525234
CC(C)n1cc(CNCCCO)c2ccccc21,188,0.768956224,0.272727273,0.02,0.867034183
CC(C)Cn1cccc1C(N)Cc1ccccc1,188,0.855756499,0.185185185,0.01,0.811793671
CC(C)C(Nc1ccccc1)n1ccc(N)n1,188,0.848731103,0.3,0.02,0.776449419
CC(C)C(Nc1ccccc1)n1ccc(N)c1,188,0.844060121,0.333333333,0.04,0.76448147
CC(C)C(Nc1ccccc1)n1ccc(CN)c1,188,0.846456917,0.32,0.04,0.764414787
CC(C)n1ccc(CC(N)CCc2ccccc2)n1,188,0.864298652,0.192982456,0,0.816473993
CC(C)C(Cc1ccccc1)NCc1ccccn1,188,0.853880722,0.178571429,0,0.856265254
CC(C)C(Cc1ccccc1)NCc1cccc(N)n1,188,0.847239314,0.169491525,0.07,0.831748781
CC(C)n1ccc(CNCC(N)c2ccccc2)n1,188,0.835293117,0.232142857,0.01,0.807550631
CC(C)n1cc(CCCN)c(NCc2ccccc2)n1,188,0.814445454,0.216666667,0.1,0.840574988
CC(C)C(N)c1ccccc1NCc1ccccn1,188,0.861096612,0.152542373,0.03,0.826826129
CC(C)n1cc(CCC(O)CN)c2ccccc21,188,0.851208726,0.277777778,0.07,0.799485774
CC(C)n1cc(CCN)cc1NCc1ccccc1,188,0.834356376,0.301886792,0.05,0.838865787
CC(C)n1ccc(CCN)c1NCc1ccccc1,188,0.834356376,0.254545455,0.05,0.843925046
CC(C)n1ccc(CCN)c1C(=O)c1ccccc1,188,0.836171677,0.254545455,0.02,0.846825847
CC(C)n1ccc(CCNc2ccccc2)c1C(N)=O,188,0.848375677,0.309090909,0.02,0.846997207
CC(C)n1ccc(NC(=O)COc2ccccc2)c1N,188,0.879573822,0.25862069,0.05,0.865198855
CC(C)n1cc(N)cc1NCC(F)COc1ccccc1,188,0.820862717,0.271186441,0.11,0.755313992
CC(C)n1cc(N)cc1NC(=O)OCc1ccccc1,188,0.896583638,0.298245614,0.04,0.848831273
CC(C)n1cc(N)cc1NCCc1ccccc1OCC#N,188,0.822660618,0.26984127,0.09,0.810471874
CC(C)n1cc(N)cc1NC(=O)c1ccccc1OC#N,188,0.844089308,0.3,0.07,0.802044107
CC(C)n1cc(N)cc1C(=O)Nc1ccccc1OC#N,188,0.844089308,0.3,0.04,0.826510155
CC(C)n1cc(N)cc1NC(=O)Nc1ccccc1,188,0.790017879,0.38,0.17,0.856945731
CC(C)n1cc(N)cc1NC(=O)Nc1ccncc1,188,0.791806543,0.267857143,0.27,0.825812204
CC(C)n1cc(N)cc1C(=O)Nc1ccncc1,188,0.869650001,0.277777778,0.14,0.858778389
CC(C)n1cc(N)cc1C(=O)NCCc1ccncc1,188,0.874230701,0.233333333,0.23,0.857250229
CC(C)n1cc(N)c(=O)n1CCC(=O)Nc1ccncc1,188,0.865279511,0.19047619,0.2,0.797702728
CC(C)n1cc(N)cc1C(=O)NCCCc1ccncc1,188,0.800894625,0.225806452,0.21,0.854906351
CC(C)n1cc(N)cc1C(=O)Nc1cc(CBr)ccn1,188,0.841775638,0.222222222,0.24,0.823330444
CC(C)n1cc(N)nc1CCNC(=O)Nc1ccncc1,188,0.781077242,0.222222222,0.23,0.815435686
CC(C)n1cc(N)nc1CNC(=O)Nc1ccncc1,188,0.790872606,0.237288136,0.23,0.815386218
CC(C)n1cc(N)nc1CNC(=O)Nc1cc(Br)ccn1,188,0.786709116,0.215384615,0.24,0.789933232
CCC1=NN(C(=O)c2ccc([N+](=O)[O-])cc2)C(O)(c2ccccc2)C1,189,0.683752952,1,0,0.790945077
CCC1=NN(C(=O)c2ccc(S(O)O)cc2)C(C)(c2ccccc2)C1,189,0.703662155,0.561403509,0,0.688481561
CC1=NN(C(=O)c2ccc(SO)cc2)C(O)(c2ccccc2)CC1,189,0.834165341,0.45,0.02,0.745110619
CC1=NN(C(=O)c2ccc(CO)cc2)C(O)(c2ccccc2)CC1,189,0.911383534,0.466666667,0,0.785998855
CC1=NN(C(=O)c2ccc(CF)cc2)C(O)(c2ccccc2)CC1,189,0.936533007,0.459016393,0,0.771436185
CCC1=NN(C(=O)c2ccc(CC)cc2)C(O)(c2ccccc2)CC1,189,0.91383097,0.581818182,0,0.781231729
CCC1=NN(C(=O)c2ccc(CCC)cc2)C(O)(c2ccccc2)CC1,189,0.863836453,0.551724138,0,0.779715717
CCC1=NN(C(=O)c2ccc(CCCO)cc2)C(O)(c2ccccc2)CC1,189,0.822232784,0.524590164,0,0.772429186
CCC1=NN(C(=O)c2ccc(CCN)cc2)C(O)(c2ccccc2)CC1,189,0.868894734,0.533333333,0.07,0.771444823
CCC1=NN(C(=O)c2ccc(CCN)cc2)C(O)(c2ccccc2)C1,189,0.880166248,0.666666667,0.05,0.7910794
CCC1=NN(C(=O)c2ccc(CCN)cc2)C(c2ccccc2)CC1,189,0.89975886,0.333333333,0.01,0.791691402
CCC1=NN(C(=O)c2ccc(CCN)cc2)C(c2ccccc2)S1,189,0.901216219,0.285714286,0.02,0.78575235
CCC1=NN(C(=O)c2ccc(CCN)cc2)C(c2ccccc2)C1,189,0.915419725,0.343283582,0.01,0.801592484
CCC1=NN(C(=O)c2ccc(CCN)cc2)C(N)(c2ccccc2)C1,189,0.879971879,0.516666667,0.05,0.76232577
CCC1=NN(C(=O)c2ccc(CCN)cc2)C(N)(c2ccccc2)CC1,189,0.869144081,0.453125,0.09,0.750810727
CCC1=NN(C(=O)c2ccc(CCN)cc2)C(N)C1(C)c1ccccc1,189,0.869226933,0.352941176,0.03,0.724874755
CCCC1=NN(C(=O)c2cccc(CCN)c2)C(N)C1(C)c1ccccc1,189,0.826063241,0.28,0.04,0.718634714
CCCC1=NN(C(=O)c2cccc(CCN)c2)C(C)(c2ccccc2)CC1CCN,189,0.692889881,0.328947368,0.09,0.706909691
CCCC1=NN(C(=O)c2cccc(CCN)c2)C(C)(c2ccccc2)CC1,189,0.821571333,0.366197183,0.1,0.762117698
CCCC1=NN(C(=O)c2cccc(-c3ccccc3)c2)C(C)(CCN)C1,189,0.836647374,0.367647059,0.2,0.769924449
CCC1=NN(C(=O)c2cccc(-c3ccccc3)c2)C(C)(C(N)CN)CC1,189,0.852569252,0.371428571,0.21,0.716164673
CC1=NN(C(=O)c2cccc(-c3ccccc3)c2)C(C)(C(=N)CCN)C1,189,0.807684348,0.309859155,0.18,0.753274464
CC1=NN(C(=O)c2cccc(-c3ccccc3)c2)C(C)(C(N)CN)CC1,189,0.888735153,0.287671233,0.19,0.725460846
CC1=NN(C(=O)c2cccc(-c3ccccc3)c2)C(C)(CCCN)CC1,189,0.865985807,0.291666667,0.2,0.768935675
CC1=NN(C(=O)c2cccc(-c3ccc(CN)cc3)c2)C(C)(C)CC1,189,0.913502516,0.263888889,0.19,0.832024857
CC1=NN(C(=O)c2cccc(-c3ccccc3)c2)C(C)(CC(N)CN)C1,189,0.869118248,0.305555556,0.19,0.731279813
CC1=NN(C(=O)c2cccc(-c3ccccc3)c2)C(C)(CC(N)CN)CC1,189,0.852569252,0.28,0.2,0.719047871
CC1=NN(C(=O)c2cccc(-c3ccccc3)c2)C(C)(CCCCCCN)C1,189,0.639323508,0.309859155,0.17,0.781482688
CC1=NN(C(=O)c2cccc(-c3ccccc3)c2)C(C)(CCCCN)C1,189,0.782650454,0.314285714,0.17,0.783081621
CC1=NN(C(=O)c2cccc(-c3ccccc3)c2)C(C)(CCCN)C1,189,0.895064669,0.31884058,0.17,0.782211144
CC1=NN(C(=O)c2cccc(-c3ccccc3)c2)C(C)(CC2CC2)C1,189,0.763298154,0.31884058,0.08,0.782597276
CC1=NN(C(=O)c2cccc(-c3ccccc3)c2)C(C)(CN)C1CCN,189,0.869389392,0.277777778,0.22,0.728913744
CC1=NN(C(=O)c2cccc(-c3ccccc3)c2)C(C)(CN)C1,189,0.945595811,0.333333333,0.18,0.788584615
CC1=NN(C(=O)c2cccc(-c3ccccc3)c2)C(C)(CN)C1=O,189,0.943306621,0.313432836,0.19,0.776261214
CC1=NN(C(=O)c2cccc(-c3ccccc3)c2)C(=N)C1(C)CO,189,0.910729154,0.257142857,0.08,0.758964313
Cc1cc2nc3n(c2cc1C)CC(C(=O)NCc1cccc(C(F)(F)F)c1)N(C)C3,190,0.706706383,0.666666667,0,0.761061446
Cc1cc2nc3n(c2cc1C)CC(C(=O)NCc1cccc(C(F)F)c1)N3C,190,0.745844804,0.546666667,0.03,0.749377387
Cc1cc2nc3n(c(=O)c2cc1C)CC(c1cccc(N(C)C)c1)NC3,190,0.77360131,0.217391304,0.05,0.754758553
Cc1cc2nc3c(cc2cc1C)C(=O)NC(c1ccccn1)N3C,190,0.748758249,0.188888889,0.22,0.756934375
Cc1ccc2nc3c(cc2c1)C(=O)NC(c1cccc(N)c1)N3C,190,0.676677095,0.159574468,0.15,0.769658583
Cc1ccc2nc(C(=O)NC3CCCN(C)C3)n(C)c2c1,190,0.914049348,0.213483146,0.01,0.802181789
Cc1ccc2nc(C(=O)NC3CCCN(C)C3)n(CC)c2c1,190,0.945088728,0.217391304,0.01,0.799629046
Cc1cccc2c(=O)n(CN3CC4CCC(C3)NC4)n(C)c12,190,0.908612951,0.173913043,0.02,0.603972184
Cc1cccc2c(=O)n(CN3CC4CCC(C3)NC4)nc(N)c12,190,0.862401282,0.168421053,0.14,0.630406523
CC1CN(C(=O)c2cc3ccccc3n2CN)CC1NC1CC1,190,0.90423353,0.182795699,0.01,0.730894125
CC1C(=O)NC(c2cccc(CN)c2)CN1C1CCCN(C)C1,190,0.876578197,0.178947368,0.13,0.703070178
CC1CC(NC(=O)c2ccnn2C)CN1Cc1cccc(CN)c1,190,0.867055739,0.225806452,0.16,0.758258797
CCC(NC1CNCN(C)C1)c1nc2ccccc2c(=O)n1CC,190,0.866194075,0.1875,0.06,0.720777349
CCC(NC1CNC(=O)C1)c1nc2cccc(CN(C)C)n2n1,190,0.821310308,0.15,0.06,0.679223356
CCC(NC1CNC(=O)C1)c1nc2cccc(CN(C)C)c2[nH]1,190,0.7561614,0.151515152,0.04,0.705027143
CC(C)C1NC(=O)CN1Cc1nc2cc(C#N)ccc2n1C,190,0.928018293,0.191489362,0.1,0.735925885
Cc1cccc2c(CNC(=O)C3CC(=O)NCN3C)cc(CN)nc12,190,0.74716389,0.293478261,0.09,0.74105167
Cc1cc(CNC(=O)C2CN(C)CC2C)nc2c(CN)cccc12,190,0.898875606,0.292134831,0.11,0.736729378
Cc1cccc2c(CNC(=O)C3CN(C)C3)cc(C(N)=O)nc12,190,0.874642815,0.305882353,0.04,0.842529769
Cc1cccc2c(CNC(=O)C3CC(N)CN3C(C)C)cc(CN)nc12,190,0.753714712,0.325842697,0.09,0.725056274
Cc1cccc2c(CNC(=O)C3CC(N)CN3C(C)C)cn(CCCN)c12,190,0.691360439,0.293478261,0.13,0.719841059
Cc1cccc2c(CNC(=O)C3CC(N)CN3C(C)C)nccc12,190,0.900992137,0.310344828,0.09,0.740846714
Cc1cccc2c(CNC(=O)C3CC(N)CN3C)cnc(C#N)c12,190,0.88056737,0.296703297,0.08,0.713550274
Cc1cccc2c(CNC(=O)C3CC(N)C3)nc(C(C)C)nc12,190,0.90821141,0.294117647,0.06,0.824033066
Cc1cccc2c(CNC(=O)C3CC(N)C3)nc(C#N)nc12,190,0.883826808,0.275862069,0.08,0.805761017
Cc1cc(CNC(=O)C2CC(N)C2)cc2c(C(C)C)ncn12,190,0.908167114,0.264367816,0.06,0.786602106
Cc1cc2c(CNC(=O)C3CC(N)C3)ncnc2cc1C,190,0.896762172,0.268292683,0.07,0.834569306
Cc1cc(CNC(=O)C2CC(N)C2)nc2c(C#N)cncc12,190,0.883826808,0.21978022,0.12,0.791789768
Cc1ccnc2c(C(=O)NCC3CCN(C)C3)nccc12,190,0.930250672,0.215909091,0.06,0.791435496
Cc1cc(CNC(=O)C2CC(C)C2)nc2c(CN)cncc12,190,0.905032656,0.222222222,0.15,0.803324195
Cc1ccncc1C(=O)NCc1ccc2[nH]c(C3CC3)nc2c1,190,0.777919,0.241758242,0.24,0.857740336
Cc1ccncc1C(=O)NCc1ccnc(-n2cnc3c2CNC3)c1,190,0.755289565,0.206185567,0.19,0.794052263
Cc1ccncc1C(=O)NCc1ccnc(-n2cnc3c2CNCC3)c1,190,0.747174128,0.2,0.2,0.794964762
Cc1ccncc1-c1ccc(CNC(=O)C2Cc3nc[nH]c3C2)c(N)n1,190,0.665761179,0.188118812,0.33,0.74550869
Cc1ccncc1-c1cc(CNC(=O)C2Cc3cncnc3C2)ccn1,190,0.784464622,0.23655914,0.18,0.76514537
Cc1cnccc1C(=O)NCc1ccc2[nH]c(C3CCNCC3)nc2c1,190,0.676186882,0.231578947,0.2,0.83522711
Cc1cnccc1CNC(=O)c1ccc2[nH]c(C3CC3)nc2c1,190,0.777919,0.20212766,0.17,0.858458751
Cc1cnccc1-c1ccc2[nH]c(C3CC(N)C3)nc2c1CN,190,0.693025695,0.12371134,0.37,0.791842721
Cc1cnccc1-c1ccc2[nH]c(C3CC(N)C3)nc2c1,190,0.756401301,0.139784946,0.48,0.828519341
Cc1cnccc1-c1ccc2[nH]cc(C3CC(N)C3)c2n1,190,0.756401301,0.115789474,0.39,0.813026008
Cc1cnccc1-c1ccc2[nH]cc(C3CC3N)c2c1,190,0.744600525,0.117021277,0.64,0.763250531
Cc1cnccc1-c1ccc2[nH]cc(C3CCNC3)c2c1,190,0.750903442,0.102040816,0.56,0.790489822
NCc1ccncc1-c1ccc2[nH]nc(C3CCNC3)c2c1,190,0.691141426,0.078431373,0.71,0.750358063
NCc1ccncc1-c1ccc2[nH]cc(C3CCNC3)c2c1,190,0.695150867,0.077669903,0.7,0.7762383
NCc1ccncc1-c1ccc2[nH]nc(N3CCNC3)c2c1,190,0.68083965,0.078431373,0.71,0.790854275
NCc1ccncc1-c1ccc2[nH]nc(C3CNC3)c2c1,190,0.682411195,0.092783505,0.69,0.793353847
NCc1ccccc1-c1ccc2[nH]nc(C3CC3)c2c1,190,0.758699104,0.097826087,0.65,0.850139212
NCc1cnccc1-c1ccc2[nH]nc(N3CCC3)c2c1,190,0.771424054,0.080808081,0.68,0.829782851
NCc1cnccc1-c1ccc2[nH]nc(N)c2c1,190,0.633659933,0.064516129,0.79,0.833544045
NCCCNCc1ccc2[nH]nc(-c3ccncc3)c2c1,190,0.604233846,0.120879121,0.56,0.857155479
NCc1cnccc1-c1ccc2[nH]nc(C3CCC3)c2c1,190,0.77167157,0.080808081,0.7,0.817587643
NCc1ccncc1-c1ccc2[nH]nc(-c3cccs3)c2c1,190,0.604517615,0.07,0.7,0.832965518
Cc1ccc(-c2ccc3[nH]nc(C4CCNCC4)c3c2)cc1,190,0.748834911,0.1,0.56,0.849359127
CCc1ccc(CN2CCCC(C(=O)c3cccs3)C2)o1,191,0.782880087,0.696428571,0.02,0.801603709
Cc1ccc(CN2CCCC(C(=O)c3cccs3)C2)nc1,191,0.80969703,0.426470588,0.01,0.813790595
Cc1ccc(CN2CCCC(C(=O)c3cccs3)C2)cn1,191,0.80969703,0.426470588,0.02,0.81960497
Cc1ccc(CN2CCCC(C(O)c3cccs3)C2)c(O)c1,191,0.903303611,0.293333333,0.03,0.770077041
Cc1ccc(CN2CCCC(C(O)c3cccs3)C2)nc1,191,0.940162196,0.293333333,0.04,0.766565962
Cc1ccc(CN2CCCC(C(O)c3nccs3)C2)c(C)c1,191,0.934017681,0.347222222,0.03,0.766428689
Cc1ccc(CN2CCCC(c3ncc(C)cn3)C2)c(S)c1,191,0.874837789,0.25,0.01,0.772508419
Cc1ccc(CN2CCCC(c3nccc(C)n3)C2)c(S)c1,191,0.874837789,0.253333333,0.01,0.775083755
Cc1ccc(CN2CCCC(c3nccc(CO)n3)C2)s1,191,0.943295181,0.301369863,0.04,0.77764835
Cc1cnc(CN2CCCC(c3cccc(CN)n3)C2)s1,191,0.943203474,0.25,0.24,0.763717455
Cc1cnc(CN2CCCC(c3ccnc(CN)n3)C2)s1,191,0.936350211,0.25,0.24,0.745225399
Cc1cnc(CN2CCCC(c3cc(CN)ccn3)C2)[nH]1,191,0.900497753,0.230769231,0.24,0.762384542
Cc1cnc(CN2CCCC(Nc3cc(CN)ccn3)C2)[nH]1,191,0.781841316,0.234567901,0.28,0.771329542
Cc1cnc(CN2CCCC(Nc3cc(CN)ccn3)C2)c(C)n1,191,0.874937279,0.253164557,0.26,0.771882785
Cc1cnc(CN2CCCC(Nc3cc(CN)ccn3)C2)c(C)c1,191,0.884412231,0.25,0.29,0.787403186
Cc1cnc(CN2CCCC(Nc3cc(C)cc(CN)n3)C2)c(C)c1,191,0.876562425,0.222222222,0.24,0.774104102
Cc1cc(C)c(CN2CCCC(Nc3nccc(CN)n3)C2)c(C)c1,191,0.876562425,0.240506329,0.26,0.788996843
Cc1cnc(CN2CCCC(Nc3nccc(CC(C)(C)CN)n3)C2)[nH]1,191,0.70232494,0.204545455,0.42,0.733511975
Cc1cnc(CN2CCCC(Nc3nccc(Cn4cc(C)[nH]4)n3)C2)s1,191,0.696889125,0.228915663,0.32,0.715446946
Cc1cc2c(CN3CCCC(Nc4nccc(C)n4)C3)c[nH]c2cn1,191,0.766213797,0.211764706,0.32,0.775482422
Cc1cnc(CN2CCC(Nc3ncnc(-n4cc(C)cn4)n3)C2)cn1,191,0.73099597,0.176470588,0.22,0.746517435
Cc1ccc(CN2CCC(Nc3nccc(-c4cncc(C)c4)n3)C2)s1,191,0.742999928,0.195402299,0.5,0.780915208
Cc1cnc(CN2CCC(Nc3nccc(-c4cncc(C)c4)n3)C2)s1,191,0.747283107,0.186046512,0.52,0.761562981
Cc1cnc(CN2CCC(Nc3nccc(-c4ccncc4CN)n3)C2)s1,191,0.677298273,0.179775281,0.7,0.745762132
Cc1ccc(CN2CCC(Nc3nccc(-c4ccncc4CN)n3)C2)s1,191,0.684144369,0.188888889,0.69,0.764379464
Cc1ccc(CN2CCC(Nc3nccc(-c4ccnc(C)c4)n3)C2)s1,191,0.742999928,0.202380952,0.53,0.784718649
Cc1ccc(CN2CCC(Nc3nccc(-c4ccnc(C)c4)n3)CC2)s1,191,0.716470319,0.178571429,0.56,0.836378041
Cc1ccc(CN2CCC(Nc3nccc(-c4ccnc(C)c4)n3)C2CN)s1,191,0.668147655,0.153846154,0.56,0.713478323
Cc1ccc(CN2CCC(Nc3nccc(-c4cccc(CN)c4)n3)C2)cn1,191,0.690429392,0.164835165,0.58,0.800879475
Cc1ccc(CN2CCC(Nc3nccc(-c4ccncc4CN)n3)C2)c(C)c1,191,0.674432223,0.188888889,0.65,0.779578465
Cc1cnc(CN2CCC(Nc3nccc(-c4ccncc4CN)n3)CC2)s1,191,0.662778314,0.157303371,0.72,0.798378837
Cc1ccc(CN2CCC(Nc3nccc(-c4ccncc4CN)n3)C2)cc1,191,0.690429392,0.168539326,0.64,0.792830319
Nc1ccc(CN2CCC(Nc3nccc(-c4ccnc5ccccc45)n3)C2)s1,191,0.524786826,0.179775281,0.51,0.772387039
Cc1ccc(CN2CCC(Nc3nccc(-c4ccncc4C#N)n3)C2)cc1,191,0.741567097,0.166666667,0.61,0.793824316
Nc1ccc(CN2CCC(Nc3nccc(-c4ccncc4CF)n3)C2)cn1,191,0.680040829,0.152173913,0.57,0.759582665
Cc1ccc(CN2CCC(Nc3nccc(-c4ccncc4C#N)n3)C2)o1,191,0.747664601,0.244186047,0.63,0.768120262
CC1CN(C(=O)C=Cc2ccc3c(c2)OCO3)CC(C)O1,192,0.782004163,1,0,0.773062738
CC1CN(C(=O)C=Cc2ccc3c(c2)OCO3)CC1C,192,0.777277662,0.813953488,0,0.762325294
CC1CN(C(=O)CCc2ccc3c(c2)OCO3)CC1C,192,0.850305624,0.418181818,0,0.781518547
CC1CN(C(=O)c2ccc3c(c2)OCO3)CCC1C,192,0.779465268,0.444444444,0,0.797498414
CC1CN(C(=O)c2ccc3c(c2)OCO3)CCC1O,192,0.828342076,0.428571429,0,0.790985309
CC1CN(CCc2ccc3c(c2)OCO3)CC1CO,192,0.894036464,0.333333333,0.03,0.768941844
CC1CN(Cc2ccc3c(c2)OCO3)CCC1O,192,0.86451194,0.338983051,0.01,0.790375391
CC1CN(Cc2ccc3c(c2)OCO3)CC1C,192,0.783096127,0.365384615,0.01,0.788330794
CC1CN(CCc2ccc3c(c2)OCO3)CC1C,192,0.819042902,0.351851852,0.02,0.782199355
CC1CN(CCc2ccc3c(c2)OCO3)CCC1O,192,0.900328416,0.327868852,0.02,0.783723662
COC1CN(CCc2ccc3c(c2)OCO3)CC1C,192,0.830251557,0.31147541,0.04,0.780763662
COC1CN(CCc2ccc3c(c2)OCO3)C1C,192,0.81204706,0.316666667,0.06,0.755831604
CCC1CN(CCc2ccc3c(c2)OCO3)CC1C,192,0.831522504,0.316666667,0.03,0.774979886
CCC1CN(CCc2ccc3c(c2)OCO3)C1C,192,0.816233297,0.322033898,0.08,0.757315627
CCC1CN(Cc2ccc3c(c2)OCO3)C1C,192,0.800792667,0.333333333,0.09,0.760605205
Oc1n[n+](-c2ccc(Cl)cc2)cc2ccccc12,193,0.680861263,1,0,0.795270968
Oc1nc(-c2ccc(Cl)cc2)ccc1[O+],193,0.750357381,0.295454545,0.04,0.806180936
[O-]c1nc(-c2ccc(Cl)cc2)ccc1[O+],193,0.692586155,0.239130435,0.01,0.767569947
[O-]c1nc(-[n+]2ccc(Cl)cc2)ccc1[O-],193,0.644720757,0.239130435,0.02,0.644011705
Oc1nc(-c2ccc(Cl)cc2)ccc1[O-],193,0.801556459,0.325581395,0.06,0.819521961
Oc1nc(-c2ccc(Cl)cc2)ccc1OCO,193,0.822797221,0.265306122,0.09,0.851894739
Oc1nc(-c2ccc(Cl)cc2)ccc1C=CCO,193,0.892605738,0.254901961,0.1,0.841609146
Oc1nc(-c2ccc(Cl)cc2)ccc1CCCO,193,0.891501264,0.26,0.09,0.868456205
Oc1nc(-c2ccc(Cl)cc2)ccc1CCCCO,193,0.82354188,0.254901961,0.09,0.869261798
Oc1nc(-c2ccc(Cl)cc2)ccc1C1CC1,193,0.868065312,0.276595745,0.06,0.874140572
Oc1nc(-c2ccc(Cl)cc2)cn1C1CCCC1,193,0.887521104,0.230769231,0.09,0.852732803
Oc1nc(-c2ccc(Cl)cc2)cc2c1CCC2,193,0.832888802,0.26,0.08,0.86406813
Oc1nc(-c2ccc(Cl)cc2)cn1C1CC1,193,0.86638139,0.24,0.1,0.850037178
Oc1nc(-c2ccc(Cl)cc2)cnc1CO,193,0.837051791,0.270833333,0.14,0.855965725
Oc1nc(-c2ccc(Cl)cc2)ccc1CO,193,0.841398989,0.311111111,0.09,0.875769486
Oc1nc(-c2ccc(Cl)cc2)ccc1O,193,0.778702602,0.30952381,0.13,0.878499983
Oc1nc(-c2ccc(Cl)cc2)ccc1CBr,193,0.850071596,0.276595745,0.09,0.863282306
Oc1nc(-c2ccc(Cl)cc2)ccc1CCl,193,0.825518887,0.282608696,0.07,0.86863205
Oc1nc(-c2ccc(Cl)cc2)cnc1CCl,193,0.837612791,0.270833333,0.12,0.849589998
Oc1nc(-c2ccc(Cl)cc2)cnc1CBr,193,0.864578162,0.265306122,0.15,0.843031366
Oc1nc(-c2ccc(Cl)cc2)cnc1CCCO,193,0.890082939,0.25,0.17,0.851494214
Oc1nc(-c2ccc(Cl)cc2)cnc1CCO,193,0.874923412,0.26,0.15,0.849740252
Oc1nc(-c2ccc(Cl)cc2)cnc1N,193,0.773546019,0.282608696,0.24,0.859306577
CC(CCN)CN1CCC(C(C)(C)C)CCC1=O,194,0.838072056,0.681818182,0.01,0.749624183
CC(CN1CCC(C(C)(C)C)CCC1=O)C(C)C,194,0.745436116,0.666666667,0,0.760352245
CC(CNCC(C)(C)C)CN1CCC(C)(C)C1=O,194,0.817406323,0.303571429,0,0.747965957
CC(CN)CCC(=O)N1CCCC(C(C)(C)C)CC1,194,0.851581724,0.315789474,0.02,0.775456551
CC(CN)CCC(=O)CN1CCCC(C(C)(C)C)CC1,194,0.814116158,0.327586207,0.01,0.756846257
CCCC(C)CNC(=O)CN1CCC(C(C)(C)C)C1=O,194,0.813183506,0.295081967,0,0.743158223
COCC(=O)CCC(C)CN1CC(C(C)(C)C)CCC1=O,194,0.725651366,0.454545455,0.03,0.724606932
COCC(=O)NCC(C)CN1CC(C(C)(C)C)CCC1=O,194,0.811276792,0.446428571,0,0.745164075
COCC(=O)N1CCN(CN2CC(C(C)(C)C)CCC2=O)CC1,194,0.774311787,0.355932203,0.01,0.779184251
CC(=O)N1CCN(CN2CC(C(C)(C)C)CCC2=O)CC1C,194,0.780848281,0.362068966,0.01,0.726775607
CC(=O)c1ccc(N2CC(C(C)(C)C)CCC2=O)nc1,194,0.778698433,0.278688525,0,0.785559442
COc1ccc(N2CC(C(C)(C)CN)CCC2=O)nc1C,194,0.922384703,0.23880597,0.06,0.74015725
COc1ccc(N2CC(C(C)(C)C)CCC2=O)nc1C,194,0.832809501,0.278688525,0.04,0.775946052
COc1ccc(N2CC(C(C)(C)CN)CCC2=O)nc1,194,0.911151132,0.242424242,0.1,0.750828486
Cc1ccc(N2CC(C(C)(C)CNCCO)CC2=O)nc1,194,0.776608332,0.166666667,0.02,0.735168935
Cc1ccc(N2CC(C(C)(C)CN)CCC2=O)nc1,194,0.906312352,0.253968254,0.12,0.748808455
Cc1ccc(N2CCN(CC(C)(C)CN)CC2=O)nc1,194,0.891756326,0.161764706,0.12,0.819591423
Cc1ccc(N2CCN(CC(C)(C)CN)CC2=O)nc1C,194,0.908548945,0.161764706,0.05,0.806785347
Cc1ccc(N2CCN(CC(C)(C)CN)CC2=O)c(C)n1,194,0.908548945,0.179104478,0.04,0.812255792
Cc1ccc(C)c(N2CCN(CC(C)(C)CN)CC2=O)n1,194,0.908548945,0.179104478,0.13,0.804905725
Cc1ccc(C)c(N2CCN(CC(C)(C)CN)CC2=O)c1,194,0.921293613,0.181818182,0.02,0.838813147
Cc1ccc(C)c(N2CCN(CC(C)(C)CN)CCC2=O)c1,194,0.92851433,0.196969697,0.03,0.845349542
Cc1ccc(C)c(C(C)CN2CCC(C(C)(C)CN)CC2=O)n1,194,0.907859808,0.349206349,0.05,0.698317538
CC(C)(C)CN1CCN(C(=O)c2cc(CN)ccn2)CC1(C)C,194,0.927129814,0.12,0.09,0.802217086
CC(C)(C)C(CN)CN1CCC(c2cc(C#N)ccn2)CC1=O,194,0.923895007,0.308823529,0.15,0.701314777
CC(C)(C)C(CN)CN1CCC(c2cc(C#N)ccn2)CCC1=O,194,0.920819778,0.363636364,0.15,0.707156411
CC(C)(C)C(CN)CN1CCC(c2ccc(C#N)cn2)CCCC1=O,194,0.911315738,0.343283582,0.24,0.71460776
CC(C)(C)C(CN)CN1CCC(c2ccc(C#N)cn2)CCC1=O,194,0.920819778,0.369230769,0.23,0.710990443
CC(C)(C)CC(CN)CN1CCC(c2ccc(C#N)cn2)CCC1=O,194,0.891200416,0.358208955,0.25,0.706976098
CC(C)(C)C(CN)CN1CCC(C(C)c2ccc(C#N)cn2)CC1=O,194,0.891598673,0.31884058,0.21,0.664018336
CC(CN)C(CN1CCC(c2ccc(C#N)cn2)CC1=O)C(C)(C)O,194,0.816379977,0.328571429,0.28,0.662445032
CC(CN)C(O)CN1CCC(c2ccc(C#N)cn2)CCC(C)C1=O,194,0.845007699,0.243243243,0.28,0.661406057
CC(CN)C(c1ccc(C#N)cn1)N1CCC(C(C)(C)O)CC1=O,194,0.853254541,0.281690141,0.25,0.661358907
CC(CN)C(c1ccc(C#N)cn1)N1CCC(C(C)(C)O)C1=O,194,0.849538125,0.236111111,0.22,0.640006864
CC(CN)C(O)CN1CCC(c2ccc(C#N)cn2)CCC1=O,194,0.843403161,0.343283582,0.26,0.689727056
CC(CN)CN1CC(c2ccc(C#N)cn2)CCC1C(N)=O,194,0.826571537,0.205479452,0.16,0.696124045
CC(CN)CN1CCC(c2ccc(C#N)cn2)CCC1=O,194,0.911805489,0.409836066,0.22,0.733712729
CC(CN)CN1CCC(c2ccc(C#N)cn2)C1=O,194,0.868023778,0.317460317,0.26,0.706219384
CC(CN)CN1CCC(c2ccc(C#N)cn2)CC1=O,194,0.893912921,0.349206349,0.24,0.727539267
Cc1ccccc1NC(=O)N(CC(=O)N1CCCC1)C1(C)CC(=O)N=C2C=CC(Cl)=C21,195,0.775404993,0.333333333,0.01,0.702930341
Cc1ccccc1NC(=O)N(CC(=O)N1CCCC1)C1(C)CC(=O)C=C(Cl)C=C1,195,0.811199,0.311111111,0.02,0.732958162
Cc1ccccc1C(=O)N(CC(=O)NC1CCCC1)C1(C)C=CC(=O)C(Cl)=C1,195,0.821866434,0.45,0.01,0.739916243
Cc1ccccc1C(=O)N(CC(=O)N1CCCC1)C1(C)C=C(Cl)C(Cl)=C1,195,0.773728072,0.280487805,0,0.780458476
Cc1ccccc1C(=O)N(CC(=O)NC1CCCC1)C1(C)CCC(Cl)=C1,195,0.840315474,0.4125,0,0.741778995
Cc1ccccc1C(=O)N(CC(=O)NC1CCCC1)C1(C)CC1(Cl)Cl,195,0.786036491,0.421052632,0,0.761971367
Cc1ccccc1C(=O)N(CC(=O)NC1CCCC1)C1(C)CC1,195,0.907888438,0.418918919,0,0.836265372
Cc1ccccc1C(=O)N(CC(=O)NC1CC1)C1(C)CCCC1,195,0.907888438,0.381578947,0,0.827406238
Cc1ccccc1C(=O)N(CC(=O)NC1CCCC1)C(C)C,195,0.908928374,0.391891892,0.01,0.889720412
Cc1ccccc1C(=O)N(CC(=O)NC1CCCC1)C(C)COC,195,0.834593015,0.379746835,0,0.822296575
Cc1ccccc1C(=O)N(CC(=O)NC1CC1)Cc1c[nH]cn1,195,0.850930348,0.325301205,0.04,0.838373608
Cc1ccccc1C(=O)N(CC(=O)NC1CC1)Cc1c[nH]cc1C,195,0.857067704,0.341772152,0.01,0.834727596
Cc1ccccc1C(=O)N(CC(=O)NC1CC1)Cc1ncccc1C,195,0.881251543,0.3375,0,0.870658483
Cc1ccccc1C(=O)N(CC(=O)NC1CCCC1)CC1CC1C,195,0.871907003,0.376623377,0.01,0.794239367
Cc1ccccc1C(=O)N(CC(=O)NC1CCCC1)Cc1nccs1,195,0.863743029,0.365853659,0,0.859770162
Cc1ccccc1C(=O)N(CC(=O)NC1CCCC1)Cc1c[nH]cn1,195,0.84756887,0.365853659,0.04,0.838131914
Cc1ccccc1C(=O)N(CC(=O)NC1CCCC1)Cc1cscn1,195,0.863743029,0.365853659,0.01,0.855119734
Cc1nc(C(=O)N(CC(=O)NC2CC2)C2CCCCC2)ccc1C,195,0.903324739,0.325,0.01,0.849648147
Cc1ccccc1C(=O)N(CC(=O)NC1CCCCC1)C1CC1,195,0.907888438,0.391891892,0,0.885653372
Cc1ccccc1C(=O)N(CC(=O)NC1CCCCC1)C1=NCCC1,195,0.914661404,0.415584416,0.02,0.831042811
Cc1ccccc1C(=O)N(CC(=O)NC1CCCCC1)C1=NCCCN1,195,0.868813752,0.4,0.04,0.823540792
Cc1ccccc1C(=O)N(CC(=O)NC1CC1)Cc1cnc(C)cn1,195,0.874191904,0.333333333,0.02,0.857092329
Cc1ccccc1C(=O)N(CC(=O)NC1CC1)Cc1[nH]cnc1C,195,0.851474328,0.325301205,0.02,0.831350329
Cc1ccccc1C(=O)N(CC(=O)NC1CC1)Cc1[nH]ncc1C,195,0.851474328,0.329268293,0.1,0.833292235
Cc1ccncc1C(=O)N(CC(=O)NC1CC1)Cc1[nH]ncc1C1CC1,195,0.795416373,0.274725275,0.19,0.801448731
Cc1ccncc1C(=O)N(CC(=O)NC1CC1)Cc1ncc(C)c([O-])n1,195,0.807723811,0.277777778,0.09,0.776181766
Cc1ccncc1C(=O)N(CC(=O)NC1CCCCC1)c1ncc(C)[nH]1,195,0.862066092,0.341176471,0.19,0.805168357
Cc1cnccc1C(=O)N(CC(=O)NC1CC1)Cc1ncc(C)c([O-])n1,195,0.807723811,0.277777778,0.05,0.774636467
Cc1ccncc1C(=O)N(CC(=O)NC1CC1)Cc1[nH]ncc1C,195,0.83752132,0.287356322,0.16,0.80613127
Cc1ccncc1C(=O)N(CC(=O)NC1CCCCC1)Cc1ncc(Br)[nH]1,195,0.731648619,0.311111111,0.24,0.808457577
Cc1ccncc1C(=O)N(CC(=O)NC1CC1)Cc1ncccc1C,195,0.874191904,0.305882353,0.04,0.84466156
Cc1ccncc1C(=O)N(CC(=O)NC1CCCNC1)c1ncccc1C,195,0.838340017,0.325842697,0.17,0.765828986
Cc1ccncc1C(=O)N(CC(=O)NC1CCCCC1)c1ncc(C)c(=O)[nH]1,195,0.819490225,0.348837209,0.19,0.804349048
Cc1ccncc1C(=O)N(CC(=O)N1CCCCC1)c1ncc(C)c(=O)[nH]1,195,0.879110472,0.20212766,0.23,0.805795878
Cc1cnccc1C(=O)N(CC(=O)NC1CCCCC1)c1ncc(C)c(=O)[nH]1,195,0.819490225,0.348837209,0.18,0.802940674
Cc1cnccc1N(CC(=O)N1CCCCC1)C(=O)c1ncc(C)c(=O)[nH]1,195,0.879110472,0.215053763,0.16,0.804280291
Cc1cnccc1N(CC(=O)NC1CCCCC1)C(=O)c1ncc(C)c(=O)[nH]1,195,0.819490225,0.364705882,0.17,0.802891015
Cc1cnccc1N(CC(=O)NC1CCCCC1)C(=O)c1n[nH]c(=O)cc1C,195,0.819490225,0.360465116,0.12,0.806721395
Cc1cnccc1C(=O)N(CC(=O)NC1CCCCC1)c1ccc(=O)[nH]c1C,195,0.83045593,0.364705882,0.17,0.814413702
COc1cnccc1C(=O)N(CC(=O)NC1CCCCC1)c1ccc(C)c(=O)[nH]1,195,0.776109335,0.348314607,0.16,0.803220616
COc1cnccc1C(=O)N(CC(=O)NC1CCCCC1)c1ccc(=O)[nH]c1C,195,0.776109335,0.318681319,0.17,0.810309922
CCOC(=O)N1CCC(NC(=O)c2ccc(OC)c(CN3CCCC3=O)c2)CC1,196,0.786489876,0.724637681,0,0.863508609
CCOC(=O)N1CCC(NC(=O)c2cccc(CN3CCCC3=O)c2)C1,196,0.868987546,0.456790123,0.01,0.824147734
CCOC(=O)N1CCC(NC(=O)c2ccc3c(c2)NCCC3)CC1,196,0.892113113,0.467532468,0.06,0.863268001
CCOC(=O)N1CCC(Nc2ccc(OC)c3c2CCC(=O)N3)C1,196,0.883073582,0.364705882,0.02,0.781362655
CCOC(=O)N1CCC(Nc2ccc3c(c2)N(CCC#N)CC3)C1,196,0.899636418,0.3,0,0.784665616
CCOC(=O)N1CCC(Nc2ccc3c(n2)N(C)CCC3)CC1,196,0.927754595,0.321428571,0.02,0.835910732
CCOC(=O)N1CCC(Nc2ccc(N3CCCCC3)cn2)C1,196,0.924826527,0.30952381,0.01,0.814873591
CCOC(=O)N1CCC(Nc2ccc3c(c2)C(N)CCC3)C1,196,0.900609819,0.313953488,0,0.770839434
CCOC(=O)N1CCC(Nc2ccc3cnn(C)c3n2)CC1,196,0.9386729,0.329268293,0.05,0.842321336
CCOC(=O)N1CCC(Nc2ccc3ccn(C)c3n2)CC1,196,0.946550141,0.317073171,0.04,0.838176281
CCOC(=O)N1CCC(Nc2ccc(C#N)cn2)CC1,196,0.911499761,0.320987654,0.1,0.86268295
CCOC(=O)N1CCC(Nc2ccc(CCN)cn2)CC1,196,0.861627209,0.320987654,0.16,0.864478059
CCOC(=O)N1CCC(Nc2ccc(N3CCNCC3)cn2)C1,196,0.867058638,0.287356322,0.09,0.796708494
CCOC(=O)N1CCC(Nc2ccc(NCCCN)cn2)CC1,196,0.664081335,0.317647059,0.17,0.854806536
CCOC(=O)N1CCC(Nc2ccc(N3CCCNCC3)cn2)C1,196,0.87068783,0.288888889,0.09,0.794310471
CCOC(=O)N1CCC(Nc2ccc(CCCN)cn2)CC1,196,0.840039827,0.313253012,0.16,0.86317677
CCOC(=O)N1CCC(Nc2cc(CCCN)c(Cl)cn2)C1,196,0.837857979,0.292134831,0.18,0.786978426
CCOC(=O)N1CCC(Nc2ncc(CCCN)cn2)C1,196,0.812812379,0.282352941,0.24,0.797656521
CCOC(=O)N1CCC(Nc2ncc3ccncc3n2)C1,196,0.924557558,0.287356322,0.18,0.79145062
CCOC(=O)N1CCC(Nc2ncc3ccnc(N)c3n2)C1,196,0.87831571,0.280898876,0.36,0.783402924
CCOC(=O)N1CCC(Nc2ncc3cc(CCN)[nH]c3n2)C1,196,0.761495905,0.274725275,0.32,0.759712411
CCOC(=O)N1CCC(Nc2ncc(CCCCN)c(N)n2)CC1,196,0.643265792,0.295454545,0.37,0.837168401
CCOC(=O)N1CCC(Nc2ncc(CCCCN)c(NCCN)n2)C1,196,0.447179655,0.276595745,0.44,0.767494511
CCOC(=O)N1CCC(Nc2ncc(CCN)c(-c3ccn[nH]3)n2)C1,196,0.713901228,0.284210526,0.39,0.748624094
CCOC(=O)N1CCC(Nc2ncc(CCN)c(-c3ccncc3)n2)C1,196,0.810823735,0.279569892,0.36,0.781165921
CCOC(=O)N1CCC(Nc2ncc(CCN)c3ncncc23)CC1,196,0.847425947,0.292134831,0.15,0.813312897
COC(=O)N1CCC(Nc2ncc(CCN)c(-c3ccncc3)n2)CC1,196,0.839256619,0.25,0.38,0.830603356
COC(=O)N1CCC(Nc2ncc(-c3cc(N)ncn3)cn2)CC1,196,0.860621999,0.252873563,0.27,0.824296764
COC(=O)N1CCC(Nc2ncc(-c3cc(N)ncn3)c(CCN)n2)CC1,196,0.688594687,0.229166667,0.35,0.795489945
COC(=O)N1CCC(Nc2ncc(-c3cc[nH]n3)c(CCN)n2)CC1,196,0.738935362,0.231578947,0.36,0.770086187
CCOC(=O)N1CCC(Nc2ncc(-c3cc[nH]n3)c(CCN)n2)CC1,196,0.712331767,0.279569892,0.33,0.775340587
CCOC(=O)N1CCC(Nc2ncc(CCN)c(-c3cc[nH]c3)n2)CC1,196,0.728643962,0.290322581,0.49,0.801270843
CCOC(=O)N1CCC(Nc2ncc(-c3cc[nH]c3)c(CN)n2)CC1,196,0.764877994,0.279569892,0.44,0.793537256
CCOC(=O)N1CCC(Nc2ncc(CN)c(-c3ccncc3)n2)CC1,196,0.843963724,0.303370787,0.37,0.83393033
CCOC(=O)N1CCC(Nc2nccc(-c3cc[nH+]cc3)n2)CC1CCN,196,0.800290651,0.232323232,0.53,0.652188586
CCOC(=O)N1CCC(Nc2nccc(-c3ccc4cnccc4c3)n2)CC1,196,0.746275158,0.311111111,0.62,0.848468893
CCOC(=O)N1CCC(Nc2nccc(-c3ccnc(NC)c3)n2)CC1,196,0.850505407,0.325581395,0.56,0.841438638
COc1ccc(OC)c(C2NC(=O)N=C(C)C2CCc2ccccc2)c1,197,0.848355755,0.65,0.04,0.754002717
COc1ccc(OC)c(C2NC(=O)N=C(C)C2c2ccccc2)c1,197,0.932356766,0.610169492,0.03,0.764700426
COc1ccc(OC)c(C2NC(=O)N=C2CCc2ccccc2)c1,197,0.883881873,0.523809524,0.06,0.792461157
COc1ccc(OC)c(CCC(=O)NCCc2ccccc2)c1,197,0.814793468,0.347826087,0.01,0.925257119
COc1ccc(OC)c(CCC(=O)NCc2ccccc2)c1,197,0.854813928,0.373134328,0.01,0.931432447
COc1ccc(OC)c(C2C(=O)NCCC2c2ccccc2)c1,197,0.943661106,0.362318841,0.03,0.795425178
Cc1ccc(OCC2C(=O)NCCN2c2ccccc2)cc1,197,0.94162246,0.226666667,0,0.833917042
COc1ccc(OC)c(C2NC(=O)CCC2c2cccnc2)c1,197,0.942840018,0.369863014,0.07,0.77651026
COc1ccc(OC)cc1C1NC(=O)CCC1c1cccnc1,197,0.942840018,0.369863014,0.07,0.77651026
COc1ccc(OC)c(C2NC(=O)CCC2c2ccccc2)c1,197,0.940684253,0.424242424,0.01,0.799691845
COc1ccc(OC)c(C2NC(=O)C=C2c2cccnc2)c1,197,0.940576299,0.352112676,0.2,0.778074719
COc1ccc(OC)c(C2NC(=O)C=C2c2ccncc2)c1,197,0.940576299,0.347826087,0.3,0.778468126
COc1ccc(OC)c(C2NC(=O)N=C2c2ccncc2)c1,197,0.939870641,0.409090909,0.34,0.784938455
COc1ccc(OC)c(C2NC(=O)N=C(c3ccncc3)N2)c1,197,0.899861966,0.402985075,0.2925,0.763071619
COc1ccc(OC)cc1C1NC(=O)N=C(c2ccncc2)C=N1,197,0.93544419,0.385714286,0.25,0.743812105
COc1ccc(OC)cc1C1NC(c2ccncc2)=CC(=O)C1N,197,0.889320143,0.371428571,0.34,0.729257892
COc1ccc(OC)cc1C1NC(=O)N=C(c2ccncc2)C1=O,197,0.927333437,0.397058824,0.32,0.773790031
COc1ccc(OC)cc1C1NC(=O)c2ccncc2NC1=O,197,0.896559451,0.366197183,0.39,0.794846627
COc1ccc(OC)cc1C1NC(=O)C=C(c2ccncc2)N1,197,0.901499246,0.342857143,0.3125,0.773038519
COc1ccc(-c2ccncc2)cc1C1NC(=O)C=C(C)C1=O,197,0.94539145,0.27027027,0.47,0.768841893
COc1ccc(-c2ccncc2)cc1C1NNC(=O)c2ccc(OC)cc21,197,0.747075445,0.306666667,0.57,0.782604795
COc1ccc(-c2ccncc2)cc1C1NC(=O)c2ccc(OC)cc2N1,197,0.742546833,0.306666667,0.61,0.79611091
COc1ccc(-c2ccncc2)cc1C1NC(=O)c2ccncc2C1=O,197,0.789323931,0.263157895,0.56,0.780482639
COc1ccc(-c2ccncc2)cc1-c1nc(=O)c2cc(OC)ccc2[nH]1,197,0.601521209,0.240506329,0.5,0.871589489
COc1ccc(-c2ccncc2)cc1-c1ncc(-c2ccn[nH]2)c(=O)[nH]1,197,0.59269521,0.178571429,0.61,0.824502414
COc1ccc(-c2ccncc2)cc1-c1nc(=O)c2ccc(OC)cc2[nH]1,197,0.601521209,0.240506329,0.49,0.870574104
COc1ccc(-c2ccncc2)cc1-c1ncc(-c2ccsc2)c(=O)[nH]1,197,0.590378935,0.178571429,0.57,0.838568608
COc1ccc(-c2ccncc2)cc1-c1ccc(-c2ccno2)c(=O)[nH]1,197,0.608825455,0.180722892,0.54,0.825575491
COc1ccc(-c2ccncc2)cc1-c1ncc(-c2ccsc2)[nH]1,197,0.57913958,0.156626506,0.63,0.845076119
COc1ccc(-c2ccncc2)cc1-c1ccc(C(C)=O)c(=O)[nH]1,197,0.748584854,0.217948718,0.57,0.8611546
COc1ccc(-c2ccncc2)cc1-c1ccc(C(N)=O)c(=O)[nH]1,197,0.769442144,0.215189873,0.7,0.862217496
COC(=O)c1ccc(-c2ccncc2)cc1-c1ccc(C(N)=O)c(=O)[nH]1,197,0.699010036,0.156626506,0.69,0.849033557
COc1ccc(-c2ccncc2)cc1-c1ccc2c(c1)C(C)NC(=O)N2,197,0.727885745,0.243589744,0.49,0.792979869
COc1cc(CN2CCNC(=O)C2C(=O)N2CCCC2)cc(OC)c1,198,0.791221418,0.557377049,0.05,0.788236713
COc1cc(CN2CCNC(=O)C2C(=O)N2CCCC2)cc(F)c1,198,0.825411242,0.492537313,0.07,0.783626683
COc1cc(CN2CCNC(=O)C2C(=O)N2CCCC2)cc(C)c1,198,0.833898817,0.5,0.05,0.787586637
COc1c(CN2CCNC(=O)C2C(=O)N2CCCC2)ccnc1C,198,0.804051864,0.333333333,0.09,0.760254963
COc1cc(CN(CCN)C(=O)C2NCCn3ccnc32)cc(C)c1,198,0.81149379,0.282352941,0.14,0.733203994
COc1cc(CN2CCNC(=O)C(C(=O)N3CCCC3)CC2)cc(C)c1,198,0.829149731,0.416666667,0,0.802699293
COc1cc(CN2CCNC(=O)C(C(=O)N3CCCC3)CC2)cc(C)n1,198,0.809783845,0.333333333,0.03,0.779815509
COc1cc(CN2CCNC(C(=O)N3CCCC3)CC2)cc(OC)c1Br,198,0.783168148,0.272727273,0.04,0.796940873
COc1cc(CN2CCNCC2C(O)C(=O)N2CCCC2)cc(OC)c1Br,198,0.690678399,0.328947368,0.06,0.731971353
COc1cc(CN2CCNCC2C(=O)N2CCCC2)cc(OC)c1OC,198,0.816943542,0.352112676,0,0.805287858
COc1cc(CN2CCCCC2C(=O)N2CCNCC2)cc(OC)c1Br,198,0.783168148,0.306666667,0.06,0.795492224
COc1cc(CN2CCN(C(=O)C3CCCN3)CC2)cc(=O)n1C1CC1,198,0.832454581,0.275,0.04,0.758110104
COc1cc(CN2CCNCC2C(=O)N2CCCCC2)cc(OC)c1Br,198,0.783168148,0.342465753,0.06,0.790551476
COc1cc(CN2CCNCC2C(=O)N2CCCC2)cc(OC)c1Br,198,0.800560596,0.347222222,0.06,0.790686767
COc1cc(CN2CCNCC2C(=O)N2CCCC2)cc(OC)c1,198,0.874488889,0.46875,0.01,0.807644212
COc1cc(CN2CCNCC2C(=O)N2CCCC2)cc(OC)n1,198,0.845586624,0.352112676,0.05,0.778730276
COc1cc(CN2CCNCC2C(=O)N2CCCC2)ccn1,198,0.877029916,0.333333333,0.04,0.794404783
COc1cc(N2CCNCC2C(=O)N2CCCC2)cc(C)n1,198,0.89497203,0.230769231,0.1,0.776035891
COc1cc(CN2CCCNCC2C(=O)O)cc(C2CC2)n1,198,0.851739628,0.311688312,0.05,0.771601006
COc1cc(N2CCCNC(=O)C2CN2CCCC2)cc(C)n1,198,0.903589532,0.293333333,0.15,0.762946444
COc1cc(CN2CCNCC2C(=O)N2CCCC2)cc(C)n1,198,0.889608484,0.333333333,0.05,0.781919171
COc1cc(CN2CCNC(=O)C2C#N)c2c(n1)CCCCC2,198,0.847807436,0.303797468,0.03,0.721695162
COc1cc(CN2CCCNCC2C(N)=O)c2ncccc2c1,198,0.875989518,0.308641975,0.15,0.793595162
COc1cc(CN2CCCNCC2C(N)=O)cc(N(C)C)n1,198,0.784063898,0.307692308,0.12,0.767165229
COc1cc(CN2CCCNCC2=O)c2cc(C(C)N)ccc2n1,198,0.890653668,0.193181818,0.11,0.770670348
COc1cc(CN2CCCNCC2C(N)=O)nc2cc(Cl)ccc12,198,0.875801819,0.244186047,0.12,0.78973347
COc1ccnc(CN2CCCNC(=O)c3cc(Cl)ccc32)c1,198,0.939289342,0.24691358,0.25,0.844598844
COc1ccnc(CN2CCCNC(=O)c3cc(N)ccc32)c1,198,0.844995733,0.24691358,0.22,0.834629147
COc1cncc(CN2CCCNC(=O)c3cc(N)ccc32)c1,198,0.844995733,0.275,0.28,0.83460677
COc1cncc(CN2CCCNC(=O)c3cc(N(C)C)ccc32)n1,198,0.91254508,0.206896552,0.31,0.806539703
COc1cncc(CN2CCCNC(=O)c3ccc(N)nc32)c1,198,0.88441127,0.271604938,0.35,0.814822854
COc1cncc(CN2CCCNC(=O)c3cccc(C)c32)n1,198,0.937840832,0.204819277,0.26,0.811350126
COc1cncc(CN2CCCNC(=O)c3cc(C=N)ccc32)n1,198,0.833691472,0.204545455,0.35,0.777804456
COc1cncc(CN2CCCNC(=O)c3cc(C(C)N)ccc32)n1,198,0.878117131,0.202247191,0.31,0.755740938
COc1cncc(CN2CCCNC(=O)c3cc(C(C)N)ccc3O2)c1,198,0.871323494,0.26744186,0.33,0.692776591
COc1cnccc1CN1CCC(=O)NCCc2cc(OCC#N)ncc21,198,0.853604218,0.186813187,0.18,0.736532409
COc1cncc(CN2CCCNC(=O)CC2)c1-c1ccnc2ccncc12,198,0.752114853,0.188888889,0.32,0.801607354
Cc1ccc(C2c3c(n[nH]c3-c3ccco3)OC(=N)C2C#N)cc1,199,0.75349241,0.672413793,0.07,0.693098845
Cc1ccc(C2c3c(n[nH]c3-c3ccco3)CC(=N)C2C#N)cc1,199,0.752672711,0.455882353,0.1,0.679896838
Cc1ccc(-c2c3c(n[nH]c2=Nc2ccc(C)cc2)C(CN)C3)cc1,199,0.771333495,0.181818182,0.13,0.728714906
Cc1ccc(-c2c3c(n[nH]c2=Nc2ccc(C#N)cc2)CCC3)cc1,199,0.773939641,0.220779221,0.22,0.79645142
CCc1ccc(C2c3c(n[nH]c3-c3ccc(C)cc3)CCC2=N)cc1,199,0.694245058,0.291666667,0.22,0.758537342
CCc1ccc(C2c3c(n[nH]c3C)CC(=O)c3ccccc32)cc1,199,0.769926838,0.175,0.14,0.777777322
CCc1ccc(C2CCc3cn[nH]c3-c3ccc(C)cc32)cc1,199,0.706713623,0.175,0.04,0.792132834
CCc1ccc(C2CCc3cn[nH]c3-c3ccccc32)c(C)c1,199,0.706713623,0.144578313,0.11,0.788072214
CCc1ccc(N2CCNc3c2c(CC)ccc3C#N)cc1,199,0.918668101,0.097560976,0.035,0.82583318
CCc1ccc(N2CCNc3ccc(C#N)cc32)c(C)c1,199,0.901672731,0.12345679,0.1,0.843483187
CCc1cc(C#N)ccc1N1CCNc2ccccc21,199,0.897871696,0.1125,0.05,0.850238416
CCc1cc(-c2ccccc2)c2c(c1C#N)CCCN2,199,0.882293125,0.111111111,0.17,0.825284039
CCc1cc(C#N)ccc1-c1c[nH]c2ncc(C)cc12,199,0.758389019,0.1375,0.39,0.84028241
CCc1cc(C#N)ccc1-c1n[nH]c2ccc(C)cc12,199,0.758389019,0.184210526,0.23,0.852564462
CCc1[nH]ncc1-c1nc(C)ccc1Nc1ccccc1,199,0.755541959,0.1125,0.16,0.836542498
CCc1ccc(-c2cncnc2NC2CCCC=C2C#N)cc1,199,0.922600863,0.101123596,0.23,0.753687369
CCc1ccccc1-c1c[nH]c2ncc(C#N)c(N)c12,199,0.743687713,0.12345679,0.41,0.812528025
Cc1ccc2ncnc(Nc3ccc(C#N)cc3)c2c1,199,0.764959052,0.178082192,0.19,0.893592527
Cc1ccc(-c2c[nH]c3ncnc(N)c23)c(C#N)c1,199,0.69223857,0.173333333,0.51,0.822246129
Cc1ccc(-c2n[nH]c3ncc(C#N)cc23)c(CN)c1,199,0.74147244,0.17721519,0.39,0.812915879
Cc1ccc(-c2c[nH]c3ncnc(NN)c23)c(C#N)c1,199,0.485427334,0.168831169,0.45,0.80619847
Cc1ccc(-c2c[nH]c3ncnc(NN4CCCCC4)c23)cc1,199,0.773590914,0.139240506,0.67,0.829675822
CC(C)c1ccc(-c2c[nH]c3ncnc(N4CCCCC4)c23)cc1,199,0.757941088,0.109756098,0.7,0.854077942
CC(C)c1ccc(-c2c[nH]c3ncnc(CN)c23)cc1,199,0.76456268,0.088607595,0.78,0.830901844
Cc1ccc(-c2c[nH]c3ncnc(N4CCCCC4C#N)c23)cc1,199,0.779966375,0.225,0.74,0.762794646
C=C(C)c1ccc(-c2c[nH]c3ncnc(CN)c23)cc1,199,0.7633854,0.1,0.78,0.81082789
C=C(C)c1ccc(-c2c[nH]c3ncnc(CC(C)CN)c23)cc1,199,0.753200881,0.093023256,0.72,0.750182958
CC(C)c1ccc(-c2c[nH]c3ncnc(CC(C)CN)c23)cc1,199,0.751201319,0.084337349,0.73,0.767786272
CC(C)c1ccc(-c2c[nH]c3ncnc(NC(C)CN)c23)cc1,199,0.673596567,0.084337349,0.78,0.78008
Cc1ccc(-c2c[nH]c3ncnc(NC(C)CO)c23)cc1,199,0.6876196,0.141025641,0.76,0.794406265
Cc1ccc(-c2c[nH]c3ncnc(NC(C)CCO)c23)cc1,199,0.676082102,0.151898734,0.76,0.788323803
CC(C)c1ccc(-c2c[nH]c3ncnc(NC(C)C)c23)cc1,199,0.74085244,0.102564103,0.78,0.845058723
CC(C)c1ccc(-c2c[nH]c3ncnc(NC(C)CCO)c23)cc1,199,0.642082381,0.095238095,0.82,0.781634827
CC(C)c1ccc(-c2c[nH]c3ncnc(N4CCCCC4CN)c23)cc1,199,0.744819064,0.1,0.78,0.775014536
CC(C)c1ccc(-c2c[nH]c3ncnc(N4CCCC4CO)c23)cc1,199,0.762155815,0.1,0.75,0.779993539
CC(C)c1ccc(-c2c[nH]c3ncnc(N4CCCC4CN)c23)cc1,199,0.76289041,0.101123596,0.78,0.774309137
CN1C(=O)CC(C=NC(=O)CNC(=O)c2ccccc2F)N(C)C1=O,200,0.798035921,1,0,0.733441729
CN1C(=O)CC(C)(CNC(=O)CNC(=O)c2ccccc2F)N1CC=O,200,0.648000737,0.416666667,0,0.731699416
CN1C(=O)CC(C)(CNC(=O)c2ccccc2F)N(C)C1=O,200,0.912838289,0.476190476,0,0.772775566
CN1C(=O)CC(C)(CNC(=O)c2ccccc2F)N(C)C(=O)C1=O,200,0.629714545,0.424242424,0.01,0.766410223
CN1C(=O)CC(C)(C)N(C(=O)CNC(=O)c2ccccc2F)C1=O,200,0.897434342,0.507936508,0,0.825263396
CN1C(=O)c2ccccc2N1C(=O)CNC(=O)c1ccc(F)s1,200,0.79133573,0.266666667,0.06,0.797280517
CN1C(=O)c2ccccc2N(C(=O)CNC(=O)c2ccccc2F)C1,200,0.922511325,0.417910448,0.01,0.85871167
CN1C(=O)CC(C)(CNC(=O)c2ccccc2F)N1C(=O)CN,200,0.807592052,0.385714286,0.03,0.738055648
CN1C(=O)CC(CNC(=O)c2ccccc2F)N1C(=O)CCCCCN,200,0.674128459,0.402777778,0.01,0.767107707
CN1C(=O)CN(NC(=O)c2ccccc2F)c2cc(CN)ccc21,200,0.892915345,0.366197183,0.07,0.82874941
CN1C(=O)CC(CNC(=O)c2ccccc2F)N1C(=O)CN,200,0.78278166,0.432835821,0.01,0.763900055
CN1C(=O)CC(CNC(=O)c2ccccc2F)N1CC1CC1,200,0.894800112,0.432835821,0.02,0.764851736
CN1CC(=O)NCC1CNC(=O)c1ccccc1F,200,0.807566699,0.415384615,0.02,0.799954759
CN1C(=O)CC(CNC(=O)c2ccccc2F)N1C1CC1,200,0.905660709,0.446153846,0,0.77112172
NC1=NC(CNC(=O)c2ccccc2F)c2cccn2C1,200,0.896485327,0.333333333,0.11,0.74524806
CNC(=O)C1CC(c2ccccc2F)N(Cc2ccnn2C)C1,200,0.936687889,0.234567901,0.05,0.74286809
Cc1ccccc1C1CC(=O)CN1C(=N)c1ccncc1F,200,0.684740009,0.2125,0.09,0.75339654
Cn1nc(CNC(=O)c2ccccc2F)cc1C1CCCN1,200,0.906873229,0.351351351,0.01,0.784784121
Cn1nc(CNC(=O)c2ccccc2F)cc1C(N)=O,200,0.855889135,0.352941176,0,0.872304989
Cn1nc(CNC(=O)c2ccccc2F)c2cccnc21,200,0.800335084,0.342857143,0.02,0.881569854
Cn1nc(CNC(=O)c2ccccc2F)c2ccccc21,200,0.802948221,0.363636364,0.02,0.897555495
Cn1nc(CNC(=O)c2ccccc2F)c2ccccc2c1=O,200,0.804484831,0.378787879,0.01,0.894130295
Cn1nc(CNC(=O)c2ccccc2F)c2ccc(N)cc21,200,0.728233764,0.371428571,0.09,0.871218028
Cn1nc(CNC(=O)c2ccccc2F)c2cc(N)ccc21,200,0.728233764,0.352112676,0.1,0.870465174
Cn1nc(CNC(=O)c2ccccc2F)c2cc(CN)ccc21,200,0.774671419,0.324324324,0.09,0.867726744
Cn1nc(CNC(=O)c2ccccc2F)c2cc(N)c(F)cc21,200,0.728650523,0.338028169,0.05,0.853268257
Cn1nc(CNC(=O)c2ccccc2F)c2cc(CN)c(F)cc21,200,0.77044046,0.324324324,0.09,0.848483509
Cn1nc(CNC(=O)c2ccccc2N)c2cc(F)c(F)cc2c1=O,200,0.70816142,0.297297297,0.06,0.853704006
Cn1nc(CNC(=O)c2ccccc2N)c2cc(F)c(F)cc21,200,0.728650523,0.287671233,0.05,0.855927392
Cn1nc(CNC(=O)c2ccncc2N)c2ccc(F)c(F)c21,200,0.770544158,0.253164557,0.22,0.820715853
Cn1nc(CNC(=O)c2ccncc2F)c2ccc(N)cc21,200,0.719589349,0.269230769,0.34,0.841240112
C=C1N=C(N)N(CNC(=O)c2ccncc2F)c2ccccc21,200,0.903708516,0.240506329,0.21,0.788127928
Cn1nc(CNC(=O)c2ccncc2N)c2ccccc2c1=O,200,0.74605271,0.230769231,0.17,0.858128401
Cn1nc(CNC(=O)c2ccncc2F)c2ccc(CN)cc2c1=O,200,0.732441415,0.256097561,0.28,0.838603977
Cn1nc(CNC(=O)CN)c2cc(-c3ccncc3F)ccc21,200,0.761103909,0.174418605,0.41,0.832714437
C=Cn1nc(CNC(=O)O)c2cc(-c3ccncc3F)ccc21,200,0.77549174,0.174418605,0.42,0.785092662
Cn1c(CNC(=O)CN)nc2cc(-c3ccncc3F)ccc21,200,0.761103909,0.174418605,0.35,0.846135029
Cn1c(CNC(=O)O)nc2cc(-c3ccncc3F)ccc21,200,0.778695876,0.195121951,0.28,0.84834979
Cn1c(CNC(=O)O)nc2cc(-c3ccncc3F)ccc2c1=O,200,0.765216692,0.21686747,0.27,0.844421741
C=C(C)Cn1nc(-c2ccncc2F)c2cc(CNC(C)=O)ccc21,200,0.724994972,0.157303371,0.23,0.823625516
C=C(C)Cn1nc(C(N)=O)c2cc(-c3ccncc3F)ccc21,200,0.752949165,0.149425287,0.47,0.823483882
C=C(C)Cn1nc(CNC(N)=O)c2cc(-c3ccncc3F)ccc21,200,0.700780396,0.153846154,0.42,0.809199802
Cn1nc(CC(N)=O)c2cc(-c3ccncc3F)ccc2c1=S,200,0.749902233,0.164705882,0.4,0.800759363
Cn1nc(CC(N)=O)c2cc(-c3ccncc3F)ccc2c1=O,200,0.785487003,0.180722892,0.43,0.836728834
Cn1nc(CC(N)=O)c2cc(-c3ccncc3OCCF)ccc21,200,0.750154927,0.131868132,0.46,0.810574284
Cn1nc(CC(N)=O)c2cc(-c3ccncc3OCO)ccc21,200,0.683873841,0.123595506,0.43,0.808841301
Cn1nc(CC(=O)OCC[NH3+])c2cc(-c3ccncc3)ccc21,200,0.711380039,0.129411765,0.42,0.790909101
Cn1nc(CC(=O)OCCN)c2cc(-c3ccncc3)ccc21,200,0.724950666,0.142857143,0.53,0.841756187
Cn1nc(CC(N)=O)c2cc(-c3ccncc3)ccc2c1=O,200,0.780544506,0.166666667,0.49,0.85430314
Cn1nc(CCOC(N)=O)c2cc(-c3ccncc3)ccc21,200,0.800239819,0.134146341,0.48,0.841870787
Cn1nc(CCC(N)=O)c2cc(-c3ccncc3)ccc21,200,0.794524259,0.1375,0.46,0.854748828
Cn1nc(CCNC(N)=O)c2cc(-c3ccncc3)ccc21,200,0.769832195,0.175,0.46,0.847261263
Cn1nc(CCC(N)=O)c2ccc(-c3ccncc3)cc2c1=O,200,0.78870369,0.1625,0.48,0.854103313
Cn1nc(CCNC(N)=O)c2cc(-c3ccncc3)ccc2c1=O,200,0.752834645,0.2,0.48,0.846396908
CC(NC(=O)C1(c2ccccc2)CCN(C(=O)C2CSCN2C(C)(C)C)CC1)C(=O)O,201,0.720037632,0.734375,0,0.71179834
CC(NC(=O)C1(c2ccccc2)CCN(C(=O)OC(C)C)CC1)C(N)=O,201,0.830627508,0.5,0.01,0.795254345
CC(NC1(c2ccccc2)CSC1)C(=O)C1CCN(C(C)C)CC1,201,0.85655442,0.294871795,0.03,0.749646747
CC1(c2ccccc2)CCN(C(=O)C2CSCN2C(C)(C)C)CC1,201,0.814902135,0.463768116,0,0.744510812
CC1(c2ccccc2)COC(C2CCN(C(=O)OC(C)C)CC2)=N1,201,0.850872255,0.280487805,0.01,0.760784827
CC1(c2ccccc2)NC(C2CSCN2C(=O)OC(C)C)CO1,201,0.919718558,0.35,0.04,0.646036332
CC1(c2ccccc2)C(C2CCN(C(=O)OC(C)C)CC2)CS1,201,0.814196742,0.328947368,0,0.728936492
CC([NH]C1(c2ccccc2)CCN(C(=O)OC(C)C)CC1)C(N)=O,201,0.862810657,0.351351351,0.04,0.775435019
CC([NH]C1(c2ccccc2)CCN(C(=O)OC(C)(C)C)CC1)C(C)C,201,0.869607518,0.428571429,0.01,0.782667294
CC(c1ccccc1)(C1COC(=O)NC1C(C)(C)C)n1cccc1,201,0.925465222,0.168674699,0.04,0.651870606
CC(c1ccccc1)(C1COC(=O)NC1C(C)(C)C)c1ccccc1,201,0.876460355,0.166666667,0.04,0.726390598
CC(c1ccccc1)(C(N)=O)C1CCN(C(=O)OC(C)(C)C)CC1,201,0.92427069,0.310810811,0,0.796357842
CC(C)OC(=O)N1CCC(C(N)(c2ccccc2)C(C)(C)C)CC1,201,0.904658444,0.285714286,0.04,0.76894293
CC(C)(C)OC(=O)N1CCC(C(N)(CO)c2ccccc2)CC1,201,0.896918454,0.32,0,0.783700978
CC(C)OC(=O)N1CCC(C#N)(C(C)(C)c2ccccc2)CC1,201,0.843167915,0.298701299,0.02,0.786993749
CC(C)OC(=O)N1CCC(CN)(C(C)(C)c2ccccc2)CC1,201,0.923401452,0.298701299,0,0.801365178
CC(C)OC(=O)N1CCC(N)(C(C)(C)c2ccccc2)CC1,201,0.931862293,0.310810811,0.01,0.810550567
CC(C)(C)OC(=O)N1CCC(CN)(C(=O)c2ccccc2)CC1,201,0.869849723,0.342465753,0.01,0.851208645
CC(C)(C)OC(=O)N1CCC(N)(C(=O)c2ccccc2)CC1,201,0.852410889,0.357142857,0,0.854226208
CC(C)(C)OC(=O)N1CCC(CN)(c2ccccc2)CC1,201,0.910847617,0.391304348,0.05,0.865744107
CC(C)(C)OC(=O)N1CCC(CN)(c2ncccn2)CC1,201,0.896984723,0.293333333,0.13,0.809596096
CC(C)(C)OC(=O)N1CCC(CN)(c2nccc(Cl)c2)CC1,201,0.90729053,0.268292683,0.14,0.810920054
CC(C)(C)OC(=O)N1CCC(CN)(c2nccc(Cl)n2)CC1,201,0.843635988,0.268292683,0.13,0.791356977
CC(C)(C)OC(=O)N1CCC(CN)(c2ncccc2CN)CC1,201,0.884827954,0.283950617,0.17,0.807131478
CC(C)C(NS(=O)(=O)c1cccc2nsnc12)C(=O)NCCC1CC1,202,0.726191321,0.676923077,0,0.783713215
CC(C)C(Nc1cccc2nsnc12)C(=O)NCCC1=CC1,202,0.770755439,0.558823529,0,0.764681155
CC(C)C(Nc1cccc2nsnc12)C(=O)NC1CCCC1,202,0.888290276,0.391891892,0,0.794370934
CC(C)C(Nc1cccc2nsnc12)C1=NCCCCC1,202,0.922993586,0.328947368,0.02,0.730437505
CC(C)C(Nc1cccc2ncncc12)C1=NOCCC1,202,0.93605127,0.181818182,0.14,0.722571427
CC(C)C(NC(=O)c1cccc2nsnc12)C1CCC1,202,0.939709465,0.346666667,0.02,0.768364296
CC(C)C(NC(=O)c1cccc2ncncc12)C1CC1,202,0.928200246,0.202380952,0.11,0.783263746
CC(N)C(NS(=O)c1cccc2ncncc12)C1CC1,202,0.871163066,0.170454545,0.18,0.657261604
CC(C)C(NC(=O)c1ccnc2c1SCC2)C1CC1,202,0.919147643,0.202380952,0.04,0.724746051
CC(N)C(NS(=O)c1ccnc2[nH]ccc12)C1CC1,202,0.770548825,0.122222222,0.58,0.631550435
CC(C)(NC(=O)c1ccnc2[nH]ccc12)C1CC1,202,0.869705159,0.141176471,0.4,0.813693773
CC(C)(Nc1ccnc2[nH]ccc12)c1ccno1,202,0.740696839,0.079545455,0.44,0.751153217
CC(C)(Nc1ncnc2[nH]ccc12)c1ccno1,202,0.737377597,0.078651685,0.51,0.747363276
CC(C)(Nc1ncnc2[nH]ccc12)C1CCC(O)CC1,202,0.804241542,0.103448276,0.54,0.784671074
CC(C)(Nc1ncnc2[nH]ccc12)C1(CO)CC1,202,0.770231819,0.114942529,0.53,0.745462389
CC(C)(Nc1ncnc2[nH]ccc12)C1CCOCC1,202,0.890011802,0.08988764,0.58,0.779460918
CC(C)(O)C1CCN(c2ncnc3[nH]ccc23)CC1,202,0.865846452,0.102272727,0.7,0.817468921
CC(C)(Nc1ncnc2[nH]ccc12)C1CC1,202,0.828645781,0.095238095,0.57,0.790438887
CC(C)(Nc1ncnc2[nH]ccc12)C1CCCC1,202,0.87029036,0.105882353,0.55,0.797921264
CC(C)(N)C1CCN(c2ncnc3[nH]ccc23)CC1,202,0.863974148,0.103448276,0.74,0.809563223
CC(C)(C)C1CCN(c2ncnc3[nH]ccc23)CC1,202,0.85385604,0.091954023,0.74,0.833759804
CN(C)C1(N)CCN(c2ncnc3[nH]ccc23)CC1,202,0.780390722,0.079545455,0.76,0.760512511
CCOC(=O)C1=NNC(c2ccc(C)cc2)C1c1ccc(C)cc1,203,0.874241184,0.688888889,0.02,0.770599521
CCOC1=NNC(NC)(c2ccc(C)cc2)C1c1ccc(C)cc1,203,0.906168671,0.295081967,0.01,0.706101783
CCOC1=NNC(N)=NC1c1ccc(-c2ccc(C)cc2)cc1,203,0.915359316,0.3,0.15,0.764771619
CCOC1=NNC(C)=C1c1ccc(-c2ccc(C)cc2)c(F)c1,203,0.744111498,0.212121212,0.13,0.860050768
CCOC1=NNC([O-])=C1c1ccc(-c2ccc(C)cc2)c(OC)c1,203,0.779519978,0.23880597,0.09,0.820772474
CCOC(=O)C1=NNC(c2ccc(-c3ccc(C)cc3)cc2)C1,203,0.877775962,0.462962963,0.05,0.809054136
CCOC(=O)C1=NNC2CCC1c1ccc(-c3ccc(C)cc3)cc12,203,0.859782277,0.433333333,0.08,0.664502938
CCOC(=O)c1n[nH]c2cc(-c3ccc(C)cc3)cc(F)c12,203,0.747098269,0.322580645,0.27,0.862276837
CCOC(=O)c1n[nH]c2ncc(-c3ccc(C)cc3)cc12,203,0.748922938,0.327868852,0.44,0.868992418
CCOC(=O)c1n[nH]c2cccc(-c3ccc(C)cc3)c12,203,0.743913308,0.333333333,0.23,0.87758729
CCOC(=O)c1n[nH]c2cc(-c3ccc(C)cc3)ccc12,203,0.743913308,0.344827586,0.39,0.894665495
CCOC(=O)c1n[nH]c2cc(-c3ccc(N)cc3)ccc12,203,0.570948708,0.26984127,0.45,0.880838828
CCOC(=O)c1n[nH]c2ccc(-c3ccc(F)cc3)cc12,203,0.748282849,0.26984127,0.47,0.892864982
CCOC(=O)c1n[nH]c2ccc(-c3ccc(N)cc3)cc12,203,0.570948708,0.274193548,0.56,0.881509341
CCOC(=O)c1n[nH]c2ccc(-c3ccc(OC4CC4)cc3)cc12,203,0.722484804,0.272727273,0.44,0.872589963
CCOC(=O)c1n[nH]c2ccc(-c3ccc(C(=O)[O-])cc3)cc12,203,0.741041061,0.301587302,0.47,0.838834437
CCOC(=O)c1n[nH]c2ccc(-c3ccc(NCO)cc3)cc12,203,0.498006948,0.253731343,0.52,0.858784159
CCOC(=O)c1n[nH]c2ccc(-c3ccc(NO)cc3)cc12,203,0.508209706,0.261538462,0.53,0.862571642
CCOC(=O)c1n[nH]c2ccc(-c3ccc(O)cc3)cc12,203,0.72368336,0.274193548,0.52,0.884388059
CCOC(=O)c1n[nH]c2ccc(-c3ccnc(Cl)c3)cc12,203,0.594040639,0.253731343,0.53,0.857924982
CCOC(=O)c1n[nH]c2ccc(-c3ccncc3)cc12,203,0.740809292,0.26984127,0.64,0.876175021
O=C(OCc1nc(O)c2sccc2n1)c1cc(Br)sc1Br,204,0.601767672,0.698113208,0.01,0.780303483
O=C(OCc1nc(O)c2sccc2n1)c1ccc(Br)s1,204,0.712895671,0.725490196,0.03,0.807453531
O=C(OCc1nc(O)c2ccsc2n1)c1ccccc1Br,204,0.719429316,0.442622951,0.04,0.839568316
O=C(OCc1nc(O)c2ccsc2n1)c1ccccc1F,204,0.753242738,0.375,0,0.846294982
O=C(OCc1nc(O)c2scnc2c1)c1ccccc1,204,0.749451827,0.365079365,0.02,0.840509769
O=C(OCc1nc(O)c2scnc2n1)c1ccccc1,204,0.742840536,0.4,0.02,0.828212686
O=C(OCc1nc(O)cs1)c1ccccc1Br,204,0.884992207,0.322580645,0.01,0.849869098
O=C(OCc1nc(O)cs1)c1ccc(Br)cc1,204,0.884992207,0.31147541,0.01,0.859919418
O=C(OCc1nc(O)cs1)c1ccncc1Br,204,0.880448836,0.307692308,0.14,0.810455636
O=C(OCc1nccs1)c1cc(O)ccc1Br,204,0.884992207,0.383333333,0,0.850190572
O=C(OCc1ncsc1Br)c1ccc(O)cc1,204,0.884992207,0.316666667,0.07,0.841925508
O=C(OCc1ncsc1Br)c1cccnc1O,204,0.880448836,0.3125,0.01,0.782859162
O=C(OCc1sccc1Br)c1ccncc1O,204,0.884992207,0.333333333,0.11,0.832616854
O=C(OCc1ncsc1Br)c1ccncc1O,204,0.880448836,0.287878788,0.09,0.794732559
O=C(OCc1ccncc1Br)c1sccc1O,204,0.884992207,0.333333333,0.05,0.816629354
O=C(OCc1sccc1Br)c1ccncc1OCCO,204,0.804418921,0.285714286,0.18,0.827935042
O=C(OCc1sccc1Br)c1ccc(O)cc1,204,0.88123679,0.350877193,0.15,0.879809803
CCN1CCCC1CN(Cc1cc2c(C)cc(C)cc2nc1O)C(=O)CC1CC1,205,0.764418173,0.724637681,0.01,0.753509539
CCN1CCCC1CN(Cc1cc2cc(C)cc(C)c2nc1O)C1CCCC1,205,0.781117044,0.527027027,0.01,0.749688073
CCN1CCCC1CN(C)Cc1cc2cc(C)ccc2nc1NC1CCC1,205,0.785703422,0.419753086,0.05,0.779802213
CCN1CCCC1CN(C)Cc1cc2ccc(C)cc2nc1NCCO,205,0.761684127,0.392857143,0.01,0.778088482
CCN1CCCC1CN(C)Cc1cc2ccc(C)cc2nc1N,205,0.921537409,0.392405063,0.04,0.791900828
CCN1CCCC1CN(C)Cc1cc2ccc(C)cc2nc1,205,0.842310354,0.379746835,0.01,0.804257625
CCN1CCCC(CNc2cc3nc(C)ccc3cc2OC)C1,205,0.913186754,0.208791209,0.02,0.812382341
CCN1CCCC(CNc2cc3cnn(C)c3cc2OC)C1,205,0.9219792,0.184782609,0.07,0.790998773
CCN1CCCC(Cc2nc3cc(C)ncc3cc2OC)C1,205,0.868606481,0.197802198,0.07,0.779408297
CCN1CCCC1CNc1nc2cc(C)ncc2cc1OC,205,0.919916622,0.294117647,0.09,0.776854939
CCN1CCCC1CNc1nc2ccnc(C)c2cc1OC,205,0.919916622,0.302325581,0.06,0.784321361
CCN1CCCC1CNc1nc2ccnc(C)c2c(OC)n1,205,0.913549328,0.275862069,0.09,0.766321117
CCN1CCCC1CNc1ncnc2cc(OC)c(C)cc12,205,0.919916622,0.313253012,0.08,0.803019774
CCN1CCCC1CNc1cc(C)c2ccncc2c1OCOC,205,0.788767651,0.292134831,0.13,0.764465839
CCN1CCCC1CNc1ncnc2cc(OC)c(OC)cc12,205,0.88360949,0.292682927,0.13,0.810648076
CCN1CCCC1CNc1cc(C)c2ccncc2c1OC,205,0.917371511,0.305882353,0.1,0.781644438
CCN1CCCC1CNc1cc(OC)c2ccncc2c1OC,205,0.887103417,0.261363636,0.08,0.783633623
CCN1CCCC1CNc1cc(OC)c2ccncc2c1O,205,0.83173205,0.287356322,0.13,0.780092546
CCN1CCCC1CNc1ncc2ccncc2c1N,205,0.891176383,0.270588235,0.3,0.767938576
CCN1CCCC1CNc1cc(OC)c2ccncc2c1,205,0.91552954,0.279069767,0.2,0.803332839
CCN1CCCC1CNc1cc(N)c2ccncc2c1,205,0.83878192,0.285714286,0.32,0.786267753
CCN1CCCC1CNc1nc(N)c2ccncc2c1,205,0.891176383,0.285714286,0.35,0.780565366
CCN1CCCC1CNc1nc(N)c2ccncc2n1,205,0.877777705,0.285714286,0.38,0.779005684
CCN1CCCC1CNc1ccc2ccncc2c1N,205,0.83878192,0.289156627,0.19,0.788888708
CCN1CCCC1CCNc1ccc2ccncc2c1N,205,0.828420975,0.285714286,0.23,0.785466257
CCN1CCCC1CCNc1nc(N)c2ccncc2n1,205,0.873501417,0.282352941,0.37,0.775998161
CCN1CCCC1CCNc1nc(N)c(F)c2ccncc12,205,0.888581136,0.261363636,0.36,0.754939188
CCN1CCCC1CNc1nc(N)c(F)c2ccncc12,205,0.903335022,0.264367816,0.33,0.756821906
CCN1CCCC1CCNc1nc(N)c(-c2ccncc2)cn1,205,0.852420649,0.25,0.47,0.783572558
CCN1CCCC1CCNc1nc(N)c(-c2ccncc2)s1,205,0.856830795,0.252873563,0.33,0.770547571
CCN1CCCC1CNc1nc(N)c(-c2ccncc2)cn1,205,0.878804263,0.252873563,0.47,0.787316802
CS(=O)(O)=Nc1ccc(-c2cn3cccnc3n2)cc1,206,0.785661237,1,0.03,0.747498039
CS(=O)(O)=Nc1ccc(-c2ccc3nccn3n2)cc1,206,0.785661237,0.519230769,0.08,0.74897982
CS(=O)(O)=Nc1ccc(-c2ccc(I)cn2)cn1,206,0.819445398,0.357142857,0.23,0.723826082
CS(=O)(=NO)c1ccc(-c2ccc(I)nc2)cn1,206,0.497521878,0.25862069,0.16,0.717562082
CS(=O)(=O)c1ccc(-c2ccc(F)cn2)cc1F,206,0.840849744,0.233333333,0.09,0.880172122
CS(=O)(=O)c1ccc(-c2ccc(F)cc2)cn1,206,0.822341193,0.236363636,0.07,0.900294984
CS(=O)(=O)c1ccc(-c2cccnc2)cc1F,206,0.822341193,0.233333333,0.12,0.896585001
CS(=O)(=O)Cc1ccc(-c2cccnc2)cc1F,206,0.855956963,0.203125,0.15,0.885133158
CS(=O)(=O)OCc1ccc(-c2cccnc2)cc1,206,0.793647237,0.213114754,0.09,0.896356657
CS(=O)(=O)NCc1ccc(-c2cccnc2)cc1,206,0.913640132,0.213114754,0.11,0.909355752
CS(=O)(=O)OCc1ccc(-c2cccnc2)cc1C,206,0.805816467,0.196969697,0.14,0.872716703
CS(=O)(=O)c1ccc(-c2cccnc2)cc1CNC=O,206,0.844461791,0.205882353,0.18,0.842155724
CS(=O)(=O)c1ccc(-c2cccnn2)cc1CCCCCCO,206,0.750736513,0.235294118,0.18,0.847490768
CS(=O)(=O)c1ccc(-c2cccnn2)cc1CCCO,206,0.902375144,0.242424242,0.18,0.846607372
CS(=O)(=O)c1ccc(-c2cccnn2)cc1CCO,206,0.904920105,0.25,0.15,0.845653133
CS(=O)(=O)CCc1ccc(-c2cccnn2)cc1,206,0.841612289,0.254237288,0.21,0.878453791
CS(=O)(=O)CCc1ccc(-c2cccnn2)cc1F,206,0.857518585,0.212121212,0.21,0.852685063
CS(=O)(=O)CCc1ccc(-c2ccncn2)cc1,206,0.841612289,0.254237288,0.52,0.882678527
CS(=O)(=O)CCc1ccc(-c2ccncn2)cc1Cl,206,0.868972004,0.215384615,0.51,0.857446747
CS(=O)(=O)CCc1cc(-c2ccncn2)ccc1CCO,206,0.868958636,0.223880597,0.48,0.835685491
CS(=O)(=O)CCc1ccc(-c2ccncn2)cc1N(C)C,206,0.842591576,0.205882353,0.52,0.834055248
CC(=O)CCc1cc(-c2ccncn2)ccc1S(=O)C(C)C,206,0.820989098,0.162162162,0.45,0.749334712
CNCc1cc(-c2ccncn2)c(C)cc1S(C)(=O)=O,206,0.925574659,0.188405797,0.36,0.832619395
CCS(=O)(=O)CCc1cc(-c2ccncn2)ccc1C,206,0.848262589,0.194029851,0.48,0.848596658
CCS(=O)(=O)N(C)CCc1ccc(-c2ccncn2)cc1,206,0.818287997,0.215384615,0.48,0.861584839
CCS(=O)(=O)CCc1ccc(-c2ccncn2)cc1,206,0.838983504,0.229508197,0.52,0.872263793
CNS(=O)(=O)C(C)c1ccc(-c2ccncn2)cc1,206,0.923867333,0.225806452,0.54,0.79351354
CS(=O)(=O)CCNCc1ccc(-c2ccncn2)cc1,206,0.811709412,0.234375,0.49,0.876108861
CS(=O)(=O)CCc1ccc(-c2ccncn2)cc1OC,206,0.839280615,0.205882353,0.53,0.861636493
CS(=O)(=O)C=Cc1ccc(-c2ccncn2)cc1OC,206,0.862790675,0.205882353,0.49,0.836002152
CS(=O)(=O)CC(N)c1ccc(-c2ccncn2)cc1OC,206,0.891409765,0.197183099,0.49,0.792780341
CS(=O)(=O)CC(=O)Nc1ccc(-c2ccncn2)cc1,206,0.911673016,0.253968254,0.45,0.880547482
CS(=O)(=O)CC(N)Nc1ccc(-c2ccncn2)cc1,206,0.794033053,0.230769231,0.53,0.782909625
CS(=O)(=O)CC(N)c1ccc(-c2ccncn2)cc1,206,0.906789957,0.241935484,0.5,0.808306573
CS(=O)(=O)NC(N)c1ccc(-c2ccncn2)cc1,206,0.800144782,0.241935484,0.51,0.787878417
O=C(c1ccncc1)C12CN3CN(CN(C3)C1)C2,207,0.688519781,1,0.01,0.627812286
O=C(c1ccncc1)C12CNCC(C1)C2,207,0.734117644,0.475,0.12,0.709267886
COC(c1ccncc1)C12CNCC(C1)C2,207,0.839237248,0.192307692,0.09,0.628209843
CCC(c1ccncc1)C12CN(C1)C2,207,0.719806362,0.30952381,0.03,0.652373431
CCC(c1ccncc1)C1CNCCO1,207,0.814693771,0.169811321,0.06,0.726851908
CCC(c1ccncc1)C1CNCCOC1,207,0.843286633,0.163636364,0.08,0.731088143
NCC(c1ccncc1)C1CNCCOC1,207,0.773455351,0.163636364,0.23,0.719020386
NCC(c1ccncc1)C1CNCCO1,207,0.738418548,0.169811321,0.21,0.71562988
NCC(c1ccncc1)Cn1cccn1,207,0.804939948,0.183673469,0.18,0.784797067
NCC(c1ccncc1)CN1Cc2ccccc21,207,0.888528991,0.196078431,0.18,0.797323231
NCC(c1ccncc1)Cc1cnccn1,207,0.828973605,0.163265306,0.22,0.785899565
NCC(c1ccncc1)Cc1cnccc1Cl,207,0.90284808,0.183673469,0.29,0.786842479
NCC(c1ccncc1)C(=O)Cc1cnccn1,207,0.835260682,0.215686275,0.17,0.770299194
NCC(c1ccncc1)C(=O)Cc1cnccc1Cl,207,0.905909833,0.235294118,0.19,0.770807896
NCC(c1ccncc1)C(=O)Cc1cncc(Cl)c1,207,0.905909833,0.226415094,0.25,0.777076272
NC(Cc1ccncc1)C(=O)Cc1cncc(Cl)c1,207,0.90353581,0.230769231,0.31,0.802036101
NC(Cc1ccncc1)Cc1cncc(C(=O)Cl)c1,207,0.847257072,0.265306122,0.25,0.792714733
NC(Cc1ccncc1)Cc1cncc(C2CC2)c1,207,0.890221637,0.176470588,0.37,0.801885394
NC(Cc1ccncc1)Cc1cncc(OCCCl)c1,207,0.794644671,0.163636364,0.52,0.793395074
NC(Cc1ccncc1)Cc1cncc(Cl)c1Cl,207,0.937666093,0.18,0.4,0.791798498
NC(Cc1ccncc1)Cc1cncc(Cl)c1,207,0.90165571,0.1875,0.4,0.811853468
NC(Cc1ccncc1)Cc1cncc(OCF)c1,207,0.862305938,0.148148148,0.53,0.78335924
NC(Cc1ccncc1)Cc1cncc(OCCN)c1,207,0.782554131,0.145454545,0.58,0.798338576
CC(Cc1ccncc1)Cc1cncc(OCCN)c1,207,0.838612995,0.142857143,0.57,0.796601706
CC(Cc1ccncc1)COc1cncc(OCCN)c1,207,0.804554201,0.140350877,0.59,0.796346963
NC(Cc1ccncc1)COc1cncc(OCCN)c1,207,0.74428758,0.142857143,0.7,0.7937341
CC(Cc1ccncc1)c1cncc(OCCN)c1,207,0.861106261,0.140350877,0.53,0.802295184
NC(Cc1ccncc1)c1cncc(OCCN)c1,207,0.808546554,0.142857143,0.57,0.799538261
O=C1c2ccccc2S(=O)(=O)c2cc(N3CCC4(CC3)OCCO4)ccc21,208,0.64055499,1,0.01,0.757760219
O=C1c2ccccc2N(c2cc(N3CCS(=O)(=O)CC3)ccn2)CCO1,208,0.740277732,0.318181818,0.05,0.808842946
O=C1c2ccccc2Nc2cc(N3CCC(OCCCO)CC3)ccc21,208,0.547113984,0.219178082,0.11,0.854624681
O=C1c2ccccc2NCCCN1c1ccc(N2CCOCC2)nc1,208,0.911041163,0.236111111,0.13,0.848544203
O=C1CCc2cc(N3CCN(c4ccccc4)CC3)ncc2NCCO1,208,0.837335199,0.222222222,0.15,0.784826652
O=C1CCN(c2ccc3c(c2)NCCO3)CCC1c1ncccc1Cl,208,0.891171202,0.215189873,0.06,0.752801705
O=C1CCc2cc(N3CCC(O)CC3)ccc2Nc2ncccc21,208,0.844592516,0.25,0.21,0.829828931
O=C1CCc2cc(N3CCC(c4cccnc4)C(=O)N3)ccc2N1,208,0.886621341,0.164556962,0.12,0.747687833
O=C1Nc2cc(N3CCC(c4cccnc4)CC3)ccc2C(=O)N1,208,0.755857888,0.205479452,0.14,0.848702778
O=C1Nc2cc(N3CCC(c4cccnc4)CC3)ccc2C(=O)CO1,208,0.91093781,0.260273973,0.14,0.823168807
O=C1NCCNc2cc(N3CCC(c4cccnc4)CC3)cc(F)c21,208,0.882606771,0.184210526,0.17,0.808622758
O=C1NCCNc2cc(N3CCC(c4cccnc4)CC3)ccc2C1=O,208,0.812409999,0.271428571,0.19,0.817312535
O=C1NCCCNc2cc(N3CCC(c4cccnc4)CC3)ccc2C1=O,208,0.801467116,0.263888889,0.19,0.770235355
O=C1NCCNc2cc(N3CCC(c4ncccn4)CC3)ccc2C1=O,208,0.799154752,0.287878788,0.19,0.802875693
O=C1NCc2cc(N3CC=C(c4ncccn4)CC3)ccc2C1=O,208,0.850483983,0.260869565,0.25,0.792265855
O=C1NCc2cc(N3CCC(c4ncccn4)CC3)ccc2C1=O,208,0.851436603,0.292307692,0.16,0.819011789
O=C1NCCCc2cc(N3CCC(c4ccncc4)C3)ccc21,208,0.927698782,0.222222222,0.25,0.793251524
O=C1NCCc2cc(N3CC=C(c4ccncc4)CC3)ccc21,208,0.927568977,0.231884058,0.5,0.822626501
O=C1NCCc2cc(-c3ccncn3)ccc2C1=O,208,0.769445706,0.161764706,0.6,0.839382596
O=C1NCCc2cc(-c3ccncn3)ccc2c1=O,208,0.769445706,0.161764706,0.6,0.839382596
O=C1NCCc2cc(-c3ccncn3)ccc21,208,0.7983553,0.149253731,0.6,0.852068739
O=C1NCCc2cc(-c3ccncc3)ccc21,208,0.804957621,0.158730159,0.67,0.874618585
O=C1NCCCc2cc(-c3ccncc3)ccc21,208,0.828657225,0.153846154,0.64,0.873694174
O=C1Nc2cc(-c3ccncc3)ccc2C1=O,208,0.752217915,0.183333333,0.65,0.875356042
O=C1NCCNc2cc(-c3ccncc3)ccc21,208,0.798833418,0.161290323,0.72,0.849474145
CC(C)(C)C1(C)OC(C(=O)NC2CCCCC2)C(C(=O)NC2CCCCC2)O1,209,0.765836349,1,0,0.71892962
CC(C)(C)C1OC(C(=O)NC2CCCCC2)C(C(=O)NC2CCCCC2)O1,209,0.785888981,0.594594595,0.02,0.731824592
CC(C)(C)C1OC(C(=O)NC2CCCC2)C(C(=O)NC2CCCC2)O1,209,0.813600395,0.567567568,0.02,0.7296084
CC(C)(C)C1OC(C(=O)NC2CCCC2)C(C2CCCCC2)O1,209,0.859552848,0.511627907,0.02,0.709570769
CC(C)(C)NC(=O)C1CN(C(=O)C2CCCCC2)CCCO1,209,0.849514915,0.277777778,0.01,0.802431812
CC(C)(C)OC(=O)C1CCC(C(=O)NC2CCCCC2)O1,209,0.812011589,0.454545455,0,0.750484869
CC(C)(C)c1cc(C(=O)NC2CCCCC2)n(CCO)n1,209,0.894343571,0.309090909,0.01,0.849001401
CC(C)(C)NCC(=O)c1ccc(C2CCCCC2)o1,209,0.837716824,0.264150943,0.02,0.82287142
CC(C)(C)c1ccc(C(=O)NC2CCCCC2)cc1,209,0.852726644,0.395348837,0,0.925551246
CC(C)(C)c1ccc(CN)c(C(=O)NC2CCCC2)c1,209,0.889487823,0.301886792,0.02,0.873924849
CC(C)(C)Cn1ccc(C(=O)NC2CCCCC2)n1,209,0.910951417,0.326923077,0.01,0.85319711
CC(C)(C)n1ccc(C(=O)NC2CCCCC2)n1,209,0.875647263,0.346938776,0.01,0.843693773
CC(C)(C)C1CCN=C(C(=O)NC2CCCCC2)C=N1,209,0.828751687,0.34,0.01,0.711436823
CC(C)(C)n1cc(C(=O)NC2CCCCC2)cnc1=O,209,0.899628006,0.333333333,0,0.834743031
CC(C)(C)n1cc(C(=O)NC2CCCCC2)nnc1=O,209,0.888070848,0.333333333,0,0.817947787
CC(C)(C)n1cc(C(=O)NC2CCCCC2)nn1,209,0.874019272,0.346938776,0,0.836603004
CC(C)(C)n1cc(C(=O)NC2CCCCC2)c(N)n1,209,0.860368423,0.34,0.11,0.828764549
CC(C)(C)Nc1ncc(C(=O)NC2CCCCC2)c(N)n1,209,0.794486464,0.314814815,0.29,0.845562675
CC(C)(C)Nc1ncc(C(=O)NC2CCCCC2)c(C2CCCN2)n1,209,0.78100403,0.278688525,0.18,0.759287634
CC(C)(C)Nc1ncc(C(=O)NC2CCCC2)c(C2CCCNC2)n1,209,0.781923542,0.253968254,0.19,0.765866615
CC(C)(C)Nc1nnc(C(=O)NC2CCCC2)c(N)n1,209,0.770036427,0.307692308,0.13,0.819607647
CC(C)(C)Nc1ncc(C(=O)NC2CCCC2)c(N)n1,209,0.784825779,0.296296296,0.29,0.844202052
CC(C)(C)Nc1ncc(C(N)=O)c(NC2CCCC2)n1,209,0.783729682,0.25,0.45,0.838924849
CC(C)(C)Nc1ncc(C=CC(=O)NC2CCCC2)c(N)n1,209,0.742396921,0.275862069,0.19,0.810943867
CC(C)(C)Nc1ncc(C(N)=O)c(NC(C)CC2CCCC2)n1,209,0.748641352,0.184615385,0.32,0.771636998
CC(C)(C)Nc1nc(NC(N)=O)ncc1C1CCCO1,209,0.785304705,0.193548387,0.25,0.74238457
CC(C)(C)Nc1ncc(C(N)=O)c(NC2(C)CCCC2)n1,209,0.792357173,0.183333333,0.35,0.796761595
CC(C)(C)Nc1ncc(F)c(NC2(C(N)=O)CCC2)n1,209,0.77994612,0.161290323,0.36,0.792892117
CC(C)Nc1ncc(C(N)=O)c(NC2(C)CCCC2F)n1,209,0.773148948,0.166666667,0.37,0.683367232
CC(C)Nc1ncc(C(N)=O)c(NC2(C)CCCC2)n1,209,0.766430546,0.15,0.38,0.807426108
CC(C)Nc1ncc(C(=O)NC2(C)CCCC2)c(F)n1,209,0.831576347,0.15,0.13,0.794715059
CC(C)(C)c1cnc(NC2CC2)c(NC2(F)CCC2)n1,209,0.826060112,0.169491525,0.17,0.751689698
CC(C)(C)c1cnc(NC2CC2)c(NC2(F)CC2)n1,209,0.819796814,0.155172414,0.18,0.750966608
CC(C)(C)Nc1ncc(C(F)F)c(NC2CC2)n1,209,0.868196821,0.140350877,0.36,0.79604476
CC(C)(C)Nc1ncc(C(N)=O)c(NC2CC2)n1,209,0.748859194,0.192982456,0.46,0.834373286
CC1CCN(C(=O)C2CCCN(S(=O)(=O)c3cccc4nsnc34)C2)CC1,210,0.778435434,1,0,0.788056359
CC1CCN(C(=O)C2CCCN(S(=O)(=O)c3cccc4nnsc34)C2)C1,210,0.794626913,0.640625,0.06,0.73973806
CC1CCN(C(=O)C2CCCN(S(=O)(=O)c3cccc4nncn34)C2)C1,210,0.796218556,0.507246377,0,0.730697103
CC1CCN(C(=O)c2cccc(N3CCCS3(=O)=O)c2)CC1CN,210,0.889143478,0.240963855,0.03,0.748054522
CC1CCN(S(=O)(=O)c2cccc3ncccc23)CC1CCN,210,0.930697882,0.328947368,0.11,0.755438741
CC1CCN(S(=O)(=O)c2cccc3cccnc23)CC1CN,210,0.936344857,0.347222222,0.09,0.771157438
CC1CCN(S(=O)(=O)c2cccc3ccccc23)CC1CN,210,0.94522934,0.309859155,0.03,0.788523443
CC1CCCN(S(=O)(=O)c2cccc3ccccc23)CC1CN,210,0.939860449,0.357142857,0.03,0.791707143
Cc1cc(S(=O)(=O)N2CCCC2C2CCC2)cc2ccccc12,210,0.84991737,0.226666667,0.01,0.819739645
CC1CCN(S(=O)(=O)c2cccc(-c3ccccc3)c2)CC1CN,210,0.927326857,0.266666667,0.09,0.799659702
CC1CCN(S(=O)(=O)c2cccc(-c3ccccc3)c2)C(CN)C1,210,0.926811899,0.233766234,0.04,0.795541602
CC1CCN(S(=O)(=O)c2cccc(-c3ccccc3F)c2)CCN1,210,0.927874879,0.2125,0.08,0.826028719
CC1CCN(S(=O)(=O)c2cccc(-c3[nH]ccc3Cl)c2)C(CN)C1,210,0.870994553,0.211764706,0.16,0.723531215
CC1CCCN(S(=O)(=O)c2cccc(-c3[nH]ccc3CO)c2)C1,210,0.90245165,0.311688312,0.1,0.785832899
CC1CCCN(S(=O)(=O)c2cccc(-c3[nH]ccc3Cl)c2)C1,210,0.926059824,0.306666667,0.1,0.790015646
CC1CCCN(S(=O)(=O)c2cccc3c2[nH]c2ccccc23)C1,210,0.778888999,0.376811594,0.07,0.819162761
CC1CCCN(S(=O)(=O)c2cccc(-c3ccc[nH]c3=O)c2)C1,210,0.938444784,0.32,0.16,0.818077159
CC1CN(S(=O)(=O)c2cccc(-c3ccc[nH]c3=O)c2)C1,210,0.937668508,0.24,0.15,0.863490261
CC1CCCN(S(=O)(=O)c2cccc3[nH]c(CO)cc23)C1,210,0.911513658,0.375,0.06,0.796236808
CC1CCCN(S(=O)(=O)c2ccc(-c3ccc[nH]3)cc2)C1,210,0.94702707,0.309859155,0.06,0.820698573
CC1CCCN(S(=O)(=O)c2ccc(-c3ncc[nH]3)cc2)C1,210,0.947170535,0.301369863,0.24,0.818186521
CC1CCN(S(=O)(=O)c2ccc(-c3ncc[nH]3)cc2)CC1,210,0.947170535,0.263888889,0.23,0.868893187
CC1CCCN(S(=O)(=O)c2ccc(-c3ncc[nH]3)cc2)CC1,210,0.945728754,0.301369863,0.23,0.822294011
CC1CCCN(S(=O)(=O)c2ccc(-c3ncc(CO)[nH]3)cc2)C1,210,0.894488029,0.315789474,0.24,0.800824615
CC(C)(C)P(=O)(N1CCOCC1)N1CCOCC1,211,0.717290353,1,0.01,0.754110696
CC(C)(C)P(=O)(c1ccc(O)cc1)N1CCOCC1,211,0.846916293,0.472222222,0.02,0.741969993
CC(C)(C)P(=O)(c1cccc(OCCN)c1)N1CCOCC1,211,0.839216981,0.354166667,0.09,0.737936478
CC(C)(C)P(=O)(c1cccc(O)c1)N1CCOCC1,211,0.846916293,0.425,0.02,0.731919401
CC(C)(C)P(=O)(c1cccc(F)c1)N1CCOCC1,211,0.782555169,0.425,0.03,0.742810822
CC(C)(C)P(=O)(c1ccc(F)cc1)N1CCOCC1,211,0.782555169,0.472222222,0.02,0.751751058
CC(C)(C)P(=O)(c1ccc(F)c(N)c1)N1CCOCC1,211,0.673092041,0.404761905,0.07,0.722740354
CC(C)(C)S(=O)c1ccc(F)c(N2CCOCC2)c1,211,0.836193482,0.266666667,0.04,0.776107567
CC(C)(C)P(=O)(c1ccc(F)c(N2CCOCC2)c1)SC,211,0.789575069,0.333333333,0.02,0.726637952
CC(C)(C)S(=O)(=O)c1ccc(F)c(N2CCOCC2)c1,211,0.786014514,0.266666667,0.01,0.858093687
CC(C)(C)S(=O)(=O)c1ccc(N2CCOCC2)cc1,211,0.833637338,0.315789474,0,0.880071058
CC(C)(C)P(=O)(c1ccc(N)cc1)N1CCOCC1,211,0.667774954,0.472222222,0.08,0.738648396
CC(C)(C)S(=O)(=O)c1ccc(N2CCOCC2)cc1O,211,0.90173625,0.272727273,0.16,0.841361778
CC(C)(C)S(=O)(O)c1ccc(N2CCOCC2)cc1O,211,0.727661089,0.260869565,0.18,0.726915339
CC(C)(C)S(=O)c1ccc(N2CCOCC2)cc1O,211,0.903167229,0.266666667,0.21,0.766387745
CC(C)(C)SC(=O)C(=O)c1ccc(N2CCOCC2)cc1O,211,0.680732577,0.244897959,0.44,0.810035439
CC(C)(C)SC(=O)c1ccc(N2CCOCC2)cc1O,211,0.908881647,0.255319149,0.44,0.825211563
CC(C)(C(=O)O)S(=O)c1ccc(N2CCOCC2)cc1O,211,0.868357371,0.244897959,0.23,0.741536467
CC(C)(C)OC(=O)c1ccc(N2CCOCC2)cc1O,211,0.840876347,0.255319149,0.436666667,0.878471703
CC(C)(C)OC(=O)c1ccc(N2CCOCC2)c(O)c1O,211,0.640523202,0.266666667,0.05,0.84863339
COc1ccc(S(=O)(=O)N2CCCCCC2)cc1C(=O)NC1(C)C=CS(O)(O)C1,212,0.642823578,0.704918033,0.01,0.731282723
COc1ccc(S(=O)(=O)N2CCCCCC2)cc1C(=O)NC1(O)C=CC1,212,0.597992863,0.666666667,0,0.781249587
COc1ccc(S(=O)(=O)N2CCCCCC2)cc1C(=O)NCC(O)CO,212,0.62240205,0.578125,0,0.829395955
COc1ccc(S(=O)(=O)N2CCCCCC2)cc1C(=O)NCCO,212,0.792134677,0.590163934,0,0.894050444
COc1ccc(S(=O)(=O)N2CCCCCCC2)c(OC(=O)[O-])c1,212,0.605605344,0.415384615,0,0.839444699
COc1ccc(S(=O)(=O)N2CCCCCCC2)c(OCCO)c1,212,0.85508905,0.347826087,0.02,0.886401064
COc1ccc(O)c(S(=O)(=O)N2CCCCCC2)c1CCCC,212,0.861869023,0.342857143,0.01,0.858245661
COc1ccc(S(=O)(=O)N2CCCCCC2)c(O)c1C1CC1,212,0.92417313,0.358208955,0.01,0.856483085
COc1ccc(S(=O)(=O)N2CCCCCC2)cc1OC1CCC1,212,0.826560709,0.444444444,0,0.891454082
COc1ccc(S(=O)(=O)N2CCCCCC2)cc1C1CCC1,212,0.851396406,0.451612903,0,0.893918028
COc1ccc(S(=O)(=O)N2CCCCCCC2)cc1C1CCC1,212,0.836462114,0.451612903,0,0.892138342
COc1ccc(S(=O)(=O)N2CCCCC2)cc1C1=CCCCC1,212,0.839989819,0.424242424,0.06,0.866343133
COc1ccc(S(=O)(=O)N2CCCCC2)cc1-c1ccn[nH]1,212,0.937027822,0.417910448,0.08,0.86659948
COc1ccc(S(=O)(=O)N2CCCCC2)cc1-c1ncn[nH]1,212,0.924514695,0.411764706,0.09,0.862513522
COc1ccc(S(=O)(=O)N2CCCCC2)cc1-c1ccncc1,212,0.863582939,0.4375,0.15,0.895234042
COc1ccc(S(=O)(=O)N2CCCCC2)cc1-c1ncncc1[O-],212,0.828643486,0.405797101,0.08,0.816604148
COc1ccc(S(=O)(=O)N2CCCCC2)cc1-c1[nH]ncc1C1CC1,212,0.887643483,0.388888889,0.1,0.844755087
COc1ccc(S(=O)(=O)N2CCCC2)cc1-c1ccnc2[nH]ccc12,212,0.778702788,0.388888889,0.46,0.858681059
COc1ccc(S(=O)(=O)N2CCCC2)cc1-c1ncnc2[nH]ccc12,212,0.773685466,0.383561644,0.47,0.849166743
COc1ccc(S(=O)(=O)N2CCCC2)cc1-c1ccnc2[nH]cc(C)c12,212,0.763225439,0.378378378,0.29,0.845146735
COc1ccc(S(=O)(=O)N2CCCC2)cc1-c1ncnc2[nH]cc(C)c12,212,0.760678483,0.373333333,0.38,0.834040706
COc1cccc(S(=O)(=O)N2CCNCC2)c1-c1ccnc2[nH]ccc12,212,0.729607152,0.226190476,0.47,0.823429407
COc1ccc(S(=O)(=O)N2CCNCC2)cc1-c1ccnc2[nH]ccc12,212,0.729607152,0.324675325,0.46,0.838875561
COc1ccc(S(=O)(=O)N2CCCC2)c(-c2ccnc3[nH]ccc23)c1F,212,0.760042244,0.2875,0.52,0.828287068
COc1ccc(S(=O)(=O)N2CCCC2)c(-c2ccnc3[nH]ccc23)c1,212,0.778702788,0.269230769,0.5,0.848640675
COc1ccc(S(=O)(=O)N2CCCC2)c(-c2ccnc3[nH]ccc23)c1CN,212,0.701437058,0.277108434,0.54,0.815667168
CN1CCN(C(=O)C23CC4CC(CC(C4)C2)C3)CC1,213,0.72119992,1,0,0.726378819
CN1CCN(CC(=O)C23CC4CC(CC(C4)C2)C3)CC1,213,0.787740274,0.571428571,0,0.719479635
CN1CCCN(C(=O)C23CC4CC(CC(C4)C2)C3)CC1,213,0.733880544,0.866666667,0,0.722955763
CN1CCCN(C(=O)C23CC4CC(CC(C4)C2)C3)CCC1,213,0.741185928,0.8,0,0.719526936
CN1CCCN(C(=O)C23CC4CC(CC(C4)C2)C3)CCCC1,213,0.742802866,0.774193548,0,0.676949061
CN1CCN(CC(=O)c2cc3ccccc3[nH]2)C2(CCC2)CC1,213,0.886033086,0.24137931,0.09,0.769311479
CN1CCN(C(=O)C2(C3CC(F)(F)C3)CCC=CCC2)CC1,213,0.732061725,0.428571429,0,0.756310576
CN1CCN(C(=O)c2cc3ccccc3cn2)CC(N)CC1,213,0.862809822,0.25,0.14,0.817466661
CN1CCN(C(=O)c2cc3ccccc3[nH]2)CC2(CC2)C1,213,0.872266507,0.240740741,0.02,0.798006778
CN1CCN(C(=O)c2cc3ccccc3s2)CC(N)CCC1,213,0.878473593,0.24137931,0.08,0.770120654
CN1CCN(C(=O)c2cc3ccccc3cn2)CC1,213,0.776711022,0.276595745,0.04,0.896380079
CN1CCN(C(=O)c2cc(-c3ccccn3)cs2)CC1,213,0.849383186,0.240740741,0.04,0.868061228
CN1CCN(C(=O)c2cc(C3(N)CC3)ccn2)CC1,213,0.83673262,0.28,0.1,0.834530056
CN1CCN(C(=O)c2cc(-c3ccccn3)ccc2N)CC1,213,0.857190465,0.236363636,0.2,0.887683485
CN1CCN(C(=O)c2cc(C3CCCN3)ccc2CC(N)N)CC1,213,0.69018973,0.229508197,0.07,0.763445008
CN1CCN(C(=O)c2cc(-c3ccccn3)ccc2CCN)CC1,213,0.928550222,0.216666667,0.15,0.87198372
CN1CCN(C(=O)c2cc(C3(N)CCC3)cc3ccncc23)CC1,213,0.917162067,0.25862069,0.12,0.827122926
CN1CCN(C(=O)c2cc(C3CCCN3)nc3ccncc23)CC1,213,0.905265897,0.222222222,0.2,0.774692449
CN1CCN(C(=O)c2cc(-c3ccncc3)cc3c2CCN3)CC1,213,0.919835184,0.232142857,0.23,0.840996184
CN1CCN(C(=O)c2cc(-c3ccncn3)ccc2CCN)CC1,213,0.908659693,0.213114754,0.48,0.85372129
CN1CCN(C(=O)c2cc(-c3ccncc3)ccc2C#N)CC1,213,0.85132365,0.240740741,0.36,0.87136318
CN1CCN(C(=O)c2cc(-c3ccncc3)ccc2CC#N)CC1,213,0.86973116,0.228070175,0.33,0.857715047
CN1CCN(C(=O)c2cc(-c3ccncc3)ccc2N)CC1=O,213,0.846582909,0.169491525,0.42,0.860169821
CN1CCN(C(=O)c2cc(-c3ccncc3)ccc2N)CC1,213,0.857190465,0.254901961,0.42,0.885578479
CN1CCN(C(=O)c2cc(-c3ccncc3)ccc2NCCN)CC1,213,0.863607186,0.220338983,0.5,0.868078922
CCn1c(=NC(=O)Cc2c(O)cccc2O)sc2cccc(OC)c21,214,0.751077488,0.508474576,0,0.826025955
CCn1c(=NC(=O)Cc2c(O)cccc2OC)sc2ccccc21,214,0.792260652,0.421875,0.02,0.845403017
CCn1c(=NC(=O)Cc2ccccc2O)sc2ccccc21,214,0.807730182,0.35483871,0,0.86115699
CCn1c(=O)n(Cc2ccccc2OC)c2ccccc21,214,0.737437115,0.310344828,0,0.905845752
CCn1c(=CC(=O)Nc2ccccc2OC)sc2ccccc21,214,0.858746648,0.257142857,0.023333333,0.86696621
CCn1c(=CC(=O)Nc2ccccc2OC)sc2ccsc21,214,0.853407724,0.246575342,0.03,0.808468589
CCn1c(=O)n(-c2ccncc2)c2cccc(OC)c21,214,0.732189652,0.28125,0.04,0.854035447
CCn1c(=NC(=O)Cc2ccccc2OC)sc2c1CCC2,214,0.870316734,0.4,0,0.830756745
CCn1c(SCC(=O)NCC#N)nc2c(OC)cccc21,214,0.649948389,0.277777778,0.01,0.852247942
CCn1c(SCC(=O)NC)nc2c(OC)cccc2c1=O,214,0.664892379,0.285714286,0.02,0.874534823
CCn1c(=O)n(-c2ccccc2OC)c2ccsc21,214,0.73600742,0.261538462,0,0.844705958
CCn1c(=NC(=O)CC#N)sc2c(OC)cccc21,214,0.86081488,0.517241379,0.02,0.814669388
CCn1c(=O)n(CCCO)c2cc(OC)c(OC)cc21,214,0.863835195,0.288135593,0.01,0.867679535
CCn1c(=N)sc2c(OC)c(OC)ccc2c1=O,214,0.916971792,0.355932203,0.01,0.818242451
CCn1c(=N)sc2c(OC)c(OC)ccc21,214,0.890878037,0.333333333,0.01,0.813593876
CCn1c(=O)sc2c(OC)c(OC)ccc2c1=O,214,0.844485337,0.368421053,0.1,0.842742608
CCn1c(=O)sc2c(OC)c(OC)ccc21,214,0.823187211,0.357142857,0.1,0.843322197
CCn1c(=O)sc2c(CC)c(OC)ccc21,214,0.821449431,0.350877193,0.1,0.83414947
CCn1c(=O)sc2c(OC)cc(OC)cc21,214,0.823187211,0.310344828,0.1,0.846093176
CCn1c(=O)sc2c(OC)cc(OC)cc2c1=O,214,0.844485337,0.322033898,0.09,0.846914037
CCn1c(=O)sc2c(OC)c(OC)cc(OC)c21,214,0.852664504,0.357142857,0.1,0.829772122
CC(=N)C(C#N)C(=O)CSc1nnnn1-c1ccccc1,215,0.639429846,1,0,0.779242023
CC(=N)C(C#N)C(=O)Cn1nnnc1-c1ccccc1,215,0.816242702,0.543859649,0.02,0.769053581
CC(=N)C(C#N)COc1ncncc1-c1ccccc1,215,0.843278558,0.275362319,0.15,0.756283194
CC(=O)C(C#N)COc1ncncc1-c1ccccc1,215,0.830025986,0.257142857,0.14,0.771744732
CC(=O)C(C#N)Cc1ncncc1-c1ccccc1,215,0.836481673,0.264705882,0.19,0.764904192
CC(=O)N(C#N)c1ncncc1-c1ccccc1,215,0.59213012,0.220588235,0.23,0.815722268
CC(=O)C(C#N)CNc1ncncc1-c1ccccc1,215,0.897768965,0.253521127,0.25,0.777428673
CC(=O)C(C#N)CCCNc1ncncc1-c1ccccc1,215,0.793879585,0.243243243,0.19,0.778015379
CC(=O)C(C#N)CNc1ncncc1-c1ccncc1,215,0.885685713,0.202702703,0.32,0.751387377
CC(=O)C(C#N)Nc1ncncc1-c1ccncc1,215,0.885762642,0.194444444,0.31,0.745376842
CC(=O)C(CN)Nc1ncncc1-c1ccncc1,215,0.824964847,0.146666667,0.36,0.775331543
CC(=O)C(C#N)c1ncncc1-c1ccc(F)cc1,215,0.844554358,0.2,0.22,0.773142568
CC(=O)C(C#N)c1ccncc1-c1ccc(F)cc1,215,0.845295424,0.2,0.33,0.793874643
CC(=O)C(N)CNc1ccncc1-c1ccncc1,215,0.846350461,0.152777778,0.33,0.785256899
CC(=O)C(N)CNc1ccncc1-c1ccc(F)cc1,215,0.876137861,0.144736842,0.39,0.805104406
CC(=O)C(N)CNc1ccncc1-c1ccc(CF)cc1,215,0.856456907,0.141025641,0.37,0.780798738
CC(=O)C(C#N)Nc1ccncc1-c1ccc(F)cc1,215,0.926419793,0.191780822,0.41,0.777171988
CC(=O)C(C#N)Nc1ccncc1-c1ccc(CF)cc1,215,0.915235656,0.2,0.37,0.754286613
CC(=O)C(CN)Nc1ccncc1-c1ccc(F)cc1,215,0.876137861,0.146666667,0.41,0.806775285
CC(=O)C(CN)Nc1ccncc1-c1ccc(-c2ccncc2)cc1,215,0.724626593,0.148648649,0.49,0.799823667
CC(CN)C(=O)Nc1ccncc1-c1ccc(F)c(F)c1,215,0.909351274,0.139240506,0.43,0.816903949
CC(CN)C(=O)Nc1ccncc1-c1ccc(F)cc1,215,0.898557046,0.144736842,0.41,0.833637647
Cc1ccc(-n2cc(C(O)N3CCc4ccccc43)cc2Br)cc1,216,0.716116175,0.791666667,0,0.760509763
Cc1ccc(-n2cc(C(O)N3CCc4cccnc43)cn2)cc1,216,0.808011667,0.435483871,0.06,0.769478643
Cc1ccc(-n2cc(C(CN)N3CCc4ccccc43)nc2)cc1,216,0.803117052,0.459016393,0.08,0.782293547
Cc1ccc(-n2cc(CCN3CCc4ccccc43)nc2)cc1,216,0.731040767,0.365079365,0.01,0.863507496
Cc1ccc(-c2cc(C(O)CN3CCCCC3)ccn2)cc1,216,0.936643156,0.23880597,0.06,0.838578821
Cc1ccc(-c2ccc(C3CCN(CCCO)C3)cc2)cc1,216,0.905834971,0.181818182,0.03,0.85774709
Cc1ccc(-c2ccc(C3CCN(CCO)CC3)cc2)cc1,216,0.92628061,0.19047619,0.02,0.912646657
Cc1ccc(-c2ccc(N3CCN(CCO)CC3)cc2)cc1,216,0.939622792,0.237288136,0.01,0.922091609
Cc1ccc(-c2ccc(N3CCNCC3=O)cc2)cc1,216,0.905867972,0.213114754,0.045,0.900084304
Cc1ccc(-c2cc(N3CCNCC3)ccc2Br)cc1,216,0.899608622,0.222222222,0.17,0.88785274
Cc1ccc(-c2ccccc2N2CCNCC2)cc1,216,0.883364283,0.25862069,0.19,0.911785618
Cc1ccc(-c2ccccc2N2CCNC2)cc1,216,0.864824641,0.25,0.22,0.883517396
Cc1ccc(-c2ccncc2N2CCNC2)cc1,216,0.872057831,0.179104478,0.31,0.846571387
Cc1ccc(-c2ccncc2N2CCNC2)cc1Cl,216,0.911448866,0.135135135,0.39,0.830065114
Cc1ccc(-c2cnccc2N2CCNC2)cc1Cl,216,0.911448866,0.135135135,0.42,0.833767491
Cc1ccc(-c2cnccc2N2CCNC2)cc1C#N,216,0.903921168,0.157894737,0.45,0.811620644
Cc1ccc(-c2cnccc2N2CCNC2)cc1C(C)C,216,0.932304752,0.144736842,0.4,0.824100367
Cc1ccc(-c2cnccc2N2CCNC2)cc1C(F)F,216,0.938795639,0.144736842,0.46,0.800382931
O=C(O)C1=NN(c2c(F)c(F)ccc2F)C(=O)CC1,217,0.832408469,0.763157895,0,0.81242694
O=C(O)C1=NN(c2c(F)ccc(F)c2F)C(=O)CC1,217,0.832408469,0.763157895,0,0.81242694
O=C(O)C1=NN(c2cc(F)cc(F)c2)C(=O)CC1,217,0.869604704,0.625,0,0.831988134
O=C(O)C1=NN(c2cccc(F)c2)C(=O)C(S)=C1,217,0.804955638,0.228070175,0.02,0.831229579
O=C1CCCCN(c2ccc(F)c(Cl)n2)C(C(=O)O)=C1,217,0.849034873,0.25,0.01,0.790094919
O=C1CCCCN(c2ccc(F)c(Cl)n2)C(C(=O)O)=CS1,217,0.840371393,0.238095238,0.03,0.704438962
O=C1CCCCN(c2ncc(F)c(Cl)n2)C(C(=O)O)=C1,217,0.838387425,0.25,0.1,0.780170164
O=C(O)C1CCC(Nc2ncc(F)c(Cl)n2)C(=O)N1,217,0.696136825,0.206349206,0.31,0.718210687
O=C1CCC(Nc2ncc(F)c(Cl)n2)=CN1C(=O)O,217,0.805277435,0.271186441,0.47,0.736586146
O=C1CCCN(c2ccc(F)c(C(=O)O)c2)C1CO,217,0.855674163,0.25862069,0.02,0.791667626
O=C1CCCN(c2ccc(F)c(C(=O)O)c2)C1O,217,0.822106466,0.267857143,0.01,0.783975984
O=C1CC=NN(c2ccc(F)c(C(=O)O)c2)C1,217,0.839459867,0.272727273,0,0.77058631
O=C1CCCN(c2ccc(F)c(C(=O)O)n2)C1,217,0.834602794,0.272727273,0.02,0.831438683
O=C1CCCN(c2ccc(F)c(C(=O)O)n2)C1CBr,217,0.856281957,0.245901639,0.03,0.742759046
O=C1CCCN(c2ccc(F)c(C(=O)O)n2)C1=S,217,0.81783844,0.263157895,0.03,0.794415764
O=C1CCCCN1c1ccc(F)c(C(=O)O)c1C1CC1,217,0.923770461,0.25862069,0.01,0.842550863
O=C1CCCCN1c1ccc(F)c(C(=O)O)c1NC1CC1,217,0.894694758,0.245901639,0.05,0.838212012
O=C1CCCCN1c1cc(F)c(F)c(C(=O)O)c1,217,0.880709022,0.367346939,0.07,0.869794728
O=C1NCCCCN1c1cc(F)c(F)c(C(=O)O)c1,217,0.862822519,0.301886792,0.09,0.846664845
O=C1NCCCN1c1cc(F)c(F)c(C(=O)O)c1,217,0.843620602,0.307692308,0.09,0.844186878
CSC1=NC(C)(C)CC(C=Cc2ccc(Cl)cc2Cl)=N1,218,0.71854778,1,0.02,0.754935199
CSC1=NC(C)(C)C=Cc2ccc(Cl)cc2C=N1,218,0.694974331,0.333333333,0.03,0.676813774
CSC1=NC(C)=C(C=Cc2ccc(Cl)cc2F)C=N1,218,0.616843031,0.327586207,0.01,0.825312349
CSC1=NC(C)(C)N=C(Cc2ccc(Cl)cc2F)N1,218,0.9075132,0.274193548,0.09,0.760269282
CSC1=NC(C)(C=Nc2ccc(Cl)cc2Cl)C=CN1,218,0.826807377,0.344262295,0.1,0.658914121
CSC1=NC(C)(Cc2ccc(Cl)cc2Cl)C=CC=N1,218,0.779500032,0.355932203,0.03,0.690227328
CSC1=NC(C)(C=Nc2ccc(Cl)cc2Cl)C=N1,218,0.751909272,0.410714286,0.02,0.65809162
CSC1=NC(C)(C=Cc2ccc(Cl)cc2Cl)C=N1,218,0.784850956,0.56,0.01,0.680537466
CSC1=NC(C)(C=Cc2ccc(Cl)cc2Cl)N=N1,218,0.764391841,0.529411765,0.02,0.675270082
CSC1=NC(C)(C)N=C1Nc1ccc(Cl)cc1Cl,218,0.838694455,0.339285714,0.04,0.776121886
CSC1=NC(C)(C)NC(=Cc2ccc(Cl)cc2)N1,218,0.829311421,0.275862069,0.11,0.758508542
CSC1=NC(C)(C)C(=Cc2ccc(Cl)cc2Cl)N1,218,0.829253985,0.433962264,0.1,0.759136957
CSC1=NC(C)(C)CC(=Cc2ccc(Cl)cc2Cl)N1,218,0.802855328,0.519230769,0.09,0.763226383
CSC1=NC(C)(C)NC(=CCc2ccc(Cl)cc2Cl)N1,218,0.859649852,0.327868852,0.07,0.723715619
CSC1=NC(C)(C)NC(=CC=Cc2ccc(Cl)cc2Cl)N1,218,0.831043774,0.438596491,0.08,0.73061546
CSC1=NC(=CCCCc2ccc(Cl)cc2Cl)C(C)(C)N1,218,0.750299523,0.3125,0.17,0.756402462
CSC1=NC(=Cc2ccc(Cl)cc2Cl)C(C)(C)C=N1,218,0.702253507,0.5,0.01,0.736932596
CSC1=NC(=Cc2ccc(Cl)cc2Cl)C(C)(C)CN1,218,0.813326317,0.428571429,0.11,0.755166916
CSC1=NC(=Cc2ccc(Cl)cc2Cl)C(C)(C)N1,218,0.829253985,0.425925926,0.09,0.757493001
CSC1=NC(=Cc2ccc(Cl)cc2Cl)C(=O)N1,218,0.805913132,0.4,0.19,0.796000385
CSC1=NC(=O)C(=Cc2ccc(Cl)cc2Cl)SN1,218,0.630820402,0.355932203,0.08,0.776158389
CSC1=NC(=Cc2ccc(Cl)cc2Cl)C(=O)NC1,218,0.809180975,0.385964912,0.25,0.770558389
CSC1=NC(=Cc2ccc(Cl)cc2C)C(=O)NC1,218,0.803893691,0.31147541,0.27,0.768753773
CSC1=NC(=Cc2ccc(Cl)cc2Cl)C(=O)NC1=O,218,0.64023479,0.392857143,0.3,0.781852714
CSC1=NC(=Cc2ccc(Cl)cc2F)C(=O)NC1,218,0.805810034,0.306451613,0.24,0.764656542
CSC1=NC(=Cc2ccc(F)cc2Cl)C(=O)NC1,218,0.805810034,0.285714286,0.29,0.767027004
CSC1=NC(=Cc2ccc(F)cc2Cl)C(=O)NC1=O,218,0.638808535,0.290322581,0.33,0.778457152
CC1(C)CC(NS(=O)(=O)OCC(Cl)(Cl)Cl)c2cc(C#N)ccc21,219,0.788593887,0.701754386,0.01,0.697260029
CC1(C)CC(NS(=O)(=O)CCCl)c2cc(C#N)ccc2O1,219,0.860159524,0.672413793,0.02,0.74333053
CC1(C)CCC(NS(=O)(=O)CCOc2ccc(C#N)cc2Cl)C1,219,0.848944853,0.346666667,0.03,0.775684617
CC1(C)CCC(NS(=O)(=O)CCOc2cc(C#N)ccc2Cl)C1,219,0.848944853,0.346666667,0.03,0.77264994
CC1(C)CCC(NS(=O)(=O)c2cc(C#N)ccc2Cl)CCO1,219,0.915569728,0.366197183,0.01,0.777934927
CCCCC(NS(=O)(=O)c1cc(C#N)ccc1Cl)c1ccncc1,219,0.810130228,0.240506329,0.11,0.801655243
CC1(C)CCC(N)=C1c1cc(C#N)ccc1OS(=O)(=O)Cl,219,0.861848731,0.287671233,0.07,0.742827785
CCC(C)(C)NS(=O)(=O)c1cc(C#N)ccc1Oc1ccncc1,219,0.867637183,0.266666667,0.1,0.836662711
CC(C)(C)NCCCOc1ccc(C#N)cc1-c1ccnc(S(=O)[O-])c1,219,0.592481809,0.214285714,0.14,0.732040827
CC(C)(C)NS(=O)(=O)c1ccc(C#N)cc1-c1ccnc(C#N)c1,219,0.923820555,0.246575342,0.14,0.821067545
CC(C)(C)NS(=O)(=O)c1ccc(C#N)cc1-c1ccnc(C2CC2)c1,219,0.908581361,0.283783784,0.18,0.826309692
CC(C)(C)CCNS(=O)(=O)c1cc(C#N)cc(-c2ccncc2)c1,219,0.902384015,0.24,0.24,0.842565042
CC(C)(C)CCNS(=O)(=O)c1cc(C#N)ccc1-c1ccncc1,219,0.902384015,0.273972603,0.21,0.844407699
CC(C)(C)CCNS(=O)(=O)c1cc(-c2ccncc2)ccc1C#N,219,0.902384015,0.210526316,0.47,0.843436604
CC(C)(C)NC(=O)c1cc(-c2ccncc2)ccc1-c1ccn[nH]1,219,0.773322461,0.095238095,0.51,0.841852112
CC(C)(C)NS(=O)(=O)c1cc(-c2ccncc2)ccc1-c1ccn[nH]1,219,0.75121598,0.12345679,0.55,0.825758263
CC(C)(C)NS(=O)(=O)c1cc(-c2ccncc2)ccc1-c1ccns1,219,0.751535517,0.12345679,0.47,0.808088593
CC(C)(C)NS(=O)(=O)c1ccc(-c2ccncc2)cc1-c1ccns1,219,0.751535517,0.12345679,0.46,0.807499582
CC(C)(C)NS(=O)(=O)c1cc(-c2ccncc2)ccc1F,219,0.948077419,0.135135135,0.47,0.873859841
CC(C)(C)NS(=O)(=O)c1ccc(-c2ccncc2)cc1F,219,0.948077419,0.135135135,0.47,0.874308963
CC(C)(C)NS(=O)(=O)c1ccc(-c2ccncc2)cc1C(F)F,219,0.92171149,0.12987013,0.49,0.83443793
CC(C)CC(C)NS(=O)(=O)c1ccc(-c2ccncc2)cc1C(F)F,219,0.787975658,0.12195122,0.48,0.782386072
CC(C)(C)CCNS(=O)(=O)c1ccc(-c2ccncc2)cc1C(F)F,219,0.822020823,0.15,0.48,0.826991818
CC(C)CC(C)(C)NS(=O)(=O)c1ccc(-c2ccncc2)cc1C#N,219,0.85382746,0.189873418,0.45,0.820739103
CC(C)(C)CCNS(=O)(=O)c1ccc(-c2ccncc2)cc1C#N,219,0.902384015,0.210526316,0.42,0.845300939
CC(C)CC(C)(C)CNS(=O)(=O)c1ccc(-c2ccncc2)cc1C#N,219,0.798080748,0.185185185,0.45,0.822409339
CC(C)CC(C)(C)CNC(=O)c1ccc(-c2ccncc2)cc1C#N,219,0.849393588,0.154761905,0.47,0.836921397
CC(C)(C)CNC(=O)c1ccc(-c2ccncc2)cc1C(C)(C)N,219,0.900003026,0.111111111,0.47,0.84448861
O=C(NCC1CCCO1)C(C(=O)c1ccccc1)n1cc(Cl)ccc1=O,220,0.620932017,1,0,0.769509993
O=C(NCC1CCCO1)C(c1ccccc1)n1cc(Cl)ccc1=O,220,0.903893366,0.728813559,0,0.775339202
O=C(NCC1CCCO1)n1cccc(-c2ccccc2)c1=O,220,0.945172741,0.447761194,0.01,0.809143244
O=C(NCC1CCCO1)n1cccc(-c2ccccc2)c1=N,220,0.913050931,0.420289855,0.02,0.787388677
O=C(NCC1CCCO1)c1cnccc1-c1cc(Cl)ccn1,220,0.941380658,0.373333333,0.17,0.798727619
O=C(NCC1CCCO1)c1cnccc1-c1cccc(Cl)c1,220,0.94116592,0.373333333,0.12,0.828212234
O=C(NCC1CCCO1)c1cnccc1-c1cccc(F)c1,220,0.944353805,0.320512821,0.21,0.82701584
O=C(NCC1CCCO1)c1c[nH]nc1-c1cccc(F)c1,220,0.905727018,0.320512821,0.37,0.779106105
N#CC(C(=O)CSc1ccccc1C(=O)O)c1nc2ccccc2s1,221,0.662248698,1,0.01,0.797077016
N#CC(C(=O)COc1ccccc1C(=O)O)c1nc2ccccc2s1,221,0.730728737,0.649122807,0,0.808134654
N#CC(C(=O)COc1ccccc1C(=O)O)c1ccccc1C#N,221,0.874994275,0.338461538,0.01,0.801197608
N#CC(C(=O)COc1ccccc1C(=O)O)c1ccccc1C=O,221,0.784759046,0.328358209,0,0.798969135
N#CC(C(=O)COc1ccccc1C(=O)O)c1ccccc1,221,0.884744133,0.360655738,0,0.838322098
N#CCC(C(=O)COc1ccccc1C(=O)O)c1ccccc1,221,0.84904055,0.287878788,0,0.817274792
N#CC(C(=O)CCc1ccccc1C(=O)O)c1ccncc1,221,0.883759504,0.359375,0.07,0.805606217
NCCC(C(=O)CCc1ccccc1C(=O)O)c1ccncc1,221,0.780485582,0.242857143,0.16,0.800394792
N#CC(CNC(=O)c1ccccc1C(=O)O)c1ccncc1,221,0.875315825,0.303030303,0.07,0.81296577
N#CC(CNC(=O)c1ccccc1C(=O)O)c1ccncc1C#N,221,0.862647203,0.277777778,0.07,0.775247896
N#CC(CNC(=O)c1ccccc1C(N)=O)c1ccncc1,221,0.863504153,0.242857143,0.19,0.806198525
N#CC(CNC(=O)c1ccccc1C#N)c1ccncc1,221,0.924232134,0.242857143,0.12,0.79499806
NCCC(CNC(=O)c1ccccc1C#N)c1ccncc1,221,0.84964241,0.213333333,0.16,0.802252497
NCCC(Oc1ccccc1C(=O)NCc1ccncc1)c1ccccc1,221,0.643875429,0.17721519,0.17,0.83283107
N#CC(NCc1ccccc1-c1ccncc1)c1ccccc1C#N,221,0.770369433,0.157894737,0.31,0.796788639
NCCC(c1ccccc1-c1ccncc1)c1cccc(C#N)c1,221,0.771010592,0.153846154,0.31,0.808977504
N#CC(NCc1ccccc1-c1ccncc1)c1cccc(C#N)c1,221,0.770369433,0.151898734,0.34,0.803257132
N#CC(CNC(=O)c1ccccc1-c1ccncc1)c1cccc(C#N)c1,221,0.758659801,0.246753247,0.33,0.800621166
N#CC(NC(=O)c1ccccc1-c1ccncc1)c1cccc(-c2ccncc2)c1,221,0.530572962,0.22972973,0.42,0.808364121
N#CC(NC(=O)c1ccccc1-c1ccncc1)c1ccnc(-c2ccncc2)c1,221,0.550428787,0.226666667,0.3,0.792117443
N#CC(NC(=O)c1ccccc1-c1ccncc1)c1ccnc(-c2ccccc2)c1,221,0.530572962,0.236842105,0.29,0.8089851
N#CC(NC(=O)c1ccccc1-c1ccncc1)c1ccn(CCCC#N)c1,221,0.640061673,0.219512195,0.29,0.756894262
N#CC(NC(=O)c1ccc(-c2ccncc2)cc1)c1cccc(-c2ccncc2)c1,221,0.530572962,0.175675676,0.62,0.814283527
N#CC(NC(=O)c1ccc(-c2ccncc2)cc1)c1cccc(C#N)c1,221,0.786577407,0.168831169,0.65,0.816633818
N#CC(NC(=O)c1ccc(-c2ccncc2)cc1)c1cccc(F)c1,221,0.788730597,0.168831169,0.61,0.831604436
N#CC(NC(=O)c1ccc(-c2ccncc2)cc1)c1cccc(Cl)c1,221,0.76040604,0.168831169,0.63,0.832591615
N#CC(NC(=O)c1ccc(-c2ccncc2)cc1)c1ccccc1,221,0.797578195,0.217391304,0.67,0.845117504
NCCC(NC(=O)c1ccc(-c2ccncc2)cc1)c1ccccc1,221,0.725412036,0.162162162,0.88,0.850731737
NCC(NC(=O)c1ccc(-c2ccncc2)cc1)c1ccccc1,221,0.759221781,0.166666667,0.93,0.857834646
N#CC1C(=N)N(c2ccccc2)C(=O)c2cc([N+](=O)[O-])ccc21,222,0.678721378,1,0,0.7672497
N#CC1C(=N)N(c2ccccc2)C(=O)c2cc(CO)ccc21,222,0.890222676,0.641509434,0.01,0.768100014
N#CC1C(=O)N(c2ccccc2)C(=O)C1c1ccccc1N,222,0.677422859,0.316666667,0.07,0.764788207
N#CC1C(=O)N(c2ccccc2)C(=O)c2ccccc21,222,0.741612433,0.490196078,0,0.817798444
N#CC1C(=O)N(c2ccccc2)c2cc(N)ccc21,222,0.789399707,0.403508772,0.04,0.790270574
N#CC1C(=O)N(c2ccccc2)c2ccc(N)cc21,222,0.789399707,0.379310345,0.13,0.788348352
N#CC1C(=O)N(c2ccccc2)c2cc(CN)ccc21,222,0.904173674,0.383333333,0.05,0.788989537
N#CC1C(=O)N(c2ccccc2)c2cc(CN)ccc2N1,222,0.88123632,0.28358209,0.07,0.764934214
N#CC1C(=O)N(c2ccccc2)c2c(C#N)cccc2N1,222,0.866135629,0.301587302,0.03,0.745212162
N#CC1C(=O)N(c2ccccc2)c2c(CN)ccc(N)c21,222,0.821158883,0.333333333,0.09,0.74999613
N#CC1C(=O)N(c2ccccc2)c2c(CS)cccc2C1N,222,0.83798698,0.303030303,0.02,0.707675552
N#CC1C(=O)N(c2ccccc2)c2c(CN)cccc2C1N,222,0.88395571,0.307692308,0.07,0.723247016
N#CC1C(=O)N(c2cccc(N)c2)c2cc(CN)ccc21,222,0.821158883,0.303030303,0.05,0.763565622
N#Cc1cccc(N2C(=O)CNC2=N)c2c(F)cccc2c1,222,0.770757359,0.17721519,0.19,0.679025968
N#CC1C(=O)N(c2ccccc2)c2c(CN)cccc21,222,0.904173674,0.366666667,0.03,0.770585758
N#CC1C(=O)N(c2ccccc2)c2nc(CN)ccc21,222,0.896451762,0.35483871,0.07,0.762026244
N#CC1C(=O)N(c2ccccc2)c2nc(-c3cccs3)cn21,222,0.7290903,0.257142857,0.02,0.745367042
N#CC1C(=O)N(c2ccccc2)c2nc(-c3ccccc3)cn21,222,0.729247701,0.28125,0.06,0.778124567
N#CC1C(=O)N(c2ccccc2)c2nc(-c3ccccc3N)cn21,222,0.736486223,0.279411765,0.07,0.754590477
N#CC1C(=O)N(c2ccccc2)c2cc(C#N)cc(-c3ccco3)c21,222,0.709954763,0.323529412,0.02,0.749268539
N#CC1C(=O)N(c2ccccc2)c2cc(C#N)cc(C3CC3)c21,222,0.84828249,0.34375,0.02,0.754321656
C1CCC(=O)N(c2cc(C#N)cc(-c3ccccc3CN)n2)C1,222,0.944446206,0.166666667,0.13,0.836883926
C1CNC(=O)C(c2cc(C#N)ccn2)c2ccccc2OC1,222,0.872106612,0.168831169,0.13,0.725720601
C1CSc2ccccc2N1c1cc(C#N)cc(C2CC2)n1,222,0.836355773,0.142857143,0.12,0.811860279
C1COc2ccccc2N1c1cc(C#N)cc(C2CC2)n1,222,0.844189576,0.142857143,0.07,0.826937202
N#CC1C(=O)NCc2cccc(-c3cc(C#N)ccn3)c21,222,0.858961209,0.222222222,0.13,0.732754983
N#CC1C(=O)NCc2cc(-c3cccc(C#N)c3)cnc21,222,0.858961209,0.208333333,0.27,0.738903701
N#CC1C(=O)NCc2cc(-c3cccc(CO)c3)cnc21,222,0.871431428,0.2,0.26,0.746439855
NCC1C(=O)NCc2cc(-c3cccc(C#N)c3)cnc21,222,0.865531985,0.153846154,0.35,0.747268829
N1CCS(=O)(=O)c2cc(-c3cccc(CN)c3)cnc21,222,0.872760833,0.088607595,0.33,0.7982565
N1CCS(=O)c2cc(-c3cncc(C#N)c3)ccc2N1,222,0.832415602,0.116883117,0.3,0.688614173
Nc1cc(-c2cncc(CO)c2)cc2c1C(=O)NCC2,222,0.71252018,0.061728395,0.39,0.815553396
N1CCc2cnc(-c3cc(C#N)ccn3)cc2C1=O,222,0.826997078,0.142857143,0.35,0.816886093
N#CC1CNC(=O)c2cc(-c3cncc(CO)c3)ccc21,222,0.87373916,0.184210526,0.38,0.750972419
N#CC1CNC(=O)c2cc(-c3cncc(C#N)c3)ccc21,222,0.86041496,0.208333333,0.39,0.742408573
N#CC1CNC(=O)c2cc(-c3cccc(C#N)c3)cnc21,222,0.86041496,0.189189189,0.35,0.739733957
N#CC1CNC(=O)c2cc(-c3ccncc3)cc(CCN)c21,222,0.898459915,0.155844156,0.48,0.733416111
N#CC1CNC(=O)c2cc(-c3cccc(CN)c3)cnc21,222,0.871567038,0.181818182,0.4,0.745194214
N#CC1CNC(=O)c2cc(-c3ccncc3)ccc2C1,222,0.857124778,0.169014085,0.53,0.768557939
N#CC1CNC(=O)c2cc(-c3ccncc3)ccc21,222,0.841215462,0.208955224,0.53,0.769412387
N#CC1C(=O)Nc2ccc(-c3ccncc3)cc21,222,0.824317306,0.215384615,0.48,0.783268425
NCC1C(=O)Nc2ccc(-c3ccncc3)cc21,222,0.838407861,0.114285714,0.61,0.796542981
CCOC(=O)CSC1=NC2=CCSC2N1c1ccc(OCC)cc1,223,0.720142082,0.704918033,0,0.732884122
CCOC(=O)CSC1=NC2CCCN2C1c1ccc(O)cc1,223,0.864016977,0.324675325,0,0.710067761
CCOC(=O)CSC1=NCCCN1c1ccc(OCC)cc1,223,0.75378004,0.5,0.01,0.845305952
CCOC(=O)CSC1=NCCSN1c1cccc(OC)c1,223,0.612490501,0.373333333,0,0.79095729
CCOC(=O)CSC1=NCC=CN1c1cccc(OC)c1,223,0.78288662,0.36,0.01,0.795081905
CCOC(=O)CSC1=NCCNC1c1cccc(OC)c1,223,0.843541663,0.320512821,0.01,0.76799165
CCOC(=O)CSC1=NCCNC1c1ccccc1OC,223,0.843541663,0.311688312,0.03,0.769355239
CCOC(=O)CSC1=NCCNc2ccccc2N1C,223,0.865932561,0.333333333,0.05,0.818029779
CCOC(=O)CSC1=NCCNc2ccccc2N1CC,223,0.866596491,0.328947368,0.05,0.820585752
CCOC(=O)CSC1=Nc2ccccc2NCCNC1=O,223,0.828392206,0.328767123,0.16,0.747185752
CCOC(=O)CSC1=Nc2ccccc2NCCC1=O,223,0.866426373,0.324324324,0.14,0.801315879
CCOC(=O)CSC1=Nc2ccccc2NCCNCCNC1=O,223,0.708396888,0.315789474,0.16,0.734548559
c1ccc(-n2ncc3c(N4CCC5(CC4)OCCO5)ncnc32)cc1,224,0.713903525,1,0.03,0.783901898
c1ccc(-n2ncc3c(NCCCN4CCOCC4)ncnc32)cc1,224,0.6930562,0.444444444,0.02,0.864845794
c1ccc(Cn2ncc3c(NCC4CCCOC4)ncnc32)cc1,224,0.781918667,0.305555556,0.03,0.804981484
c1ccc(Cn2nnc3c(N4CCCOCC4)ncnc32)cc1,224,0.729991392,0.318181818,0.01,0.858776517
c1ccc(Cn2ncc3c(N4CCCOCC4)ncnc32)o1,224,0.732878612,0.378787879,0.01,0.838284507
c1ccccc1-n1ncc(CN2CCC3(CC2)OCCO3)n1,224,0.861714527,0.413793103,0.04,0.775705766
c1ccccc1-c1cncc(N2CCC3(CC2)OCCO3)n1,224,0.852040322,0.403508772,0.19,0.794094111
c1cc(-c2cccnc2CN2CCC3(CC2)OCCO3)ccc1I,224,0.688071362,0.292307692,0.22,0.776728493
c1cc(-c2cccnc2)nc(N2CCCC3(CCOCC3)CC2)n1,224,0.84795016,0.219178082,0.24,0.781259689
c1cc(-c2cccnc2)nc(N2CCCC3(CCOCC3)CC2)c1F,224,0.825222641,0.22972973,0.13,0.777865992
c1ccc(-c2cnoc2C(C)N2CCCC3(CCOCC3)C2)nc1,224,0.86034571,0.192307692,0.11,0.673182816
c1ccccc1-c1cnc(CN2CCCC3(CCOCC3)C2)nc1,224,0.865858704,0.235294118,0.12,0.788658193
c1ccccc1-c1cnc(CN2CCCC(C)(C(O)O)CC2)nc1,224,0.844306637,0.197183099,0.04,0.775469853
c1cc(OC)ccc1-c1cnc(N2CCOCC2)c2c1CCCC2,224,0.865714327,0.2,0.09,0.864522273
Cc1cc(-c2cccnc2)ncc1CN1CCOCCC1(C)C,224,0.869974359,0.179487179,0.02,0.820579264
Cc1cc(-c2cccnc2)ncc1CN1CCOC(C)(C)CC1,224,0.869974359,0.194805195,0.03,0.828411898
Cc1cc(-c2cncc(CN3CCOCCC3(C)C)n2)ccc1Cl,224,0.838803274,0.148148148,0.16,0.815344419
Cc1cc(-c2cnccc2C(C)C)ncc1CN1CCOCC1,224,0.867124677,0.141025641,0.17,0.837642434
Cc1cc(-c2cccnc2)ncc1CN1CCOC(C)(C)C1,224,0.872491414,0.181818182,0.03,0.834048809
CCCOC1(Cc2cnc(-c3ccccc3C)nc2)CCNCC1,224,0.882238083,0.144736842,0.1,0.804489151
CCCOC1(Cc2cnc(-c3ccccc3C)n2C)CCNCC1,224,0.882614212,0.153846154,0.13,0.78255139
Cc1ccc(-c2cncnc2CN2CCOC(C)(C)C2)nc1,224,0.870975588,0.202702703,0.2,0.806558455
Cc1ccccc1-c1ncc(CN2CCOC(C)(C)C2)cn1,224,0.872491414,0.214285714,0.03,0.85118727
Cc1ccccc1-c1cncc(N2CCOC(C)(C)C2)n1,224,0.848744142,0.214285714,0.12,0.840177546
c1ccccc1-c1cncc(N2CCNCC(C)(C)C2)n1,224,0.918941794,0.2,0.25,0.836030014
c1ccccc1-c1cncc(N2CCNC(CC3CC3)C2)n1,224,0.941136429,0.191780822,0.21,0.784929897
c1ccccc1-c1cncc(N2CCNCC23CCCCC3)n1,224,0.924380605,0.197183099,0.28,0.772713709
c1ccccc1-c1cncnc1N1CCNC(C2CCCCC2)C1,224,0.938824108,0.23943662,0.26,0.797504988
c1ccccc1-c1cncnc1N1CCNCc2ccccc21,224,0.787653077,0.220588235,0.245,0.856888892
c1ccccc1-c1cncnc1N1CCNCC2(CC2)C1,224,0.916464368,0.287878788,0.3,0.782631261
c1ccccc1-c1cncnc1N1CCNCC(=O)C1,224,0.884285212,0.272727273,0.25,0.833540372
c1ccccc1-c1cncnc1N1CCNCCNCC1,224,0.865555221,0.305084746,0.23,0.807515569
c1ccccc1-c1cnccc1N1CCNCCNCC1,224,0.880214935,0.206349206,0.33,0.815434983
c1cc(-c2cnccc2CN2CCNCC2)ncn1,224,0.884473518,0.142857143,0.38,0.836132124
c1cc(-c2cnccc2C2CCNCC2)ncn1,224,0.872014045,0.115942029,0.41,0.827764383
c1cc(-c2cnccc2N2CCNCC2)ncn1,224,0.848007379,0.184615385,0.4,0.834196577
c1cc(-c2cnccc2N2CCNCC2)ncc1,224,0.864483426,0.2,0.31,0.857531904
c1cc(-c2cnccc2N2CCNCCC2)ncn1,224,0.877290331,0.173913043,0.4,0.833461408
c1cc(-c2cncc(N3CCNCC3)c2)ncn1,224,0.848007379,0.196969697,0.5,0.842647574
c1cnc2ccc(C(c3nnnn3C3CCCC3)N3CCN4CCCC4C3)cc2c1,225,0.666619365,1,0.01,0.74427141
c1cnc2cc(C(CNC3CCCC3)N3CCCN4CCN=C4C3)ccc2c1,225,0.868857333,0.290697674,0.1,0.74845169
c1cnc2ccc(N(CC3CCCO3)C3CCN4CCCN=C4C3)cc2c1,225,0.832754969,0.261363636,0.11,0.707809705
c1cnc2ccc(N(CC3CCCN3)C3CCN4CCCC4=C3)cc2c1,225,0.915622985,0.264367816,0.1,0.689277609
c1cnc2ccc(C(CN3CCCC3)N3CCCN4CCN=C4C3)cc2c1,225,0.836721687,0.325,0.1,0.753645587
c1cnc2ccc(C(C3=CCCN3C)N3CCN4CCCC4C3)cc2c1,225,0.848926943,0.626865672,0.03,0.71527435
c1cnc2ccc(C(C3CCCC3)N3CCN4CCCN=C4C3)cc2c1,225,0.843374319,0.4,0.12,0.746219459
c1cnc2ccc(C(C3CCCN3)N3CCN4CCCC4C3)cc2c1,225,0.933875485,0.573529412,0.1,0.71348559
c1cnc2ccc(C(C3CCCCN3)N3CCN(C)CC3)cc2c1,225,0.940471466,0.410958904,0.09,0.748270249
c1cnc2ccc(C(C3CCCN3)N3CCNC(=O)CC3)cc2c1,225,0.904615287,0.358974359,0.12,0.728326587
c1cnc2ccc(C(C3CCCN3)N3CCCNCC3)cc2c1,225,0.912692366,0.373333333,0.12,0.735348275
c1cnc2ccc(C3CCCCN3C3CCNCC3)cc2c1,225,0.918659703,0.361111111,0.13,0.800950987
c1cnc2ccc(C3CCCCN3C3CCCNCC3)cc2c1,225,0.911580742,0.364864865,0.15,0.773684953
c1cnc2ccc(C3CCCCN3C3CCCNC3)cc2c1,225,0.918659703,0.346666667,0.14,0.769233451
c1cnc2ccc(C3CCCN3C3CCCNCC3)cc2c1,225,0.918659703,0.369863014,0.15,0.773243941
c1cnc2ccc(C3CCCN(C4CCCNCC4)CCC3)cc2c1,225,0.883568154,0.428571429,0.16,0.808765077
c1cnc2ccc(C3CCCN(C4CCCNCC4)CC3)cc2c1,225,0.906942608,0.416666667,0.17,0.782501846
c1cc2cnc(C3CCCN(C4CCCNCC4)CC3)cc2cn1,225,0.919709879,0.259259259,0.31,0.746083683
c1cnc2ccc(C3CCN(C4CCCNCC4)CC3)cc2c1,225,0.919227262,0.394366197,0.17,0.810176139
c1cnc2ccc(C3CCCN(C4CCNCC4)CC3)cc2c1,225,0.919227262,0.414285714,0.15,0.810457075
c1cnc2ccc(C3CCCN(C4CCNCC4)CCCCC3)cc2c1,225,0.847886475,0.428571429,0.14,0.761981511
c1ccc2cc(C3CCCN(C4CCNCC4)CCCCC3)cnc2c1,225,0.847886475,0.337837838,0.19,0.759890979
c1cc2cc(C3CCCN(C4CCNCC4)CC3)cc(-n3ccnc3)c2[nH]1,225,0.746325878,0.215909091,0.3,0.743902947
c1cc2cc(-c3cn(C4CCCNCC4)cn3)ccc2cn1,225,0.786799076,0.19047619,0.42,0.775355183
c1cc(-c2cncc(C3CCCN(C4CCNCC4)CC3)c2)ccn1,225,0.931768446,0.243589744,0.44,0.791620462
c1cc2cc(-c3cncc(C4CCCNCC4)c3)cnc2cn1,225,0.786403445,0.195121951,0.51,0.783957856
c1cc2ccnc(-c3cncc(C4CCCNCC4)c3)c2cn1,225,0.786403445,0.164705882,0.48,0.777969227
c1cc2c(-c3cncc(C4CCCNC4)c3)ncnc2cn1,225,0.785858393,0.149425287,0.51,0.767069635
c1cc2c(-c3cncc(C4CCCNC4)c3)nccc2cn1,225,0.787401456,0.151162791,0.54,0.77510833
c1cc2c(-c3cncc(C4CCCCN4)c3)nccc2cn1,225,0.784448612,0.164705882,0.48,0.77303164
c1cc2c(-c3cncc(OC4CCCCN4)c3)nccc2cn1,225,0.805124788,0.159090909,0.47,0.747593084
c1cc(-c2c[nH]c3c(OC4CCCCN4)nccc23)cnn1,225,0.776169558,0.120879121,0.54,0.706340964
c1cc2c(-c3cncc(OC4CCCCN4)c3)nccc2[nH]1,225,0.778885131,0.144444444,0.41,0.739065906
c1cc(-c2c[nH]c3c(SCC4CCNC4)ncnc23)ccn1,225,0.572697616,0.108695652,0.61,0.745471733
c1cc2c(-c3cncc(C4CCNCC4)c3)n[nH]c2cn1,225,0.756057399,0.130952381,0.56,0.810828609
c1cc2c(-c3cncc(OC4CCNCC4)c3)n[nH]c2cn1,225,0.774082542,0.127906977,0.57,0.808694064
c1cc(-c2c[nH]c3c(OCC4CCNCC4)ncnc23)ccn1,225,0.773759463,0.112359551,0.61,0.805710296
c1cc(-c2c[nH]c3c(OCC4CCNCC4)nccc23)ncn1,225,0.773759463,0.10989011,0.58,0.797122783
c1cc(-c2c[nH]c3c(OCC4CCNCC4)nccc23)ccn1,225,0.77753441,0.114942529,0.64,0.813177409
c1cc(-c2c[nH]c3nccc(C4CCN(CCN)CC4)c23)ccn1,225,0.774976811,0.122222222,0.77,0.824472002
CCC(C)(C)NC(O)c1cc(O)n(CCc2ccc(F)cc2)c1,226,0.685837413,1,0.01,0.736336143
CCC(C)(C)NC(O)c1ccc(O)c(-c2ccc(F)cc2)c1,226,0.732653041,0.509090909,0.09,0.789023132
CCC(C)(CO)COc1ccc(O)c(-c2ccc(F)cc2)c1,226,0.848234975,0.257575758,0.08,0.808291333
CCC(C)(CO)c1ccc(O)c(-c2ccc(F)cc2)c1,226,0.888470921,0.278688525,0.08,0.812763871
CCC(C)(C)C(O)c1ccc(O)c(-c2ccc(F)cc2)c1,226,0.858085949,0.333333333,0.1,0.81287223
CCC(C)(C)c1ccc(O)c(-c2ccc(F)c(F)c2)c1,226,0.833675297,0.21875,0.06,0.876062063
CCC(C)(C)c1ccc(O)c(-c2ccc(F)cc2)c1,226,0.830978934,0.288135593,0.12,0.894177566
Cc1ccc2c(c1)CC(c1cc(Br)ccc1C)CC(=O)N2,227,0.795827513,0.462962963,0.02,0.810086613
Cc1ccc2c(c1)C(c1cc(Br)ccc1C)CC(=O)N2,227,0.817097897,0.604166667,0.02,0.814142043
Cc1ccc2c(c1)C(c1cc(Br)ccc1F)C(=O)NC2=O,227,0.804200817,0.418181818,0.28,0.796843471
Cc1ccc2c(c1C)C(c1cc(Br)ccc1F)C(=O)N2,227,0.828215157,0.5,0.13,0.79108471
Cc1ccc2c(c1C)NC(=O)c1cc(Br)ccc1N2,227,0.757129038,0.309090909,0.38,0.841766341
Cc1ccc2c(c1F)NC(=O)c1cc(Br)ccc1N2,227,0.763197003,0.345454545,0.35,0.822024105
Cc1ccc(C2C(=O)Nc3cc(Br)c(F)cc32)cn1,227,0.874855705,0.31147541,0.2,0.775433134
Cc1ccc(C2C(=O)Nc3cc(Br)c(F)cc32)cc1N,227,0.783165133,0.338983051,0.17,0.776616459
Cc1ccc(N2C(=O)Nc3cc(Br)c(F)cc32)cc1,227,0.731457627,0.229508197,0.01,0.866690579
Cc1ccc(N2C(=O)Cc3cc(Br)c(F)cc32)cc1N,227,0.808013214,0.25,0.06,0.833396178
Cc1ccc2c(c1)C(c1cc(Br)c(F)cc1N)C(=O)N2,227,0.783165133,0.3,0.25,0.770644151
Cc1cc2c(cc1F)C(c1ccc(N)cc1)C(=O)N2,227,0.770744078,0.345454545,0.13,0.803075224
Cc1ccc2c(c1)NC(=O)C2c1cc2cc(F)ccc2[nH]1,227,0.701100622,0.25,0.14,0.782171906
Cc1cc2c(cc1F)C(c1ccc(N)cc1)c1occc1N2,227,0.506435509,0.274193548,0.13,0.749181435
Cc1cc2c(cc1F)C(c1ccc(N)cc1Br)C(=O)N2,227,0.783165133,0.368421053,0.14,0.77695464
Cc1cc2c(cc1NC(=O)Cn1c(C)ccc1Br)C(=O)N2,227,0.895533756,0.220588235,0.12,0.822419704
Cc1cc2c(cc1F)C(c1ccc(Br)cc1)NC(=O)N2,227,0.808663782,0.452830189,0.03,0.795366493
Cc1cc2c(cc1F)C(c1ccc(Br)cc1)C(=O)N2,227,0.845927649,0.442307692,0.16,0.808894092
Cc1ccc2c(c1)C(c1cc(Br)c[nH]c1=O)C(=O)N2,227,0.848366654,0.288135593,0.17,0.771751566
Cc1ccc2c(c1)C(c1cc(Br)c[nH]c1=O)C(=O)NC2=O,227,0.773065585,0.258064516,0.29,0.762187768
Cc1ccc2c(c1)C(c1ncc(Br)cc1F)C(=O)NC2=O,227,0.805740097,0.28125,0.31,0.767558325
Cc1ccc2c(c1)C(=Cc1ncc(Br)cc1F)C(=O)N2,227,0.807169316,0.261538462,0.61,0.820256548
Cc1ccc2c(c1)C(=Cc1ccc(Br)cc1F)C(=O)N2,227,0.771274617,0.316666667,0.74,0.864172482
Cc1ccc2c(c1)C(=Cc1ccc(Br)cc1)C(=O)N2,227,0.783418226,0.254237288,0.7,0.886019063
COC(=O)c1c(NC(=O)c2c(OC)cccc2OC)sc2c1C(C(=O)O)CC2,228,0.710936205,0.86,0,0.787148859
COC(=O)c1c(NC(=O)c2c(OC)cccc2OC)sc2c1CCCC2,228,0.80715933,0.62962963,0.01,0.871978974
COC(=O)c1c(NC(=O)c2c(OC)cccc2OC)sc2c1CCS2,228,0.80234893,0.561403509,0.01,0.823497384
COC(=O)c1c(NC(=O)c2c(OC)cccc2OC)sc2c1CCC2,228,0.827425524,0.62962963,0.01,0.874372769
COC(=O)c1c(NC(=O)c2c(OC)cccc2OC)sc2c1CC2,228,0.842047502,0.653846154,0.01,0.871368469
COc1cc(OC)c(C(=O)c2c(N)cccc2NC2CC2)s1,228,0.632053718,0.3,0.06,0.796465431
COc1c(NC(=O)c2c(OC)cccc2N)sc2c1CCC(C)C2,228,0.827556231,0.46969697,0.04,0.778658688
COc1c(NC(=O)c2c(O)cccc2OC)c2c(nc1C)CCS2,228,0.885692389,0.338028169,0.04,0.79887088
COc1c(OC)c(C(=O)c2ccccc2)cc2c1NC(C)CCS2,228,0.841929208,0.2,0.03,0.764647271
COc1cc(OC)c(C(=O)c2ccccc2)c2c1NC(C)CCS2,228,0.841929208,0.25,0.05,0.769588221
COc1cccc(C)c1NC(=O)c1nc2c(s1)C(=O)CCC2,228,0.943678246,0.314285714,0.05,0.842590236
COc1cccc(C)c1C(=O)c1c(NC2CC2)sc2c1CCS2,228,0.808817787,0.367647059,0.02,0.787621656
COc1cccc(OC)c1NC(=O)c1nc2c(s1)C(=O)CCC2,228,0.931246173,0.328358209,0.05,0.839742129
COC(=O)c1cccc(OC)c1NC(=O)c1nc2c(s1)CCC2,228,0.871119706,0.367647059,0.05,0.849828756
COC(=O)c1c(NC(=O)c2ccccc2OC)sc2c1CCS2,228,0.856752329,0.444444444,0.01,0.838962958
COc1cccc(C)c1NC(=O)c1nc2c(s1)C(=O)CC(OC)N2,228,0.883768713,0.285714286,0.12,0.72068165
COc1cccc(C)c1NC(=O)c1nc2c(s1)C(=O)CC(OC)=C2,228,0.920773674,0.28,0.06,0.778959973
COc1cccc(OC)c1NC(=O)c1nc2c(s1)C(=O)CC(O)CC2,228,0.810112066,0.342857143,0.07,0.770218484
COc1cccc(OC)c1NC(=O)c1nc2c(s1)C(=O)CC2,228,0.937104759,0.338461538,0.05,0.836229194
COc1cccc(OC)c1NC(=O)c1nc2c(s1)C(O)CCC2,228,0.898489358,0.352941176,0.08,0.778288994
COc1cccc(OC)c1NC(=O)c1nc2c([nH]1)CCSC2=O,228,0.889954539,0.295774648,0.11,0.791679644
COc1cccc(OC)c1NC(=O)c1nc2c([nH]1)CCSC2O,228,0.790267122,0.309859155,0.12,0.723812544
COc1cccc(OC)c1NC(=O)c1nc2c([nH]1)CCOCC2,228,0.897821679,0.285714286,0.04,0.808809101
COc1cccc(C)c1NC(=O)c1nc2c([nH]1)CCOCC2N,228,0.797133491,0.265822785,0.1,0.73636355
COc1cccc(C)c1NC(=O)c1nc2c([nH]1)C(O)CCC2,228,0.811816462,0.297297297,0.12,0.758380411
COc1cccc(C)c1NC(=O)c1nc2c(s1)C(=O)NCCC2,228,0.904818884,0.293333333,0.14,0.826206034
COc1cccc(C)c1NC(=O)c1nc2c(s1)C(=O)NCC2,228,0.90713383,0.301369863,0.15,0.825788003
COc1ccccc1NC(=O)c1nc2c(s1)C(=O)NCCC2,228,0.908063285,0.283783784,0.15,0.847137209
COc1ccccc1NC(=O)c1nc2c(s1)C(=O)NCCC2=N,228,0.79925859,0.293333333,0.21,0.798269466
COc1ccccc1NC(=O)c1nc2c(s1)C(=O)NCCC2=NN,228,0.570396101,0.265822785,0.31,0.790574284
COc1ccccc1NC(=O)c1nc2c(s1)C(=O)NCCC2N(C)C,228,0.872757259,0.282051282,0.17,0.757720462
COc1ccccc1NC(=O)c1nc2c(s1)C(=O)NCCC2=O,228,0.892341869,0.283783784,0.25,0.82479633
COc1ccccc1NC(=O)c1nc2c(s1)CCNC2=O,228,0.903973569,0.309859155,0.18,0.843689854
COc1cccnc1-c1nc2c(s1)C(=O)NCCC2NC=O,228,0.824514237,0.225,0.21,0.710539921
COc1cccnc1-c1nc2c([nH]1)C(=O)NCCNC2=O,228,0.71743504,0.197183099,0.32,0.7831237
COc1cccnc1-c1cc2c([nH]c1=O)CCNC2=O,228,0.843083585,0.189189189,0.51,0.8185982
COc1cccnc1-c1cc2c([nH]1)CCNC2=O,228,0.836763886,0.191780822,0.69,0.815482211
Cn1ccnc1C1CCCN1C(=O)c1cc(COc2ccc(F)cc2)on1,229,0.689977857,0.739130435,0,0.788409923
Cn1cccc1C1CCCN1C(=O)c1cc(COc2cccnc2)on1,229,0.705731104,0.487804878,0.03,0.779711362
CN1CCCCCN1C(=O)c1cc(COc2ccc(F)cc2)on1,229,0.860964753,0.447368421,0,0.83798595
CN1CCCCCN1C(=O)c1cc(COc2cccnc2)on1,229,0.860188693,0.37804878,0,0.818594165
CN1CCCCCN1C(=O)c1cc(Oc2cccnc2)ncn1,229,0.864288252,0.222222222,0.04,0.812173958
CN1CCCCCN1C(=O)c1cc(Oc2cccnc2)ncc1,229,0.871959818,0.208791209,0.07,0.827893591
CC1CCCCCN1C(=O)c1cc(Oc2cccnc2)ncn1,229,0.870963009,0.280898876,0.08,0.800587254
CN1CCCC1CNC(=O)c1cc(OCCCN)ccc1F,229,0.74677648,0.230769231,0.09,0.818743686
CN1CCCC1C(O)c1cc(Oc2cccnc2)ncc1,229,0.934434774,0.182795699,0.07,0.747388156
CC1CCCC1C(N)c1cc(Oc2cccnc2)ncc1,229,0.928911621,0.135416667,0.12,0.72180994
CN1CCCC1C1=CCOC(c2ccnc(N)c2)=NC1,229,0.827911453,0.208791209,0.08,0.707779159
C1CCCCN1CCOc1cc(C(N)=O)nc(F)c1,229,0.813477661,0.226190476,0.06,0.851494277
C1CCCCC1CNC(=O)c1cc(OCCN)ccc1F,229,0.846871573,0.204545455,0.1,0.886297803
CN1CCCCC1c1cc(Oc2cccnc2)nc(N)c1,229,0.938263762,0.211111111,0.11,0.777779245
CN1CCCCC1c1cc(Oc2cccnc2)ncc1,229,0.855365054,0.23255814,0.06,0.803394166
CN1CCCCC1c1cc(OCCc2ccncc2)no1,229,0.846068911,0.282352941,0.06,0.780360789
CN1CCCCC1c1cc(OCCc2ccncc2)n[nH]1,229,0.917609772,0.238636364,0.17,0.765786596
CN1CCCCC1c1cc(COc2ccncc2N)[nH]n1,229,0.900068577,0.269662921,0.3,0.752783028
CN1CCCCC1c1cc(COc2ccncc2N)ncc1,229,0.939997905,0.279069767,0.16,0.782700696
CN1CCCCC1c1cc(COC(N)c2ccncc2F)no1,229,0.853152423,0.285714286,0.2,0.694301635
CN1CCCCC1c1cc(COc2ccncc2N)n[nH]1,229,0.900068577,0.269662921,0.27,0.747557051
CN1CCCCC1c1cc(COc2cnccc2N)n[nH]1,229,0.900068577,0.269662921,0.27,0.740831452
CN1CCCCC1c1cc(COc2cnccc2N)[nH]n1,229,0.900068577,0.269662921,0.29,0.746057429
CN1CCCCC1c1cc(COc2cnccc2N)ncc1N,229,0.900378602,0.275862069,0.19,0.750219171
CN1CCCCC1c1cc(COc2cnccc2NCCN)n[nH]1,229,0.718113723,0.263157895,0.28,0.736036844
CN1CCCCC1c1cc(COc2cncnc2N)ccc1N,229,0.842268491,0.258426966,0.35,0.771369754
CN1CCCCC1c1cc(COc2cncnc2N)ccn1,229,0.932205647,0.287356322,0.32,0.767601177
CN1CCCCC1c1cc(COc2cncnc2N)c(N)nc1,229,0.886021833,0.25,0.38,0.75798001
CN1CCCCC1c1cc(COc2cncnc2N)cnn1,229,0.916390815,0.244444444,0.35,0.738165119
CN1CCCCC1c1cc(COc2cncnc2N)cn1C1CC1,229,0.914190908,0.239130435,0.41,0.731617902
CN1CCCCC1c1cc(-c2cncnc2N)ccc1OC,229,0.943612357,0.233333333,0.36,0.799152619
CN1CCCCC1COc1cc(-c2cncnc2N)ccn1,229,0.929964225,0.204301075,0.45,0.775606946
CN1CCCCC1c1cc(-c2cncnc2N)ccc1N,229,0.82744759,0.202247191,0.41,0.775241137
CN1CCCCC1COc1cc(-c2cncnc2N)ccc1N,229,0.84078933,0.204301075,0.44,0.784407516
CN1CCCCC1c1cc(-c2cc3ncncc3[nH]2)cn1N,229,0.711478302,0.204301075,0.39,0.707311994
CN1CCCCC1c1cc(-c2cc3ncncc3[nH]2)cn1CCN,229,0.773125246,0.208333333,0.39,0.713310471
CN1CCCCCC1Oc1cc(-c2cncnc2N)ccc1N,229,0.84624285,0.193548387,0.43,0.760842015
CN1C(=O)C=C(c2cc(-c3cncnc3N)c[nH]2)C12CC2,229,0.871552978,0.111111111,0.45,0.672194044
CN1CCCCC1Oc1cc(-c2cncnc2N)ccc1N,229,0.843780711,0.195652174,0.43,0.758597308
CN1CCCCC1Oc1cc(-c2cncnc2N)c[nH]c1=O,229,0.884845263,0.1875,0.5,0.725788028
CN1CCCCC1CCOc1cc(-c2cncnc2N)c[nH]1,229,0.885541414,0.177083333,0.52,0.731364398
CN1CCCCCC1Oc1cc(-c2cncnc2N)c[nH]c1=O,229,0.893162027,0.18556701,0.49,0.729524066
CN1CCCCCC1c1cc(-c2cncnc2N2CCC2)c[nH]1,229,0.945226128,0.182795699,0.36,0.744643281
CN1CCCCC1c1cc(-c2cncnc2N2CCCC2)c[nH]1,229,0.945226128,0.186813187,0.37,0.745797225
CCCc1nc2cc(C(=O)NC3CCc4ccccc43)ccc2n1OCC,230,0.723561401,0.569444444,0.02,0.78115943
CCCc1oc2cc(C(=O)NN3CCc4ccccc43)ccc2c1OCC,230,0.700044949,0.34939759,0.03,0.819028739
CCCc1nc(C(=O)NC2CCc3ccccc32)ccc1OCCC,230,0.821325317,0.445945946,0.02,0.810819821
CCCc1oc(C(=O)NC2CCc3ccccc32)cc1OCC,230,0.875093433,0.5,0.01,0.788294696
CCCc1oc(C(=O)NC2CCc3ccccc32)cc1OC,230,0.916381324,0.444444444,0.01,0.790860556
CCCc1oc(C(=O)NCc2ccccc2OC)cc1CC,230,0.847408523,0.195121951,0.01,0.860126961
CCCc1ccc(C(=O)NC2CCCc3ccccc32)o1,230,0.919794552,0.402777778,0.01,0.827473571
CCCN(CC=O)C(=O)NC1CCCc2ccccc21,230,0.839216744,0.351351351,0.01,0.795886163
CCCc1ccc(C(=O)NC(C=O)COC)cc1OCC,230,0.70711525,0.24691358,0,0.805121455
CCCn1cc(C(=O)NC(CO)COC)c2ccccc21,230,0.816897253,0.231707317,0,0.818582571
CCCc1ccc(C(=O)NC2CCCC2OCCO)cc1,230,0.81017641,0.269230769,0.01,0.801576328
CCCc1nc(C(=O)NC2CCCc3ccccc32)co1,230,0.935391827,0.386666667,0.03,0.81045062
CCCc1cc(=O)n(C(=O)NC2CCCc3ccccc32)o1,230,0.947277316,0.363636364,0.01,0.751911838
CCCc1nc(C(=O)NC2CCCc3ccccc32)coc1=O,230,0.941976031,0.371794872,0.01,0.784659031
CCCc1nc(C(=O)N2CC(CO)Oc3ccccc32)cs1,230,0.940615435,0.193181818,0.11,0.788634182
CCCc1nc(C(=O)N2CC(CO)Cc3ccccc32)cs1,230,0.943397113,0.206896552,0.03,0.793054206
CCCc1nc(C(=O)N2CC(CO)c3ccccc32)cs1,230,0.944603441,0.211764706,0.03,0.785653188
CCCn1cc(C(=O)NC2CCc3ccccc32)ccc1=O,230,0.942772168,0.545454545,0.01,0.828062998
CCCc1nc(C(=O)N2CCc3ccccc3C2)ccc1O,230,0.947162735,0.2375,0,0.863634401
CCCn1cc(C(=O)NC2COc3ccccc32)ccc1=O,230,0.940284925,0.36,0,0.812820995
CCCn1cc(C(=O)NC2CCc3ccccc3C2O)nc1,230,0.907963994,0.4,0.01,0.75138864
CCCc1cc(C(=O)NC2CCc3ccccc32)ncc1OC,230,0.91986342,0.465753425,0.02,0.813793064
CCCn1cc(C(=O)NC2CCc3ccccc3C2)cnc1=O,230,0.938310345,0.381578947,0.04,0.80448677
CCCc1cc(C(=O)NC2CCc3ccccc3C2)ncn1,230,0.943283319,0.342105263,0.06,0.80918459
CCCc1cc(C(=O)NC2CCc3ccccc3NC2)cnn1,230,0.910674058,0.333333333,0.09,0.779602179
CCCc1cc(C(=O)NC2CCc3ccccc3NC2)ncn1,230,0.910674058,0.320987654,0.12,0.789142248
CCCc1cc(C(=O)NC2CCc3ccccc3NC2)ncc1NC,230,0.782968684,0.290697674,0.1,0.774256573
CCCc1cc(C(=O)NC2CCc3ccccc3NCC2)ncc1N,230,0.799828563,0.290697674,0.15,0.783174949
CCCc1cc(C(=O)NC2CCc3ccccc3NC2)cnc1NCCN,230,0.603616001,0.306818182,0.24,0.777037537
CCCc1cc(C(=O)NC2CCc3ccccc3NC2)ccc1NCCN,230,0.606857739,0.317647059,0.11,0.793626689
CCCc1cc(C(=O)NC2CCc3ccccc3NC2)ccc1N=N,230,0.70504929,0.325301205,0.08,0.772406786
CCCc1cc(C(=O)NC2CCc3ccccc3NC2)cnc1N,230,0.807724981,0.325301205,0.24,0.79447721
CCCc1cc(C(=O)NC2CCc3ccccc3NC2)cnc1NN,230,0.496074953,0.317647059,0.17,0.78227794
CCCc1cc(C(=O)NC2CCc3ccccc3NCC2)cnc1N,230,0.799828563,0.321428571,0.22,0.79617794
CCCc1cc(C(=O)Nc2cccc3ncccc23)cnc1NN,230,0.495768797,0.218390805,0.07,0.864935783
CCCc1cc(C(=O)NCc2cccc3ncccc23)cnc1N,230,0.756719694,0.223529412,0.12,0.870846151
CC(C)c1cc(C(=O)NC2CCc3ccccc3NCC2)cnc1N,230,0.80176411,0.297619048,0.23,0.792418511
CC(C)c1cc(C(=O)NC2CCc3ccccc3NC2)cnc1N,230,0.810762669,0.301204819,0.25,0.790478945
CC(C)c1nc(C(=O)NC2CCc3ccccc3NC2)cnc1N,230,0.805246613,0.24137931,0.3,0.766069443
CCCc1cc(C(=O)NC2CCc3ccccc3NC2C)cnc1N,230,0.799837007,0.321428571,0.27,0.742926898
CCCc1cc(C(=O)NC2CCc3cnccc3NC2)ccc1CCC,230,0.822139575,0.304878049,0.12,0.78084428
CCCc1cc(C(=O)NC2CCc3ccccc3NC2)ccc1N,230,0.755721157,0.3375,0.09,0.810355471
CCCc1cc(C(=O)NC2CCc3cnccc3NC2)ccc1N,230,0.755594702,0.294117647,0.19,0.781038637
CC1(C)SC2C(NC(=O)C(N)c3ccccc3)C(=O)N2C1C(=O)O,231,0.674878289,1,0.04,0.719221509
CC1(C)SC=C(NC(=O)C(N)c2ccccc2)C1C(=O)NCCO,231,0.610618649,0.4,0.05,0.697806527
CC1(C)SC=C(NC(C(=O)O)c2ccccc2)C(=O)N1N,231,0.575106619,0.307692308,0.04,0.715509747
CSc1ccc(C(NC(=O)C(N)c2ccccc2)C(=O)O)o1,231,0.702488758,0.3125,0.03,0.735784985
CSc1ccc(NC(=O)C(N)c2ccccc2)c(=O)[nH]1,231,0.748018436,0.333333333,0.03,0.787030779
CC1(C)ON=C2C(NC(c3ccccc3)C(N)=O)=CSC21,231,0.890747269,0.285714286,0.08,0.66481625
CC1(C)Oc2cccc(N)c2C1NC(=O)c1ccccc1,231,0.832381492,0.235294118,0.04,0.795906691
CCC1=C(C(=O)NC(C)(C)c2ccccc2)C2CC(N)OC12,231,0.897453584,0.173333333,0.03,0.662966415
CCC(O)(c1ccccc1)C1NC2=C(CCOC2=O)C1(C)C,231,0.842206919,0.186666667,0.08,0.665655603
COC1(C)CCN(C(=O)c2ccccc2)C2=C1CC(C)(C)O2,231,0.840630654,0.191780822,0.01,0.72047267
CCC(O)(c1ccccc1)C1CNCC2=C1OC(C)(C)O2,231,0.897437353,0.144736842,0.08,0.658270226
CCC(O)(c1ccccc1)C1CNCC2=C1OC(C)(C)OC2=O,231,0.835462046,0.171052632,0.05,0.662757776
COC1(C)CN(C(=O)c2ccccc2)C2=C1SC(C)(C)OC2,231,0.838570196,0.191780822,0,0.689513275
COC1(C)CC(=O)c2cc(C)sc2C1NC(=O)c1ccccc1,231,0.937202189,0.226666667,0.01,0.724522199
COC1(C)CC(=O)c2c(C)noc2C1NC(=O)c1ccccc1,231,0.940779624,0.207792208,0.01,0.721875324
COC1(C)CNC(=O)c2oc(C)nc2C1NC(=O)c1ccccc1,231,0.892015698,0.2,0.23,0.698999412
COC1(C)CNC(=O)c2c1nc(C)n2CCCC(O)c1ccccc1,231,0.843799784,0.197530864,0.07,0.698936971
COC1(C)CNC(=O)c2c1sc(NC(=O)c1ccccc1)c2C,231,0.909133639,0.210526316,0.06,0.746725181
COC1(C)CNC(=O)c2sc(NC(=O)c3ccccc3)nc21,231,0.907158854,0.194805195,0.08,0.756801254
COC1(C)CNC(=O)c2sc(-c3ccccc3)c(NC(C)=O)c21,231,0.90899776,0.197368421,0.19,0.730101383
COC1(C)CNC(=O)c2sc(-c3ccccc3)c(NC=O)c21,231,0.852056123,0.171052632,0.2,0.707122842
COC1(C)CNC(=O)c2cc(-c3ccccc3)sc2C1=O,231,0.927676784,0.162162162,0.19,0.746964318
COC1(C)NC(=O)c2cc(-c3ccccc3)sc2C1=O,231,0.923635445,0.171428571,0.17,0.748328581
COC1(C)CNC(=O)c2c(-c3ccccc3)csc21,231,0.913086911,0.166666667,0.19,0.744138665
COC1(C)NC(=O)c2cc(-c3ccccc3)sc21,231,0.90006606,0.194029851,0.15,0.750654908
COC(=O)C1NC(=O)c2cc(-c3ccccc3)sc21,231,0.854627085,0.2,0.17,0.772728409
COC1(C)CNC(=O)c2cc(-c3ccccc3)sc21,231,0.913086911,0.183098592,0.21,0.749744933
CC1(CO)CNC(=O)c2cc(-c3ccccc3)sc21,231,0.88249777,0.197183099,0.31,0.749286243
CC1(CO)CNC(=O)c2cc(-c3ccccc3)ncc21,231,0.871807396,0.162162162,0.29,0.76412314
CC1(CO)CNC(=O)c2cc(-c3ccccc3)ccc21,231,0.877170562,0.169014085,0.29,0.787536905
CC1(C)CNC(=O)c2cc(-c3ccccc3)ccc2O1,231,0.860945615,0.157142857,0.24,0.857172559
CC1(C)CNC(=O)c2cc(-c3ccccc3)ccc2S1,231,0.857773375,0.173913043,0.27,0.834726405
CC1(CO)CNC(=O)c2cc(-c3ccccc3)ccc2S1,231,0.896153722,0.180555556,0.28,0.763362162
CC1(C)CNC(=O)c2cc(-c3cccc(N)c3)cnc2S1,231,0.794459046,0.141025641,0.34,0.77518536
CC1(C)CNC(=O)c2cc(-c3cccc(O)c3)cnc2S1,231,0.849401246,0.141025641,0.36,0.776993444
CC1=CSC2C(NC(=O)c3nn(C)c(C)c3Cl)C(=O)N2C1C(=O)O,232,0.760773054,1,0.02,0.664617868
CC1=CSC2C(c3nn(C)c(C)c3Cl)NC(=O)C2N1C(=O)O,232,0.813252984,0.333333333,0.02,0.606029882
CC1=CSC2C(c3cn(C)c(C)c3Cl)NC(=O)C2N1C(=O)O,232,0.82259365,0.266666667,0.02,0.597825449
CC1=CSC2C(NC(=O)c3nn(C)c(C)c3Cl)C(=O)N12,232,0.83485236,0.660714286,0,0.692635431
CC1=CSC2C(NC(=O)c3nc(C)c(Cl)cn3)C(=O)N12,232,0.833721574,0.362318841,0.01,0.677082698
CC(=O)CCC(=O)NC1C(=O)N(C)c2nc(C)c(Cl)cc21,232,0.914813451,0.24,0.01,0.745989104
CC(=O)CCC(=O)NC1C(=O)N(c2ncc(Cl)c(C)c2C)N1,232,0.843290549,0.220779221,0.07,0.712068656
CC(=O)CC(=O)NC1C(=O)N(C)N=C1c1cccc(Cl)c1C,232,0.848651462,0.223684211,0,0.741829281
COC(=O)CCC1NC(=O)C(c2cnccc2Cl)N(C)C1=O,232,0.822609356,0.195121951,0.1,0.722412425
COC(=O)CCC1NC(=O)C(c2cncc(Cl)c2)N(C)C1=O,232,0.822609356,0.2125,0.09,0.725250374
C=C(C)CC(=O)NCC1N=C(c2cnccc2C)N(C)C1=O,232,0.826264915,0.168674699,0.1,0.710323901
COC(=O)CCN1C(=O)C(NC(=O)c2cnccc2Cl)C1C,232,0.633284242,0.243589744,0.09,0.739944733
C=C(C)N1C(=O)C(CCNC(=O)c2cncc(Cl)c2)N1C,232,0.893838364,0.246753247,0.07,0.720317034
CNC(=O)CCN1C(=O)C(c2cncc(Cl)c2)N=C1C,232,0.905689527,0.220779221,0.12,0.732669046
CNC(=O)CCn1c(-c2cncc(Cl)c2)nn(CCC)c1=O,232,0.868560819,0.2,0.14,0.826735292
CNC(=O)CCn1c(-c2cncc(Cl)c2)nn(C)c1=O,232,0.886837641,0.213333333,0.18,0.821250164
CNC(=O)CCn1nc(-c2cncc(Cl)c2)n(C)c1=O,232,0.886837641,0.194805195,0.15,0.82594387
CC1(CCC#N)N=C(SCC#N)N(c2ccccc2)C1,233,0.851500309,0.456140351,0.02,0.703428943
CC1(CCC#N)N=C(SC#N)NN(c2ccccc2)C1,233,0.864027772,0.393442623,0.03,0.674824354
CC1(CCC#N)N=C(SCC#N)NN1c1ccccc1,233,0.920056591,0.431034483,0.07,0.686217067
CC1(CCC#N)N=C(N)NN(c2ccccc2)C1=O,233,0.841199271,0.537037037,0.09,0.717405557
CC1(CCC#N)CC(N)=NC(Nc2ccccc2)=N1,233,0.868207546,0.317460317,0.17,0.711400773
CC1(CCC#N)N=C(N)NN(c2ccccc2)C(=O)N1,233,0.764212174,0.448275862,0.04,0.69611045
CC1(CCC#N)CC(O)=NN(c2ccccc2)C(=O)N1,233,0.885672986,0.393442623,0.01,0.707661823
CC1(CCC#N)CC(O)=NN(c2ccccc2)C(=O)C1,233,0.917585646,0.4,0.02,0.72215001
CC1(CCC#N)CC(c2cccnc2)=CN(c2ccccc2)N1,233,0.93045912,0.323529412,0.08,0.720892191
CC1(CCC#N)C=C(n2ccnc2)NN(c2ccccc2)C1=O,233,0.941705719,0.4,0.1,0.706653437
CC1(CCC#N)C=C(n2ccnc2)NC(C)(c2ccccc2)O1,233,0.941579719,0.304347826,0.13,0.654273197
CC1(CCC#N)C=C(n2ccnc2)CC(C)(c2ccccc2)N1,233,0.936861403,0.304347826,0.06,0.657701635
CC1(CCC#N)C=C(c2ccncc2)NC(=O)N1c1ccccc1,233,0.933889479,0.393442623,0.21,0.731045772
CC1(CCC#N)C=C(c2ccncc2)NC(C)(c2ccccc2)N1,233,0.904823167,0.292307692,0.18,0.678726716
CC1(CCC#N)C=C(c2ccncc2)NC(c2ccccc2)N1c1ccccc1,233,0.653028266,0.328358209,0.29,0.704623966
CC1(CCC#N)C=C(c2ccncc2)NC(c2ccccc2)=C(N)O1,233,0.896366021,0.279411765,0.24,0.721472171
CC1(CCC#N)C=C(c2ccncc2)N(CCc2ccccc2)C(N)=N1,233,0.87057602,0.304347826,0.21,0.73420551
CC1(CCC#N)C=C(c2ccncc2)N(CCc2ccccc2)C(N)N1,233,0.840003057,0.273972603,0.27,0.691490342
CC1(CCC#N)C=C(c2ccncc2)N(CCc2ccccc2)N1,233,0.884782126,0.294117647,0.32,0.72631135
CC1(CCCCC#N)C=C(c2ccncc2)N(CCc2ccccc2)N1,233,0.723013762,0.263888889,0.36,0.726223103
CC1(CCCCN)C=C(c2ccncc2)N(CCc2ccccc2)N1,233,0.725820174,0.173333333,0.47,0.736273359
CC1(CCCCN)C=C(c2ccncc2)N(Cc2ccccc2)N1,233,0.767847568,0.178082192,0.47,0.742408712
CC1(CCCN)C=C(c2ccncc2)N(Cc2ccccc2)N1,233,0.861310255,0.180555556,0.44,0.73911079
NC(=O)Cn1c2[n+](c3ccccc31)CC(O)CS2,234,0.742891901,1,0,0.686864863
NC(=O)Cn1c2[n+](c3ccccc31)CC(O)CC2,234,0.715416446,0.62,0.02,0.70545883
NC(=O)Cn1c2[n+](c3ccccc31)CCCC2O,234,0.745085938,0.528301887,0.03,0.711714637
NC(=O)Cn1c2c(c3ccccc31)C(O)CCC2,234,0.840130447,0.385964912,0.02,0.793684169
NC(=O)Cn1c2c(c3ccccc31)C(O)CCCCN2,234,0.779580183,0.360655738,0.1,0.764185488
NC(=O)Cn1c2c(c3cccc(O)c31)CCCCCN2,234,0.782247903,0.276923077,0.08,0.80442789
NC(=O)Cn1c2c(c3cccc(O)c31)CCCCCNC2,234,0.7853692,0.264705882,0.05,0.768083957
NC(=O)Cn1c2c(c3cccc(Cl)c31)CCCC2O,234,0.883719289,0.317460317,0.02,0.768578852
NC(=O)Cn1c2c(c3cccc(Cl)c31)CCCC2,234,0.888728001,0.295081967,0,0.85083901
NC(=O)Cn1c2c(c3cccc(Cl)c31)CCC2N,234,0.865872271,0.301587302,0.02,0.755393466
NC(=O)Cn1c2c(c3cccc(Cl)c31)CCCCN2,234,0.88609093,0.276923077,0.06,0.810664647
NC(=O)Cn1c2c(c3cccc(Cl)c31)CCNC2,234,0.861068708,0.276923077,0.04,0.815910503
NC(=O)Cn1c2c(c3cccc(Cl)c31)CCN2,234,0.851927775,0.290322581,0.08,0.802853713
NC(=O)Cn1c2c(c3ccccc31)CCNC2=O,234,0.801172487,0.333333333,0.13,0.838725284
NC(=O)Cn1cc2c3c(cccc31)CCNC2=O,234,0.801172487,0.261538462,0.21,0.824175963
CC1(C)CC(=O)CC(=NCCC(=O)O)C1,235,0.771879781,0.735294118,0,0.772619653
CC1(C)CC(=O)CC(=NCCCC(=O)O)C1,235,0.744643833,0.694444444,0,0.786780402
CC1(C)CC(=O)CC(=NCCCCC(=O)O)C1,235,0.749265971,0.675675676,0,0.795626344
CC1(C)CC(=O)CC(=NCCCCCC(=O)O)C1,235,0.74003843,0.657894737,0,0.800578401
CC1(C)CC(=O)CC(=NCc2ccco2)C1,235,0.766928678,0.477272727,0,0.781084016
CC1(C)CC(=O)CC(=NCc2ccc(CO)cc2)C1,235,0.907000424,0.536585366,0.02,0.816466195
CC1(C)CC(=O)CC(=Nc2ncccc2CC(=O)O)C1,235,0.918186133,0.469387755,0.01,0.775272542
CC1(C)CC(=O)CC(=Nc2ncccc2OCC(=O)O)C1,235,0.919307518,0.46,0.01,0.78559981
CC1(C)CC(=O)CC(=Nc2ncccc2CCC(=O)O)C1,235,0.923328785,0.46,0.02,0.779548616
CC1(C)CC(=O)CC(=Nc2ncccc2CCCC(=O)O)C1,235,0.904256901,0.442307692,0.03,0.781883842
CC1(C)CC(=O)CC(=Nc2ncc3ccccc3c2CC(=O)O)C1,235,0.932989882,0.425925926,0.05,0.78394941
CC1(C)CC(=O)CC(=Nc2ncc3cc(OCC(=O)O)ccc3n2)C1,235,0.917117937,0.410714286,0.05,0.78269189
CC1(C)CC(=O)CC(=Nc2ncc3cc(C(=O)O)ccc3n2)C1,235,0.919111067,0.388888889,0.09,0.78307018
CC1(C)CC(=O)CC(=Nc2ncc3cc(C(C)(C)C)ccc3n2)C1,235,0.758655188,0.321428571,0.1,0.774353853
CC1(C)CC(=O)CC(=Nc2ncc(CCC(=O)O)c3ccccc23)C1,235,0.909787005,0.433962264,0.03,0.787586395
CC1(C)CC(=O)CC(=Nc2nccc3cc(C(=O)O)ccc23)C1,235,0.914945485,0.388888889,0.04,0.786463209
CC1(C)CC(=O)CC(=Nc2nccc3cc(C4(C)CC4)ccc23)O1,235,0.819160457,0.1875,0.05,0.72594367
CC1(C)CC(=O)CC(=Nc2ncc3c(n2)Nc2ccccc2C3=O)C1,235,0.691451528,0.305084746,0.19,0.767818359
CC1(C)CC(=O)CC(=Nc2ncc3c(n2)NC(=O)CC3(C)C)C1,235,0.863380658,0.346153846,0.21,0.710688011
CC1(C)CC(=O)CC(=Nc2ncnc3cc(C(=O)O)ccc23)C1,235,0.919111067,0.396226415,0.07,0.783894219
CC1(C)CC(=O)CC(=Nc2n[nH]c3cc(CCC(=O)O)ccc23)C1,235,0.89894578,0.410714286,0.19,0.769359973
CC1(C)CC(=O)CC(=Nc2nc3cc(CN)ccc3c(=O)[nH]2)C1,235,0.887435187,0.327586207,0.13,0.754791094
CC1(C)CC(=O)CC(=Nc2n[nH]c3cc(CNC(=O)O)ccc23)C1,235,0.803829629,0.372881356,0.15,0.762388446
CC1(C)CC(=O)CC(=Nc2n[nH]c3cc(CN)ccc23)CC1,235,0.834507235,0.283333333,0.3,0.750080311
CC1(C)CC(=O)CC(=Nc2n[nH]c3cc(NC(N)=O)ccc23)C1,235,0.791625226,0.338983051,0.3,0.764277151
CC1(C)CC(=O)CC(=Nc2n[nH]c3cc(NC(=O)CCl)ccc23)C1,235,0.832315695,0.344262295,0.21,0.764466517
CC1(C)CC(=O)CC(=Nc2n[nH]c3cc(NCCCN)ccc23)C1,235,0.734871103,0.301587302,0.26,0.75928718
CC1(C)CC(=O)CC(=NNc2n[nH]c3cc(CN)ccc23)CC1,235,0.599315239,0.265625,0.51,0.766833017
CC1(C)CC(=N)CC(=NNc2n[nH]c3cc(CN)ccc23)C1,235,0.654730282,0.2,0.44,0.737679318
CC1(C)CC(=N)C(=NNc2n[nH]c3cc(CN)ccc23)C1,235,0.651261848,0.151515152,0.46,0.746500093
CC1(C)CC(=NNc2n[nH]c3cc(CN)ccc23)C(=O)C1,235,0.752978419,0.1875,0.46,0.777458111
CC1(C)CC(=O)CC(=NNc2n[nH]c3cc(CN)ccc23)C1,235,0.758843145,0.322033898,0.44,0.771696192
CC1(C)CC(=O)C(=NNc2n[nH]c3cc(CN)ccc23)C1,235,0.752978419,0.1875,0.46,0.777458111
CC1(C)CC(=O)C(=NNc2n[nH]c3ccc(CN)cc23)C1,235,0.752978419,0.1875,0.47,0.779476104
CC1(C)CC(=O)C(Nc2n[nH]c3ccc(CN)cc23)C1,235,0.799398079,0.15625,0.49,0.743708801
CC1(C)CC(=NNc2n[nH]c3ccc(CN)cc23)C1=O,235,0.741377081,0.153846154,0.5,0.765063691
CC1(C)CC(=NNc2n[nH]c3ccc(CN)cc23)C(=O)N1,235,0.633191616,0.149253731,0.44,0.759298268
Cc1ccc(Cl)cc1C(=O)C1CCCN(C(=O)c2nonc2C)C1,236,0.797342469,0.851851852,0.04,0.795599675
Cc1ccc(Cl)cc1C(=O)C1CCCN(c2nonc2C)C1,236,0.811024976,0.580645161,0.06,0.790016143
Cc1ccc(Cl)cc1C(=O)C1CCCN(Cc2nonc2C)C1,236,0.802110991,0.553846154,0.03,0.794961183
Cc1ccc(Cl)cc1C1(O)CCCN(C2CCOC2)C1,236,0.910494376,0.263157895,0,0.741658088
Cc1ccc(Cl)cc1C1(O)CCCN(c2nonc2C)C1,236,0.924089472,0.338028169,0.02,0.753563536
Cc1ccc(Cl)cc1C1(C)CCCN(c2nonc2C)C1,236,0.843690953,0.323943662,0.04,0.747893392
Cc1ccc(Cl)cc1C1(C)CCCN(c2ncon2)C1,236,0.847841757,0.25,0.07,0.721827593
Cc1ccc(Cl)cc1C1(C)CCCN(c2ncon2)CC1,236,0.841387988,0.25,0.1,0.73898806
Cc1ccc(Cl)cc1C(=O)N1CCCN(c2ncns2)CC1,236,0.845806806,0.328767123,0.05,0.846227808
Cc1cc(Cl)cc(C(=O)N2CCCN(c3ncccc3C)C2)c1,236,0.843278724,0.276315789,0.05,0.847886271
Cc1cc(Cl)cc(C(=O)N2CCCN(c3ncncc3C)C2)c1,236,0.848838915,0.25974026,0.04,0.826577159
Cc1cc(Cl)ccc1C(=O)N1CCCN(c2ncncc2C)CC1,236,0.839606119,0.385714286,0.04,0.866407994
Cc1cc(Cl)ccc1C(=O)N1CCCN(c2ncncc2N)CC1,236,0.903961401,0.369863014,0.13,0.858084465
Cc1cc(Cl)ccc1C(=O)N1CCCN(c2ncnc(N)c2C)CC1,236,0.891736804,0.394366197,0.16,0.855866175
Cc1cc(Cl)ccc1C(=O)N1CCCN(c2ncnc(N)c2C#N)CC1,236,0.869843278,0.350649351,0.19,0.846447888
Cc1cc(Cl)ccc1C(=O)N1CCCN(c2ncnc(N)c2C(C)C)CC1,236,0.871825158,0.355263158,0.2,0.843484329
Cc1cc(Cl)ccc1C(=O)N1CCCN(c2ncnc(N)c2C(C)=O)CC1,236,0.813496009,0.36,0.19,0.847264637
Cc1cc(Cl)ccc1C(=O)N1CCCN(c2ncnc(N)c2C(=O)Cl)CC1,236,0.785676536,0.378378378,0.19,0.836678585
Cc1cc(Cl)ccc1C(=O)N1CCCN(c2ncnc(N)c2C(N)=O)CC1,236,0.821403805,0.36,0.19,0.846007611
Cc1cc(Cl)ccc1C(=O)N1CCCN(c2ncnc3[nH]cc(N)c23)CC1,236,0.708468984,0.363636364,0.44,0.82932511
Cc1cc(Cl)ccc1C(=O)N1CCCN(c2ncnc3sc(N)nc23)CC1,236,0.708442172,0.363636364,0.18,0.834098936
Cc1ccc(Cl)cc1C(=O)N1CCCN(c2ncnc3[nH]cc(N)c23)CC1,236,0.708468984,0.3125,0.43,0.830940894
CCc1ccc(Cl)cc1C(=O)N1CCCN(c2ncnc3[nH]cc(N)c23)CC1,236,0.706883908,0.273809524,0.46,0.81997288
CCc1ccc(Cl)cc1C(=O)N1CCCN(c2ncnc3[nH]ccc23)CC1,236,0.751021987,0.265060241,0.59,0.84289225
CCc1ccc(Cl)cc1C(=O)N1CCCC(c2ncnc3[nH]ccc23)CC1,236,0.720492066,0.304878049,0.53,0.783394933
CCc1ccc(Cl)cc1C(=O)N1CCCC(c2ccnc3[nH]ccc23)CC1,236,0.678321729,0.304878049,0.4,0.793501245
Cc1ccc(Cl)cc1C(=O)N1CCCC(c2ccnc3[nH]ccc23)CC1,236,0.697334731,0.346153846,0.4,0.805302741
Cc1ccc(Cl)cc1C(=O)N1CCCN(c2ncnc3[nH]ccc23)CC1,236,0.752512379,0.303797468,0.56,0.854816894
Cc1cc(Cl)ccc1C(=O)N1CCCN(c2ncnc3[nH]ccc23)CC1,236,0.752512379,0.355263158,0.58,0.853158023
Cc1cc(Cl)ccc1C1CCCN(c2ncnc3[nH]ccc23)CC1,236,0.735407867,0.265822785,0.74,0.798472668
Cc1cc(Cl)ccc1C1CCCN(c2ncnc3[nH]ccc23)C1,236,0.763131634,0.282051282,0.72,0.790937426
Cc1c(Cl)cccc1C1CCCN(c2ncnc3[nH]ccc23)C1,236,0.763131634,0.219512195,0.66,0.782193683
Cc1cc(Cl)ccc1C1CCCN(c2ncnc3[nH]ccc23)CCCN1,236,0.708921151,0.256097561,0.71,0.72902031
Cc1cc(Cl)ccc1C1CCCN(c2ncnc3[nH]ccc23)CCN1,236,0.732704455,0.256097561,0.7,0.775485794
CC1NC(=O)CC1CCC(=O)NCCc1ccccc1,237,0.828431909,0.563636364,0.02,0.779897494
CC1NC(=O)CCC1CC(=O)NCCc1ccccc1,237,0.857482252,0.482758621,0.01,0.785112339
CC1CCC(CC(=O)NCc2ccccc2)NC1C,237,0.872920334,0.322580645,0.01,0.75933576
CC1CCC(CC(=O)NCCc2ccccc2)NC1,237,0.851234893,0.431034483,0,0.800403662
CC1NCCC1CC(=O)NCCc1ccccc1,237,0.830548213,0.464285714,0,0.790177758
CC1NCC=C1CC(=O)NCCc1ccccc1,237,0.773351412,0.446428571,0.01,0.781580851
CC1NC(=O)CC1C(=O)NCCc1ccccc1,237,0.827905586,0.464285714,0.04,0.796217339
CC1NC(=O)CCC1C(=O)NCCc1ccccc1,237,0.855982595,0.448275862,0.02,0.79601152
Cc1nc(C(=O)NCCc2ccccc2)c(C)[nH]1,237,0.862519032,0.355932203,0.09,0.886341272
CC(=O)c1cc(C(=O)NCCc2ccccc2)n[nH]1,237,0.798543226,0.344262295,0.04,0.881530744
CC(=O)c1nc(C(=O)NCCc2ccccc2)c[nH]1,237,0.798543226,0.344262295,0.06,0.846174619
O=C1NC2=CCCC(=O)C2CC1=NC(=O)c1cccc(Cl)c1,238,0.863448214,0.654545455,0.12,0.712350634
O=C1NC2=CCCC(=O)C2C1=NC(=O)c1cccc(Cl)c1,238,0.860768486,0.534482759,0.15,0.720122076
N=C1NC(=O)CCCCC1=NC(=O)CSc1cccc(Cl)c1,238,0.831409317,0.3,0.02,0.778356986
N=C1N=C2CC(=O)CCC2C1NC(=O)c1cccc(Cl)c1,238,0.87807135,0.31884058,0.01,0.695477266
N=C1SC2=CCCC(=O)C2C1NC(=O)c1cccc(Cl)c1,238,0.879625566,0.415384615,0.01,0.694525767
NCC(=O)N1CCCCC(=O)C1=Nc1cccc(Cl)c1,238,0.90474807,0.257142857,0.06,0.804006548
N=C1CC(=O)CCCCC1=NNC(=O)c1cccc(Cl)c1,238,0.82341503,0.353846154,0.01,0.811100093
N=C1CCCCC(=O)N1c1cccc(Cl)c1NC(=O)CS,238,0.747085999,0.186666667,0.02,0.791044372
N=C1CCCCC(=O)C1=NNC(=O)c1cccc(Cl)c1,238,0.648338748,0.34375,0.01,0.822583471
NCCN1CCCC(=O)C=C1NC(=O)c1cccc(Cl)c1,238,0.884440129,0.277777778,0.06,0.821189533
N=C1CCCCC(=O)N1CCNC(=O)c1cccc(Cl)c1,238,0.8964306,0.308823529,0.01,0.853151462
NCC(=O)N1CCC=C(NCc2cccc(Cl)c2)CC1,238,0.891241498,0.267605634,0.03,0.82951156
NC(=O)C1CCCCC(=NCc2cccc(Cl)c2)C1,238,0.847175586,0.279411765,0.02,0.78428311
NC(=O)C1CCCCC1=NNc1cccc(Cl)c1,238,0.82546316,0.28358209,0.05,0.788534244
NC(=O)C1CCCCC1=Nc1cccc(Cl)c1,238,0.861642476,0.296875,0.06,0.777443009
NC(=O)C1CCCC=C1Nc1cccc(Cl)c1,238,0.866723002,0.292307692,0.12,0.775937239
NC(=O)C1CCCC=C1c1cccc(Cl)c1,238,0.841488412,0.306451613,0.07,0.791974102
CC1C(=NC(=O)Cn2c(=O)cc(C(=O)O)c3ccccc32)C(=O)N(c2ccccc2)S1,239,0.63143024,0.383561644,0,0.731364116
CC1C(=Nc2nc(=O)cc(C(=O)O)n2-c2ccccc2)CN(C(C)C)C1=O,239,0.887196559,0.2375,0.02,0.709685732
CC1CN=C(c2nc(=O)cc(C(=O)O)n2-c2ccccc2)CN(C(C)C)C1,239,0.892658172,0.219512195,0.01,0.725230689
CC1CN=C(c2nc(=O)cc(C)n2-c2ccccc2)CN(C(C)C)C1=O,239,0.850519521,0.185185185,0.01,0.723634844
CC1CN=C(c2ccc(=O)nc(-c3ncccn3)c2)CN(C(C)C)C1,239,0.857051803,0.141176471,0.1,0.715360873
CC1CNC(c2nc(=O)cc(-c3ccccc3)[nH]2)CN(C(C)C)C1,239,0.909305148,0.156626506,0.14,0.735318751
CC1CNC(c2nc(=O)nc(-c3ccccc3)[nH]2)CN(C(C)C)C1,239,0.899466866,0.158536585,0.16,0.714530969
CCCC1N=C(C)C(=O)C(c2ncc(-c3ccccc3)[nH]2)C1C,239,0.92738539,0.175,0.14,0.680918698
CCCC1N=C(C)C(C(C)O)Cc2nc(-c3ccccc3)[nH]c2C1,239,0.897893433,0.142857143,0.16,0.664963018
CC1C(CO)CN(c2nc(=O)cc(-c3cccnc3)[nH]2)C1CC,239,0.896966754,0.146067416,0.32,0.670673491
CC1C(CO)CN(c2nc(=O)cc(-c3cccnc3)[nH]2)C1C,239,0.892219578,0.151162791,0.3,0.67632989
CCCC1CNC(=O)c2cc(-c3cccnc3)nc(C)c2C1,239,0.94603878,0.11627907,0.19,0.770069591
CCCC1CN(C(C)O)Cc2nc(=O)cc(-c3cccnc3)n21,239,0.931545982,0.136363636,0.08,0.690225013
CC1C(CO)CC(c2nc(=O)oc3ccncc23)C1O,239,0.836773609,0.144578313,0.22,0.632850448
CCCC1CC(O)c2nc(-c3ccncc3)[nH]c2C1,239,0.888390191,0.097560976,0.33,0.716212613
CCCC1CC(=O)c2cc(-c3ccncc3)[nH]c2C1,239,0.908817903,0.1125,0.45,0.775430848
CN1CCCC(c2nc(=O)cc(-c3ccncc3)[nH]2)C1,239,0.900866783,0.12195122,0.42,0.787788178
Cn1cncc1-c1nc(=O)cc(-c2ccncc2)[nH]1,239,0.744898469,0.115384615,0.42,0.813933925
CN(CCCc1nc(=O)cc(-c2ccncc2)[nH]1)C1CC1,239,0.879221203,0.107142857,0.5,0.831244213
CNCCn1cc(CC(=O)O)c(-c2ccnc3cc[nH]c23)n1,239,0.636859156,0.151162791,0.2,0.787508882
CN(CCO)Cc1cc(=O)cc(-c2ccncc2)[nH]1,239,0.835353175,0.113924051,0.41,0.817540716
CN(C=O)Cc1cc(=O)cc(-c2ccncc2)[nH]1,239,0.815349698,0.102564103,0.4,0.786720458
C(=O)c1cc(-c2ccncc2)cc(NCC2CC2)n1,239,0.832390533,0.0875,0.31,0.836170568
O=Cc1cc(-c2ccncc2)cc(NCC2CC2)n1,239,0.832390533,0.0875,0.31,0.836170568
O=Cc1cccc(-c2cc(-c3ccncc3)n[nH]2)c1,239,0.725853345,0.076923077,0.38,0.859212816
Cc1cccc(-c2cc(-c3ccncc3)ccc2N)n1,239,0.715483528,0.077922078,0.34,0.881525949
Cc1cccc2cc(-c3cc(-c4ccncc4)n[nH]3)cn12,239,0.605515873,0.101265823,0.47,0.815835131
CC(=O)c1ccc(-c2ccncc2)cc1-c1ccncc1,239,0.677545858,0.115942029,0.46,0.889580834
CC(=O)c1cc(-c2ccncc2)cc(-c2ccncc2)n1,239,0.68727009,0.114285714,0.29,0.86663304
CC(=O)c1cc(-c2ccncc2)ccc1-c1ccncc1,239,0.677545858,0.115942029,0.47,0.888768475
CC(O)c1cc(-c2ccncc2)ccc1-c1ccncc1,239,0.789667766,0.084507042,0.49,0.827318716
CC(N)c1cc(-c2ccncc2)ccc1-c1ccncc1,239,0.789981222,0.069444444,0.46,0.825057682
CC(N)c1cc(-c2ccncc2)ccc1-c1cc[nH]c1,239,0.75551952,0.075949367,0.7,0.78339534
CC(N)c1ccc(-c2ccncc2)cc1-c1cc[nH]c1,239,0.75551952,0.075949367,0.7,0.785314438
Cc1ccccc1N(C(=O)c1csnn1)C(C(=O)NC(C)C)c1cccs1,240,0.682473167,0.779661017,0.01,0.771477094
Cc1ccccc1N(C(=O)c1csnn1)C(C)(C)C(N)=O,240,0.931653864,0.492063492,0.02,0.79140586
Cc1ccccc1N(C(=O)c1csnn1)C(C)(C)CN=O,240,0.795578732,0.46969697,0,0.760619969
Cc1ccccc1N(C(=O)c1cn(C)nn1)C(C)(C)C,240,0.843938109,0.323529412,0,0.817174028
Cc1ccccc1N(C(=O)c1cn(C)nn1)C(C)C,240,0.847517616,0.363636364,0.01,0.842768395
Cc1ccccc1N(C(=O)CCN)c1cnn(C(C)C)c1,240,0.918864562,0.230769231,0.08,0.809686547
Cc1ccccc1N(C(=O)CCN)c1cn(C(C)C)nn1,240,0.914025167,0.25,0.08,0.79420989
Cc1ccccc1N(C(=O)CCN)c1csc(OC(C)C)n1,240,0.887143464,0.269230769,0.07,0.78866417
Cc1ccccc1N(C(=O)CN)c1cn(C(C)(C)C)nn1,240,0.935876329,0.266666667,0.07,0.779311393
Cc1ccccc1N(C(=O)CN)c1cncc(OC(F)F)n1,240,0.913481255,0.222222222,0.15,0.79503794
Cc1ccccc1N(C(=O)CN)c1csc(OC(C)C)n1,240,0.921973119,0.272727273,0.08,0.788206972
Cc1ccccc1N(C(=O)CCN)c1cncc(OC(F)F)n1,240,0.882965854,0.219512195,0.18,0.794821622
Cc1ccccc1N(C(=O)CN)c1cncc(OC(C)C)n1,240,0.915095216,0.225,0.16,0.808462908
Cc1ccccc1N(C(=O)CCN)c1cncc(OC(C)C)n1,240,0.8859874,0.222222222,0.19,0.807617296
Cc1ccccc1N(C(=O)CCN)c1cncc(CN)n1,240,0.861354247,0.236842105,0.2,0.807010132
Cc1ccccc1N(C(=O)CCN)c1cncc(C(C)N)n1,240,0.877153471,0.227848101,0.2,0.749410374
Cc1ccccc1N(CCN)c1cncc(C(N)=O)n1,240,0.84433412,0.236842105,0.2,0.817288691
Cc1ccccc1N(CCN)c1cncc(C(=O)O)n1,240,0.858117612,0.253333333,0.24,0.824101877
CCOC(=O)C(C#N)C=Nc1ccsc1C(=O)OC,241,0.607092799,1,0,0.720951058
CCOC(=O)C(C=N)c1ccsc1C(=O)OC,241,0.642933784,0.490909091,0.01,0.725262867
CCOC(=O)C(C#N)c1ccsc1C(=O)OC,241,0.763229329,0.576923077,0.01,0.767920726
CCOC(=O)C(C#N)c1ccsc1C(C)=O,241,0.593884953,0.454545455,0,0.759429097
CCOC(=O)C(C#N)c1ccsc1C#N,241,0.727659741,0.436363636,0.03,0.726149992
CCOC(=O)C(N)c1cccc(C#N)c1,241,0.748360273,0.316666667,0.1,0.824816408
CCOC(=O)C(N)c1cccc(C)c1CS,241,0.623818225,0.238095238,0,0.776258077
CCCC(C(N)=O)c1ccsc1C(=O)OC,241,0.800371037,0.379310345,0.03,0.774929991
CCOC(=O)C(N)c1ccsc1C(=O)OC,241,0.800933629,0.490566038,0.01,0.78136076
CCCC(=O)C(N)c1ccsc1C(=O)OC,241,0.799298351,0.379310345,0.02,0.758288131
CCOC(=O)C(N)Cc1ccsc1C(=O)OC,241,0.795021607,0.472727273,0.01,0.798008017
CCOC(=O)C(N)c1cc(C(C)=O)sc1C#N,241,0.645149292,0.301587302,0.01,0.727922346
CCOC(=O)C(N)c1ccsc1C(=O)O,241,0.751867945,0.375,0.01,0.775878885
CCCC(C(=O)OC)c1ccsc1C#N,241,0.737234861,0.396551724,0.04,0.740520724
CCCC(C(N)=O)c1ccsc1C#N,241,0.821760606,0.295081967,0.07,0.729832
CCCC(C(=O)O)c1ccsc1C#N,241,0.828589574,0.3,0.04,0.740710543
CCCC(C(N)=O)c1ccsc1C(=O)O,241,0.804616223,0.262295082,0.04,0.768965808
CCOC(=O)C(C#N)c1ccsc1C(N)=O,241,0.792171767,0.446428571,0.05,0.757371852
CCNC(=O)C(N)c1ccsc1C(=O)OC,241,0.760310959,0.379310345,0.01,0.775551816
CCOC(=O)C(N)c1ccsc1C(N)=O,241,0.729431322,0.375,0.05,0.770536962
CCCN1C(=N)N(C(CCOC)C(=O)c2cccc(F)c2)C(=O)NC1=O,242,0.67601548,0.434210526,0.03,0.743920001
CCN1C=C(N)C(=NC(=O)c2cccc(F)c2)C(=O)NC(=O)C1,242,0.757213072,0.296296296,0.11,0.770612308
CCN1C=C(N)C(N(CCOC)C(=O)c2cccc(F)c2)C(=O)NC1=O,242,0.771318157,0.651515152,0.08,0.723677531
CCN1C=C(N)C(N(CCOC)C(=O)c2cccc(F)c2)=C(CO)C1,242,0.775638874,0.392405063,0.04,0.765960193
CC1=C(N)C(=NC(=O)C(CCOC)c2cccc(F)c2)NC1=O,242,0.853420771,0.292682927,0.14,0.711795484
CC1=CC(=N)N(CCOC(=O)c2cccc(F)c2)C(=O)N1,242,0.822385972,0.364864865,0.06,0.827319969
CC1=CC=C(N(C)C(=O)c2cccc(F)c2)C(=O)NC1N,242,0.857067241,0.32,0.11,0.723106508
CC1=CC(=C(N)CCOc2cccc(F)c2)C(=O)N1CC,242,0.847970903,0.278481013,0.02,0.793579386
CC1=CC=C(N(C)C(=O)c2cccc(F)c2)CC1=N,242,0.869695505,0.338028169,0.01,0.779192359
CC1=CC(=C(N)Cc2cccc(OC)c2)C(=O)N1C,242,0.841435527,0.185185185,0.01,0.803952419
COC1=CC(=C(N)Nc2cccc(F)c2)C(=O)N1C,242,0.808147945,0.246753247,0.06,0.785363661
C=C1C=C(N(C)C(=O)c2cccc(F)c2)CCOC1,242,0.818919384,0.289473684,0.03,0.783324251
COCc1cc(N=CC(=O)c2cccc(F)c2)ncn1,242,0.619286369,0.298701299,0.04,0.796385245
COCC1=CC(=C(N)c2cccc(F)c2)NC1=O,242,0.843157659,0.352112676,0.1,0.771256235
COC1=CC(=CCC(=O)c2cccc(F)c2)NC1OC,242,0.839495015,0.302631579,0.04,0.699033801
COC1=CC(Cc2cccc(F)c2)C(=O)NC1OC,242,0.89952448,0.263157895,0.07,0.696301822
COC1=CC(CC(=O)c2cccc(F)c2)NC=C1OC,242,0.839495015,0.315068493,0.05,0.72731457
COC1=CC(CC(=O)c2cccc(F)c2)NC(N)=C1N,242,0.713901997,0.302631579,0.04,0.722108486
COC1=CC(CC(=O)c2cccc(F)c2)NC(=O)N1,242,0.811024477,0.361111111,0.02,0.732064483
COC1=CC(CC(=O)c2cccc(F)c2)NC1=O,242,0.821103618,0.333333333,0.096666667,0.746826082
COC1=C(NC(=O)c2cccc(F)c2)NC(=O)N1C,242,0.872531661,0.347222222,0.06,0.837868395
COC1=C(CC(=O)c2cccc(F)c2)NC(=O)N1C,242,0.846140828,0.347222222,0.04,0.825476383
COC1=C(c2cccc(F)c2)C(=O)NC(=O)C1C,242,0.807518729,0.285714286,0.43,0.773003614
COC1=C(c2cccc(F)c2)C(=O)NC1=O,242,0.752704084,0.28358209,0.69,0.839626393
COCC1=C(c2cccc(F)c2)C(=O)NC1=O,242,0.79118524,0.304347826,0.64,0.836734264
COCC1=C(c2cccc(O)c2)C(=O)NC1=O,242,0.7430498,0.219178082,0.65,0.826471416
COCC1=C(c2cccc(F)c2)C(=O)NC(=O)C1C,242,0.841117861,0.305555556,0.42,0.767373543
CC1(C)c2[nH]c3ccccc3c2CC2C(=O)N(c3ccc(F)cc3F)C(=O)N21,243,0.646166898,1,0.02,0.760110918
CC1(C)c2[nH]c3ccccc3c2CC2C(=O)N(c3ccc(F)cc3F)C21,243,0.651032687,0.59375,0.12,0.729309529
CC1(C)c2[nH]c3ccccc3c2CC(=O)N(c2ccc(F)cc2F)C1,243,0.703826775,0.523076923,0.05,0.823643538
CC1(c2[nH]c3ccccc3c2CO)C(=O)N(CF)c2ccc(F)cc21,243,0.717149382,0.378378378,0.08,0.738267495
CC1(C)c2[nH]c3ccccc3c2CC(=O)N2CCC(F)=CC21C,243,0.787941553,0.347222222,0.15,0.694745613
CC1(C)c2c(cccc2N2CC(=O)Nc3cc(F)ccc32)N1,243,0.845400077,0.291666667,0.02,0.803246812
C1(C)CNc2c(cccc2C2CC(=O)c3cc(F)ccc32)C1,243,0.856075816,0.220779221,0.04,0.73506361
CC1(C)c2[nH]c3ccccc3c2CC(=O)N2CCC(F)C21,243,0.793909212,0.352112676,0.11,0.699107253
CC1(C)c2[nH]c3ccccc3c2CC(=O)N2CCCC21,243,0.783115516,0.342857143,0.08,0.756539334
CC1(C)c2[nH]c3ccccc3c2CC(C2CCCN2)C1F,243,0.821558774,0.338028169,0.06,0.685584214
CC1(C)c2[nH]c3ccccc3c2CC(C2CCCO2)C1F,243,0.837678468,0.338028169,0.09,0.692050625
CC(=O)c1[nH]c2ccccc2c1-c1cc(F)ccc1Br,243,0.662662812,0.285714286,0.14,0.86261891
CC(=O)c1[nH]c2ccccc2c1-c1cc(F)cnc1Br,243,0.560258925,0.236842105,0.2,0.819876328
CC1(CNc2ncnc3[nH]ccc23)CCCc2cc(F)ccc21,243,0.77336674,0.172413793,0.5,0.745217564
CC1(CNc2ncncc2-c2cc3cc(F)ccc3[nH]2)CC1,243,0.765487825,0.19047619,0.18,0.802752106
CC1(CNc2ncncc2-c2nc3cc(F)ccc3[nH]2)CC1,243,0.774544813,0.188235294,0.24,0.806503998
CC1(COCCc2nc3ccncc3[nH]2)c2ccc(F)cc2CC1,243,0.729820445,0.177777778,0.28,0.745267833
CC1(CNc2ncncc2-c2n[nH]c3ccc(F)cc23)CCC1,243,0.769639723,0.186046512,0.47,0.797173669
CC1(CNc2ncncc2-c2n[nH]c3ccc(F)cc23)CCCN1,243,0.686937803,0.177777778,0.5,0.718333547
CC1(C)CNc2c(-c3ccncc3)c3cc(F)ccc3nc2N1,243,0.71179698,0.189873418,0.24,0.779828448
CC1(C)CNc2c(-c3ccncc3)c[nH]c2-c2ccc(F)cc21,243,0.690308171,0.17721519,0.64,0.787940336
CC1(CNc2nc(-c3ccncc3)n[nH]2)c2cccc(F)c2CCN1,243,0.68108584,0.142857143,0.37,0.717665772
CC1(C)CNC(c2nc3ccncc3[nH]2)c2cccc(F)c2CCC1,243,0.7010604,0.195402299,0.24,0.688758796
CC1(C)CNC(c2nc3ccncc3[nH]2)c2cccc(F)c2NC1=O,243,0.636558874,0.197674419,0.23,0.709877883
CC(C)CNc1nc(-c2ccnc3[nH]c2cc3C)c2ccncc2n1,243,0.759797006,0.094736842,0.33,0.653994456
CC(C)(C)Cc1nc(-c2ccnc(N)c2)nc2c1[nH]c1cnccc12,243,0.583045383,0.10989011,0.46,0.79046733
CC(C)(C)COc1nc(-c2ccnc3[nH]ccc23)nc2ccncc12,243,0.613182953,0.065217391,0.43,0.799984692
CC(C)(C)COc1nc(-c2ccnc3[nH]ccc23)nc2cnccc12,243,0.613182953,0.065217391,0.45,0.800265888
CC(C)CNc1nc(-c2ccnc(N)c2)nc2c1[nH]c1cnccc12,243,0.529382637,0.095744681,0.55,0.805218239
CC1(C)CC1Nc1nc(-c2ccnc3[nH]ccc23)ncc1CC#N,243,0.770021159,0.106382979,0.44,0.722694782
CC1(C)CC1Nc1nc(-c2ccnc3[nH]ccc23)ncc1CN,243,0.688874866,0.10989011,0.52,0.73580568
CC1(C)CC1Nc1nc(-c2ccnc3[nH]ncc23)ncc1F,243,0.776964514,0.154761905,0.38,0.740417135
CC1(C)CC1Nc1nc(-c2ccnc3[nH]ccc23)nc2c1CC2,243,0.778691403,0.125,0.46,0.739063227
NCCCNc1cc(-c2ccnc3[nH]ccc23)cc2ccncc12,243,0.491887359,0.076086957,0.63,0.823525523
CCC(C)Nc1cc(-c2ccnc3[nH]ccc23)cc2ccncc12,243,0.557540761,0.076086957,0.5,0.77524146
CCN(C)c1cc(-c2ccnc3[nH]ccc23)cc2ccncc12,243,0.615582636,0.077777778,0.54,0.810093131
CC1(C)CC1Nc1cc(-c2ccnc3[nH]ccc23)ccc1C#N,243,0.757312365,0.136363636,0.61,0.764214674
CC1(C)CC1Nc1cc(-c2ccnc3[nH]ccc23)ccc1F,243,0.742266683,0.170731707,0.6,0.780138475
CC1(C)CC1Nc1cc(-c2c[nH]c3ncncc23)ccn1,243,0.772147554,0.127906977,0.7,0.749686778
CC1(C)CC1c1cc(-c2ccnc3[nH]ccc23)ccn1,243,0.754650598,0.139240506,0.64,0.760435421
CCC(N)c1cc(-c2ccnc3[nH]ccc23)ccc1F,243,0.759910325,0.130952381,0.66,0.791606541
CCC(N)c1cc(-c2ccnc3[nH]ccc23)cc(F)n1,243,0.718187712,0.103448276,0.63,0.744634881
CC(CN)Cc1cc(-c2ccnc3[nH]ccc23)ccc1F,243,0.769576394,0.141176471,0.67,0.788290624
CC(N)c1cc(-c2c[nH]c3ncncc23)ccc1F,243,0.740448502,0.120481928,0.6,0.773821571
CC(N)c1cc(-c2c[nH]c3ncccc23)ccc1F,243,0.737097364,0.148148148,0.9,0.80016687
CC(CN)c1cc(-c2c[nH]c3ncccc23)ccc1F,243,0.76500077,0.142857143,0.88,0.789557688
CC(C)CNc1cc(-c2c[nH]c3ncccc23)ccc1F,243,0.742989091,0.142857143,0.9,0.859304213
CC1CCCCC1NC(=O)CSCC(=O)O,244,0.770031111,1,0,0.795542354
CC1CCCC(NC(=O)CSCC(=O)O)C1O,244,0.669478021,0.756756757,0,0.733723469
CC1CCCCC1NC(=O)CSc1nccc(O)n1,244,0.651673165,0.48,0,0.764758528
CCC1CCCCC1NC(=O)CSCC(=O)O,244,0.76418118,0.684210526,0.01,0.779669456
CCC1CCCCC1NC(=O)CSCc1cnoc1,244,0.871178002,0.381818182,0.03,0.731478067
CCC1CCCCC1NC(=O)CSCc1cncn1C,244,0.877562578,0.375,0.09,0.739416522
CCC1CCCCC1NC(=O)Cc1cnccn1,244,0.886167067,0.296296296,0.07,0.776318882
CCC1CCCCC1NC(=O)CSCc1cnccn1,244,0.876014232,0.381818182,0.07,0.758191379
CCC1CCCCC1NC(=O)CSc1cnccn1,244,0.841920626,0.345454545,0.08,0.76582492
Cc1ccc(C(=O)NC2C=CS(O)(O)CC2)cc1S(=O)(=O)N1CCCCC1,245,0.702183836,0.684210526,0.02,0.744739201
Cc1ccc(C(=O)NC2C=CS(O)(O)CC2)cc1S(=O)N1CCCCC1,245,0.726050833,0.426470588,0.04,0.653219118
Cc1ccc(C(=O)NC2C=CS(O)(O)CC2)cc1N(CCO)C1CC1,245,0.621165274,0.328767123,0.01,0.704539079
Cc1ccc(C(=O)NC2CC2)cc1S(=O)(=O)N1CCCCC1,245,0.922531403,0.725490196,0,0.902417259
Cc1ccc(C(=O)NC2CC2)cc1S(=O)(=O)N1CCCSC1,245,0.90996194,0.566666667,0,0.851105027
Cc1ccc(C(=O)N2CC2)cc1NS(=O)N1CCCCC1,245,0.864233984,0.303030303,0,0.764987786
Cc1ccc(C(=O)NC2CC2)cc1S(=O)N1CCCCC1,245,0.928373124,0.419354839,0,0.778657147
Cc1ccc(C(=O)NC2CCCCC2)cc1S(=O)NC1CC1,245,0.876270892,0.359375,0.01,0.780499766
Cc1ccc(C(=O)NC2CCCCC2)cc1S(N)(=O)=O,245,0.889390569,0.465517241,0,0.902877017
Cc1ccc(C(=O)NC2CCCCC2S(N)(=O)=O)cc1C1CC1,245,0.883106442,0.343283582,0.06,0.757187061
Cc1ccc(C(=O)NC2CCCCC2S(N)(=O)=O)cc1C1CCCC1,245,0.860519161,0.343283582,0.06,0.756051916
Cc1ccc(C(=O)NC2CCCCC2)cc1-c1nc(S(N)(=O)=O)cs1,245,0.85246286,0.333333333,0.04,0.844433208
Cc1ccc(C(=O)NC2CCCCC2)cc1-c1nnsc1S(N)(=O)=O,245,0.843767199,0.333333333,0.03,0.825670131
Cc1ccc(C(=O)NC2CCCCC2)cc1-c1nc(S(N)(=O)=O)sc1C,245,0.832807932,0.328767123,0.01,0.838487108
Cc1ccc(C(=O)NC2CCCCC2)cc1-c1ccc(F)c(S(N)(=O)=O)c1,245,0.837107402,0.352112676,0.13,0.874958175
Cc1ccc(C(=O)NC2CCCCC2)cc1-c1ccc(F)cc1S(N)(=O)=O,245,0.837107402,0.357142857,0.06,0.872095406
Cc1ccc(C(=O)NC2CCCCC2)cc1-c1ccc(F)c(S(N)(=O)=O)c1C,245,0.811770834,0.333333333,0.09,0.851928899
Cc1ccc(C(=O)NC2CCCCC2)cc1-c1ccc(F)c(S(N)(=O)=O)c1C1CC1,245,0.737272622,0.32,0.07,0.838160037
Cc1ccc(-c2nonc2N)cc1C(=O)NC1CCCCC1c1ccc(F)c(C)c1,245,0.661377116,0.195402299,0.38,0.747430053
Cc1ccc(-c2nonc2N)cc1-c1ccc(S(=O)(=O)N2CCCCC2)c(F)c1,245,0.69703066,0.306666667,0.33,0.835184969
Cc1ccc(-c2nonc2N)cc1C(=O)NC1CCCCC1C1CCCCC1,245,0.811988038,0.240506329,0.36,0.748373859
Cc1ccc(-c2nonc2C(=O)NC2CCCCC2)cc1S(N)(=O)=O,245,0.850383931,0.297297297,0.08,0.832605076
Cc1ccc(-c2nonc2C(=O)NC2CCCN(C)C2)cc1S(N)(=O)=O,245,0.791194698,0.303797468,0.1,0.76828869
Cc1ccc(-c2cc(C(=O)NC3CCCN(C)C3)nc(N)n2)cc1S(C)(=O)=O,245,0.788800802,0.3,0.16,0.784813595
Cc1ccc(-c2nonc2N)cc1S(=O)(=O)NC1CCCN(C)CCCC1C,245,0.79965962,0.24691358,0.44,0.69541751
Cc1ccc(-c2nonc2N)cc1S(=O)(=O)NC1CCCN(C)CC1C,245,0.829618837,0.243902439,0.41,0.733426146
Cc1ccc(-c2nonc2N)cc1S(=O)(=O)N1CCCN2CCCC(C2)C1C,245,0.833580459,0.259259259,0.38,0.61390909
Cc1cc(-c2nonc2N)nc(S(=O)(=O)N2CCCN(C)CC2)c1C,245,0.841240058,0.233766234,0.37,0.788419502
Cc1cc(-c2nonc2N)nc(S(=O)(=O)N2CCCN3CCCC3C2)c1C,245,0.827307573,0.219512195,0.37,0.730990454
Cc1ccc(-c2nonc2N)cc1S(=O)(=O)N1CCCN2CCCC2C1,245,0.863522701,0.32,0.34,0.775398669
Cc1ccc(-c2nonc2N)cc1S(=O)(=O)N1CCCN(C)CC1,245,0.877434451,0.342857143,0.37,0.837192809
CC(C)OP(=O)(OC(C)C)C(NC(=O)c1ccccc1)C(N)=O,246,0.704701737,1,0,0.767772261
CC(C)OP(=O)(C(C)C)C(NC(=O)c1ccccc1)CO,246,0.759024997,0.545454545,0.03,0.732859405
CC(C)OC(C(N)=O)C(C)NS(=O)(=O)c1ccccc1,246,0.771359901,0.36,0,0.766653724
CC(C)C(OC(N)=O)C(C)NC(=O)c1ccccc1,246,0.852120793,0.5,0.03,0.789698783
CC(C)C(OC(N)=O)C(C)C(=O)c1ccccc1,246,0.815373801,0.4,0.02,0.778417772
CC(C)C(OC(N)=O)C(=O)c1ccccc1CO,246,0.775512895,0.264150943,0.02,0.790535658
CC(C)C(OC(N)=O)C(=O)c1ccccc1,246,0.79025318,0.418604651,0.03,0.829682048
CC(C)C(C(N)=O)C(=O)c1ccccc1,246,0.599504447,0.45,0.03,0.840514654
CC(C)C(NC(N)=O)C(=O)c1ccccc1,246,0.755696558,0.452380952,0.02,0.857538578
CC(C)C(C(N)=O)NC(=O)c1ccccc1,246,0.791775675,0.564102564,0.05,0.884899938
CC(C)C(C(N)=O)N(C=O)c1ccccc1,246,0.756671421,0.3125,0,0.789032675
CC(C)C(C)C(N)C(=O)c1ccccc1,246,0.767315625,0.380952381,0.02,0.802334845
CC(C)C(CCCN)C(=O)NCc1ccccc1,246,0.777729947,0.283018868,0.01,0.846827005
CC(C)C(C)C(N)C(=O)NCc1ccccc1,246,0.817520372,0.28,0,0.812856185
CC(C)C(N)C(C)C(=O)NCc1ccccc1,246,0.817520372,0.28,0.04,0.803715716
CC(C)C(N)C(C)OC(=O)c1ccccc1,246,0.793019458,0.355555556,0.02,0.79766622
CC(C)C(N)C(C)C(=O)c1ccccc1,246,0.767315625,0.380952381,0.05,0.795591768
CC(C)C(N)C(CCC)C(=O)c1ccccc1,246,0.766248236,0.333333333,0.06,0.784583944
CC(C)C(N)C(C)C(=O)NCCc1ccccc1,246,0.808354852,0.269230769,0.04,0.801189574
CC(C)C(N)C(C)C(=O)Nc1ccccc1,246,0.817286575,0.29787234,0.05,0.805997168
CC(C)C(N)C(C)C(=O)NC(C)c1ccccc1,246,0.840800433,0.3125,0.06,0.773816621
CC(C)C(N)C(C)C(=O)NC(=O)c1ccccc1,246,0.849031639,0.4,0.07,0.790036042
CCC(=NCC1CCCO1)C1C(=O)NC(=O)N(c2ccc(Cl)cc2)C1=O,247,0.630583331,1,0,0.724010056
CCC(=NCC1CCCO1)C1C(=O)NC(=O)N1c1ccc(Cl)cc1,247,0.655999542,0.7,0.01,0.706894543
CCC(=NC1CCCC1)C1C(=O)NC(=O)N1c1ccc(Cl)cc1,247,0.676132079,0.461538462,0.01,0.741278816
CC1=NC(=C2C(=O)NC(=O)N2c2ccc(Cl)cc2)CS1,247,0.640810845,0.281690141,0.08,0.769028251
CC1=C(C2CCC2)C(=Nc2ccc(Cl)c(Cl)c2)C(=O)N1,247,0.87062116,0.194805195,0.2,0.803937996
CC1=NC(=C2C(=O)NC(=O)C2c2ccc(Cl)cc2)CS1,247,0.640427614,0.210526316,0.27,0.71302034
CC1=C(c2ccc(Cl)cc2)C(=C2CC2)C(=O)N=C1[O-],247,0.737748801,0.178082192,0.07,0.771159815
CC1=NC(=C2C(=O)Nc3cc(Cl)ccc32)C=C1C,247,0.711981895,0.171052632,0.37,0.786006696
CC1(C2=CCOCC2)C(=O)Nc2cc(Cl)cc(Cl)c21,247,0.805202071,0.194805195,0.06,0.69801833
CC1=C(C2CC2)C(=C2C(=O)Nc3cc(Cl)ccc32)CC1,247,0.752740929,0.210526316,0.35,0.801562866
CC1(C2CC2)COCCC1=C1C(=O)Nc2cc(Cl)ccc21,247,0.799547808,0.246753247,0.32,0.732073575
CC1=C(C2CCOCC2)C(=C2C(=O)Nc3cc(Cl)ccc32)C1,247,0.789021793,0.227848101,0.33,0.788750152
CC1=C(C2CCOC2)C(=C2C(=O)Nc3cc(Cl)ccc32)C1,247,0.801247969,0.222222222,0.36,0.731387291
CC1=C(C2CCOC2)C(=C2C(=O)Nc3ccc(Cl)cc32)C1,247,0.801247969,0.207317073,0.39,0.732023188
CC1(C)COC(=C2C(=O)Nc3cc(Cl)ccc32)C=N1,247,0.740926104,0.192307692,0.38,0.761038039
CC1(C)COCC(=C2C(=O)Nc3cc(Cl)ccc32)C1,247,0.737352344,0.194805195,0.41,0.777883322
CC1(C)COC(=C2C(=O)Nc3cc(Cl)ccc32)C1,247,0.728314356,0.2,0.43,0.790238081
CC1(C)COC(=C2C(=O)Nc3cc(Cl)ccc32)CO1,247,0.743043767,0.194805195,0.38,0.769535862
CC1(C)COC(=C2C(=O)Nc3cc(Cl)ccc32)COC1,247,0.747901564,0.192307692,0.43,0.767142262
Cc1cc(C(F)F)n(C(=O)Nc2nc3c(s2)CCc2c-3cccc2C(N)=O)n1,248,0.698192543,0.3875,0.06,0.776682002
Cc1cc(C(F)F)n(C(=O)Nc2cc3c(c(C(N)=O)c2)SCCC3)n1,248,0.871642734,0.358974359,0.1,0.762013928
Cc1cc(C(F)F)nc(C(=O)Nc2nc3c(c(C(N)=O)n2)CCC3)c1,248,0.878127377,0.355263158,0.08,0.79445094
Cc1cc(C(F)F)nc(C(=O)NN2CCC3=C(CCC3)C2CCN)c1,248,0.801277205,0.26744186,0.1,0.680879802
Cc1cc(C(F)F)nc(C(=O)NN2CCC3=C2CCC3)c1CN,248,0.893612345,0.280487805,0.06,0.732080276
Cc1cc(C(N)=O)nc(C(=O)NC2=NCCCCCCC2)c1F,248,0.872909842,0.272727273,0.02,0.748228546
Cc1cc(C(F)F)nc(C(=O)NC2=NCCCCCCC2)c1N,248,0.874742629,0.285714286,0.01,0.737216287
Cc1cc(C(F)F)nc(C(=O)NC2=NCCCCCC2)c1N,248,0.880846253,0.285714286,0.01,0.779943615
Cc1cc(CCC)nc(C(=O)NC2=NCCCCCC2)c1N,248,0.900275096,0.219512195,0.03,0.796977085
Cc1cc(C(N)=O)nc(NCCOC2CCCCCC2)c1C,248,0.625510734,0.2125,0.02,0.833098425
Cc1cc(C(N)=O)nc(NCCC2=CCCCC2)c1C,248,0.809954926,0.225,0.04,0.815379625
Cc1cc(C(N)=O)cc(C(=O)NC2CCCCCC2)n1,248,0.826610912,0.263888889,0.07,0.876854075
Cc1cc(C(N)=O)cc(C(=O)NC2CCCCC2)n1,248,0.865289012,0.263888889,0.07,0.876879548
Cc1cc(C(F)F)nc(NC(=O)C2(N)CCC2)c1C,248,0.885270664,0.273972603,0.05,0.783957365
Cc1cc(C(F)F)nc(NC(=O)C2(N)CCCCC2)c1C,248,0.899655336,0.27027027,0.05,0.788106534
Cc1cc(C(F)F)nc(NC(=O)C2(N)CCCCCC2)c1C,248,0.837660939,0.27027027,0.05,0.791929029
Cc1cc(C(F)F)cc(NC(=O)C2(C(N)=O)CCCC2)n1,248,0.836240308,0.319444444,0.08,0.796712472
Cc1cc(C(F)F)nc(NC(=O)C2(C(N)=O)CCCC2)c1C,248,0.838196725,0.28,0.06,0.780088655
Cc1cc(C(F)F)nc(NC(=O)C2(C(N)=O)CCCC2)c1,248,0.836240308,0.283783784,0.07,0.801721649
Cc1cc(C(F)F)nc(NC(=O)C2(C(N)=O)CCCC2)n1,248,0.826600119,0.319444444,0.08,0.794894119
Cc1cc(C(F)F)nc(NC(=O)C2(C(N)=O)CCC2)c1,248,0.827766544,0.283783784,0.06,0.803836965
Cc1cc(C(F)F)cc(NC(=O)C2(C(N)=O)CCC2)n1,248,0.827766544,0.319444444,0.07,0.798449737
Cc1cc(C(F)F)nc(NC(=O)C2(C(N)=O)CCC2)n1,248,0.814465761,0.319444444,0.08,0.796494149
Cc1cc(C(F)F)cc(C(=O)NC2(C(N)=O)CCC2)n1,248,0.876986834,0.319444444,0.14,0.802867443
Cc1cc(C(F)F)cc(C(=O)NC2(C(N)=O)CCCC2)n1,248,0.889125351,0.319444444,0.13,0.802237438
Cc1cc(C(F)F)cc(C(=O)NC2(CN)CCCC2)n1,248,0.890792905,0.297297297,0.15,0.797425269
Cc1cc(C(F)F)cc(C(=O)NC2(CN)CCC2)n1,248,0.877346504,0.297297297,0.15,0.797406125
Cc1cc(C(F)F)cc(C(=O)NC2(CN)CCCCC2)n1,248,0.897577798,0.293333333,0.15,0.80120538
Cc1nn(-c2ccccc2)c2c1C(c1ccncc1)C(C#N)C(=N)O2,249,0.78170251,1,0.07,0.709504926
Cc1nn(-c2ccccc2)c2c1C(c1ccncc1)C(C#N)=C(C)O2,249,0.715551751,0.586206897,0.1,0.766733282
Cc1nnc2c(c1C1C=CN=C1)C(C#N)=C(c1ccncc1)O2,249,0.725144324,0.220779221,0.29,0.655206542
Cc1nnc2c(c1)C(c1ccncc1)=C(C#N)C(C)c1ccoc1-2,249,0.680969962,0.192307692,0.29,0.702751012
Cc1nnc2c(c1C(C)c1ccncc1)C(CN)=CC(C)O2,249,0.941427171,0.181818182,0.26,0.65749317
Cc1nncc2c1C(c1ccncc1)C(C)C(C#N)=C(C)O2,249,0.807070949,0.323529412,0.24,0.661488951
Cc1nncc2c1C(c1ccncc1)=C(CCCN)C(C)O2,249,0.938009344,0.179487179,0.37,0.707504512
CC1=C(c2ccncc2)C(C)c2c(CCCN)cccc2O1,249,0.929997785,0.216216216,0.14,0.752491569
CC1=C(c2ccncc2)Oc2ccc(CCCN)cc2C1C,249,0.929997785,0.173333333,0.19,0.761331129
CC1=C(c2ccncc2)C(CCCN)Oc2ccccc21,249,0.931930759,0.191780822,0.15,0.779025399
CC1=C(c2ccncc2)C(c2cccc(OC)c2)=CNC1,249,0.932620247,0.175675676,0.36,0.808317277
CCn1nc(-c2ccncc2)c2c(CCCN)c[nH]c2c1=O,249,0.749744556,0.148148148,0.5,0.806794108
CCc1cc(-c2ccncc2)cc2c(CCCN)c[nH]c12,249,0.748171287,0.115384615,0.52,0.843054226
CCn1cc(-c2ccncc2)c2cc3c(c(CN)c21)NCC3,249,0.779431479,0.1625,0.4,0.780900743
CCn1cc(-c2ccncc2)c2cc3c(c(C#N)c21)NCN3,249,0.758643445,0.207792208,0.39,0.751819734
CCn1cc(-c2ccncn2)c2cc3c(cc21)C(CN)NC3,249,0.776704452,0.139534884,0.51,0.728292042
CCn1cc(-c2ccnc3ccccc23)c2c(CN)n[nH]c21,249,0.609055907,0.135802469,0.33,0.79760483
CCn1cc(-c2ccncn2)c2ccc(C(C)C)nc21,249,0.726645117,0.142857143,0.39,0.827668645
CCn1cc(-c2ccncn2)c2cc(C(C)C)[nH]c21,249,0.776303175,0.141025641,0.41,0.776024191
CCn1cc(-c2ccncn2)c2cc(CCCCN)[nH]c21,249,0.683155262,0.13253012,0.47,0.78222043
CCn1cc(-c2ccncn2)c2c(C(C)C)c[nH]c21,249,0.776303175,0.141025641,0.56,0.769678892
CCn1cc(-c2ccncn2)c2cccc(CN)c21,249,0.779085182,0.173333333,0.45,0.832159379
CCn1cc(-c2ccncn2)c2c(C(C)C)ncn21,249,0.722666017,0.16,0.39,0.729639291
CCc1cc(C2=NCCN2)c2ccncc2c1OC,249,0.913826479,0.12987013,0.28,0.803344834
CCC1CC(C(C)(C)C)=NC=C1c1ccncn1,249,0.79333739,0.12,0.29,0.689531005
CCc1cc(-c2ccncc2)c[nH]c1=NC(C)C,249,0.881522161,0.123287671,0.42,0.787023324
CCc1cc(-c2ccncc2)c[nH]c1=NCCN,249,0.852810166,0.12,0.51,0.770207063
CCc1cc(-c2ccncc2)c[nH]c1=N,249,0.764348278,0.166666667,0.44,0.803251478
CCCc1cc(-c2ccncc2)c[nH]c1=O,249,0.852238867,0.128571429,0.45,0.861214718
CCCc1cc(-c2ccncc2)ccc1CN,249,0.869348262,0.132352941,0.49,0.887504236
CCc1cc(-c2ccncc2)ccc1CN,249,0.849268648,0.136363636,0.53,0.892584618
CCc1cc(-c2ccncc2)ccc1CNCCN,249,0.779087792,0.123287671,0.53,0.877404134
CCc1cc(-c2ccncc2)ccc1-c1ccn[nH]1,249,0.768570132,0.14084507,0.54,0.85535897
CCc1cc(-c2ccncc2)ccc1-c1cc[nH]c1,249,0.734909984,0.125,0.58,0.851531772
CCc1cc(-c2ccncc2)ccc1CNCCO,249,0.780061011,0.123287671,0.61,0.881542596
Oc1c2c(n(O)c1-c1cccc(Cl)c1)C1CCCC1=C1CCCC12,250,0.523756263,0.529411765,0.07,0.662568856
Oc1c2c(n(S)c1-c1cccc(Cl)c1)C1CCCC1=CC=C2,250,0.670175287,0.37704918,0.03,0.682857381
Oc1c2c(nn1-c1cccc(Cl)c1)C1CCCC1=CC=C2,250,0.844276059,0.456140351,0.07,0.71534318
Oc1c2c(nn1-c1cccc(Cl)c1)C1CCCC=C1CC2,250,0.794111701,0.438596491,0.04,0.72816487
Oc1c2c(nn1-c1cccc(Cl)c1)C1CCCCC1=C2,250,0.849242116,0.454545455,0.06,0.735213377
Oc1c2c(nn1Cc1cccc(Cl)c1)CCCC2=CCO,250,0.916220694,0.28125,0.02,0.787780111
Oc1cc(Cl)ccc1N1NCCC1c1cccc(O)c1,250,0.794855627,0.271186441,0.04,0.762051075
OCCCn1c(-c2ccccc2)cc2c1CCCC2O,250,0.897799812,0.209677419,0.07,0.79818473
Oc1cc(Cl)cc(N2NCCCC2c2ccccc2)c1,250,0.879850922,0.293103448,0.04,0.780098788
Oc1cc(-c2cccc(Cl)c2)n(C2CCCC2O)n1,250,0.887762172,0.315789474,0.04,0.734742859
Oc1cc(Cl)cc(N2NCCC2c2ccccc2)c1,250,0.879772165,0.280701754,0.05,0.769552527
OCCCn1c(-c2cccc(Cl)c2)cc2c1CCCC2,250,0.901663869,0.288135593,0.03,0.854039742
OCCCn1nc(-c2cccc(Cl)c2)c2c1CCCC2O,250,0.912804079,0.322580645,0.09,0.778679342
OCCCn1c(-c2cccc(Cl)c2)cc2c1CCCN2,250,0.903463931,0.274193548,0.16,0.819357249
Oc1ccc(N2CCCC2c2cccc(Cl)c2)cc1,250,0.877286796,0.358490566,0.01,0.846157841
O=C1CCCC1c1cc(Cl)nn1-c1cccc(O)c1,250,0.917031926,0.392857143,0.04,0.752281685
O=C1CCCC1c1cc(Cl)nn1-c1cccc(Cl)c1,250,0.83850346,0.442307692,0.04,0.764899634
Oc1ccc2c(c1)CCCC(c1cccc(Cl)c1)N2,250,0.748099209,0.345454545,0.02,0.817117002
Oc1ccc2c(c1)CCCC2=NNCc1cccc(Cl)c1,250,0.84508343,0.262295082,0.03,0.835822195
O=C1CCCC1Nn1cc(-c2cccc(Cl)c2)cn1,250,0.936900609,0.316666667,0.04,0.753232247
Oc1cc(-c2cccc(Cl)c2)c2c(n1)CCCN2,250,0.825321037,0.271186441,0.21,0.803241383
Oc1cc(-c2cccc(Cl)c2)c2c(n1)CCNC2,250,0.828787712,0.25,0.14,0.814733394
Oc1cc2c(c(-c3cccc(Cl)c3)n1)CCNC2,250,0.828787712,0.25,0.18,0.816463572
Oc1cc2c(c(-c3cccc(Cl)c3)n1)CCN2,250,0.812910431,0.25862069,0.26,0.814863106
Oc1cc2c(c(-c3cccc(Cl)c3)n1)CCCN2,250,0.825321037,0.271186441,0.26,0.817754696
Oc1cc(-c2cccc(Cl)c2)c2c(n1)NCCC2,250,0.825321037,0.271186441,0.28,0.821525702
Oc1cc(-c2cccc(Cl)c2)c2c(n1)NCCCS2,250,0.833283721,0.238095238,0.27,0.780933086
Oc1cc(-c2cccc(Cl)c2)c2c(n1)NCCCN2,250,0.747113893,0.254237288,0.23,0.789935603
Oc1cc(-c2cccc(Cl)c2)c2c(n1)NCCC2O,250,0.749172488,0.283333333,0.29,0.741692511
Oc1cc(-c2cccc(Cl)c2)c2c(n1)NCCCC2O,250,0.753452212,0.295081967,0.3,0.750361466
Oc1cc(-c2cccc(Cl)c2)c2c(n1)NCCCC2,250,0.830033288,0.266666667,0.27,0.824677421
CN(C)C=Nc1ncc(-c2ccc(C(F)(F)F)cc2Cl)cn1,251,0.630541627,0.680851064,0.1,0.80543108
CN(C)C=Nc1ncc(-c2ccc(C(F)(F)F)cc2)cn1,251,0.643422247,0.6,0.09,0.822625274
CN(C)C=Nc1ncc(-c2ccc(C(F)F)cc2Cl)cn1,251,0.633876163,0.490566038,0.13,0.787290526
CCNC(=N)c1ncc(-c2ccc(C(F)F)cc2Cl)cn1,251,0.66881968,0.191176471,0.11,0.783265592
CCCC(N)c1ncc(-c2ncc(C(F)F)cc2Cl)c2cccnc12,251,0.686736202,0.186666667,0.15,0.730889912
CCCC(=N)c1ncc(-c2cc(C(F)(F)F)ccc2Cl)cn1,251,0.804673101,0.290322581,0.07,0.806001336
CCCC(=N)c1ncc(-c2cc(-c3cccc(F)c3)ccc2Cl)cn1,251,0.591634624,0.188405797,0.2,0.825370038
CCCC(=O)c1ncc(-c2nccc(C(F)F)c2Cl)c2ccc(N)cc12,251,0.475028411,0.141025641,0.18,0.783823219
CC(C)c1ncc(-c2nccc(-c3ccc(Cl)cc3C(F)F)n2)cn1,251,0.631858326,0.176470588,0.16,0.815562879
CC(C)c1ccc(-c2nccc(-c3cc(C(F)F)ccc3Cl)n2)cc1N,251,0.561320771,0.150684932,0.09,0.828983476
CC(C)c1ncc(-c2nccc(-c3cc(F)ccc3Cl)n2)cc1N,251,0.74861845,0.185714286,0.1,0.82635584
CC(C)c1ncc(-c2nccc(-c3cc(Cl)ccc3F)n2)cc1N,251,0.74861845,0.169014085,0.15,0.826411178
CC(C)c1ncc(-c2nccc(-c3cc(F)c(Cl)cc3N)n2)cn1,251,0.724286588,0.191176471,0.18,0.816876161
CN(C)c1nccc(-c2ccc(Cl)c(C(F)(F)F)c2NN)n1,251,0.667717634,0.212121212,0.12,0.794350715
CN(C)c1nccc(-c2ccc(F)c(C(F)(F)F)c2N)n1,251,0.68414065,0.169230769,0.14,0.802752785
CN1CCCN=C1Nc1nccc(-c2cc(F)c(Cl)cc2N)n1,251,0.825258292,0.139240506,0.6,0.789297159
CN1CCCN=C1Nc1nccc(-c2cc(F)c(F)cc2Cl)n1,251,0.855151721,0.146666667,0.67,0.802400354
FCc1cc(Nc2nccc(-c3ccc(Cl)cc3)n2)ccn1,251,0.774902623,0.130434783,0.9,0.858071897
NC1CCC1Nc1nccc(-c2cc(F)c(F)cc2Cl)n1,251,0.855539911,0.125,0.58,0.75449239
NC=C1CCCNc2nccc(-c3cc(F)c(F)cc3)c21,251,0.843261139,0.109589041,0.32,0.793043444
NCCCNc1nccc(-c2cc(F)cc(C(F)F)c2)n1,251,0.804394039,0.108108108,0.64,0.832020563
NC1CCC(Nc2nccc(-c3cc(F)cc(F)c3)n2)CC1,251,0.91431578,0.115942029,0.76,0.846770665
NCCCCCNc1nccc(-c2cc(F)cc(F)c2)n1,251,0.770100796,0.115942029,0.65,0.861846008
C#CCCCCNc1nccc(-c2cc(F)cc(F)c2)n1,251,0.650877848,0.112676056,0.59,0.836414213
CCCCCNc1nccc(-c2cc(F)cc(F)c2)n1,251,0.810184414,0.134328358,0.6,0.874773099
CCCCNc1nccc(-c2cc(F)cc(F)c2)n1,251,0.836899246,0.136363636,0.6,0.874381741
N#CCCNc1nccc(-c2cc(F)cc(F)c2)n1,251,0.858476667,0.117647059,0.64,0.846852681
NCCCNc1nccc(-c2cc(F)cc(F)c2)n1,251,0.812416139,0.119402985,0.65,0.860905958
N#CCNc1nccc(-c2cc(F)cc(F)c2)n1,251,0.844296334,0.138461538,0.62,0.836770232
O=C(O)CC1SC(=NN=C2CCCCC2)N(c2ccccc2)C1=O,252,0.849028582,1,0,0.763732283
O=C(O)CC1SC(=NN=C2CCCCC2)N1c1ccccc1,252,0.859645411,0.62745098,0,0.728437956
O=C(O)CC1SC(=NN=C2CCCC2)N(c2ccccc2)C1=O,252,0.860084249,0.976744186,0,0.762047143
O=C(O)CC1SC(=O)C(=NC2CCCC2)N1c1ccccc1,252,0.924094255,0.37704918,0.01,0.726727222
CC(=O)CC1SC(=Nc2ccccc2)N(C2CCCC2)C1=O,252,0.853436627,0.387096774,0.01,0.782597308
CC(=O)CC1SC(=Nc2ccccc2)N(c2cccs2)C1=O,252,0.855023408,0.380952381,0.04,0.752490836
CC(=O)CC1SC(=Nc2ccccc2)N(c2ccccc2)C1=O,252,0.859255385,0.518518519,0.02,0.806098425
CC(=O)CC1SC(=Nc2cccnc2)N(c2ccccc2)C1=O,252,0.865825458,0.451612903,0.05,0.783326863
CC(=O)CC1SC(=Nc2cccnc2)N(c2ccccc2)C1,252,0.864021708,0.285714286,0.13,0.751964638
CC(CCOC1=NS(=O)(=O)c2ccccc21)NC(=O)Nc1ccccc1,253,0.842075428,0.826923077,0.02,0.79529659
CC(CCOC1=NC(=O)c2ccccc21)C(=O)Nc1ccccc1N=O,253,0.803025758,0.352112676,0.02,0.752095135
CC(CCOC1=NS(=O)(=O)c2ccccc21)C(=O)Nc1ccccc1,253,0.890547973,0.722222222,0,0.79600421
CC(CCOC1=Nc2ccccc2C(=O)C1=O)NC(=O)Nc1ccccc1,253,0.79583074,0.507936508,0.04,0.792604211
CC(COC1=NS(=O)(=O)c2ccccc21)C(=O)NCCc1ccccc1,253,0.841933965,0.484375,0,0.78732237
CC(CO)C1C(c2ccccc2)C(=O)N1NC(=O)Nc1ccccc1,253,0.731494934,0.25,0.01,0.733697754
CC(COC1=CSc2ccccc2C1=O)C(=O)NCCc1ccccc1,253,0.693660484,0.2,0.02,0.817246946
CC(COC1CNc2ccccc2S1(=O)=O)NC(=O)c1ccccc1,253,0.85245121,0.283783784,0.02,0.729355934
CC(COc1csc(-c2ccccc2)c1)NC(=O)Nc1ccccc1,253,0.655454974,0.314285714,0.03,0.830737427
CC(OC1=CS(=O)(=O)c2ccccc2N1)C(=O)c1ccccc1,253,0.873178044,0.242857143,0.04,0.763383432
CC(OC1=CS(=O)(=O)c2ccccc2N1)c1ccccc1,253,0.942943197,0.220588235,0.07,0.760688316
CC(OC1=NS(=O)(=O)c2ccccc2N1)c1ccccc1,253,0.925841108,0.3125,0.08,0.774705752
CC(COC1=C(c2ccccc2)C(=O)N1)Nc1ccccc1,253,0.860820569,0.25,0.4,0.802546369
CC(CCOc1ccsc1-c1ccccc1)Nc1ccccc1CO,253,0.586379815,0.256756757,0.01,0.806589271
CC(CCOC1=C(c2ccccc2)C(=O)N1)c1ccccc1,253,0.881705333,0.235294118,0.36,0.805477138
CC(CC1=C(c2ccccc2)C(=O)NC1)Oc1ccccc1,253,0.916936459,0.166666667,0.29,0.796917283
CC(CCCC1=C(c2ccccc2)C(=O)NN1)c1ccccc1,253,0.692015922,0.166666667,0.04,0.80700792
CC(CC1=C(c2ccccc2)C(=O)NC1=O)c1ccccc1,253,0.878609351,0.15942029,0.6,0.818457625
CC(CC1=C(c2ccccc2)C(=O)NC1=O)(O)c1ccccc1,253,0.852430001,0.138888889,0.59,0.797813254
CC(CC1=C(c2ccccc2)C(=O)NC(=O)C1)c1ccccc1,253,0.875868403,0.150684932,0.32,0.803083973
CC(CC1=C(c2ccccc2)C(=O)C(=O)N1)c1ccccc1O,253,0.853378792,0.178082192,0.34,0.77792994
CC(CC1=C(c2ccccc2)C(=O)C(=O)N1)c1ccccc1,253,0.878609351,0.157142857,0.27,0.800785586
CC(CC1=C(c2ccccc2)C(=O)NC(=O)N1)c1ccccc1,253,0.777682897,0.154929577,0.07,0.81193712
CC(C)(CC1=C(c2ccccc2)C(=O)NC(=O)N1)c1ccccc1,253,0.774749595,0.123287671,0.13,0.845841478
CC(C)(CC1=C(c2ccccc2)C(=O)NC(=O)C1)c1ccccc1,253,0.870021113,0.121621622,0.32,0.835272474
CC(C)(CC1=C(c2ccccc2)C(=O)NC1=O)c1ccccc1CO,253,0.825740992,0.133333333,0.57,0.820802219
CC(C)(CC1=C(c2ccccc2)C(=O)NC1=O)c1ccccc1,253,0.879268939,0.128571429,0.63,0.849090058
CC(C)(CCC1=C(c2ccccc2)C(=O)NC1=O)c1ccccc1,253,0.85081728,0.125,0.66,0.847757315
CC(C)(CC1=C(c2ccccc2)C(=O)NC1=O)c1cccc2ccccc12,253,0.694384364,0.118421053,0.61,0.83656467
CC(C)(CC1=C(c2ccccc2)C(=O)NC1=O)c1ccccc1Cc1ccoc1,253,0.628596412,0.105882353,0.59,0.798853522
CC(C)(CCC1=C(c2ccccc2)C(=O)NC1=O)c1ccccc1C#N,253,0.840390354,0.1125,0.56,0.816804896
CC(C)(CNC1=C(c2ccccc2)C(=O)NC1=O)c1ccccc1C#N,253,0.815907456,0.125,0.6,0.820547151
CC(C)(CNC1=C(c2ccccc2)C(=O)NC1=O)c1ccccc1CO,253,0.69749765,0.142857143,0.64,0.823143147
CC(C)(CNC1=C(c2ccccc2)C(=O)NC1=O)c1ccccc1,253,0.83276087,0.138888889,0.7,0.851888537
Cc1ccc(N(C(=O)c2csnn2)C(C(=O)NC2CCCC2)c2cccnc2)cc1,254,0.655804236,1,0,0.781452824
Cc1ccc(N(C(=O)c2csnn2)C(C(=O)NC2CCCC2)C(C)C)cc1,254,0.823351758,0.661538462,0,0.776816162
Cc1ccc(C(C(=O)NC2CCCC2)C(CCO)c2ccsc2)nc1,254,0.792055563,0.337349398,0.01,0.726118815
Cc1ccc(C(CO)N(C(=O)NC2CCCC2)C2CCCC2)nc1,254,0.869674206,0.303797468,0.02,0.766417679
Cc1cccc(C(CO)N(C(=O)NC2CCCC2)C2CC2)n1,254,0.878268817,0.271604938,0.01,0.762563785
Cc1cccc(C(C(=O)NC2CCCC2)c2ccncc2)n1,254,0.943141829,0.351351351,0.04,0.800393004
Cc1nc(CCN)c(C(=O)NCC2CCCC2)c2ccccc12,254,0.891769991,0.186046512,0.05,0.850049893
CCNC(=O)c1cccnc1C(c1cccnc1)C1CCCC1,254,0.918684717,0.346153846,0.02,0.784174395
CCNC(=O)c1nccn1C(c1cccnc1)C1CCCC1,254,0.923064792,0.35443038,0.01,0.762545167
Cc1ncc(C(=O)NC(c2cccnc2)C2CCCC2)n1C,254,0.943893209,0.346153846,0.05,0.778594377
CCNC(=O)C(c1cccnc1)C(c1cccn1C)C1CC1,254,0.890956628,0.308641975,0.02,0.717597388
CCNC(=O)C(c1cccnc1)N(C)C1CCCCC1CN,254,0.839081131,0.402597403,0.09,0.728264382
CCNC(=O)CCC(c1cccnc1)N(C)C1CCCCC1CN,254,0.767093994,0.333333333,0.11,0.716686321
CNC(=O)NC(c1cccnc1)C(c1cccnc1)C1CCCC1,254,0.885351383,0.356164384,0.05,0.734561486
CNC(=O)CN(C1CCCC1)C(c1cccnc1)c1cccnc1,254,0.887057383,0.351351351,0.01,0.825437283
CNC(=O)C(c1cccnc1)N(c1cccnc1)C1CCCC1,254,0.922293145,0.422535211,0.01,0.769727093
CNC(=O)C(c1cccnc1)c1cccnc1OC1CCCC1,254,0.921829258,0.329113924,0.04,0.779314464
NCCCc1cc(C(=O)NC2CCCC2)[nH]c1-c1cccnc1,254,0.766434764,0.282352941,0.23,0.834359722
NCc1cc(C(=O)NC2CCCC2)c(-c2cccnc2)[nH]1,254,0.80449558,0.296296296,0.24,0.830501388
NCc1nc(C(=O)NC2CCCC2)c(-c2cccnc2)[nH]1,254,0.794587589,0.296296296,0.29,0.820619926
NCc1nc(C(=O)NC2CCCCC2)c(-c2cccnc2)[nH]1,254,0.804015945,0.292682927,0.28,0.822481993
O=C(O)CS(O)=CC(=O)Nc1cccc(C(F)(F)F)c1,255,0.744705099,1,0,0.744750492
O=C(CS(=O)CC(F)(F)F)Nc1cccc(CCO)c1,255,0.836121895,0.338983051,0,0.776804456
O=C(CS(=O)CC(F)(F)F)Nc1cccc(CO)c1,255,0.863315615,0.350877193,0.02,0.778952642
O=C([O-])CS(=O)CC(=O)Nc1cccc(C(F)(F)F)c1,255,0.838261095,0.509803922,0.04,0.758639026
CCCc1cccc(NC(=O)CS(=O)CC(=O)[O-])c1,255,0.766842427,0.278688525,0.04,0.766944845
CCCc1cccc(NC(=O)CS(=O)CC(=O)[O-])c1C(F)F,255,0.769760269,0.202898551,0.02,0.711131759
CCCCS(=O)CC(=O)Nc1cccc(C(F)(F)F)c1C=O,255,0.779260641,0.272727273,0.02,0.752568004
CCCCS(=O)CC(=O)Nc1cccc(C(F)(F)F)c1,255,0.87704934,0.481481481,0.02,0.810459157
CCCS(=O)CC(=O)Nc1cccc(C(F)(F)F)c1,255,0.907085814,0.5,0.02,0.807894723
CCCS(=O)CC(=O)Nc1nccc(C(F)(F)F)c1,255,0.905368244,0.31147541,0.1,0.771653999
CCCS(=O)CC(=O)Nc1nccc(C(F)(F)F)n1,255,0.895156256,0.230769231,0.21,0.754147815
CCCCS(=O)CC(=O)Nc1nccc(C(F)(F)F)n1,255,0.871963623,0.223880597,0.22,0.759698189
CCCCS(=O)CCC(=O)Nc1nccc(C(F)(F)F)n1,255,0.836024023,0.202898551,0.24,0.759424457
NC(O)c1cc(O)n(-c2ccc(OCc3ccccc3)cc2)c1,256,0.632982664,0.777777778,0.01,0.7970236
CC(O)c1cc(-c2ccc(OCc3cccs3)cc2)on1,256,0.772567398,0.220588235,0.05,0.804866761
CC(O)c1cc(-c2ccc(OCC3CC3)cc2)on1,256,0.895555141,0.191176471,0.04,0.809612454
CC(O)c1cc(-c2ccc3c(c2)OCCO3)n(C)c1,256,0.90086243,0.149253731,0.06,0.775512739
CC(O)c1ccc2cc(OC3CCOCC3)ccc2c1,256,0.929730178,0.169230769,0.02,0.823356348
CC(O)Cc1ccc2cc(OC3CCOCC3)ccc2c1,256,0.936756275,0.215384615,0.02,0.817466509
CC(O)C(N)c1ccc(OCc2ccco2)cc1,256,0.84980424,0.283333333,0,0.8037193
CC(O)c1ccc(OCc2ccc(OC#N)cc2)cc1,256,0.84668795,0.37037037,0,0.831455124
CC(O)c1ccc(OCc2ccc(OCCN)cc2)cc1,256,0.821432463,0.377358491,0.04,0.863448573
CC(O)c1ccc(-c2cc(OCCCCN)ccc2Cl)cc1,256,0.75273114,0.246153846,0.12,0.845469244
CC(O)c1ccc(OCc2ccc(OCCN)cc2)cc1Cl,256,0.820858453,0.379310345,0.05,0.841914406
CC(O)c1cccc(-c2ccc(OCc3ccccc3)cc2)c1,256,0.719591319,0.327586207,0.07,0.882193913
CC(N)c1cccc(-c2ccc(OCc3ccco3)cc2)c1,256,0.750659881,0.246153846,0.12,0.851183148
CC(N)c1cccc(-c2ccc(OCc3cccnc3)cc2)c1,256,0.762150677,0.276923077,0.26,0.857792535
CC(N)c1ccc(-c2cc(OCc3cccnc3)ccn2)cc1,256,0.779714189,0.235294118,0.22,0.835356255
CC(N)c1ccc(-c2cc(OCc3ccncc3)ccn2)cc1,256,0.779714189,0.26984127,0.34,0.835215956
CC(N)c1cccc(-c2ccc(OCc3ccncc3)cc2)c1,256,0.762150677,0.31147541,0.38,0.857652237
CC(N)c1cccc(-c2ccc(OCc3ccncc3)cc2)c1CO,256,0.718518939,0.272727273,0.24,0.821918966
CC(N)c1cc(-c2ccc(OCc3ccncc3)cc2)ccn1,256,0.779714189,0.295081967,0.46,0.831392765
CC(N)Cc1cc(-c2ccc(OCc3ccncc3)cc2)ccn1,256,0.753714093,0.285714286,0.48,0.831255086
CC(N)Cc1cc(-c2ccc(OCc3ccncc3)cc2)c[nH]1,256,0.731797201,0.276923077,0.52,0.799237311
CC(N)Cc1cc(-c2ccc(COc3ccncc3)cc2)c[nH]1,256,0.731797201,0.276923077,0.53,0.795321353
CC(C)Cc1cc(OCc2ccc(-c3ccncc3)cc2)c[nH]1,256,0.706340616,0.230769231,0.54,0.847391639
CC(N)Cc1cc(OCc2ccc(-c3ccncc3)cc2)c[nH]1,256,0.731797201,0.261538462,0.59,0.790119745
CCCCCc1cc(OCc2ccc(-c3ccncc3)cc2)c[nH]1,256,0.565146182,0.223880597,0.54,0.855385762
CCCCc1cc(OCc2ccc(-c3ccncc3)cc2N)c[nH]1,256,0.626012202,0.16,0.56,0.825698602
CC(N)Cc1cc(OCc2ccc(-c3ccncc3)cc2)ccn1,256,0.753714093,0.26984127,0.48,0.829149811
CC(N)c1cc(OCc2ccc(-c3ccncc3)cc2)cc(F)c1,256,0.752857476,0.285714286,0.48,0.835962829
CC(N)c1cc(OCc2ccc(-c3ccncc3)cc2F)ccn1,256,0.77380345,0.183098592,0.53,0.808300399
CC(N)c1cc(OCc2ccc(-c3ccncc3)cc2)ccc1F,256,0.752857476,0.306451613,0.41,0.839683008
CC(N)c1cc(OCc2ccc(-c3ccncc3)cc2)ccc1,256,0.762150677,0.295081967,0.5,0.858651548
CC(N)c1cc(OCc2ccc(-c3ccncc3)cc2)ccn1,256,0.779714189,0.278688525,0.48,0.828025601
CCCc1n[nH]c2c1C(c1ccc(OCCN3CCOCC3)c(OC)c1)C(C#N)=N2,257,0.720274956,0.6375,0.27,0.715795883
CCCc1n[nH]c2c1C(c1ccc(OCCC3CC3)c(OC)c1)C(C#N)=N2,257,0.75715676,0.436781609,0.31,0.710265949
CCCc1nc(C2CC2)c(C=NCCOCC)c2[nH]c(C#N)c(OC)c12,257,0.54924853,0.194174757,0.11,0.719640934
CCCc1n[nH]c2c1C(c1ccc(OCC3CC3)c(O)c1)C(C#N)=NC2,257,0.833871739,0.319148936,0.13,0.690775384
CCCc1n[nH]c2c1C(c1ccc(OCC3CC3)c(O)c1)C(C#N)=N2,257,0.842434989,0.326086957,0.3,0.692098468
CCCc1n[nH]c2c1C(c1ccc(OCC3CC3)c(Cl)c1)C(C#N)=N2,257,0.826650762,0.326086957,0.31,0.700735088
CCCc1n[nH]c2c1C(=Nc1ccc(O)cc1)C1CCOCC1=N2,257,0.908327798,0.226804124,0.26,0.668690251
CCCc1n[nH]c2c1C(=Nc1ccc(O)cc1)C1COCC1=N2,257,0.914032069,0.206185567,0.27,0.659654762
CCCc1n[nH]c2c1C(=Nc1ccc(O)cc1)C1COCC1C2,257,0.91512447,0.210526316,0.19,0.671680217
CCCc1n[nH]c2c1C(=Nc1ccc(O)cc1)C1CC1CN2C,257,0.914183226,0.208333333,0.15,0.658539863
CCCc1n[nH]c2c(C=Cc3ccc(O)cc3)c(C)nn12,257,0.771949654,0.159574468,0.12,0.795365495
CCCc1n[nH]c2c1C=CC(c1ccc(O)cc1)C(C#N)C2,257,0.908406397,0.269662921,0.25,0.677329788
CCCc1n[nH]c2c1C(c1ccc(O)cc1)CC(C)=N2,257,0.892151647,0.255813953,0.28,0.722189807
CCCc1n[nH]c2c1C=CC2c1ncc(C#N)c(N)n1,257,0.880412132,0.225806452,0.27,0.682034341
CCCc1n[nH]c2c1C(c1ccc(O)cc1)C(CN)C2,257,0.79860459,0.26744186,0.12,0.706401408
CCCc1n[nH]c2c1C(c1ccc(Cl)cc1)CC(N)=N2,257,0.906921516,0.252873563,0.26,0.724932857
CCCc1n[nH]c2c1CCC2c1nnc(N)c(CC)n1,257,0.884334236,0.184782609,0.16,0.684740684
CCCc1n[nH]c2c1CSc1ncc(C#N)c(N)c1-2,257,0.875133644,0.217391304,0.13,0.717194562
CCCc1n[nH]c2ncc(-c3ncccc3N)c(Cl)c12,257,0.77492937,0.180851064,0.31,0.780767431
CCCc1n[nH]c2ncc(-c3nccnc3N)cc12,257,0.744682071,0.191011236,0.63,0.796472946
CCCc1n[nH]c2ncc(-c3ncccc3N)cc12,257,0.751302948,0.197802198,0.56,0.807202736
CCCc1n[nH]c2ncc(-c3cccnc3)c(N)c12,257,0.751302948,0.184782609,0.37,0.801763575
CCCc1n[nH]c2ncc(-c3ccccc3)c(N)c12,257,0.751996388,0.193181818,0.32,0.828284414
CCCc1n[nH]c2ncc(-c3cccnc3)cc12,257,0.762796486,0.204545455,0.56,0.835096496
CCCc1n[nH]c2ccc(-c3cccnc3)cc12,257,0.756113799,0.193181818,0.77,0.859545553
CCCCc1n[nH]c2ccc(-c3cccnc3)cc12,257,0.761972744,0.164835165,0.77,0.859387541
Cc1ccc2c(c1)N(C(=O)CCC(=O)N1CCC(C)CC1)CC(C)O2,258,0.846264432,0.727272727,0,0.801323758
Cc1ccc2c(c1)N(C(=O)CCC(=O)N1CCC(C)CC1)CCO2,258,0.856131634,0.540983607,0,0.862480619
Cc1ccc2c(c1)N(C(=O)CCC(=O)N1CCOCC1)CC(C)O2,258,0.846026863,0.759259259,0,0.801975778
Cc1ccc2c(c1)C(CC(=O)N1CCC(=O)CC1)N(C(C)C)CCO2,258,0.845919823,0.32,0.01,0.766290132
Cc1ccc2c(c1)C(CC(=O)N1CCC(C(N)=O)CC1)OCCO2,258,0.910528239,0.342465753,0.04,0.79195994
Cc1ccc2c(c1)CN(C(=O)CCC(=O)N1CCOCC1)CCO2,258,0.838429175,0.40625,0,0.865997098
Cc1ccc2c(c1)N(C(=O)CCC(=O)N1CCOCC1)CCCO2,258,0.846051602,0.5,0,0.860427645
Cc1ccc2c(c1)N(C(=O)CCC(=O)N1CCOCC1)CCN2C,258,0.84046994,0.444444444,0,0.852768401
Cc1ccc2c(c1)N(C(=O)CCC(=O)N1CCOCC1)CCN2,258,0.915081485,0.430769231,0.03,0.848161781
Cc1ccc2c(c1)N(C(=O)CCCN1CCOCC1)CCCN2,258,0.925044282,0.324324324,0.03,0.848257311
Cc1ccc2c(c1)N(C(=O)CCCN1CCOCC1)CCN=N2,258,0.857492822,0.324324324,0,0.806904153
Cc1ccc2c(c1)N(C(=O)CCCN1CCOCC1)CCN2,258,0.922094521,0.333333333,0.03,0.851026705
Cc1ccc2c(c1)N(C(=O)CN1CCOCC1)CCCN2,258,0.895459838,0.305555556,0.05,0.852777807
Cc1ccc2c(c1)N(CC(=O)N1CCOCC1)CCN2,258,0.877238689,0.333333333,0.06,0.854139212
Cc1ccc2c(c1)N(C(=O)CN1CCOCC1)CCN2,258,0.877238689,0.314285714,0.05,0.855335233
Cc1ccc2c(c1)N(CC(=O)N1CCOCC1)CCCN2,258,0.895459838,0.323943662,0.06,0.852450695
Cc1ccc2c(c1)N(CC(=O)N1CCNCC1)CCCN2,258,0.853836153,0.295774648,0.07,0.839936193
Cc1ccc2c(c1)N(CC(=O)N1CCNCC1)CCCN2C,258,0.886993761,0.295774648,0.03,0.846621458
Cc1ccc2c(c1)N(CC(=O)N1CCNCC1)CCN2,258,0.831570479,0.304347826,0.07,0.840977408
Cc1ccc2c(c1)N(CC(=O)N1CCC(N)CC1)CCN2,258,0.857602826,0.323943662,0.12,0.840462675
COc1ccc(CNC(=O)C2CCN(S(=O)(=O)c3ccc4c(c3)CC(C)N4C(=O)C3CC3)C2)cc1,259,0.634686952,0.921875,0,0.768258921
COc1ccc(CNC(=O)C2CCN(S(=O)(=O)C3CC(C)N4CCC4C3)CC2)cc1,259,0.739249128,0.52,0,0.724153867
COc1ccc(CNC(=O)C2CCN(C(=O)C3CC(F)N4CCCC34)CC2)cc1,259,0.76691611,0.425,0.02,0.728694524
COc1ccc(NC(=O)C2CCN(C(=O)C3CC(F)CN3C3CC3)CC2)cc1,259,0.84039149,0.305882353,0.03,0.769015885
COc1ccc(NC(=O)C2CCN(C(=O)C3CC(F)CN3)CC2)cc1F,259,0.85009935,0.239130435,0.02,0.768509529
COc1cc(F)cc(CNC(=O)C2CCN(C(=O)C3CC3)CC2)c1,259,0.897031358,0.432432432,0.01,0.888808423
COc1cc(F)cc(NC(=O)C2CCN(C(=N)C3CC3)CC2)c1,259,0.66232815,0.280487805,0.02,0.854416094
COc1cc(F)cc(NC(=O)C2CCN(C(=N)N)CC2)c1,259,0.579903815,0.265060241,0.02,0.874905115
COc1cc(F)cc(CNC(=O)C2CCN(CC3CC3)CC2)c1,259,0.87577918,0.371794872,0,0.886437277
COc1cc(F)cc(NC(=O)C2CCN(CC3CC3)CC2)c1,259,0.909249775,0.280487805,0,0.890917035
COc1cc(C)cc(NC(=O)C2CCN(CC3CC3)CC2)c1,259,0.908643087,0.283950617,0.01,0.895754008
COc1cc(CNC(=O)C2CCN(CC3CC3)C(C)C2)ccn1,259,0.873917219,0.345238095,0.04,0.766555427
COc1cc(CNC(=O)C2CCN(CC3CC3)C(CN)C2)ccn1,259,0.782971433,0.318181818,0.11,0.752386851
COc1cc(CNC(=O)C2CCN(CC3CC3)CC2)ccn1,259,0.870912396,0.35,0.04,0.877460531
COc1cc(CNC(=O)C2CCN(CCN)CC2)ccn1,259,0.79197031,0.345679012,0.06,0.874884213
COc1cc(CNC(=O)C2CCN(CC(C)N)CC2)ccn1,259,0.811088992,0.337349398,0.05,0.816820361
COc1cc(CNC(=O)C2CCN(CC3(C)CN3)CC2)ccn1,259,0.758198595,0.329411765,0.03,0.782900828
COc1cc(CNC(=O)C2CCN(CC3(CN)CC3)CC2)ccn1,259,0.783014018,0.325581395,0.09,0.840675867
Cc1cc(CNC(=O)C2CCN(C(C)CN)CC2)ccn1,259,0.850608714,0.301204819,0.11,0.81527201
Cc1cc(CNC(=O)C2CCN(CC3(N)CC3)CC2)ccn1,259,0.857457644,0.297619048,0.08,0.843156738
Cc1cc(CNC(=O)C2CCC(CN)CC2)ccn1,259,0.867670423,0.291139241,0.1,0.87087177
Cc1ccc(CNC(=O)C2CCC(CN)CC2)cn1,259,0.867670423,0.315789474,0.14,0.879548123
Cc1ccc(CNC(=O)C2CCC(CN=CN)CC2)cn1,259,0.640152194,0.296296296,0.08,0.820840111
Cc1ccc(CNC(=O)C2CCC(CCN)CC2)cn1,259,0.864992205,0.307692308,0.14,0.874824381
Cc1ccc(CNC(=O)C2CCC(CCNCN)CC2)cn1,259,0.529044072,0.308641975,0.14,0.845188003
CCOC(=O)Cc1csc(NC(=O)C2CCCCC2C(=O)O)n1,260,0.768128831,1,0.01,0.781751766
CCOC(=O)Cc1csc(NC(=O)C2CCCCC2N)n1,260,0.807225588,0.784313725,0.07,0.777279092
CCOC(=O)Cc1csc(NC(=O)C2CCCCC2)n1,260,0.848327986,0.74,0,0.885152586
CCOCc1csc(NC(=O)C2CCCCC2CN)n1,260,0.844879401,0.542372881,0.08,0.764590612
CCOCc1csc(NC(=O)C2CCCCC2N)n1,260,0.86759025,0.561403509,0.07,0.768671919
CCOCc1csc(NC(=O)C2CCCCC2)n1,260,0.891854028,0.517857143,0,0.87890943
CCCCc1csc(NC(=O)C2CCCCC2)n1,260,0.874749923,0.473684211,0.01,0.889191679
CCc1csc(NC(=O)C2CCCCC2C)n1,260,0.894645173,0.566037736,0.01,0.781073841
CCCc1csc(NC(=O)C2CCCCC2N)n1,260,0.880605432,0.535714286,0.07,0.777123221
CCCc1csc(NC(=O)C2CCCCC2N)c1,260,0.879236145,0.34375,0.04,0.744931668
CCCc1csc(NC(=O)C2CCCCC2CN)n1,260,0.871727697,0.517241379,0.08,0.772727189
CCCc1csc(NC(=O)C2CCCCC2CCN)n1,260,0.846594875,0.5,0.1,0.76091045
COCc1csc(NC(=O)C2CCCCC2CN)n1,260,0.866096658,0.508474576,0.07,0.769213799
COCc1csc(NC(=O)C2CCCCC2CCN)n1,260,0.844879401,0.491803279,0.09,0.757581975
CCCc1csc(NC(=O)C2CCCCC2CCCN)n1,260,0.808644205,0.508196721,0.1,0.764788123
CCCc1cncc(NC(=O)C2CCCCC2CCN)n1,260,0.843248025,0.31884058,0.18,0.742465302
CCCc1cncc(NC(=O)C2CCCCC2CCCN)n1,260,0.811291225,0.328571429,0.18,0.746701949
CCCc1cncc(NC(=O)C2CCCCC2CCCCN)n1,260,0.720602393,0.305555556,0.18,0.749084852
CCCc1cncc(NC(=O)C2CCCCC2CN)c1C#N,260,0.873956097,0.273972603,0.18,0.731168852
CCCc1cncc(NC(=O)C2CCCCC2CN)n1,260,0.862958468,0.328358209,0.18,0.753055119
CCCCc1cncc(NC(=O)C2CCCCC2CN)n1,260,0.843248025,0.31884058,0.18,0.754872738
CCCCc1cncc(NC(=O)C2CCCCCC2CN)n1,260,0.791800552,0.314285714,0.18,0.756449935
CCCCc1cnc(NC(=O)C2CCCCC2CN)nc1,260,0.843248025,0.294117647,0.18,0.771397866
CCCCc1ccnc(NC(=O)C2CCCCC2CN)n1,260,0.843248025,0.31884058,0.2,0.763420174
CCOCc1ccnc(NC(=O)C2CCCCC2CN)n1,260,0.8328207,0.352941176,0.22,0.75321402
Cc1cccc2sc(NC(=O)C(C)n3c(O)c4c(c3O)CC=CC4)nc12,261,0.614845686,1,0.02,0.727183421
Cc1cccc2sc(NC(=O)C(C)n3c(O)c4ccccc4c3)nc12,261,0.572343977,0.616666667,0.01,0.784088067
Cc1ccc2sc(NC(=O)C(C)n3cc(O)c4c3CC=C4)nc2c1,261,0.760790856,0.416666667,0.04,0.734025099
Cc1ccc2sc(NC(=O)C(C)n3cc4c(c3)CC=C4)nc2c1O,261,0.760790856,0.485294118,0.02,0.712969443
Cc1ccc2sc(NC(=O)C(C)n3cccc3CO)nc2c1C,261,0.770657372,0.447761194,0.01,0.776464363
Cc1ccc2oc(NC(=O)C(C)n3cccc3)c(CO)c2c1C,261,0.774002806,0.246575342,0.01,0.746170613
Cc1ccc2oc(NC(=O)C(C)n3cccc3)c(CN)c2c1C,261,0.77410595,0.260273973,0.1,0.74394321
Cc1ccc(NC(=O)C(C)n2oc3c2CCCC3)c(C)c1C,261,0.927910884,0.267605634,0.02,0.752625759
Cc1ccc(NC(=O)C(C)n2oc3c2CCCC3)c(C)c1,261,0.933112422,0.267605634,0.02,0.768306952
Cc1csc(NC(=O)C(C)n2ncc3c2CCCC3)c1C,261,0.940707308,0.256756757,0.03,0.744370576
Cc1csc(NC(=O)C(C)n2ncc3c2CCC3)c1C,261,0.942516734,0.256756757,0.03,0.741148362
Cc1nsc(NC(=O)C(C)n2cccc2)c1C1CC1,261,0.929987069,0.275362319,0,0.739069418
Cc1nsc(NC(=O)C(C)n2cccc2)c1CN,261,0.885631122,0.260869565,0.09,0.729841466
Cc1csc(NC(=O)C(C)n2cccc2)c1CN,261,0.890096706,0.264705882,0.06,0.745591928
Cc1nc(NC(=O)C(C)n2cccc2)c(C)cc1N,261,0.886685091,0.292307692,0.04,0.763455496
Cc1nc(NC(=O)C(C)n2cccc2)ccc1CN,261,0.878630142,0.279411765,0.12,0.777529796
Cc1nc(NC(=O)C(C)n2cccc2)ccc1N,261,0.866582811,0.292307692,0.13,0.778340851
Cc1nc(NC(=O)C(C)n2cccn2)ccc1N,261,0.854674628,0.271428571,0.18,0.784841466
Cc1nc(NC(=O)C(C)n2cc(N)cn2)ccc1F,261,0.878418075,0.246575342,0.21,0.779634194
Cc1nc(NC(=O)C(C)n2cc(C#N)cn2)ccc1N,261,0.871475802,0.236842105,0.27,0.756543452
Cc1nc(NC(=O)C(C)n2cc(N)cn2)ccc1C#N,261,0.871475802,0.253333333,0.2,0.768972263
Cc1nc(NC(=O)C(C)n2cc(C#N)cn2)cnc1N,261,0.843826861,0.220779221,0.31,0.742674361
Cc1nc(NC(=O)C(C)n2cc(N)cn2)cnc1Cl,261,0.885664206,0.22972973,0.26,0.751903721
Cc1nc(NC(=O)C(C)n2cccn2)cnc1N,261,0.832706242,0.25,0.28,0.769585466
CCc1cc(C(=O)N(Cc2ccccc2)C2C(=O)N(CC)C(=O)NC2O)sc1C,262,0.758659103,0.527027027,0.04,0.716408491
CCc1cc(C(=O)N(Cc2ccccc2)C2C(=O)N(C)NC2OC)on1,262,0.834748994,0.373493976,0.07,0.700626916
CCc1cc(C(=O)N(Cc2ccccc2)C2C(=O)N(C)N2)n(CC)n1,262,0.862400316,0.329268293,0,0.746090132
CCc1cc(C(=O)N(Cc2ccccc2)C2CCC2)c(=O)[nH]c1C,262,0.915754496,0.346153846,0.02,0.863261236
CCc1cc(C(=O)N(Cc2ccoc2)C2CCC2)n(C)n1,262,0.849357462,0.227272727,0,0.817629689
CCc1cc(C(=O)N(Cc2ccsc2)C2CCC2)n(C)n1,262,0.85023075,0.24137931,0.01,0.828370497
CCN(Cc1ccccc1)C(=O)C1Cc2nc(N)sc2N1,262,0.90718827,0.244186047,0.09,0.756106265
CCN(Cc1ccncc1)C(=O)C1Cc2cc(C)nn2C1,262,0.86008284,0.191011236,0.08,0.74739447
CCN(Cc1ccncc1)C(=O)C1Cc2nc(C)nn2C1,262,0.846558848,0.204545455,0.11,0.753887034
CCN(Cc1ccncc1)C(=O)c1cc(CC)nn1C,262,0.836635294,0.219512195,0.07,0.852537866
CCNCC(=O)N(Cc1ccccc1)Cc1cc(C)nn1C,262,0.84902863,0.253012048,0.006666667,0.863477085
CCN(Cc1ccccc1)C(=O)c1cc(C)nn1CC(F)F,262,0.822169469,0.256097561,0.01,0.851250803
CCN(Cc1ccccc1)C(=O)c1nc2cc(C)ncn2n1,262,0.739135968,0.283950617,0.04,0.843851495
CCN(Cc1ccccc1)C(=O)c1cc2c(C)nn(C)c2[nH]1,262,0.80459198,0.280487805,0.03,0.837221502
CCN(Cc1ccccc1)C(=O)c1cc(C(F)F)nc(NC)c1O,262,0.84874983,0.215909091,0.02,0.82995059
CCN(Cc1ccccc1)C(=O)c1cc(C(F)F)nn1CC(N)=O,262,0.839152242,0.235294118,0.01,0.837124716
C(=O)N(Cc1ccccc1)C(=O)c1cc(C(F)F)nn1CCN,262,0.784798739,0.220930233,0.07,0.790782921
CCN(Cc1ccccc1)C(=O)c1cc(C(C)=O)c(N)[nH]1,262,0.828152086,0.25,0.01,0.851049677
CCN(Cc1ccccc1)C(=O)c1cc(C)nc(N)c1NC,262,0.889991789,0.253012048,0.08,0.860080815
CCN(Cc1ccccc1)C(=O)c1cc(N)nn1CC(C)C,262,0.891880357,0.240963855,0.04,0.849199857
CCN(Cc1ccccc1)C(=O)c1cc(N)nn1CC(C)=O,262,0.880360559,0.243902439,0.04,0.84050881
CCN(Cc1ccccc1)C(=O)c1cc(N)nc2[nH]cnc12,262,0.772059819,0.23255814,0.15,0.831419749
CCN(Cc1ccccc1)C(=O)c1cc(N)c2[nH]cnc2c1,262,0.726506259,0.238095238,0.1,0.853299114
CCN(Cc1ccncc1)C(=O)c1cc2c(N)n[nH]c2s1,262,0.773433965,0.235294118,0.34,0.80133729
CCN(Cc1ccccc1)C(=O)c1cc2c(N)n[nH]c2cc1CC,262,0.756008634,0.265060241,0.28,0.851363876
CCN(Cc1ccncc1)C(=O)c1cc2c(N)nsc2[nH]1,262,0.773433965,0.191011236,0.23,0.784741649
CCN(Cc1ccncc1)Cc1cc2c(N)n[nH]c2cc1CC,262,0.733675398,0.186046512,0.41,0.824001874
CCN(Cc1ccncc1)Cc1cc2c(N)n[nH]c2cc1CC=O,262,0.651442181,0.177777778,0.39,0.798115493
CCn1c(Cc2ccccc2)nc2cc(C(=O)NNN)ccc21,262,0.495051096,0.191011236,0.02,0.861452224
CCN(Cc1ccccc1)Cc1cc2c(N)n[nH]c2cc1CC=O,262,0.655912319,0.223529412,0.32,0.820559417
CCN(Cc1ccccc1)Cc1cc2c(N)nncc2cc1OC,262,0.754552409,0.206896552,0.11,0.848810476
CCN(Cc1ccccc1)Cc1cc2c(N)n[nH]c2cc1OC,262,0.733610535,0.226190476,0.34,0.860690919
CCN(Cc1ccccc1)Cc1cc2cn[nH]c2cc1N,262,0.705749168,0.202380952,0.21,0.857711729
CCN(Cc1ccccc1)Cc1cc2cnccc2[nH]c1=O,262,0.786564594,0.226190476,0.22,0.877859638
CCN(Cc1ccccc1)Cc1cc2c(N)ccnc2[nH]c1=O,262,0.759271979,0.223529412,0.27,0.855904905
CCN(Cc1ccccc1)Cc1cc2c(N)nccc2[nH]c1=O,262,0.759271979,0.223529412,0.2,0.866693949
CCN(Cc1ccccc1)Cc1cc2c(N)n[nH]c2nc1C1CC1,262,0.729392996,0.204545455,0.4,0.818002672
CCN(Cc1ccccc1)Cc1cc2c(N)n[nH]c2cnc1=O,262,0.751558516,0.223529412,0.41,0.823802574
CCN(Cc1ccccc1)Cc1cc2c(N)n[nH]c2cc1C(C)=O,262,0.682340855,0.235294118,0.29,0.843217496
CCN(Cc1ccccc1)Cc1cc2c(N)n[nH]c2c(CC(C)C)n1,262,0.688464858,0.177777778,0.3,0.811173505
CCN(Cc1ccccc1)Cc1cc2c(N)n[nH]c2c(C)nc1=O,262,0.751552231,0.238095238,0.26,0.813384238
CCN(Cc1ccccc1)Cc1cc2c(N)n[nH]c2c(C)n1,262,0.759023514,0.202380952,0.31,0.826169688
CN(Cc1ccccc1)Cc1cc2c(N)n[nH]c2c(CO)n1,262,0.666062373,0.197674419,0.326666667,0.813219505
CN(Cc1ccccc1)Cc1cc2c(N)n[nH]c2cc1CO,262,0.674686416,0.204819277,0.386666667,0.846215353
CCN(Cc1ccccc1)Cc1cc2c(N)n[nH]c2cc1C,262,0.757198821,0.2375,0.31,0.858759676
CCN(Cc1ccccc1)Cc1cc2c(N)n[nH]c2cn1,262,0.753728806,0.188235294,0.45,0.843073393
CCCCN1C(=S)NCC1Cc1ccc(O)cc1,263,0.799990797,1,0.03,0.786741183
CCCN1C(=S)NCC1Cc1ccc(O)cc1,263,0.800197225,0.846153846,0.04,0.779868329
CCCN1C(=S)NCC1CCc1ccc(O)cc1,263,0.799990797,0.659090909,0.06,0.781825647
CCCCN1C(=S)NCC1c1ccc(O)cc1,263,0.804558622,0.636363636,0.03,0.784842688
CCCCN1C(=S)NCC1c1ccc(O)c(OC)c1,263,0.811131073,0.454545455,0.06,0.781048228
CCCCN1C(=S)NCCC1c1ccc(O)cc1,263,0.819807933,0.5625,0.03,0.781025949
CCCCN1C(=O)NCC1c1ccc(O)cc1,263,0.839207497,0.5,0.01,0.805341406
CCCCN1C(=S)NCC1(C)c1ccc(O)cc1,263,0.819498337,0.450980392,0.05,0.740509774
CCCCN1C(=S)NN=C1C=Cc1ccc(O)cc1,263,0.819451383,0.357142857,0.08,0.820888579
CCCCN1C(=S)NN=C1Cc1ccc(O)cc1,263,0.815217008,0.423076923,0.07,0.860838105
CCCCN1C(=S)NN=C1c1ccc(O)cc1,263,0.818529187,0.384615385,0.21,0.8746082
CCCCc1nnc(SCC(=O)Nc2nnc(C(C)C)s2)[nH]1,264,0.717331691,1,0.01,0.799061948
CCCc1nnc(SCC(=O)Nc2ncc(C(C)C)s2)[nH]1,264,0.764391803,0.603448276,0.08,0.789347812
CCCc1nnc(SCC(=O)Nc2ncc(C)s2)[nH]1,264,0.798991713,0.551724138,0.08,0.798050972
CCc1nnc(SCC(=O)Nc2ncc(CC)s2)[nH]1,264,0.797903993,0.5,0.06,0.791303964
CCc1cnc(OCC(=O)Nc2ncc(CC)s2)[nH]1,264,0.847914204,0.260869565,0.08,0.795068636
CCc1cnc(OCC(=O)Nc2ncc(C(C)C)s2)[nH]1,264,0.857791663,0.304347826,0.08,0.788728251
CCc1cnc(OCC(=O)Nc2ncc(C(C)C)[nH]2)s1,264,0.857791663,0.25,0.03,0.781456822
CCc1nc(OCC(=O)Nc2ncc(F)s2)c(C(C)C)[nH]1,264,0.859213942,0.287671233,0.09,0.778002462
CCc1nc(OCC(=O)Nc2ncc(F)cn2)c(C(C)C)[nH]1,264,0.851631383,0.22972973,0.1,0.793061395
CCc1nc(C(F)F)c(OCC(=O)Nc2ncc(CC)s2)[nH]1,264,0.817823521,0.253333333,0.12,0.763967574
CCCCc1nc(C(F)F)c(CCC(=O)Nc2ncc(C)s2)[nH]1,264,0.76082854,0.347222222,0.23,0.785670421
CCCCc1nc(C(F)F)c(CCC)n1CC(=O)Nc1nccs1,264,0.73201061,0.25974026,0.02,0.801004519
CCCCCC(=O)Nc1nc(C(C)C)ncc1Cc1ncc(F)s1,264,0.720622362,0.246753247,0.08,0.794779261
CCCCCc1nc(C)c(CCC)n1CC(=O)Nc1ncc(F)s1,264,0.690952556,0.246753247,0.11,0.807154921
CC=CN=C(C)SCC(=O)Nc1ncc(Cc2ncc(F)s2)[nH]1,264,0.61689513,0.219512195,0.06,0.683811715
CCCCCC(=O)Nc1nc(F)c(C)n1Cc1ncc(CC)s1,264,0.742288087,0.2,0.07,0.788475709
CCCCc1nc2c(s1)C(C(=O)Nc1ncc(C)[nH]1)C(C)C2,264,0.886975657,0.240506329,0.1,0.685103344
CCCCc1nc2c(s1)C(C(=O)Nc1ncc(F)[nH]1)C(C)C2,264,0.887363656,0.2375,0.11,0.655847512
CCCCc1nc(N)c(C(=O)Nc2ncc(CC(C)C)s2)[nH]1,264,0.729003055,0.333333333,0.19,0.799509567
CCCCc1nc(N)c(C(=O)Nc2ncc(CC)s2)[nH]1,264,0.762305097,0.314285714,0.24,0.805097757
CCCCc1nc(N)c(C(=O)Nc2ncc(C)[nH]2)s1,264,0.78227721,0.263888889,0.13,0.798392175
CCCCc1nc(C)c(C(=O)Nc2ncc(F)s2)[nH]1,264,0.885431983,0.31884058,0.14,0.790826428
CCCCc1nc(N)c(C(=O)Nc2ncc(F)s2)[nH]1,264,0.783145924,0.314285714,0.16,0.787519026
CCCCc1nc(N)c(C(=O)Nc2ncc(C)s2)[nH]1,264,0.78227721,0.31884058,0.16,0.807980564
CCCCc1nc(N)c(C(=O)Nc2ncc(CCC)s2)[nH]1,264,0.73221873,0.314285714,0.2,0.805122257
CC(NC(O)c1cc(O)n(-c2ccc3c(c2)OCCO3)c1)C(=O)N1CCCC1,265,0.673913633,0.980769231,0,0.70788961
CC(NC(O)c1cc(O)n(-c2ccccc2)c1)C(=O)N1CCCCO1,265,0.718301283,0.569230769,0.01,0.682407072
CC(NC(O)c1cc(O)cc(-n2cccc2)c1)C(=O)N1CCCCC1,265,0.727263098,0.476923077,0,0.733295479
CC(N1CC(O)c2cc(-c3ccoc3)ccc21)C(=O)N1CCCC1,265,0.942183578,0.25,0.1,0.734060941
CC(N1CCN(O)c2cc(-c3ccoc3)ccc21)N1CCCCC1,265,0.928814595,0.1875,0.07,0.731655306
CC(Nn1cc(N)c(-c2ccc3c(c2)OCC3)c1)C(=O)N(C)C,265,0.900665821,0.259259259,0.19,0.720665806
CC(N1CCNC(=O)c2cc(-c3ccoc3)ccc21)N(C)O,265,0.850353512,0.149425287,0.31,0.718180411
CC(N1CCN(C)C1=O)c1cc(-c2ccccc2)cc(N)n1,265,0.946988555,0.148148148,0.04,0.773327061
CC(N1CCN(C)C1=O)c1cc(O)cc(N2CCCC2)c1,265,0.929332015,0.232876712,0.01,0.771261059
CC(N)c1cc(N)cc(-c2ccc3c(c2)OCCN3C)c1,265,0.83184179,0.256756757,0.08,0.78880969
CC(CC1(C)OCCO1)c1ccc(N2CCCC2)cc1N,265,0.865540244,0.243243243,0.11,0.752892162
CC(N)c1cc(-c2ccc3c(c2)CCO3)cc(N)n1,265,0.863018498,0.213333333,0.09,0.783347212
CC(C)(C)c1cc(N2CCCC2)cc(N)c1OCO,265,0.650279783,0.157894737,0.05,0.826741472
CC(Nc1cc(N)ccc1N1CCCC1)c1ccnn1C,265,0.84810485,0.189873418,0.09,0.790421137
CC(Nc1cc(N)ccc1N1CCOC1)c1ccn(C)c1,265,0.848256209,0.182926829,0.06,0.742022675
CC(Nc1cc(C)c(N2CCOC2)cc1)c1ccn(C)n1,265,0.938130108,0.152941176,0,0.766160368
CC(Nc1cc(N)c(N2CCOC2)cc1)c1ccn(C)n1,265,0.841506191,0.151162791,0.02,0.752913188
CC(Nc1cc(Cl)c2ccc(=O)n(C)c2c1)C1CCCO1,265,0.946937396,0.178571429,0.03,0.748576875
CC(Nc1cc(N)c2ccc(=O)n(C)c2c1)C1CCCO1,265,0.848259067,0.178571429,0.1,0.738204255
CC(Nc1ccc(N)c2ccc(=O)n(C)c12)C1CCCCO1,265,0.854648963,0.164705882,0.07,0.727715006
CC(Nc1ccc2c(c1)OCCC2(C)C)c1ccc(N)nc1,265,0.901808327,0.180722892,0.08,0.781097532
CC(Nc1ccc2c(c1)OCCC2C)c1ccc(=O)n(C)c1,265,0.943609684,0.222222222,0.02,0.74441054
CC(N)(CO)c1ccc(-c2ccc3c(c2)OCCN3C)cc1,265,0.913006206,0.194805195,0.09,0.799930783
CC(Nc1ccc2c(c1)OCCC2C)c1ccc(N)c(=O)n1C,265,0.913640526,0.202380952,0.04,0.718734939
CC(N)(CO)c1ccc(-c2ccc3c(c2)OCCN3C)cc1N,265,0.754075897,0.172839506,0.12,0.7674497
CC(Nc1ccc2c(c1)OCCC2=O)c1ccc2c(c1)CCN2C,265,0.932653004,0.2625,0.01,0.795737857
CNc1ccc(-c2ccc3c(c2)OCCN3C)cc1C(=O)C(C)C,265,0.861174624,0.243589744,0.07,0.837929893
CC(Nc1ccc2c(c1)CCCO2)c1ccc(N)c(=O)n1C(C)C,265,0.901438196,0.219512195,0.06,0.762544796
CC(C)(C)c1ccc(-c2cn(COC3CCOC3)c(=O)cc2N)cc1,265,0.926731031,0.134831461,0.09,0.758397604
CC(C)(C)c1ccc(-c2ccc3c(c2)OCCC3=O)c(N)n1,265,0.872989191,0.17721519,0.12,0.832436175
CC(C)c1ccc(-c2ccc3c(c2)OCCC3=O)c2nc(N)cn12,265,0.781582398,0.222222222,0.12,0.789061614
Cn1cc(-c2ccc3c(c2)OCCO3)c(N)c2c(=O)c(F)ccc1-2,265,0.746449101,0.227848101,0.24,0.801850302
Cn1cc(-c2ccc3c(c2)OCCO3)c(N)c2ccc(=O)cc12,265,0.749899436,0.256756757,0.13,0.807755488
Cn1cc(-c2ccc3c(c2)OCCN3C)c(=O)c2c1CCCC2,265,0.81213197,0.2,0.1,0.806656187
Cn1cc(-c2ccc3c(c2)OCCN3C)c(=O)c2c1CCC2,265,0.810082957,0.2,0.09,0.805275183
Cn1cc(-c2ccc3c(c2)CCO3)c(N)c2c(=O)n(C)cc1-2,265,0.746777201,0.185185185,0.22,0.788668152
Cn1cc(-c2ccc3c(c2)CCO3)c(N)c1C(=O)NC(C)C,265,0.913752065,0.265822785,0.18,0.816955468
CNC(=O)c1cc(-c2ccc3c(c2)CCO3)cnc1N(C)C,265,0.942511921,0.195121951,0.17,0.844538127
CNC(=O)c1cc(-c2ccc3c(c2)CCO3)cn2cc(N)nc12,265,0.757107,0.219512195,0.13,0.81133008
Cn1cc(-c2ccc3c(c2)OCCO3)c2cc(N)c(=O)[nH]c21,265,0.718299231,0.233766234,0.23,0.8080913
CNC(=O)c1cc(-c2ccc3c(c2)CCO3)c2c(c1)NCCC2,265,0.896466018,0.202380952,0.26,0.83356087
Cn1cc(-c2ccc3c(c2)OCCO3)c2c(N)ncnc21,265,0.738407321,0.223684211,0.64,0.843168728
Cn1cc(-c2ccc3c(c2)CCCO3)c2c(N)ncnc21,265,0.743602722,0.180722892,0.62,0.835640607
Cn1cc(-c2ccc3c(c2)NC(=O)C3)c2c(N)ncnc21,265,0.709752,0.101123596,0.56,0.819952931
CCCn1cc(-c2ccc3c(c2)OCCO3)c2c(N)ncnc21,265,0.804816379,0.209876543,0.6,0.839199905
CCn1cc(-c2ccc3c(c2)OCCO3)c2c(N)ncnc21,265,0.785955785,0.215189873,0.58,0.841156513
O=C(CCn1c(O)c2c(c1O)C1C=CC2C1)NC1CCCc2ccccc21,266,0.725525637,1,0,0.618256082
O=C(CCn1c(O)c2c(c1O)CC1C=CC2C1)c1ccccc1,266,0.672000554,0.444444444,0.01,0.633191605
O=C(CCCn1c(O)c2c(c1O)CC1CCCC21)c1ccccc1,266,0.816763959,0.309859155,0,0.741417017
CC(CC(=O)NC1CCCc2ccccc21)Cn1nccc1O,266,0.89172272,0.455882353,0.04,0.740450586
CC(CC(=O)NC1CCCc2ccccc21)Cn1cccc1O,266,0.888660727,0.46969697,0.04,0.743665038
O=C(CC1(O)CCCC1)NC1CCCc2c1[nH]c1ccccc21,266,0.813441883,0.287671233,0.02,0.777211134
O=C(CC1(O)CCCc2ccccc21)Nn1cccn1,266,0.890076599,0.246575342,0.04,0.740615764
O=C(CC1CCCc2c(O)cccc21)Nn1cccc1,266,0.900720639,0.298507463,0.01,0.754197727
O=C(CC1CCCc2c(O)cccc21)Nn1cccn1,266,0.898674169,0.281690141,0.04,0.748990035
O=C(CCn1cccc1)NC1CCCc2c(O)cccc21,266,0.906765822,0.467741935,0,0.794777732
O=C(Cn1cccc1)NC1CCCc2c(O)cccc21,266,0.899429319,0.390625,0.01,0.794117886
O=C(Cn1cccc1)NC1CCCc2ccccc2C1O,266,0.847534562,0.390625,0,0.76885373
O=C(CCn1ccccc1=O)NC1CCCc2ccccc21,266,0.941823222,0.586206897,0,0.830225936
O=C(Cn1ccccc1=O)NC1CCCc2ccccc21,266,0.936331492,0.5,0,0.835325273
O=C(Cn1cccn1)NC1CCCc2ccccc21,266,0.91238376,0.491803279,0,0.828592816
O=C(Cn1ccccc1=O)NC1CCCc2cccnc21,266,0.926680245,0.357142857,0.02,0.80356487
O=C(Cn1cccn1)NC1CCCc2ccccc2C1,266,0.86569991,0.31884058,0.01,0.825659616
O=C(Cn1cncn1)NC1CCCc2ccccc21,266,0.904340174,0.483870968,0.01,0.820911223
O=C(CCn1cncn1)NC1CCCc2ccccc21,266,0.922187592,0.566666667,0.02,0.8184956
O=C(CCn1cncn1)NC1CCCc2cccnc21,266,0.908195712,0.405797101,0.06,0.785658573
O=C(CCCn1cncn1)NC1CCCc2cccnc21,266,0.90623913,0.375,0.06,0.785063519
O=C(NCC1CCCC(CNC(=O)N2CCc3ccccc32)C1)N1CCc2ccccc21,267,0.75499947,1,0,0.755755809
O=C(NCC1CCCC(C(=O)N2CCc3ccccc32)C1)N1CCCC1,267,0.905251116,0.705882353,0,0.780564326
O=C(NCC1CCCC(C(=O)NC2CCc3ccccc32)C1)N1CCC1,267,0.872075556,0.483333333,0.03,0.75681628
O=C(NCC1CCCN1C(=O)NC1CCc2ccccc21)C1CCC1,267,0.884505595,0.365079365,0,0.782980567
O=C(NCC1CCC(=O)NCCN2c3ccccc3CC12)C1CCC1,267,0.882128242,0.358208955,0.01,0.708407363
O=C(NCC1CCc2ccccc2N1)C1(C(=O)NCC2CC2)CCC1,267,0.69505422,0.338709677,0.04,0.768725987
O=C(NCC1CCc2ccccc2N1)C1(C(F)F)CCN2CCCC2C1,267,0.86427935,0.287671233,0.03,0.681182229
O=C(NCC1CCc2ccccc21)N1CCc2cnccc2C1F,267,0.860805217,0.353846154,0.05,0.720847639
O=C(NCC1CCc2ccccc21)N1CCc2cnccc2C1,267,0.927022947,0.359375,0.05,0.792362836
O=C(NCC1CCc2ccccc21)N1CCNc2ccncc2CC1,267,0.886541657,0.338235294,0.11,0.778106116
O=C(NCC1CCc2ccncc21)N1CCc2ccccc2NCC1,267,0.886541657,0.338235294,0.13,0.777144578
O=C(NCC1CCc2cnccc21)N1CCc2ccccc2NC1,267,0.8937095,0.343283582,0.12,0.757516792
O=C(NCc1c[nH]c2ccncc12)N1CCc2ccccc2C1,267,0.764568027,0.275362319,0.16,0.855574465
O=C(NCc1c[nH]c2ccncc12)N1CCc2ccccc2NC1,267,0.679316807,0.263888889,0.21,0.819509922
O=C(NCc1c[nH]c2ccncc12)N1CCc2ccccc2N1,267,0.68127533,0.267605634,0.24,0.804661569
O=C(NCc1c[nH]c2ccncc12)N1CCc2cccnc21,267,0.760627426,0.304347826,0.18,0.825439127
O=C(NCc1c[nH]c2ncccc12)N1CCc2ccncc2C1,267,0.762190607,0.236111111,0.37,0.833620166
O=C(NCc1c[nH]c2ncccc12)N1CCc2ccccc21,267,0.762690424,0.457627119,0.37,0.86211321
O=C(NCc1c[nH]c2ncccc12)N1CCc2ccncc21,267,0.760627426,0.353846154,0.38,0.828304216
O=C(NCc1c[nH]c2ncccc12)N1CCc2ccccc2CC1,267,0.762544316,0.296875,0.37,0.865665285
O=C(NCc1c[nH]c2ncccc12)N1CCc2ccc(F)cc21,267,0.764219417,0.338235294,0.38,0.846922523
O=C(NCc1c[nH]c2ncccc12)N1CCc2ccc(F)cc2CC1,267,0.754464901,0.232876712,0.41,0.853456267
O=C(NCc1c[nH]c2ncccc12)N1c2ccc(F)cc2CCC1Cl,267,0.538326588,0.230769231,0.44,0.760649735
O=C(NCc1c[nH]c2ncccc12)N1c2ncc(Cl)cc2CCC1C,267,0.736274648,0.2125,0.37,0.757091829
O=C1N=C2C(C(=O)NC2=O)N(c2ccccc2F)C(C(F)(F)F)(C(F)F)N1,268,0.585380423,0.442622951,0.11,0.636276324
O=C1N=C2C(=C(C(=O)N1)NCC2)c1cccc(Br)c1C(F)(F)C(F)(F)F,268,0.70715737,0.155844156,0.21,0.66935421
O=C1N=C2NC(=O)N=C(N2)C1c1ccccc1C(F)(F)C(F)(F)F,268,0.804131366,0.246153846,0.1,0.595108181
CC1=C2C(=NC(=O)NC2c2ccccc2Br)N(CC(F)(F)F)CC1,268,0.806406832,0.22972973,0.05,0.713746674
CC1=C2C(=NC(=O)NC2=O)N(c2ccccc2C(F)(F)F)CC1,268,0.864275062,0.264705882,0.23,0.784857974
CC(C)=C1NC(=O)N=C2C1=C(N)N2c1ccccc1C(F)(F)F,268,0.825987641,0.228571429,0.14,0.749681354
O=C1N=C2NC(=O)C(CC(F)(F)F)=C2C(c2ccccc2Cl)=N1,268,0.897764533,0.2,0.28,0.747593749
O=C1N=C2NC(=O)C(CC(F)F)=C2C(c2ccccc2Cl)=N1,268,0.928722335,0.166666667,0.28,0.738660891
O=c1cc2c(c(CC(F)(F)F)c(-c3ccccc3)n1)NCC=N2,268,0.923461626,0.164383562,0.16,0.761401537
CC(C)c1c(-c2ccccc2)[nH]c(=O)c2c1ncn2CC(F)F,268,0.795908464,0.162162162,0.14,0.803971382
CC(CCc1ccccc1)Nc1sc2c(c1C(N)=O)NC=NC2F,268,0.697819512,0.117647059,0.03,0.684316036
O=C1N=C2NC=C(C(F)(F)F)C2=C(Nc2ccccc2)CCCC1,268,0.886418906,0.197183099,0.13,0.726074194
O=C1N=C2NC(=O)C(CCc3ccccc3)=C2C(F)(F)C=N1,268,0.930263329,0.191176471,0.14,0.731730683
O=C1NCCc2c(C(=O)NCCc3ccccc3)cnc(F)c21,268,0.840012568,0.141025641,0.18,0.837503739
O=C1NC2NC(=O)C(CCc3ccccc3)=C2C(F)(F)CN1,268,0.788048449,0.171428571,0.06,0.706655597
O=C1NC2NC(=O)C(CCc3ccccc3F)=C2C(F)=N1,268,0.887734401,0.246153846,0.09,0.706411515
O=C1NC2NC(=O)N(c3ccccc3F)C2=C(F)CCCC1,268,0.837380011,0.31147541,0.03,0.679168104
O=C1NC(=O)N=C2C(F)(F)CCCC2=C1c1ccccc1F,268,0.879453818,0.217391304,0.09,0.782514863
O=C1NC(=O)N(c2ccccc2F)c2ncncc2CCCC1,268,0.877916062,0.328125,0.13,0.787260197
O=C1NC(=O)N(c2c(CCF)cccc2F)C2=CCCCC12,268,0.932711083,0.257142857,0.05,0.7113752
O=C1NC(=O)c2cncc(CCc3ccccc3F)c2N1,268,0.765772724,0.196969697,0.14,0.837187546
O=C1NC(=O)c2cccc(CCc3ccccc3F)c2N1,268,0.773562668,0.19047619,0.03,0.86503447
O=C1NC(=O)c2cccc(-c3ccccc3F)c2NCC1,268,0.791255639,0.206349206,0.21,0.847479854
O=C1NC(=O)c2cccc(-c3ccccc3F)c2N1F,268,0.739447915,0.209677419,0.09,0.834716163
O=C1NC(=O)c2ccc(-c3ccccc3F)nc2N1O,268,0.650410584,0.212121212,0.08,0.840046383
O=C1NC(=O)c2ccc(-c3ccncc3F)cc2N1O,268,0.650410584,0.169014085,0.57,0.824443086
O=C1NC(=O)c2ccc(-c3ccncc3F)cc2N1C,268,0.727628009,0.169014085,0.54,0.852396108
O=C1NC(=O)c2ccc(-c3c(F)ccnc3F)cc21,268,0.629047099,0.174603175,0.29,0.829265615
O=C1NC(=O)c2ccc(-c3c(F)cncc3F)cc21,268,0.796637971,0.183333333,0.41,0.835032814
O=C1NC(=O)c2ccc(-c3ccncc3F)cc21,268,0.775138781,0.193548387,0.54,0.861699342
O=C1NC(=O)c2cc(-c3ccncc3F)ccc21,268,0.775138781,0.193548387,0.54,0.861699342
O=C1Nc2ccc(-c3ccncc3F)cc2C1=O,268,0.778113462,0.184615385,0.69,0.854664349
O=C1Nc2ccc(-c3ccncc3F)cc2C(=O)N1,268,0.69155669,0.161764706,0.72,0.85725553
COC(=O)C1CCN(C=C2CC(=O)Oc3cc(OC)ccc32)CC1,269,0.625030868,1,0,0.799397361
CCSC(=O)C1CCN(C=C2CC(=O)Nc3ccccc32)CC1,269,0.923100889,0.357142857,0.13,0.77622332
CCC(=O)C1CCN(C=C2CC(=O)Cc3ccccc3N2)CC1,269,0.931298071,0.287671233,0,0.770696513
CCC(=O)C1CCN(C=C2CC(=O)Cc3ccc(OC)cc32)CC1,269,0.85157415,0.53125,0.01,0.78458718
CCC(=O)C1CCN(C=C2CC(=O)Nc3ccc(OC)cc32)CC1,269,0.92267269,0.5,0.15,0.796953695
CCC(=O)N1CCN(C=C2C(=O)Nc3ccc(OC)cc32)CC1,269,0.859693303,0.333333333,0.31,0.832458105
CCC(=O)N1CCN(C=C2C(=O)Nc3ccc(OC)cc32)CC1C,269,0.860977045,0.307692308,0.26,0.755855014
CCC(=O)N1CCN(C=C2C(=O)Nc3ccc(OC)cc32)CC1=O,269,0.839349569,0.298701299,0.35,0.793728515
CCC(=O)N1CCN(C=C2C(=O)Nc3ccc(OC)cc32)CC1(C)C,269,0.855841862,0.298701299,0.34,0.780533215
CCC(=O)N1CCN(C=C2C(=O)Nc3ccc(OC)c(OC)c32)CC1,269,0.838641578,0.227848101,0.13,0.814377824
CCC(=O)N1CCN(N=C2C(=O)Nc3ccc(OC)cc32)CC1,269,0.899176727,0.266666667,0.34,0.810181656
CCCC(=O)N1CCN(C=C2C(=O)Nc3ccc(OC)cc32)CC1,269,0.857657526,0.342465753,0.32,0.834322021
CCCC(=O)N1CCN(C=C2C(=O)Nc3ccc(OC)cc32)CC1=O,269,0.837543754,0.307692308,0.4,0.795152329
CCCC(=O)N1CCN(C=C2C(=O)Nc3ccc(OC)cc32)CC1CCC,269,0.780798896,0.308641975,0.29,0.751326689
CCCN1CCN(C=C2C(=O)Nc3ccc(OC)cc32)CC1=O,269,0.856358813,0.272727273,0.39,0.805830413
CCCN1CCN(C=C2C(=O)Nc3ccc(OC)cc32)CC1,269,0.864277353,0.309859155,0.41,0.837666636
CCN1C(=O)C(=C2C=Cc3cc(C)ccc3N2CC)OC1=S,270,0.619690722,1,0,0.773594308
CCN1C(=O)C(=C2C=Cc3cc(C)ccc3N2CC)N=C1,270,0.781363237,0.568627451,0.01,0.753562675
CCN1C(=O)C(=C2C=Cc3cc(CC)ccc32)N=C1,270,0.744847594,0.238095238,0.01,0.754274334
CCN1C(=O)C(=C2C=Cc3cc(C)ccc32)NNC1,270,0.749934594,0.333333333,0.05,0.738681741
CCN1C(=O)C(=C2NNc3cc(C)ccc32)N=C1CC,270,0.810491288,0.290322581,0.05,0.760503251
CCN1C(=O)C(=C2CNc3cc(C)ccc32)N=C1CC,270,0.839045952,0.28125,0.07,0.753882372
CCN1C(=O)C(=C2CNCc3cc(C)ccc32)NC1=S,270,0.607443252,0.322580645,0.06,0.774052152
CCC(C(=O)C1CNc2cc(C)ccc21)=C1CC1,270,0.819545082,0.184615385,0.1,0.719972851
CCC(C(=O)C1CNc2cc(C)ccc21)=C1C=C1,270,0.819483526,0.203125,0.08,0.719651928
CCN1C(=O)C(=C2CNC2)Nc2cc(C)cc(CC)c21,270,0.810495494,0.238095238,0.04,0.755003731
CCN1C(=O)C(=C2CNC(C)=C2)Nc2cc(Cl)ccc21,270,0.78152766,0.257575758,0.01,0.760572757
CCN1C(=O)C(=Nc2cc(C)cc(C)c2)NC1=S,270,0.82891538,0.303571429,0.01,0.779969924
CCN1C(=O)C(CC(C)=S)Nc2cc(C)ccc21,270,0.850089924,0.362068966,0.03,0.753630929
CCN1C(=O)C(=Nc2ccc(C)cc2)NC12CC2,270,0.862716983,0.229508197,0.04,0.722429466
CCN1C(=O)C(=S)NC12CCCc1ccc(C)cc12,270,0.797358626,0.290322581,0.04,0.662333889
CCN1C(=O)CNc2cc(C)cc(-c3ccccc3)c21,270,0.902710959,0.238095238,0.11,0.849116689
CCN1C(=O)CNc2ccc(C)cc2-c2ccsc21,270,0.861391731,0.274193548,0.03,0.795817069
CCN1C(=O)CNc2ccc(C)cc2C12CC2,270,0.802265049,0.245901639,0.05,0.750255672
CCN1C(=O)CNC(C)=C1c1ccc(OC)cc1,270,0.884420994,0.229508197,0.08,0.840492542
CCN1C(=O)CNc2ccc(C)cc2C1=O,270,0.724929326,0.327272727,0.05,0.854795274
CCN1C(=O)CNc2ccc(C(C)=O)cc21,270,0.768017838,0.233333333,0.02,0.850657512
CCN1C(=O)CNc2ccc(CNC)cc21,270,0.802164839,0.229508197,0.07,0.837479571
CCN1C(=O)CNc2ccc(CNC)cc2C1=O,270,0.776320512,0.21875,0.1,0.839360542
CCN1C(=O)CNc2ncc(C)cc2C1=O,270,0.709684469,0.25,0.12,0.814061708
CCN1C(=O)CNc2ccc(C)cc2NC1=O,270,0.777141479,0.303571429,0.05,0.832368961
CCN1C(=O)CCNc2ccc(C)cc2C1=O,270,0.751028918,0.315789474,0.12,0.853538192
CC(C)(O)C#Cc1ccc(C2CC3(CCC3)C(=O)N2c2ccccc2)s1,271,0.795149075,0.573529412,0.02,0.680963633
CC(C)(O)C#Cc1ccc(C2CN(C(=O)O)CC2c2ccccc2)s1,271,0.807113064,0.442857143,0.01,0.719407521
CC(C)(O)C#Cc1ccccc1N1CC(CCCO)OC12C=CC=C2,271,0.828216385,0.258823529,0.04,0.625467201
CC(C)(O)C#Cc1ccccc1N1CC(CCCO)OC12CCCN2,271,0.727443899,0.275862069,0.1,0.596064646
CC(C)(O)C#Cc1ccn(C2CC(O)CN2Cc2ccccc2)c1,271,0.85242169,0.268292683,0.04,0.694153367
CC(C)(C)C#Cc1ccncc1C1CC(O)CN1CCn1cccc1,271,0.871885522,0.188888889,0.12,0.679035241
CC(C)(O)C#Cc1ccncc1N1CCC1Cn1ccnc1,271,0.875676213,0.218390805,0.08,0.710371423
CC(C)(O)CNCC1CCN(Cc2ccccc2)C12CCC2,271,0.848025318,0.21686747,0.02,0.70128597
CC(C)(O)c1ccn(CC2CCCN2c2ccccc2)c1,271,0.931989161,0.225,0.04,0.774694983
CC(C)(O)c1ccn(CC2CCCN2c2ccccc2)n1,271,0.938884279,0.225,0.04,0.789883188
CC(C)(O)c1cnn(CC2CCN2c2ccccc2)c1,271,0.928035283,0.209876543,0.05,0.778305326
CC(C)(C)NCC1CCN(CCOCc2ccccc2)C1,271,0.781528392,0.164705882,0.05,0.832604983
CC(C)(O)c1ccncc1NCC1CCN(CCCN)C1,271,0.708030184,0.141304348,0.21,0.769355974
CC(C)(O)CNCC1CCN1CCn1ccnc1,271,0.733578318,0.113636364,0.06,0.746575873
CC(C)(O)c1ccncc1NCC1CCN(C(C)C)C1,271,0.867736749,0.146067416,0.17,0.770850305
CC(C)(O)c1ccncc1NCC(C)(C)n1ccnc1,271,0.878255037,0.117647059,0.1,0.769357577
CC(C)(N)CCNc1cnccc1N1CCC(C(C)C)C1,271,0.845051792,0.155555556,0.16,0.761938431
CC(C)(N)c1ccncc1NCCN1CCC(C(C)C)C1,271,0.845531357,0.142857143,0.19,0.760064691
CC(C)(C)c1ccncc1NCCN1CCC(CN)C1,271,0.864273021,0.133333333,0.21,0.786847263
CC(C)(CN)c1ccncc1N1CC(C(C)(C)O)C1,271,0.864453681,0.158536585,0.25,0.771846596
CC(C)(C)c1ccnc2[nH]cc(C3CCN(CC)C3)c12,271,0.903455894,0.136363636,0.28,0.764534351
CC(C)(C)c1ccnc2[nH]cc(C3CCN(CCN)C3)c12,271,0.911604894,0.131868132,0.37,0.753882701
CC(C)(CN)c1ccnc2[nH]c3cnccc3c12,271,0.722134005,0.068965517,0.3,0.789168723
CC(C)(CN)c1ccnc2[nH]cc(C3CCCNC3)c12,271,0.802688418,0.107526882,0.49,0.724217607
CC(C)(CN)c1ccnc2[nH]cc(C3CCCCC3)c12,271,0.890614343,0.101123596,0.47,0.799264597
CC(C)(CN)c1ccnc2[nH]cc(C3=CCCCC3)c12,271,0.891101848,0.086021505,0.5,0.771925595
CC(C)(CN)c1ccnc2[nH]cc(-c3ccncc3)c12,271,0.765631651,0.06741573,0.75,0.802349617
CC(C)(CO)c1ccnc2[nH]cc(-c3ccncc3)c12,271,0.766686658,0.08045977,0.77,0.804729104
CCN(CC)S(=O)(=O)c1ccc(N2CCOCC2)c(NC(=O)C2COc3ccccc32)c1,272,0.685011673,0.76119403,0,0.786939112
CCN(CC)S(=O)(=O)c1ccc(N2CCOCC2)c(NC2COc3ccccc32)c1,272,0.726489727,0.661764706,0.02,0.78793876
CCN(CC)S(=O)(=O)c1ccc(NC)c(C(=O)N2CCOc3ccccc32)c1,272,0.802403166,0.473684211,0,0.850398767
CCN(CC)S(=O)(=O)c1ccc(OC)c(NCCN2CCCCC2=O)c1,272,0.706833465,0.30952381,0,0.85898839
CCN(CC)S(=O)(=O)c1ccccc1NCCN1CCCCCC1=O,272,0.766484161,0.265060241,0.02,0.860157164
CCN(CC)S(=O)(=O)c1ccccc1NCCN1CCCCC1=O,272,0.777307391,0.268292683,0.02,0.86096801
CCN(C)S(=O)(=O)c1ccccc1NC(=O)N1CCCCC1,272,0.923567284,0.282051282,0,0.880265431
CCN(C)S(=O)(=O)c1ccccc1NC(=O)N1CCOCC1,272,0.90084771,0.36,0,0.87062079
CCN(C)S(=O)(=O)N1CCCNC(=O)c2ccccc21,272,0.89788839,0.219512195,0.14,0.828450444
CCS(=O)(=O)N(C)C(=O)N1CCOc2ccccc2C1,272,0.824734179,0.282051282,0.02,0.826017437
CCN(CC)C(=O)C(C)N1CCOc2ccccc2C1=O,272,0.849040221,0.2625,0.04,0.804043206
CCN(CC)S(=O)(=O)c1ccccc1N1CCOCC1,272,0.827478839,0.46875,0,0.881779899
CCN(CC)C(=O)C(=O)N1CCOc2ccccc2C1,272,0.764506341,0.272727273,0.02,0.854541438
CCN(CC)S(=O)(=O)c1ccccc1OC1CCOCC1,272,0.80828184,0.310810811,0,0.86154025
CCN(CC)S(=O)(=O)c1ccccc1NC1CCOCC1,272,0.875514864,0.347222222,0,0.865565543
CCN(CC)S(=O)(=O)c1ccccc1OCCN1CCOCC1,272,0.715196429,0.328947368,0,0.877490531
CCN(CC)S(=O)(=O)c1ccccc1OCC1CCOCC1,272,0.772054963,0.302631579,0.01,0.865393462
CCN(CC)S(=O)(=O)c1ccc(N2CCOCC2)cc1,272,0.827478839,0.444444444,0,0.898490888
CCN(CC)S(=O)(=O)c1ccc(N2CCOCC2)cc1O,272,0.885836473,0.38028169,0.15,0.855187343
CCN(CC)S(=O)(=O)c1ccc(N2CCOCC2)c(O)c1,272,0.885836473,0.53125,0.02,0.868740128
CCN(CC)S(=O)(=O)c1cc(N2CCOCC2)ccc1N,272,0.824967944,0.361111111,0.02,0.863061614
CCN(CC)S(=O)(=O)c1cc(N2CCOCC2)ccc1O,272,0.885836473,0.4,0.09,0.859723417
CCN(CC)S(=O)(=O)c1cc(N2CCOCC2)cc(Cl)c1N,272,0.821692355,0.337837838,0,0.837087234
CCN(CC)S(=O)(=O)c1cc(C#N)ccc1N1CCOC(O)C1,272,0.850415431,0.333333333,0.03,0.764244812
CCN(CC)S(=O)(=O)c1cc(N2CCOCC2)cc(Cl)c1NCCO,272,0.700245821,0.3375,0.03,0.824516046
CCN(CC)S(=O)(=O)c1cc(N2CCOC(O)C2)cc(Cl)c1N,272,0.760584164,0.292682927,0.07,0.747288402
CCN(CC)S(=O)(=O)c1c(N)cccc1N1CCCOC(OC)C1,272,0.776783982,0.301204819,0,0.760579308
CCN(CC)S(=O)(=O)c1c(N)cccc1N1CCOC(OC)C1,272,0.778974106,0.325,0.01,0.761264592
CCN(CC)S(=O)(=O)c1cccc(N2CCOC(O)C2)c1Cl,272,0.873381827,0.346153846,0.02,0.772047747
CCN(CC)S(=O)(=O)c1cccc(N2CCOC(OC)C2)c1,272,0.792424775,0.363636364,0.01,0.79525098
CCN(CC)S(=O)(=O)c1cccc(N2CCOC(O)C2)c1,272,0.873222374,0.391891892,0.03,0.794306071
CCN(CC)S(=O)(=O)c1cccc(N2CCOCC(O)C2)c1,272,0.87008907,0.438356164,0.03,0.808428786
CCN(CC)S(=O)(=O)c1cccc(N2CCOC(C#N)C2)c1,272,0.819704863,0.358974359,0.01,0.772159429
CC(=O)N=c1sc(C(C)(C)C)c(C)n1C,273,0.667112931,1,0,0.787585929
CC(=O)N=c1sc(C(C)(C)C)cn1C,273,0.645780527,0.487179487,0.01,0.764312841
CC(=O)c1csc(=NC(C)(C)C)n1C,273,0.655465826,0.318181818,0,0.757719251
CC=Nc1csc(C(=O)N(C)C)c1C=C,273,0.723723569,0.125,0.02,0.724381577
CC=Nc1csc(C(=O)N(C)C)c1C=CC,273,0.741669285,0.145454545,0.04,0.724222262
CC=C(C(=O)N=c1sc(C)cn1C)C(C)C,273,0.728605043,0.26,0,0.708378741
CON(C)C(=O)C1C=CC(c2ccc(C)s2)N1,273,0.656673056,0.155172414,0.02,0.639216101
CC(F)(F)C(=O)N(C)C(=O)C=Cc1ccco1,273,0.762040869,0.120689655,0,0.78615773
CC(F)(F)C(=O)N(C)C1C=CC(c2ccco2)=N1,273,0.828578341,0.111111111,0.01,0.663140191
CC(F)(F)C(=O)NC1C=CC=CC1c1ccco1,273,0.899323519,0.137931034,0.02,0.667278196
CC(F)(F)C(=O)N(C)C(=NN)Nc1cc(C=O)cs1,273,0.288784146,0.142857143,0.04,0.682858904
CC(F)(F)C(=O)Nc1ccsc1-c1ccc(CON)o1,273,0.832335734,0.123076923,0.05,0.770483451
CC(F)C(C)(C)C(=O)Nc1cc2ccccc2o1,273,0.899553982,0.120689655,0.02,0.763186973
CC(F)(F)C(=O)Nc1ccsc1-c1ccc(OCCO)cc1,273,0.854985575,0.126984127,0.04,0.839649542
COc1ccccc1-c1cc(=O)nc(C(C)(C)F)[nH]1,273,0.924743608,0.080645161,0.1,0.832763957
CC(C)(C)C(=O)Nc1cc(-c2ccccc2OCCF)no1,273,0.914991181,0.104477612,0.03,0.83640818
COc1ccccc1-c1cc(NC(=O)C(C)(C)C)c(C[NH3+])s1,273,0.908893174,0.140625,0,0.793384157
CC(C)C(=O)Nc1cc(-c2ccccc2OCCF)c(C#N)s1,273,0.860845569,0.098591549,0.06,0.800476671
CC(C)C(=O)Nc1cc(-c2ccccc2OCCF)ncn1,273,0.890390444,0.089552239,0.11,0.856641849
CC(C)(C)C(=O)Nc1cc(-c2ccccc2OCCF)n[nH]1,273,0.889265427,0.104477612,0.09,0.817504018
CC(C)(F)C(=O)Nc1cc(-c2ccccc2OCCO)ncn1,273,0.852510116,0.119402985,0.13,0.838232199
CC(C)(F)C(=O)Nc1cc(-c2ccccc2OCCO)ccn1,273,0.858950558,0.104477612,0.17,0.85045119
CC(C)(C)C(=O)Nc1cc(-c2ccccc2OCCF)ncn1,273,0.916777059,0.123076923,0.12,0.846091574
CC(C)(C)C(=O)Nc1cc(-c2ccc(C(F)F)cc2)ncn1,273,0.929810748,0.114754098,0.15,0.850025952
CC(C)(C)C(=O)Nc1cc(-c2ccc(C(N)=O)cc2)n[nH]1,273,0.805435161,0.116666667,0.19,0.844642837
CC(C)(C)C(=O)Nc1cc(-c2ccc(C(N)=O)cc2)ncn1,273,0.907371632,0.116666667,0.24,0.87364749
CC(=O)c1ccc(-c2cc(=O)c(C(C)(C)C)c[nH]2)nc1NCCF,273,0.824316594,0.130434783,0.11,0.775957249
CC(C)(C)C(=O)Nc1cc(-c2ccnc(C(N)=O)c2)[nH]n1,273,0.794225989,0.129032258,0.33,0.827792094
CC(=O)c1cc(-c2ccnc(NC(=O)C(C)(C)C)c2)[nH]c1CO,273,0.756011486,0.121212121,0.37,0.802518575
CC(C)(C)c1cc(=O)nc(-c2ccnc(C(N)=O)c2)[nH]c1=O,273,0.840861136,0.147540984,0.38,0.817163753
CC(C)(C)c1cc(=O)nc(-c2ccnc(C(N)=O)c2)[nH]1,273,0.857822567,0.152542373,0.41,0.821730724
CC(C)(C)c1cc(=O)[nH]c(-c2ccnc(C(N)=O)c2)n1,273,0.857822567,0.172413793,0.33,0.816580296
CC(C)(C)c1cc(=O)[nH]c(-c2ccnc(NC(N)=O)c2)n1,273,0.778204764,0.142857143,0.37,0.811301676
CC(C)(C)c1cc(=O)[nH]c(-c2ccnc(NCCCO)c2)n1,273,0.734091101,0.119402985,0.39,0.812258873
CC(C)(C)c1cc(=O)[nH]c(-c2ccnc(NCCCN)c2)n1,273,0.732790384,0.102941176,0.47,0.810081824
CC(C)(C)c1cc(=O)[nH]c(-c2ccnc(NCCC(N)=O)c2)n1,273,0.771781675,0.132352941,0.47,0.810288743
CC(C)(C)c1cc(=O)[nH]c(-c2ccnc(NCCNC(N)=O)c2)n1,273,0.613077238,0.130434783,0.45,0.805850357
CC(C)(C)c1cc(=O)[nH]c(-c2ccnc(NCCn3ccnc3)c2)n1,273,0.745790031,0.125,0.45,0.797409258
CC(C)(C)c1cc(=O)nc(-c2ccnc(NCCC(N)=O)c2)[nH]1,273,0.771781675,0.115942029,0.55,0.814703395
CC(C)(C)c1cc(=O)nc(-c2ccnc(NCCCCN)c2)[nH]1,273,0.710623212,0.085714286,0.56,0.817130517
CC(C)(C)c1cccc(-c2cc(=O)[nH]c(NCCCCN)n2)c1,273,0.715879173,0.086956522,0.2,0.832317536
CC(C)(C)c1cc(=O)[nH]c(-c2ccnc(NCCO)n2)c1,273,0.793459286,0.106060606,0.48,0.815480712
CC(C)(C)c1cc(-c2ccnc(NCCN)n2)c(=O)[nH]c1,273,0.791533555,0.088235294,0.59,0.815425274
CC(C)(C)c1cc(-c2ccnc(NCCN)n2)c(Br)[nH]1,273,0.800831375,0.075757576,0.59,0.779365968
CC(C)(C)c1cc(-c2ccnc(NC(N)=O)n2)c[nH]1,273,0.771245181,0.131147541,0.52,0.792145022
CC(C)(C)c1cc(-c2ccnc(NCCN)n2)c[nH]1,273,0.785611309,0.076923077,0.62,0.79266097
CC(C)(C)c1cc(=O)c(-c2ccnc(N)n2)c[nH]1,273,0.799366683,0.1,0.65,0.788738213
CC(C)(C)c1cc(=O)c(-c2cc(N)ncn2)c[nH]1,273,0.799366683,0.122807018,0.33,0.77510713
CC(C)Sc1nc2ncnc(N)c2[nH]1,274,0.73130009,1,0.08,0.794922538
CC(C)Cc1nc2ncnc(N)c2[nH]1,274,0.745297631,0.55,0.11,0.81005311
CC(C)CCc1nc2ncnc(N)c2nc1N,274,0.822873885,0.340425532,0.1,0.803778781
CC(C)CC#Cc1nc2ncnc(N)c2cc1N,274,0.739670185,0.307692308,0.26,0.766856235
CC(C)CCC(C)c1nc2ncnc(N)c2cc1N,274,0.880539835,0.32,0.21,0.740527981
CC(C)CCC(C)n1cnc2ncnc(N)c2c1=O,274,0.905844787,0.283018868,0.32,0.754154904
CC(C)(C)CNc1ncnc2nc(N)sc2c1=O,274,0.853981855,0.232142857,0.22,0.771078872
CC(C)(C)Oc1cc2ncnc(N)c2s1,274,0.806277357,0.215686275,0.3,0.768239034
CC(C)(C)Cc1cc2ncnc(N)c2nc1N,274,0.780214274,0.24,0.19,0.805385541
CC(C)CCn1cnc2ncnc(N)c2c1=O,274,0.847443477,0.288461538,0.32,0.824962742
CC(C)CCc1cc2ncnc(N)c2nc1C,274,0.879458095,0.269230769,0.14,0.83026487
CC(C)CCc1ncnc2ncnc(N)c12,274,0.844274812,0.333333333,0.31,0.80770658
CC(C)CCCc1sc2ncnc(N)c2c1CO,274,0.871599274,0.228070175,0.46,0.799990389
CC(C)Cc1cc2ncnc(N)c2nc1CO,274,0.832705108,0.288461538,0.15,0.802080254
CC(C)Cc1cc2ncnc(N)c2cc1CO,274,0.845912622,0.25,0.14,0.837242938
Cc1cc2ncnc(N)c2c(N)n1,274,0.607907796,0.272727273,0.36,0.827630199
Cc1cc2ncnc(N)c2c(N(C)C)n1,274,0.747907543,0.270833333,0.36,0.821019522
Cc1cc2ncnc(N)c2c(N)c1N=CN(C)C,274,0.471889557,0.196428571,0.33,0.772534759
Cc1cc2ncnc(N)c2c(N)c1C1CCCCC1,274,0.768207138,0.203703704,0.48,0.825472909
Cc1cc2ncnc(N)c2c(N)c1C1CCCC(C)C1,274,0.778464616,0.186440678,0.43,0.731973882
Cc1cc2ncnc(N)c2c(N)c1C1CCCN(C)C1,274,0.774339757,0.180327869,0.49,0.75671457
Cc1cc2ncnc(N)c2c(C2CCCN(C)C2)c1C,274,0.865216291,0.177419355,0.46,0.76511979
Cc1cc2ncnc(N)c2c(C2CCCC(C)C2)c1C,274,0.846768869,0.183333333,0.42,0.740379102
Cc1cc2ncnc(N)c2c(C2CCCN(C)C2)n1,274,0.842225208,0.196721311,0.54,0.763817298
Cc1cc2ncnc(N)c2c(C2CCCC(C)C2)n1,274,0.850511351,0.203389831,0.49,0.736651121
Cc1cc2ncnc(N)c2c(C2CCCC2)c1C,274,0.831120636,0.203703704,0.46,0.83136269
Cc1cc2ncnc(N)c2c(C2CCCC2)n1,274,0.814310545,0.226415094,0.54,0.82908791
Cc1cc2ncnc(N)c2c(C2CCCCC2)n1,274,0.834570306,0.222222222,0.55,0.832488128
CCOC1=CC(=CNNc2nn3cnnc3c3ccccc23)C=CC1=O,275,0.682335254,1,0.02,0.784548163
CCOC1=CC(=CNn2nnnc2C2CC2)c2ccccc21,275,0.917931391,0.265822785,0.06,0.772258676
CCOC1=CC(=CNn2cnnc2C=O)C=CC1=O,275,0.779133594,0.507936508,0.04,0.738066642
CCOC1=CC(=CNn2cnnc2C=O)C=CC1C,275,0.815050067,0.324324324,0.03,0.636668864
CCOC1=CC(=CNn2cncc2C=C)C=CC1=O,275,0.876333916,0.420289855,0.06,0.734452397
CCOC1=CC(=CNn2cncc2C=O)C=CC1=O,275,0.803764911,0.426470588,0.05,0.743904533
CCOC1=CC(=CNn2cncc3CCC2=O)C=CC13,275,0.835762743,0.178571429,0.11,0.399154775
CCOC1=CC(=CNn2cnc3ccccc32)C=CC1=O,275,0.935287075,0.484848485,0.03,0.809455235
CCOC1=CC(=CNn2cnc3ncccc3c2=O)C=C1C,275,0.935397743,0.369863014,0.04,0.776492277
CCOC1=CC(=CNc2ncnc3[nH]ccc23)C=CC1=O,275,0.899165712,0.434782609,0.44,0.788091048
CCOC1=CC(=CNc2ncnc3[nH]ccc(=O)c23)C=CC1=O,275,0.891397799,0.402777778,0.29,0.770048728
CCOC1=CC(Nc2ncnc3[nH]ccc23)C=CC1=O,275,0.885117779,0.289473684,0.51,0.704660857
CCOC1=CC(=Cc2ccnc3[nH]ccc23)C=CC1=O,275,0.928688388,0.426470588,0.34,0.798806851
CCOC1=CC(=Cc2ncnc3[nH]ccc23)C=CC1=O,275,0.926791678,0.405797101,0.5,0.769446373
CCCC1=NN2C(=O)CC(=CC(=O)Nc3nnc(C(C)C)s3)C2=N1,276,0.833201675,0.417721519,0,0.755196023
CCCC1=NN2C(=O)C(=CC(=O)Nc3nnc(C(C)C)s3)CSC2=N1,276,0.79745388,0.369047619,0,0.744201999
CCCC1=NN2C(=O)C(=Cc3ncc(C(=O)Nc4ccsc4)s3)C2=N1,276,0.695773731,0.21875,0.05,0.741752854
CCCC1=NN(CC)C(=O)C(=Cc2ncc(C(=O)NC(C)C)s2)C=N1,276,0.790403047,0.239130435,0.11,0.72060278
CCC1=NN(CC)C2=NC(=O)C(=Cc3ncc(C(C)C)s3)C(=O)N12,276,0.620094804,0.173913043,0.08,0.696385788
CCC1=NC(=C2C(=O)NC(C(C)C)=N2)C(=O)N1c1nc(CC)cs1,276,0.849206056,0.141304348,0.06,0.699394879
CCC1=C(CNc2nc(CC)nc3sc(C(C)C)cc23)C(=O)N=N1,276,0.840309981,0.138297872,0.05,0.736958366
CCC1=C(CCC2=NC(=O)NC2=O)SC([NH2+]c2cc(C)ncn2)=C1,276,0.83011722,0.125,0.2,0.650452338
CCC1(CC)CNC(=O)C(=Cc2ncnc3cc(C)sc23)C(=O)N1,276,0.660241469,0.113402062,0.16,0.710880983
CCC1(CC)CNC(=O)C(=Cc2ncnc3cc(COC)sc23)N1,276,0.813517902,0.11,0.14,0.701685596
CCCC1=C([N+](=O)Nc2ncnc3sc(CC)cc23)C(=O)N(C)C1,276,0.642638509,0.166666667,0.12,0.731512212
CCCC1=C([N+](=O)Nc2ncnc3ccsc23)C(=O)NC(CC)=C1,276,0.528566639,0.12,0.14,0.75019261
CCCC1=C(c2cc(C(C)C)nc3cccnc23)C(=O)NC(=O)C1,276,0.875854305,0.157894737,0.37,0.784351707
CCCC1=C(Nc2nccc3cc(C(=O)NC)ccc23)SC(=O)N1,276,0.664994194,0.157894737,0.31,0.805397361
CCCC1=C(Nc2ncnc3cccc(C(=O)NC)c23)SC(=O)N1,276,0.66057806,0.15625,0.34,0.790380166
CCCC1=C(Nc2nccc3cccc(C(=O)NC)c23)SC(=N)N1,276,0.574080627,0.142857143,0.29,0.770251433
CCCC1=C(Nc2nccc3cccc(C(=O)NC)c23)C(=O)S1,276,0.88156813,0.159574468,0.1,0.782760827
CCCC1=C(NC)N=C(c2cc(C(=O)NC)cc3cccnc23)C1,276,0.889040439,0.15625,0.08,0.779053922
CCCC1=C(NC)NC(=O)C(c2ccnc3ccccc23)=N1,276,0.775770164,0.141304348,0.32,0.818809493
CCCC1=C(Nc2ncccc2-c2ccncc2)C(=O)NC=N1,276,0.756914551,0.11827957,0.43,0.813123212
CCCC1=C(NC)SC(=C2C(=O)Nc3ccccc32)C=CN=C1,276,0.828484385,0.135416667,0.38,0.72578952
CCCC1=C(NC)NC(=O)c2cccnc2-c2ncccc2CC1,276,0.91126785,0.142857143,0.28,0.736243543
CCCC1=C(c2ccnc3ccccc23)NC(=O)NC(C(C)C)=N1,276,0.890759139,0.181818182,0.1,0.782778356
CCCC1=C(c2ccncc2)c2cccnc2NC(=O)NC(C)=N1,276,0.775743218,0.129032258,0.35,0.769407645
CCCC1=C(c2ccncc2)c2cccnc2NC(=O)C1CCC,276,0.885052412,0.106382979,0.36,0.738644435
CCCC1=C(c2ccncc2)c2cccnc2NC(=O)C1CCCN,276,0.847109393,0.102040816,0.4,0.731571316
CCCC1=C(c2ccncc2)Nc2ccc(C(C)C)cc2C(=O)N1,276,0.869674167,0.142857143,0.42,0.815236727
CCCC1=C(c2ccncc2)c2cc(C(C)C)ccc2NC(=O)N1,276,0.841265279,0.142857143,0.38,0.819689895
CCCC1=C(c2ccncc2)Nc2ccc(C(C)N)cc2C(=O)N1,276,0.805487138,0.127659574,0.47,0.757909036
CCCC1=C(CCN)c2cc(-c3ccncc3)ccc2NC1=O,276,0.760747588,0.108695652,0.68,0.845338704
CCCC1=C(c2ccncc2)c2cc(C(C)N)ccc2NC1=O,276,0.773809925,0.129032258,0.47,0.796227692
CCCC1=C(CCN)c2cc(-c3ccncc3)ccc2C(=O)N1,276,0.760747588,0.108695652,0.71,0.838231944
CCCC1=C(c2ccncc2)Nc2ccc(C#N)cc2C1=O,276,0.802861281,0.11827957,0.44,0.844163827
CCCC1NC(=O)c2cc(-c3ccncc3)ccc2N=C1N,276,0.912842604,0.108695652,0.59,0.761293034
CCCC1NC(=O)c2cc(-c3ccncc3)ccc2NC1=O,276,0.913994822,0.086021505,0.56,0.801790714
CCCC1=NNC(=O)c2cc(-c3ccncc3)ccc2NC1=O,276,0.913815593,0.10989011,0.68,0.807789986
CCCC1=NNC(=O)c2ccc(-c3ccncc3)cc2NC1=O,276,0.913815593,0.10989011,0.67,0.808009334
CCCC1=NNC(=O)c2cc(-c3ccncc3)ccc2C1=O,276,0.803617918,0.112359551,0.65,0.845803632
CCCC1=NNC(=O)c2ccc(-c3ccncc3)cc2C(=O)N1,276,0.912534676,0.112359551,0.6,0.803514229
CCCCC1=NNC(=O)c2cc(-c3ccncc3)ccc2C1=O,276,0.803774291,0.098901099,0.66,0.845115861
CCCCC1=NNC(=O)c2ccc(-c3ccncc3)cc2C1=O,276,0.803774291,0.098901099,0.66,0.847010266
CCCCC1=NNC(=O)c2ccc(-c3ccncc3)cc2C1,276,0.936379303,0.119565217,0.65,0.817934397
CCCCC1=NNC(=O)c2ccc(-c3ccncc3)cc21,276,0.796581596,0.101123596,0.66,0.859660531
N#CC1C(=N)N=C(SCC(=O)c2ccc(Cl)cc2)C12CCCC2,277,0.827269407,0.696428571,0,0.664351598
N#CC1C(=N)SC(CC(=O)c2ccc(Cl)cc2)C12CCCC2,277,0.815330334,0.542372881,0.01,0.63771858
N#CC1C(=N)SC(CC(=O)c2ccccc2)C12CCC2,277,0.861339746,0.390625,0.01,0.639614872
N#CC1C(=N)N=C(CC(=O)c2ccccc2)C2SCCC12,277,0.871274175,0.287671233,0,0.633989343
N#CC1CC(S(=O)c2ccc(Cl)cc2)=NC(=O)C12CCC2,277,0.797971372,0.285714286,0,0.605296169
N#CC1CC(S(=O)c2ccc(Cl)cc2)=C(N=O)C2CCCC12,277,0.769691043,0.226666667,0.01,0.606982196
N#CC1CC(C(=O)c2ccc(OCCCl)cc2)=Nc2ccsc21,277,0.598632426,0.227848101,0.03,0.716076048
N#CC1CC(C(=O)c2ccc(OCC#N)cc2)=Nc2ccsc21,277,0.804787153,0.215189873,0.04,0.710770919
N#CC1CN=C(NCC(=O)c2ccc(O)cc2)c2ccsc21,277,0.851686971,0.233766234,0.03,0.713360189
N#CC1CN=C(NCC(=O)c2ccc(F)cc2)c2ccsc21,277,0.886148124,0.230769231,0.02,0.721433449
N#CC1=C(N=C(N)NCC(=O)c2ccc(F)cc2)C2CC2C1,277,0.502893811,0.215189873,0.03,0.678304088
N#CC1=C(NCC(=O)c2ccc(F)cc2)N=C2CCCC2=C1,277,0.880797027,0.220779221,0.02,0.849470299
N#CC1=C(NCC(=O)c2ccc(F)cc2)N=C2CCCC2=N1,277,0.875573461,0.232876712,0.02,0.818974572
N#CC1=C2CCCCN=C2N(C(=O)c2ccc(F)cc2)N=C1,277,0.799120451,0.192307692,0.02,0.757052228
N#CC1=C2CCCCN=C2N(C(=O)c2ccc(F)cc2)N1,277,0.858733833,0.194805195,0.05,0.780517546
N#CC1=C2CCN=C2N(C(=O)c2ccc(F)cc2)N=C1,277,0.780015106,0.2,0.02,0.750035717
N#CC1=CC2=C(CCCC2)N(C(=O)c2ccc(F)cc2)N1,277,0.861563834,0.189189189,0.03,0.763112675
N#CC1=CC2=C(CCNC2)N(C(=O)c2ccc(F)cc2)C1,277,0.85710477,0.179487179,0.04,0.755387546
N#Cc1ccc(N2CCNCC2CC(=O)c2ccc(F)cc2)nc1,277,0.872822305,0.225,0.11,0.787503074
N#Cc1ccc(N2CCNCC2CC(=O)c2ccc(N)cc2)nc1,277,0.655706658,0.225,0.22,0.777628604
N#Cc1cc2c(n1CCOC(=O)c1ccc(N)cc1)CCNC2,277,0.658285415,0.152941176,0.04,0.795744066
N#Cc1cc2c(nc1OCCNC(=O)c1ccc(N)cc1)CC2,277,0.642732858,0.170731707,0.08,0.845826816
N#Cc1ccc(C2CCNCC2CC(=O)c2ccc(Cl)cc2)nc1,277,0.864640728,0.293333333,0.12,0.743628165
N#Cc1ccc(N2CCNCC2CC(=O)c2ccc(Cl)cc2)nc1,277,0.866477419,0.306666667,0.1,0.788078771
N#Cc1cc(N2CCNC2)c(NC(=O)c2ccc(Cl)cc2)nn1,277,0.88888889,0.227848101,0.17,0.796907702
N#Cc1nc(NCCC(=O)c2ccc(Cl)cc2)c2n1CCNC2,277,0.821637005,0.269230769,0.1,0.783707236
N#Cc1cc(C2=NCCN2)c(Cl)cc1OC(=O)c1cccnc1,277,0.689645366,0.162790698,0.13,0.809824019
N#Cc1cc2c(nc1NCCC(=O)c1ccc(Cl)cc1)CCN2,277,0.824541312,0.272727273,0.11,0.820790219
N#Cc1cc2c(nc1OCCC(=O)c1ccc(Cl)cc1)CCN2,277,0.853272752,0.272727273,0.07,0.816596047
N#Cc1cc2c(nc1NCCC(=O)c1ccc(Cl)cc1)CCNC2,277,0.818163359,0.265822785,0.09,0.826753397
N#CCCC(=O)c1c(N)nc2cc(NCCN)ccc2c1C1CC1,277,0.673901322,0.16091954,0.21,0.793874324
N#CC1CCC(c2ccc(Cl)cc2)=C1NCCC(=O)c1ccc(N)nc1,277,0.757914564,0.291139241,0.2,0.739941081
N#CC1CCC(c2ccc(Cl)cc2)=C(C(=O)c2ccc(N)cn2)C1,277,0.847637068,0.230769231,0.19,0.744277588
N#CC1CCC(c2nc3ccc(Cl)cn3c2CC(=O)C2CC2)CN1,277,0.927082181,0.21686747,0.06,0.673881195
N#CC1CCC(c2nc3ccc(Cl)cn3c2CC(=O)C2CC2)CC1,277,0.832267094,0.246753247,0.01,0.780366139
N#CC1CCC(c2nc3cc(Cl)c(CC#N)cn3c2NCCN)C1,277,0.869155587,0.133333333,0.07,0.65190495
N#CCn1cc(-c2ccc(CCN)cc2)c(Cl)c1NC(=O)C1CC1,277,0.845151552,0.180722892,0.08,0.81187708
N#CC1CCC(c2[nH]cnc2NC(=O)c2ccc(CCN)cc2)C1,277,0.785529238,0.19047619,0.21,0.723933628
N#Cc1cc(-c2ccc(CCN)cc2)c(Cl)c(NC(=O)CCN)n1,277,0.741535467,0.160493827,0.16,0.814999697
N#Cc1ccc(-c2cc(Cl)c(NC(=O)C3CC3)cn2)c(N)c1,277,0.851188337,0.170731707,0.11,0.841536048
N#Cc1ccc(-c2cc(Cl)c(NC(=O)C3CCCCC3)nn2)cc1,277,0.908228862,0.192307692,0.18,0.856505237
N#Cc1ccc(-c2nc(Cl)c(NC(=O)C3CCCCC3)[nH]2)cn1,277,0.900304063,0.185185185,0.38,0.802656886
N#Cc1ccc(-c2cn[nH]c2)c(NC(=O)C2CCCCCN2)c1Cl,277,0.79791709,0.172413793,0.18,0.743908649
N#Cc1ccc(-c2ncc(Cl)cn2)c(NC(=O)C2CCNCC2)c1,277,0.895064997,0.205128205,0.15,0.832599774
N#Cc1cc(Cl)c(-c2cnc3[nH]ccc3n2)cc1NC1CC1,277,0.772593091,0.129411765,0.44,0.801227319
N#Cc1cc(Cl)c(-c2cnc3[nH]ccc3n2)c(NC2CC2)c1,277,0.772593091,0.129411765,0.39,0.792036599
N#Cc1cc(Cl)c(-c2ccncc2)nc1NC1CCNCC1,277,0.911202175,0.135802469,0.45,0.817274301
Nc1ccc(-c2ccncc2)cc1NC(=O)C1=CNCCN1,277,0.640720008,0.098765432,0.46,0.802078388
Nc1ccc(-c2ccncc2)cc1NC(=O)C1CCNCC1,277,0.759080569,0.115384615,0.47,0.868713003
N#Cc1ccc(-c2ccncc2)cc1Nc1[nH]nc2c1CCOC2,277,0.77461684,0.090909091,0.58,0.778598113
Nc1ccc(-c2ccncc2)cc1Nc1cc2c([nH]1)CCNC2=O,277,0.558135614,0.081395349,0.62,0.800964316
N#Cc1ccc(-c2ccnc3[nH]cc(Cl)c23)cc1NC(=O)CN,277,0.687531172,0.164705882,0.53,0.815454555
NCCc1ccc(-c2cc3cc[nH]c3nc2NC(=O)CN)cc1,277,0.573863917,0.096385542,0.28,0.832367376
N#Cc1ccc(-c2ccnc3[nH]c(NC4CCOCC4)cc23)nc1,277,0.774452073,0.127906977,0.45,0.794147408
N#Cc1ccc(-c2ccncc2)cc1Nc1cc2c([nH]1)CCNC2,277,0.692639396,0.105882353,0.61,0.786634949
N#Cc1ccc(-c2ccncc2)cc1Nc1cc2c([nH]1)CCOC2,277,0.771257739,0.103448276,0.57,0.786603963
COC(=O)C1=C(C)N=C2SC(C)C(=O)N2C1c1cccs1,278,0.785319525,1,0,0.734979829
COCC(=O)C1=C(C)N=C2SC(C)C(=O)N2C1c1cccs1,278,0.847924567,0.773584906,0,0.70752496
COCC(=O)C1=C(C)N=C2CCC(=O)N2C1c1ccc(C)s1,278,0.857224581,0.31884058,0.03,0.704676957
COCCC1=C(C)C2=NC(=O)C(C)C(=O)N2C1c1cccs1,278,0.801720827,0.402985075,0.01,0.665144128
CCCCC1=C(C)C(=O)N(C)C2=NC(c3cccs3)C(=O)N21,278,0.857130027,0.273972603,0.03,0.695706465
CC1=NC2=C(C(=O)CCC2)C(c2ccccc2)N(C)C1=O,278,0.794804828,0.180555556,0.02,0.776818295
CCc1cc2c(n1C(C)c1ccccc1)C(=O)N(C)C2=O,278,0.812328888,0.123287671,0.03,0.775160712
Cc1cc2c(n(C(C)c3ccccc3)c1=O)CCN2C,278,0.836519662,0.135135135,0.01,0.783243691
Cc1cc2c(n1C(C)c1ccccc1)CCNC2=O,278,0.878084619,0.135135135,0.21,0.792493081
Cc1cc2c(n1C(C)c1cccs1)CCNC2=O,278,0.884827889,0.189189189,0.23,0.750685979
Cc1cc2c(n1C(C)C(=O)c1cccs1)CCNC2=O,278,0.882593614,0.210526316,0.19,0.741951658
Cc1cc2c(n1C(C)C(=O)c1cccs1)CCNC2O,278,0.853738829,0.207792208,0.09,0.682136245
Cc1cc2c(nc1N)CCNC2c1cccs1,278,0.810043275,0.246376812,0.17,0.746462573
Cc1cc2c(nc1N)C(c1cccs1)NCC2=O,278,0.820571772,0.257142857,0.22,0.718419614
Cc1cc2c(nc1N)C(c1cccs1)C(=O)NCC2,278,0.832745967,0.253521127,0.17,0.739690232
Cc1cc2c(cc1N)C(c1cccs1)C(=O)NCC2,278,0.783441833,0.242857143,0.21,0.762891087
Cc1cc2c(nc1N)C(=O)NCC2c1cccs1,278,0.821673008,0.253521127,0.24,0.728860338
Cc1cc2c(nc1N)C(=O)NCCC2c1cccs1,278,0.837403834,0.246575342,0.31,0.729407896
N#Cc1c(N2C(=O)Nc3ccccc3N2O)sc2c1CCCCC2,279,0.767584739,1,0.02,0.787912594
N#Cc1c(N2C(=O)Nc3ccccc32)sc2c1N=CCCCC2,279,0.741860955,0.347222222,0.09,0.763063281
N#Cc1c(N2C(=O)Nc3ccccc32)sc2c1NCCCCC2,279,0.720370883,0.397058824,0.03,0.787826771
N#Cc1c(N2C(=O)NCCc3ccccc32)sc2c1CCCC2,279,0.865007024,0.533333333,0.06,0.818229526
N#Cc1c(Nc2ccc3n(c2=O)CCCC3)sc2ccccc12,279,0.775480274,0.27027027,0.03,0.803187047
N#Cc1c(Nc2cccs2)n(C)c2ccccc2c1=O,279,0.784322064,0.208333333,0.01,0.813320737
N#Cc1ccc(N2CCC(=O)Nc3ccccc32)s1,279,0.865083716,0.359375,0.06,0.813396302
N#CN1c2ccccc2C(Nc2cccs2)=CC(=O)CC1,279,0.862024623,0.213333333,0.02,0.753127366
N#CN1c2ccccc2C(Nc2ccc(C#N)s2)CCC1=O,279,0.862420643,0.263888889,0.02,0.70356312
N#Cc1ccccc1N1NC(=O)CCc2ccc(N)cc21,279,0.783789404,0.275362319,0.05,0.822522162
N#Cc1ccccc1N1NNc2ccc(C3CCC3=O)cc21,279,0.889607727,0.260273973,0.07,0.735436033
N#Cc1ccccc1N1NNc2ccc(-c3ccsc3)cc21,279,0.742102726,0.219178082,0.21,0.800810015
N#Cc1ccccc1N1NCC(c2ccc(=O)[nH]c2)CCC1=O,279,0.882781149,0.256756757,0.09,0.738678612
N#Cc1ccccc1N1CCC(=O)Nc2ccc(C#N)cc21,279,0.874533685,0.313432836,0.09,0.837608516
N#Cc1ccccc1-c1ccc2c(c1)C(=O)NCCN2C(O)CO,279,0.785440036,0.215189873,0.4,0.757139805
N#Cc1ccccc1-c1ccc2c(c1)C(=O)NCCN2C1CC1,279,0.927753714,0.210526316,0.42,0.847395115
N#Cc1ccccc1-c1ccc2c(c1)C(=O)NCCN2C,279,0.870514514,0.219178082,0.42,0.850882931
N#Cc1ccccc1-c1ccc2c(c1)C(=O)NCCNC2C=O,279,0.828917479,0.181818182,0.46,0.742141316
N#Cc1ccccc1-c1ccc2c(c1)C(=O)NCC=C2N,279,0.837531224,0.191780822,0.41,0.814533957
N#Cc1ccccc1-c1ccc2c(c1)C(=O)NCC2C#N,279,0.867069562,0.191780822,0.41,0.767373188
N#Cc1ccccc1-c1ccc2c(c1)C(=O)NCCSC2N,279,0.848569338,0.194805195,0.44,0.752342118
N#Cc1ccccc1-c1ccc2c(c1)C(=O)NCCS2,279,0.873123661,0.208333333,0.47,0.837628602
N#Cc1ccccc1-c1ccc2c(c1)C(=O)NCCN2,279,0.829857854,0.220588235,0.57,0.845271042
N#Cc1ccccc1-c1ccc2c(c1)C(=O)NCCNC2=O,279,0.83863659,0.208955224,0.45,0.844829761
N#Cc1ccccc1-c1ccc2c(c1)C(=O)NCCNCCN2,279,0.752640432,0.211267606,0.57,0.779802409
COc1ccc(-c2nnc(SC3CCOC3=O)n2C2CCCC2)cc1,280,0.761680623,0.754385965,0.02,0.79428474
COc1ccc(-c2nnc(SC)n2C2CCCCC2=O)cc1,280,0.809353883,0.371428571,0.01,0.803482045
COc1ccc(-c2nnc(SC)n2C2CCCCC2)cc1,280,0.794383382,0.475409836,0.01,0.88423304
COc1ccc(-c2ncc(SC)c(=O)n2C2CCCC2)cc1,280,0.805755773,0.342857143,0.04,0.846885195
COc1ccc(C2=NN=C(SC)C2)cc1N1CCCCC1=O,280,0.860628196,0.253164557,0.12,0.800779212
COc1ccc(-c2ncc(SC3CCCCC3)c(=O)n2C)cc1,280,0.853158214,0.301369863,0.02,0.840671338
COc1ccccc1-c1ncc(S(=O)CC2CCCC2)n1C,280,0.848537914,0.243589744,0.05,0.7548608
COc1ccccc1-c1ncc(S(=O)CC2CCCC2)c(=O)[nH]1,280,0.913643134,0.207317073,0.14,0.761931526
COc1ccccc1-c1ncc(S(=O)CC2CC2)c(=O)[nH]1,280,0.916324887,0.182926829,0.14,0.757545022
COc1ccccc1-c1ncc(SC2CCCCO2)c(=O)[nH]1,280,0.938372299,0.265822785,0.1,0.761600215
COc1ccc(-c2ccc(=O)n(C)c2)nc1NC1CC1,280,0.924116576,0.27027027,0.1,0.851678801
COc1ccc(-c2ccc(=O)n(C)c2)nc1OC1CCCC1,280,0.870991536,0.283783784,0.1,0.843997283
COc1ccc(-c2ccc(=O)n(C)n2)cc1NC1CCCC1,280,0.942923644,0.315068493,0.06,0.873577502
COc1ccccc1-c1ncc(OC2CCCCNC2=O)cn1,280,0.936499765,0.2125,0.12,0.792875888
COc1cc(-c2ccc(=O)n(C)c2)cnc1OC1CCCCN1,280,0.933795266,0.294871795,0.29,0.747603553
COc1cc(-c2ccc(Cl)cc2)nnc1OC1CCCCNC1=O,280,0.920197332,0.265822785,0.22,0.780332729
COc1cc(-c2ccc(F)cc2)nnc1OC1CCCCNC1=O,280,0.930764208,0.265822785,0.21,0.779757032
COc1cc(F)c(-c2cccnc2)nc1OC1CCCCNC1=O,280,0.930764208,0.238095238,0.14,0.763578437
COc1ccc(-c2ccc(F)cc2)c(OC2CCCCNC2=O)c1,280,0.933037251,0.227848101,0.15,0.818592707
COc1nc(-c2ccc(F)cc2)ccc1NC1CCCCNC1=O,280,0.905091853,0.204819277,0.22,0.805438414
COc1nc(-c2ccc(F)cc2)cnc1Nc1ccc(=O)n(C)c1,280,0.798217963,0.152941176,0.2,0.84307994
COc1ccc(-c2ccc(F)cc2)cc1-c1cnc(N)c(=O)[nH]1,280,0.779107466,0.205128205,0.43,0.86770781
COc1nc(-c2ccc(F)cc2)cnc1NC1CCCCNC1=O,280,0.899982022,0.2,0.28,0.79002682
COc1cc(-c2ccc(F)cc2)cnc1NC1CCCCNC1=O,280,0.905091853,0.2625,0.34,0.802979329
COc1cc(-c2ccc(F)cc2)cnc1NC1CCCCNC(=O)C1,280,0.893402806,0.256097561,0.38,0.799060419
CCc1ccccc1NC(=O)C(C)n1nc([N+](=O)[O-])cc1Br,281,0.648495942,0.678571429,0.02,0.781925183
CCc1ccccc1NC(=O)C(C)n1ncc([N+](=O)[O-])c1C,281,0.6789043,0.660714286,0.01,0.818210311
CCc1ccccc1NC(=O)C(C)n1cc([N+](=O)[O-])cn1,281,0.675874515,0.559322034,0.12,0.823865487
CCc1ccccc1NC(=O)C(C)n1cc(Br)cn1,281,0.937583408,0.517241379,0.04,0.831302219
CCc1ccccc1NC(=O)C(C)n1cc(Br)cnc1=O,281,0.92232473,0.491803279,0.02,0.807419598
CCc1ccccc1NC(=O)C(C)n1cc(Br)ccc1=O,281,0.920168602,0.517241379,0.03,0.831108988
CCc1ccccc1NC(=O)C(C)n1cc(CBr)cnc1=O,281,0.830192498,0.453125,0.06,0.784655519
CCc1ccccc1NC(=O)C(C)n1cc(CO)ccc1=O,281,0.88804677,0.459016393,0.01,0.82286586
CCc1ccccc1NC(=O)C(C)n1cc(CO)cnc1=O,281,0.876221357,0.4375,0.03,0.798957159
CCc1ccccc1NC(=O)C(C)n1cc(CO)cn1,281,0.876699019,0.459016393,0.04,0.824673087
CCc1cccc(NC(=O)C(C)n2cc(Br)cn2)c1,281,0.937583408,0.31884058,0.09,0.832389012
CCc1cccc(NC(=O)C(C)n2cc(CO)cn2)c1,281,0.876699019,0.281690141,0.11,0.825701658
CCc1cccc(NC(=O)C(C)n2cc(Cl)cn2)c1,281,0.932000928,0.281690141,0.1,0.836107154
CCc1cccc(NC(=O)C(C)n2cc(I)cn2)c1,281,0.841561262,0.281690141,0.12,0.818887996
CCc1cccc(NC(=O)C(C)n2cc(C)cn2)c1,281,0.91497813,0.304347826,0.13,0.837771595
CC1CCC(C(C)C)C(OCC(O)CNc2ccccc2)C1,282,0.80157294,0.725490196,0.02,0.74137897
CC1CCC(C(C)C)C(OCC(O)c2ccccc2)C1,282,0.873164516,0.693877551,0.01,0.745231492
CC1CCC(C(C)CNC(C)c2ccccc2)C1,282,0.809968377,0.519230769,0,0.753159462
CC1CCC(NCC(C)c2ccccc2)C(C)C1,282,0.837833806,0.385964912,0,0.760522358
CC1CCC(NC(C)C(C)c2ccccc2)C1,282,0.826864952,0.357142857,0.01,0.753239097
CC1CCC(NCC(C)c2ccccc2)C1C,282,0.83050469,0.305084746,0,0.765295187
CC1CCC(NCC(C)c2ccccc2)C1,282,0.812727157,0.425925926,0,0.796677395
CC1CCC(NCC(O)c2ccccc2)C1,282,0.815180937,0.444444444,0,0.796906157
CC1CCC(NCC(O)c2ccccc2)CC1,282,0.837828127,0.381818182,0,0.851574033
CC1CCC(NCC(O)c2cccnc2)C1,282,0.814215798,0.35483871,0.02,0.764704485
CC1CCC(NCC(O)c2cccnc2)CC1,282,0.839832176,0.301587302,0.02,0.821343892
CC1CCC(OCC(O)c2cccnc2)CC1,282,0.872146876,0.322580645,0.02,0.804268225
CC1CCC(OCC(N)c2cccnc2)CC1,282,0.87096178,0.28125,0.09,0.79870025
CC1CCC(OCC(N)c2cncnc2)CC1,282,0.867517548,0.258064516,0.16,0.770227094
CC1CCC(OCC(N)c2ccncc2)CC1,282,0.87096178,0.258064516,0.19,0.796050014
CC1CCC(OCC(N)c2ccncc2)C1,282,0.846524476,0.290322581,0.19,0.741168699
Cc1nc(N2CCN(Cc3ccccc3)CC2)nc2c1C(=O)CC(C)(C)C2,283,0.836617187,0.587301587,0.03,0.852870964
Cc1nc(N2CCN(Cc3ccccc3)CC2)nc2c1C(=O)CC(C)C2,283,0.851865843,0.694915254,0,0.807912382
Nc1nc(N2CCN(Cc3ccccc3)CC2)nc2c1COC(C)(C)C2,283,0.912684356,0.402777778,0.03,0.834925202
Nc1nc(CN2CCN(Cc3ccccc3)CC2)nc2c1COC(C)C2,283,0.904609548,0.337837838,0.07,0.778932415
Nc1nc(CN2CCN(Cc3ccccc3)CC2)nc2c1COCCC2,283,0.904633262,0.306666667,0.04,0.842590308
Nc1nc(CN2CCNCC2)nc2c1C(=O)CC(Cc1ccccc1)C2,283,0.867392751,0.337662338,0.14,0.769201038
Nc1nc(N2CCN(Cc3ccccc3)CC2)nc2c1C(=O)CC(C)C2,283,0.913130298,0.553846154,0.08,0.800093305
Cc1nc(N2CCC(CN)CC2)nc2c1C(=O)CC(Cc1ccccc1)C2,283,0.902974281,0.492753623,0.1,0.777737142
Nc1nc(C2CCN(C(=O)c3ccccc3)CC2)nc2c1COC(C)C2,283,0.898141523,0.211764706,0.06,0.770073818
Nc1nc(N2CCN(C(=O)c3ccccc3)CC2)nc2c1COCCC2,283,0.880381277,0.259259259,0.05,0.845573062
Nc1nc(N2CCN(C(=O)c3ccccc3)CC2)nc2c1COCCC2O,283,0.812719875,0.226190476,0.18,0.778222744
Cc1nc(N2CCC(CN)CC2)nc2c1C(=O)C(Cc1ccccc1)C2,283,0.91739768,0.430555556,0.09,0.77101351
Cc1nc(N2CCC(C)(C)CC2)nc2c(CNCc3ccccc3)cccc12,283,0.692721616,0.294871795,0.04,0.846106284
Cc1nc(N2CCN(C3CC3)C2)nc2c(CNCc3ccccc3)c[nH]c12,283,0.706098316,0.273809524,0.14,0.804625753
Cc1nc(N2CCC(CO)CC2)nc2c(Cc3ccccc3)[nH]nc12,283,0.764543989,0.311688312,0.19,0.818519491
Cc1nc(N2CCC(C)CC2)nc2c(Cc3ccccc3)[nH]nc12,283,0.802084772,0.324324324,0.16,0.826718162
Cc1nc(N2CCOCC2)nc2c(CNCc3ccccc3)n[nH]c12,283,0.738322725,0.307692308,0.14,0.821169775
Cc1cc(N2CCN(Cc3cccc(Cl)c3)C(C)C2)nnc1N,283,0.936777564,0.214285714,0.18,0.789978224
Cc1cc(N2CCN(Cc3ccccc3)C(CO)C2)nnc1Cl,283,0.929149182,0.253164557,0,0.796493996
Cc1nc(N2CCN(Cc3ccccc3)C(CO)C2)ncc1Cl,283,0.929149182,0.315789474,0.05,0.803573717
Nc1nc(C2CCN(Cc3ccccc3)C(CO)C2)ncc1Cl,283,0.899142357,0.21686747,0.12,0.752256646
Nc1nc(N2CCOCC2)nc2c(Cc3ccccc3)c[nH]c12,283,0.772963696,0.240506329,0.19,0.839938266
Nc1nc(N2CCN(Cc3ccccc3)C(CO)C2)ncc1Cl,283,0.880167424,0.25,0.12,0.794874649
Nc1nc(N2CCN(Cc3ccccc3)C(=O)C2)ncc1Cl,283,0.92951758,0.276315789,0.12,0.85224075
Nc1nc(N2CCN(Cc3ccccc3)C(=O)C2)ncc1CCl,283,0.862081462,0.269230769,0.14,0.841944532
Nc1cc(CN2CCN(Cc3ccccc3)C(=O)C2)cnc1Cl,283,0.8726289,0.25974026,0.04,0.857743833
Nc1cc(CN2CCN(c3ccccc3)C(=O)C2)cnc1CCl,283,0.873384905,0.2375,0.08,0.837145697
Nc1c(N2CCN(c3ccccc3)CC2CO)cnc(Cl)c1Cl,283,0.830932998,0.192771084,0.09,0.770597633
Nc1c(N2CCN(c3ccccc3)CC2CO)cnc(Cl)c1N,283,0.738749647,0.195121951,0.09,0.765018461
Nc1c(N2CCN(c3ccccc3)CC2CCO)cnc(Cl)c1N,283,0.732397341,0.19047619,0.08,0.764097723
Nc1nc(N2CCN(c3ccccc3)CC2CCO)cnc1Cl,283,0.887823657,0.202380952,0.21,0.775758332
Nc1nc(N2CCN(c3ccccc3)C(=O)C2)cnc1CCCCCl,283,0.633085775,0.202380952,0.22,0.819749222
Nc1nc(N2CCN(c3ccccc3)C(=O)C2CCO)cnc1Cl,283,0.865573297,0.2,0.21,0.756450212
Nc1nc(N2CCN(Cc3ccccc3)CC2CCO)cnc1Cl,283,0.858116821,0.259259259,0.18,0.782305527
Nc1nc(N2CCN(Cc3ccccc3)C(=O)C2)cnc1Cl,283,0.92951758,0.25974026,0.16,0.843881532
Nc1nc(N2CCN(Cc3ccccc3)C(CCO)C2)cnc1Cl,283,0.858116821,0.228915663,0.16,0.784965728
Nc1nc(N2CCN(Cc3ccccc3)CC2CO)cnc1Cl,283,0.880167424,0.265822785,0.18,0.784088868
COc1ccc(C2(C#N)CC[N+](C)(C)CC2)cc1,284,0.749166874,1,0.02,0.791678389
COc1ccc(C2(C#N)CCN(C)CC2)c(OC)c1,284,0.835435255,0.395833333,0,0.844368082
COc1ccc(C2(C#N)CCNCC2)cc1C1(C)CC1,284,0.918237993,0.38,0.09,0.786601053
COc1ccc(C2(C#N)CCNCC2)cc1C1CCC1,284,0.917578776,0.358490566,0.04,0.8145704
COc1ccc(C2(C#N)CCNCC2)cc1C1CCCC1,284,0.923682947,0.358490566,0.04,0.817068097
COc1ccc(-c2nc(C#N)c[nH]2)c(C2(C)CC2)c1,284,0.914160661,0.285714286,0.19,0.765974759
COc1ccc(-c2nc(C#N)c[nH]2)c(C2(Cl)CC2)c1,284,0.873826322,0.280701754,0.14,0.748325121
COc1ccc(-c2nc(C#N)c(C3CNCCO3)[nH]2)cc1Cl,284,0.906780887,0.169014085,0.17,0.74087301
COc1ccc(-c2nc(C#N)c(C3(N)CCOCC3)[nH]2)cc1,284,0.901966057,0.315789474,0.22,0.791238308
COc1ccc(-c2nc(C#N)c(C3(N)CCCCC3)[nH]2)cc1,284,0.910727789,0.327272727,0.22,0.806606074
COc1ccc(-c2nc(C#N)c(C3(N4CCOCC4)CC3)[nH]2)cc1,284,0.933738042,0.3,0.21,0.795842806
COc1ccc(-c2nc(C#N)c(-C3(N)CCCCC3)[nH]2)cc1,284,0.910727789,0.327272727,0.22,0.806606074
COc1ccc(-c2[nH]c(C#N)c(C3(N=C=O)CCCC3)c2)cc1,284,0.691177159,0.310344828,0.2,0.754045231
COc1ccc(-c2[nH]c(C#N)c(C3(N)CCCCC3)c2OC)cc1,284,0.897654765,0.351851852,0.22,0.796400981
COc1ccc(-c2[nH]c(C#N)c(C3(N)CCCCC3)c2)cc1,284,0.906627154,0.333333333,0.24,0.805947466
COc1ccc(-c2[nH]c(C#N)nc2C2(N)CCCCC2)cc1,284,0.910727789,0.327272727,0.13,0.786882997
COc1ccc(-c2[nH]c(C#N)cc2OC2CCCCC2)cc1,284,0.916049293,0.285714286,0.14,0.828202667
COc1ccc(-c2[nH]c(C#N)cc2OC2CCCC2)cc1,284,0.925289137,0.290909091,0.13,0.826621943
COc1ccc(-c2[nH]c(C)cc2C2(N)CCCC2)cc1,284,0.892573695,0.288461538,0.12,0.826886729
COc1ccc(-c2cc(C3(N)CCCC3)c[nH]2)cc1,284,0.883711443,0.294117647,0.16,0.826622037
COc1ccc(-c2c(CN)[nH]c3ccccc23)cc1,284,0.751060425,0.226415094,0.12,0.887846652
COc1ccc(-c2cc(C3(O)CCCC3)n[nH]2)cc1,284,0.889638095,0.264150943,0.01,0.83068833
COc1ccc(-c2cc(C3(O)CCCC3)[nH]c2C)cc1,284,0.89243198,0.288461538,0.06,0.82239901
COc1ccc(-c2nc(C3(C#N)CC3C)c[nH]2)cc1,284,0.914421755,0.314814815,0.2,0.70368847
COc1ccc(-c2nc3cc[nH]c3cc2C(C)CN)cc1,284,0.770889941,0.177419355,0.25,0.796872932
COc1ccc(-c2nc3ccc(C#N)cc3[nH]2)c(OC)c1,284,0.799234039,0.24137931,0.18,0.87865088
COc1ccc(-c2n[nH]c3ccc(C4(N)CC4)cc23)cc1,284,0.773586027,0.296296296,0.5,0.854415239
COc1ccc(-c2n[nH]c3ccc(C4(C#N)CCCC4)cc23)cc1,284,0.769165971,0.442307692,0.44,0.835845415
COc1ccc(-c2n[nH]c3ccc(C4(C#N)CCNCC4)cc23)cc1,284,0.770939358,0.425925926,0.45,0.817579555
COc1cc(-c2n[nH]c3ccc(-c4ccc(C#N)cc4)cc23)ccn1,284,0.612868228,0.158730159,0.74,0.854059218
COc1cc(-c2n[nH]c3ccc(C4(C#N)CCCC4)cc23)ccn1,284,0.792640612,0.322033898,0.49,0.802210909
COc1cc(-c2n[nH]c3ccc(C4(C#N)CC4)cc23)ccn1,284,0.803494015,0.333333333,0.49,0.807956257
COc1cc(-c2n[nH]c3ccc(C4(C#N)CCNCC4)cc23)ccc1C,284,0.758395473,0.306451613,0.45,0.804590228
COc1cc(-c2n[nH]c3ccc(C4(C#N)CCCC4)cc23)ccc1C,284,0.743587398,0.316666667,0.44,0.822066743
COc1cc(-c2n[nH]c3ccc(C4(C#N)CCOCC4)cc23)ccn1,284,0.794937401,0.306451613,0.48,0.792351525
COc1cc(-c2c[nH]c3ncc(C4(C#N)CCCC4)cc23)ccn1,284,0.792640612,0.285714286,0.68,0.789408272
COc1cc(-c2c[nH]c3ncc(C4(C#N)CC4)cc23)ccc1F,284,0.797101294,0.285714286,0.65,0.812075857
COc1cc(-c2c[nH]c3ncc(C4(C#N)CC4)cc23)ccc1O,284,0.775605884,0.285714286,0.61,0.810933135
COc1cc(-c2c[nH]c3ncc(C4(C#N)CC4)cc23)ccn1,284,0.803494015,0.295081967,0.68,0.793731104
O=C(CC1Oc2ccccc2NC1=O)NCCCN1CCN(C2CC2)CC1,285,0.700508733,0.912280702,0,0.79605371
O=C(CC1Cc2ccccc2N1)NCCCN1CCN(C2CC2)CC1,285,0.74071119,0.544117647,0.02,0.79793553
O=C1CCc2cscc2NC1CN1CCN(C2CCCC2)CC1,285,0.922232736,0.285714286,0.07,0.739169171
O=C1CCc2ccccc2NC1CN1CCN(C2CC2)CC1,285,0.92243894,0.315068493,0.07,0.785954061
CCCCN1CCN(Cc2cc3ccccc3[nH]2)CC1,285,0.902556299,0.210526316,0.01,0.891023553
CCCCN1CCN(c2ccc3c(c2)NC(=O)C3)CC1,285,0.912328405,0.230769231,0.03,0.873028867
CCCCN1CCN(Cc2ccc3c(c2)NC(=O)C3)CC1,285,0.900625885,0.230769231,0.04,0.875064818
CCCCN1c2ccccc2NC(=O)C12CCN(CC)CC2,285,0.927991812,0.227848101,0.02,0.789641264
CCCCN1CCN(Cc2ccc3c(c2)NC(=O)C(CC)N3)CC1,285,0.841915709,0.269230769,0.03,0.802636408
CCCCN1CCN(CC2CCc3ccccc3NC2=O)CC1,285,0.907070642,0.337837838,0.04,0.812225141
O=C1Nc2ccccc2NC1CCN1CCN(C2CCCCC2)CC1,285,0.88327771,0.484848485,0.04,0.797420877
O=C1Nc2ccccc2C1N1CCN(Cc2cn3c(n2)CCC3)CC1,285,0.925118887,0.280487805,0.13,0.762362042
O=C1Nc2ccccc2C1=CN1CCN(C2CCCC2)CC1,285,0.852196032,0.342857143,0.29,0.83539463
O=C1Nc2ccccc2C1=CNN1CCN(C2CCCC2)CC1,285,0.838766781,0.342465753,0.26,0.833808854
O=C1Nc2ccccc2C1=CNN1CCN(Cc2ccsc2)CC1,285,0.839149242,0.209302326,0.3,0.82828522
O=C1Nc2ccccc2C1=C1CCN(Cc2ccsc2)CC1,285,0.856876788,0.192771084,0.35,0.837159364
O=C1Nc2ccccc2C1=C1CCN(Cc2ccon2)CC1,285,0.865422288,0.219512195,0.3,0.814440074
O=C1Nc2ccccc2C1=C1CCN(C2CCOC2)CC1,285,0.804455409,0.256410256,0.34,0.772398258
O=C1Nc2ccccc2C1=C1CCN(C2CCCC2)CC1,285,0.800363901,0.328571429,0.33,0.843756223
O=C1Nc2ccccc2C1=C1CCN(CC2CCSC2)CC1,285,0.850664264,0.21686747,0.27,0.752630489
O=C1Nc2ccccc2C1=C1CCN(CN2CCCC2)CC1,285,0.852201958,0.226666667,0.36,0.836715104
O=C1Nc2ccccc2C1=C1CCN(CCN2CCCC2)CC1,285,0.871659394,0.260273973,0.37,0.848692338
NC(=O)C1C=C(c2ccc3c(c2)OCO3)CC(OCc2ccc(CO)cc2)C1,286,0.802910399,0.683333333,0.07,0.729278133
NC(=O)C1C=C(c2ccc3c(c2)OCO3)CC(OCc2cccnc2)C1,286,0.894324674,0.492957746,0.19,0.721377282
NC(N)=C1C=C(c2ccc3c(c2)OCO3)CC(OCc2ccccc2)N1,286,0.783513814,0.449275362,0.08,0.740196787
N#CC1=CC(c2ccc(CO)cc2)CC1c1ccc2c(c1)OCCO2,286,0.930730445,0.287671233,0.05,0.727696833
NC(=O)C1C=C(c2ccc3c(c2)OCO3)C(c2ccccc2)CCN1,286,0.90276263,0.342465753,0.15,0.722261427
NCC(O)C1C=C(c2ccc3c(c2)OCO3)C(c2ccccn2)CCN1,286,0.774574455,0.265060241,0.29,0.660101889
NCC(O)C1C=C(c2ccc3c(c2)OCO3)C=C(c2ccccn2)C1N,286,0.772175539,0.268292683,0.17,0.666981203
NCC(O)CC1C=C(c2ccc3c(c2)OCO3)c2nc(CCN)ccc21,286,0.727920423,0.271604938,0.08,0.686341214
NCC(O)CC1C=C(c2ccc3c(c2)OCO3)c2cc(CCN)ccc21,286,0.741033282,0.311688312,0.07,0.709914547
NCC(O)CC1C=C(c2ccc3c(c2)OCO3)c2cc(C#N)ccc21,286,0.896789044,0.275,0.08,0.707476935
NCC(O)CC1C=C(c2ccc3c(c2)OCO3)c2ncc(CCN)cc21,286,0.727920423,0.283950617,0.17,0.68654983
NCC(=O)CC1C=C(c2ccc3c(c2)OCO3)c2ncc(CO)cc21,286,0.86238316,0.391891892,0.25,0.720332214
NCC(=O)CC1C=C(c2ccc3c(c2)OCO3)C1c1ncccn1,286,0.90431843,0.342465753,0.14,0.693967639
NCC(F)CC1C=C(c2ccc3c(c2)OCO3)C1c1ncccn1,286,0.914127109,0.293333333,0.17,0.661643438
NCC1C=C(c2ccc3c(c2)OCO3)N1Cc1ncc2ccccc2n1,286,0.782560427,0.259259259,0.2,0.735402476
NCC1C=C(c2ccc3c(c2)OCO3)CN1Cc1ncc2ccccc2n1,286,0.77091202,0.283950617,0.21,0.734553035
NCC1C=C(c2ccc3c(c2)OCO3)CC1c1ncc2ccccc2n1,286,0.786552182,0.328947368,0.14,0.717504121
NCC1C=C(c2ccc3c(c2)CCO3)CN1Cc1noc2ccccc12,286,0.785938108,0.204545455,0.21,0.7259785
NCC1C=C(c2ccc3c(c2)OCO3)CN1Cc1noc2cccc(F)c12,286,0.764354206,0.273809524,0.13,0.710044897
NCC1C=C(c2ccc3c(c2)OCO3)CN1Cc1cnc2occc2c1,286,0.780706623,0.296296296,0.22,0.706231847
NCC1C=C(c2ccc3c(c2)OCO3)CN1Cc1cnc2[nH]ccc2c1,286,0.757614866,0.292682927,0.47,0.717614264
NCC1C=C(c2ccc3c(c2)OCO3)CN1Cc1cnc2[nH]c3ccccc3c2c1,286,0.548547528,0.279069767,0.37,0.732223134
NCC1C=C(c2ccc3c(c2)OCO3)c2cccnc2N1Cc1cnc2[nH]ccc2c1,286,0.534594681,0.239130435,0.49,0.714266434
NCC1C=C(c2ccc3c(c2)OCO3)CN(Cc2ccc3[nH]ccc3c2)C1CNC=O,286,0.512896985,0.292134831,0.23,0.668893557
NCC1C=C(c2ccc3c(c2)OCO3)CN(CCCc2cnc3[nH]ccc3c2)C1=N,286,0.586945651,0.266666667,0.43,0.698080905
NCC1C=C(c2ccc3c(c2)OCO3)CN(CCc2cnc3[nH]ccc3c2)C1=N,286,0.623011999,0.272727273,0.43,0.697995834
NCC1C=C(c2ccc3c(c2)OCO3)CN(CCc2c[nH]c3ncccc23)C1=NO,286,0.444714355,0.266666667,0.62,0.697553632
NCC1C=C(c2ccc3c(c2)OCO3)CN(CCc2c[nH]c3ncccc23)C1,286,0.716100113,0.270588235,0.65,0.733070234
NCC1C=C(c2ccc3c(c2)OCO3)CN(Cc2cnc3[nH]ccc3c2)C1=N,286,0.651003023,0.279069767,0.47,0.699348706
NCC1C=C(c2ccc3c(c2)OCO3)CN(Cc2cnc3[nH]ccc3c2)C1,286,0.746328127,0.289156627,0.47,0.724465919
NCC1C=C(c2ccc3c(c2)OCO3)CN(c2cnc3[nH]ccc3c2)C(CN)C1,286,0.631479828,0.270588235,0.45,0.669159532
NCC1C=C(c2cc(OC=O)ccn2)C(Cc2cnc3[nH]ccc3c2)C(Cl)C1,286,0.492043927,0.118811881,0.39,0.6117396
NCC1C=C(c2ccc3c(c2)OCO3)CN(c2cnc3[nH]ccc3c2)C(O)C1,286,0.647931383,0.282352941,0.46,0.669272377
NCC1C=C(c2ccc3c(c2)OCCO3)CN(c2cnc3[nH]ccc3c2)C(O)C1,286,0.633838284,0.25,0.47,0.66965564
NCC1C=C(c2ccc3c(c2)OCCO3)C(c2cnc3[nH]ccc3c2)C(Cl)C1,286,0.654989942,0.202247191,0.43,0.644835273
NCC1C=C(c2ccc3c(c2)OCCO3)CN(c2cnc3c(Cl)c[nH]c3c2)C1,286,0.70854019,0.238636364,0.45,0.703762965
NCC1C=C(c2ccc3c(c2)OCO3)CN(c2cnc3c(Cl)cccc3n2)C1,286,0.732615588,0.270588235,0.23,0.728230319
NCC1C=C(c2ccc3c(c2)OCO3)C=C(c2cnc3[nH]ccc3c2)C(Cl)C1,286,0.648843163,0.24137931,0.56,0.664005773
NCC1C=C(c2ccc3c(c2)OCO3)C=C(c2cnc3[nH]ccc3c2)C1Cl,286,0.675543763,0.247058824,0.52,0.673812551
NCC1C=C(c2ccc3c(c2)OCO3)CN=C(c2cnc3[nH]ccc3c2)C1,286,0.75129688,0.296296296,0.55,0.699274189
NCC1C=C(c2ccc3c(c2)CCO3)CN=C(c2cnc3[nH]ccc3c2)C1,286,0.753748183,0.224719101,0.59,0.693678612
NCC1C=C(c2ccc3c(c2)CCO3)CN=C(c2cnc3[nH]ccc3c2)C1O,286,0.655434977,0.206521739,0.59,0.655896955
CCC1C=C(c2ccc3c(c2)OCO3)CN=C(c2cnc3[nH]ccc3c2)C1O,286,0.733501037,0.270588235,0.46,0.668919657
CCC1C=C(c2ccc3c(c2)C(C)O3)CN=C1c1cc(-c2ncc[nH]2)ccn1,286,0.714804367,0.161290323,0.37,0.656187386
CCC1C=C(c2ccc3c(c2)CCO3)CN=C1c1cc(-c2cnc[nH]2)ccc1OC,286,0.661544192,0.189473684,0.26,0.709493142
CCC1C=C(c2ccc3c(c2)OCO3)CN=C1c1cc(-c2cnc[nH]2)ccc1C,286,0.685441614,0.258823529,0.19,0.712191128
CCC1C=C(c2ccc3c(c2)OCO3)CN=C1c1ccc2[nH]cc(C)c2c1,286,0.706433661,0.271604938,0.26,0.727574206
NCC1C=C(c2ccc3c(c2)OCO3)C=C(c2cnc3[nH]ccc3c2)C1C,286,0.741721554,0.247058824,0.53,0.680795025
NCC1Oc2ccc(-c3cnc4c(c3)OCO4)cc2C1c1cnc2[nH]ccc2c1,286,0.561411243,0.202247191,0.48,0.683449922
COc1ccc(C=C2SC(NN=C3CCC(C)(C)CC3(C)C)=NC2=O)cc1,287,0.596815238,0.646153846,0.09,0.780464432
COc1ccc(C=C2SC(NN=C3CCC(C)(C)CC3C)=NC2=O)cc1,287,0.629412738,0.602941176,0.09,0.74745634
COc1ccc(C=C2SC(NN=C3CC(C)(C)C3)=NC2=O)cc1,287,0.681497712,0.629032258,0.07,0.818622584
COc1ccc(C=C2SC(NN=CC(C)(C)C)=NC2=O)cc1,287,0.52773368,0.53125,0.12,0.818207927
COc1ccc(C=C2SC(NC(=O)C(C)(C)C)=NC2=O)cc1,287,0.851502154,0.46969697,0.05,0.855787747
COc1ccc(C=C2SC(=NOC(C)(C)C)NC2=O)cc1,287,0.688710441,0.376811594,0.385,0.800124744
COc1ccc(C=C2SC(NCCC(C)(C)C)=NC2=O)cc1,287,0.860269712,0.462686567,0.26,0.84715446
COc1ccc(C=C2SC(=NOC(C)(C)C)NC2=O)cc1C,287,0.685593212,0.265822785,0.47,0.787032362
COc1ccc(C=C2SC(=NC(C)(C)C)NC2=O)cc1,287,0.851697713,0.367647059,0.395,0.802090164
COc1ccc(C=C2SC(=NC(C)(C)C)NC2=O)cc1OC,287,0.869654954,0.263157895,0.5,0.801888003
COc1ccc(C=C2SC(=NC(C)C)NC2=O)cc1OC,287,0.868893737,0.28,0.53,0.805370632
COc1cc(C=C2SC(=NC(C)C)NC2=O)ccc1O,287,0.839067847,0.269230769,0.79,0.787079255
COc1cc(C=C2SC(=NC(C)(C)C)NC2=O)ccc1O,287,0.824263168,0.253164557,0.82,0.784368343
COc1cc(C=C2SC(=NC3CCCCC3)NC2=O)ccc1O,287,0.833342917,0.271604938,0.74,0.79045945
COc1cc(C=C2SC(=NC3CCC3)NC2=O)ccc1O,287,0.8418114,0.275,0.73,0.786452114
COc1cc(C=C2SC(=NC3CC3)NC2=O)ccc1O,287,0.836559985,0.282051282,0.79,0.782614515
Cc1ccc(C(=O)N=C2CC3C(=O)CCC=C3CC2=O)cc1,288,0.748318646,0.634615385,0,0.720288847
Cc1ccc(C(=O)N=C2CC3C(=O)CCC=C3C2=O)cc1,288,0.793921602,0.673469388,0,0.733905648
Cc1ccc(C(=O)N=C2CC3C(=CCCC3F)C2=O)cc1,288,0.794988195,0.448275862,0.01,0.691277006
Cc1ccc(C(=O)N=C2C(=C3CCCNC3=O)C2F)cc1,288,0.804024475,0.34375,0.07,0.735706169
Cc1ccc2c(c1)CC1C(=O)N=C([O-])NC1=CC2=O,288,0.711452953,0.217391304,0.08,0.674010782
Cc1ccc2c(c1)CC1C(=O)NC(=O)C1=C2NCCF,288,0.811345623,0.191780822,0.24,0.720205504
CC(C)=C1C(=O)Nc2cc(C3CCCCC3=O)ccc21,288,0.790774334,0.205882353,0.27,0.771474735
Cc1ccc2c(c1)C(=O)NC(=C1CCCCC1=O)C2=NF,288,0.745490838,0.185714286,0.21,0.770914435
Cc1ccc2c(c1)C(=O)NC(=C1CCCCC1=O)C2=NCF,288,0.640195883,0.178082192,0.27,0.765613065
Cc1ccc2c(c1)C(=O)NC(=C1CCCCC1=O)C2=NCCF,288,0.853377347,0.173333333,0.25,0.766819289
Cc1ccc2c(c1)C(F)(F)C(=CC1CCCNC1=O)NC2=O,288,0.835792399,0.157894737,0.15,0.691297386
Cc1ccc2c(c1F)C(=C1C(=O)CCCC1=O)C(C)(C)N2,288,0.587268132,0.142857143,0.07,0.776075225
Cc1ccc2c(c1)C(=C1C(=O)CCCC1=O)C(F)=C2CN,288,0.637250291,0.176470588,0.08,0.780281773
Cc1ccc2c(C(F)=C3CCCNC3=O)n[nH]c(=O)c2c1,288,0.785619195,0.175675676,0.23,0.779324865
Cc1ccc2[nH]cc(C(=O)N=C3CCCNC3=O)c2c1F,288,0.842603497,0.236111111,0.13,0.770555113
Cc1ccc2[nH]nc(C(F)=C3CCCNC3=O)c2c1,288,0.772815266,0.180555556,0.2,0.77655724
Cc1ccc2[nH]cnc(=NCC3CCCO3)c2c1F,288,0.899554549,0.128205128,0.06,0.714191128
CNc1ncnc(NC2CCCc3occc32)c1I,288,0.812959828,0.118421053,0.04,0.717986932
Cc1ncnc(NC2CCCc3cccnc32)c1CO,288,0.894001478,0.142857143,0.14,0.760507011
Cc1ncnc(NC2CCCc3c2cnn3C)c1I,288,0.827400284,0.102564103,0.06,0.740517867
Cc1ncnc(Nc2ccn(C)n2)c1C1CCCCC1,288,0.930151404,0.106666667,0.15,0.81604319
Cc1ncnc(Nc2ccn(C)n2)c1C1=CCCCC1,288,0.929153745,0.131578947,0.19,0.795147169
Cc1nccc(Nc2ccnn2C2CCCC(=O)C2)n1,288,0.927643234,0.157894737,0.08,0.746200645
Cc1nccc(Nc2ccnn2C2CCCC(=O)C2)c1I,288,0.805740692,0.168831169,0.06,0.721479342
Cc1ncnc(Nc2ccn(C)n2)c1-c1ccc(F)cc1,288,0.802293304,0.08,0.24,0.8427337
Cc1nccc(Nc2ccn(C)n2)c1Cc1ccc(F)cc1,288,0.799683006,0.075949367,0.12,0.844513034
Cc1ncnc(Nc2ccccc2)c1C(=O)N1CCCC(O)C1,288,0.907490821,0.153846154,0.15,0.81101008
Nc1ncnc(Nc2ccccc2)c1C(=O)N1CCCC(O)C1,288,0.790969485,0.126582278,0.27,0.80732663
Nc1nccc(Nc2ccccc2)c1C(=O)Nc1ccn(C)n1,288,0.687232345,0.115384615,0.29,0.852414928
Nc1ncnc(Nc2ccccc2)c1C1=NOC(=O)N(C)C1,288,0.833456231,0.128205128,0.34,0.782080311
Nc1ncnc(Nc2ccccc2)c1C1=NC(=O)C2CCCN2C1,288,0.890708209,0.1375,0.34,0.748155965
Nc1ncnc(Nc2cccc(Br)c2)c1C1=NCC(=O)N(C)C1,288,0.853363657,0.120481928,0.39,0.781258579
Nc1ncnc(Nc2cccc(Br)c2)c1C1=CCCCN(C)C1=O,288,0.843842321,0.144578313,0.37,0.800766591
Nc1ncnc(Nc2cccc(Br)c2)c1C1=CCCN(C)C1=O,288,0.863311335,0.148148148,0.38,0.799456212
Nc1ncnc(Nc2cccc(Br)c2)c1C1=CCCN(C)C1,288,0.879419074,0.12345679,0.38,0.806670299
Nc1ncnc(Nc2cccc(Br)c2)c1C1CCCN(C)C1,288,0.876412884,0.108433735,0.36,0.783139188
Nc1ncnc(Nc2cccc(Br)c2)c1C1CCCNC1=O,288,0.780476235,0.135802469,0.43,0.763593889
Nc1ncnc(Nc2cccc(Br)c2)c1C1CCCNC1,288,0.794986702,0.097560976,0.4,0.777047089
Nc1ncnc2c1c(Nc1cccc(Br)c1)nn2CC1CC1,288,0.746872813,0.109756098,0.55,0.824357966
Nc1ncnc2c1c(-c1cccc(Br)c1)cn2C1CCCNC1,288,0.723897399,0.093023256,0.7,0.778702524
Nc1ncnc2c1c(-c1cccc(O)c1)cn2C1CCCNC1,288,0.675765139,0.105882353,0.73,0.776344085
Nc1ncnc2c1c(-c1cccc(O)c1)cn2C1CCCC1,288,0.758024474,0.115384615,0.83,0.848283195
CC1=C(C(=O)OC(C)C)C(c2cccc(F)c2)N2C(=O)C(C)SC2=N1,289,0.773249665,1,0.01,0.74728244
CC1=C(C(=O)C(C)C)C(c2cccc(F)c2)N2C(=O)C(C)SC2=N1,289,0.838410509,0.785714286,0.01,0.733383092
CC1=C(C(=O)C(C)C)C(c2cccc(F)c2)n2c(nc(C)cc2=O)S1,289,0.781435988,0.388888889,0.01,0.738105756
CC1=C(C(=O)N(C)C)C(c2cccc(F)c2)N2C(=O)C(N)=NC2=N1,289,0.869723061,0.434782609,0.05,0.747296066
CC1=C(C(=O)OC(C)C)C(c2cccc(F)c2)N2C(=O)C(N)N=C12,289,0.854004483,0.578125,0.04,0.705788536
CC1=C(C(=O)OC(C)C)C(c2cccc(F)c2)N=C(N)N1C,289,0.87047769,0.46969697,0.03,0.764209985
CC1=C(C(=O)N(C)C)C(c2cccc(F)c2)N=C(N)N1CCl,289,0.683545464,0.306666667,0.02,0.735677521
CC1=C(C(N)C(C)C)C(=O)N(C)C(c2cccc(F)c2)=N1,289,0.944267152,0.260273973,0.12,0.785976467
CC1=C(C(=O)N(C)C)C(c2cccc(F)c2)N=C(N)N1C,289,0.897350202,0.305555556,0.01,0.756952291
CC(C)OC(=O)C1=C(Cc2cccc(F)c2)N=C(N)N1C,289,0.877461237,0.347222222,0.07,0.821814227
CC(C)NC(=O)C1=C(C(N)N)N=C(c2cccc(F)c2)C1C,289,0.731605216,0.301369863,0.14,0.7313255
CC(C)OC(=O)C1=C(C(N)N)N=C(c2cccc(F)c2)CN1C,289,0.636617927,0.356164384,0.09,0.770438674
CC(C)NC(=O)C1=C(C(N)N)N=C(c2cccc(F)c2)CC1C,289,0.737286707,0.293333333,0.08,0.736201305
CC(C)OC(=O)C1=C(C(N)N)N=C(c2cccc(F)c2)CC1C,289,0.656633882,0.4,0.1,0.736041256
CC1=NC(C(=O)NC(C)C)=C(C(N)CCCC)C(c2cccc(F)c2)=N1,289,0.78593476,0.253012048,0.07,0.779620109
CC(C)OC(=O)C1=C(C(C)C)N(C)C(N)=NC1c1cccc(F)c1,289,0.860257472,0.441176471,0.07,0.741227771
CC(C)OC(=O)C1=C(C(C)C)N(C)NC(N)=NC1c1cccc(F)c1,289,0.817413257,0.428571429,0.08,0.71925766
CC1=C(C(=O)OC(C)C)C(c2cccc(F)c2)=NNC(N)=N1,289,0.831367976,0.385714286,0.08,0.780969285
CC1=C(C(=O)OC(C)C)C(c2cccc(F)c2)=NN=C(N)N1,289,0.831367976,0.352112676,0.07,0.783115952
CC(C)OC(=O)C1=C(N)N(C)C(=O)NC1c1cccc(F)c1,289,0.831505868,0.454545455,0.06,0.779106465
CC(C)OC(=O)C1=C(N)NC(c2cccc(F)c2)=NN1C,289,0.815580248,0.347222222,0.04,0.783710853
CC(C)OC(=O)C1=C(N)NC(C)=C(c2cccc(F)c2)N1C,289,0.837436671,0.385714286,0.06,0.796588525
CC(C)OC(=O)C1=C(N)NC(C)=C(c2cccc(F)c2)C1N,289,0.738131758,0.371428571,0.06,0.753039972
CC1=C(C(=O)OC(C)C)C(c2cccc(F)c2)=C(C)N=C1N,289,0.878876084,0.357142857,0.15,0.844005213
CC1=C(C(=O)OC(C)C)C(c2cccc(F)c2)=C(N)NN1C,289,0.837436671,0.347222222,0.08,0.789296738
CC1=C(C(=O)OC(C)C)C(c2cccc(F)c2)=CN=C(N)N1,289,0.840126897,0.347222222,0.08,0.793059542
CC(C)OC(=O)c1c(-c2cccc(F)c2)cnc(N)c1NN,289,0.45483504,0.324324324,0.36,0.8255039
CC(C)OC(=O)c1c(-c2cccc(F)c2)cnc(N)c1N,289,0.847413512,0.342857143,0.35,0.8455176
CC(C)OC(=O)c1c(-c2cccc(F)c2)cncc1N,289,0.873597627,0.347826087,0.38,0.850345269
CC(C)OC(=O)c1c(-c2cccc(F)c2)cncc1NCCN,289,0.801173201,0.311688312,0.37,0.834746382
CC(C)Nc1c(C(=O)OCCN)cncc1-c1cccc(F)c1,289,0.801173201,0.24691358,0.3,0.836584122
CC(C)OC(=O)c1c(N)cncc1-c1cccc(C(F)F)c1,289,0.871751739,0.287671233,0.35,0.82312467
CC(C)C(=O)OCc1c(-c2cccc(F)c2)cncc1N(C)CC,289,0.749703703,0.234567901,0.21,0.821274832
CC(C)C(C)OC(=O)c1c(N)cncc1-c1cccc(F)c1,289,0.875111738,0.287671233,0.39,0.783114927
CC(C)C(C)OC(=O)c1c(-c2cccc(F)c2)cncc1N,289,0.875111738,0.287671233,0.39,0.783114927
CC(C)OC(=O)c1c(-c2cncc(F)c2)cncc1N(C)C,289,0.812895944,0.260273973,0.19,0.811759542
CC(C)OC(=O)c1c(-c2cccc(F)c2)cncc1N(C)C,289,0.810480097,0.338028169,0.26,0.840670054
CC(C)OC(=O)c1c(-c2cncc(F)c2)cccc1N(C)C,289,0.810480097,0.301369863,0.13,0.844108516
CC(C)OC(=O)c1c(-c2cccc(F)c2)cncc1C(C)N,289,0.878229467,0.338028169,0.38,0.79075826
CC(C)OC(=O)c1c(-c2cncc(F)c2)cccc1NN,289,0.513897976,0.297297297,0.24,0.839592648
CC(C)OC(=O)c1c(-c2cccc(F)c2)cncc1NN,289,0.513897976,0.333333333,0.33,0.839818112
COc1ccc2c(c1)=NC(C)(C)CC=2C,290,0.680053714,1,0,0.776213894
COc1cccc2c1=NC(C)(C)C=2N=C,290,0.656398623,0.235294118,0.01,0.720996633
COc1ccc2c(c1)=NC(C)(C)CC=2,290,0.651807534,0.538461538,0.02,0.767965537
COc1ccc2c(c1)CC(C)CC=C2CC,290,0.723734664,0.245283019,0.04,0.790517691
COc1ccc2c(c1)CC(C)(C)CC=C2C,290,0.687242298,0.369565217,0.07,0.83379947
COc1ccc(C(C)CN)c2c1CCC=N2,290,0.846478131,0.152542373,0.03,0.720185042
COc1ccc(C(C)(C)C2CC=CCC2)cn1,290,0.739525073,0.175438596,0.05,0.744947816
COc1ccc(C(C)(C)C2CCCN2C)cn1,290,0.803044819,0.172413793,0.06,0.75699217
COc1ccc(C(C)(C)C2CCCN(C)C2)cn1,290,0.8221267,0.147540984,0.06,0.773244851
COc1ccc(-c2nnc3ncnn3c2C)cc1,290,0.679923984,0.226415094,0.03,0.860843158
COc1ccc(-c2nnc3c(c2C)CCCN3)cc1,290,0.896022447,0.236363636,0.17,0.836467631
COc1ccc(C2(C(C)=O)CC3CCCN3C2)cn1,290,0.830634488,0.151515152,0.02,0.723387588
COc1ccc2c(C(C)(C)CN)ncnc2c1,290,0.875677962,0.245283019,0.13,0.828277308
COc1ccc2c(c1)CC(C)(C)NC2C1CC=NC1,290,0.884651075,0.327272727,0.02,0.670603543
COc1ccc2c(c1)CC(C)(C)N2C1=NCC=N1,290,0.758467467,0.326923077,0.01,0.752169327
COc1ccc2c(c1)CC(C)(C)N2C1=NCCCN1,290,0.839651525,0.309090909,0.07,0.783747268
COc1ccc2c(CN)nc(C3(C)CCCN3)nc2c1,290,0.889325125,0.266666667,0.09,0.729974962
COc1ccc2c(c1)CC(C)(C)N=C2c1ncc[nH]1,290,0.896322698,0.384615385,0.18,0.800120773
COc1ccc2c(c1)CC(C)(C)CC2c1ncn[nH]1,290,0.89957441,0.303571429,0.09,0.74991103
COc1ccc2c(c1)CC(C)(c1cc(CN)ccn1)N2,290,0.898142576,0.293103448,0.16,0.754099928
COc1ccc2c(c1)CC(C)(c1ccc(CN)cc1)N=N2,290,0.93189142,0.309090909,0.06,0.752933957
COc1ccc2c(c1)CC(C)(c1ccc(CN)cc1)N=CN2,290,0.914601847,0.293103448,0.07,0.74944859
COc1ccc2c(c1)CC(C)(c1ccc(C(=O)O)cc1)N2,290,0.907284606,0.290909091,0.01,0.804576313
COc1ccc2c(c1)CC(C)(c1ccc(C(=N)N)cn1)N2,290,0.595303058,0.283333333,0.19,0.74746158
COc1ccc2c(c1)CC(C)(c1cccnc1C(=O)O)N2,290,0.906334809,0.283333333,0.05,0.765708516
COc1ccc2c(-c3ncccc3C(F)(F)F)c[nH]c2c1,290,0.766129759,0.216666667,0.39,0.86027819
COc1ccc2[nH]c(-c3cnccc3C(C)(C)N)cc2c1,290,0.772712399,0.216666667,0.37,0.832227342
COc1ccc2c(-c3ncncc3C(C)(C)C)c[nH]c2c1,290,0.773933616,0.237288136,0.26,0.834298529
COc1ccc2c(-c3ncncc3C(C)(C)N)c[nH]c2c1,290,0.774097058,0.229508197,0.36,0.818118607
COc1ccc2c(-c3cnccc3C(C)(C)N)c[nH]c2c1,290,0.772712399,0.216666667,0.49,0.833412479
COc1ccc2c(-c3ccncc3C(C)(C)N)c[nH]c2c1,290,0.772712399,0.216666667,0.51,0.835479493
COc1ccc2c(-c3cc(Cl)cnc3C(C)(C)N)c[nH]c2c1,290,0.764945395,0.216666667,0.35,0.816152946
COc1ccc2c(-c3cncc(C(C)(C)N)c3)c[nH]c2c1,290,0.772712399,0.216666667,0.46,0.840088359
COc1ccc2c(-c3cc4c(cn3)CCCC4(C)N)c[nH]c2c1,290,0.7576211,0.246153846,0.48,0.754501456
COc1ccc2c(-c3cnccc3C(N)(C)N)c[nH]c2c1,290,0.643041565,0.216666667,0.5,0.817506351
COc1ccc2c(-c3cnccc3C(N)(O)OC)c[nH]c2c1,290,0.640184145,0.206349206,0.48,0.750891081
COc1ccc2c(-c3cnccc3C(N)(C)O)c[nH]c2c1,290,0.644224272,0.209677419,0.48,0.767561971
COc1ccc2c(-c3cnccc3C(N)OC)c[nH]c2c1,290,0.722070152,0.213114754,0.46,0.762747547
COc1ccc2c(-c3cnccc3C3(N)CC3)c[nH]c2c1,290,0.773586027,0.25,0.43,0.821424726
COc1ccc2c(-c3cnccc3CC(C)N)c[nH]c2c1,290,0.771927435,0.209677419,0.43,0.794956778
COc1ccc2c(-c3ccncc3)c[nH]c2c1,290,0.725235108,0.254901961,0.72,0.893057046
COc1ccc2c(-c3ccncc3)c[nH]c2c1C,290,0.741041312,0.160714286,0.55,0.863531915
COc1ccc(CN2C(=NC3CC3)SC3C=CS(O)(O)N=C32)cc1OC,291,0.789928694,0.4,0.02,0.669597541
COc1ccc(CN2C(=NC3CC3)SC3CCS(=O)(=O)N=C23)cc1O,291,0.857320765,0.371794872,0.03,0.683431231
COc1ccc(CN2C(=NC3CC3)SC3CCSC3=NC2=O)cc1O,291,0.869290492,0.333333333,0.06,0.68216109
COc1ccc(CN2C(=NC3CC3)SCCC2C(=O)O)cc1OC,291,0.850292934,0.462686567,0,0.769056391
COc1cc(CN2C(=NC3CC3)SCCC2C(=O)O)ccc1O,291,0.858536166,0.422535211,0.01,0.754801383
COc1cc(CN2C(=NC3CC3)SC(C(=O)O)=CC2)ccc1O,291,0.860519078,0.355263158,0,0.767321142
COc1cc(CN2C(=NC(=O)C3CC3)SC=C2N)ccc1O,291,0.897841108,0.442857143,0.04,0.807358999
COc1cc(CN2C(=NC(=O)C3CC3)SCN=C2N)ccc1C,291,0.91328538,0.444444444,0.02,0.774677632
COc1cc(CN2C(=NC(=O)C3CC3)SCN=C2N)ccc1O,291,0.865578748,0.464788732,0.05,0.76892018
COc1cc(CN2C(=NC3CC3)SC(=O)C2CN)ccc1O,291,0.850268381,0.378378378,0.03,0.727226768
COc1cc(CN2C(=NC3CC3)SCCCC2=O)ccc1S,291,0.857450268,0.307692308,0.02,0.784777085
COc1cc(CN2C(=O)CSC2=C2CCNC2)ccc1OC,291,0.919263145,0.315068493,0,0.806161141
COc1cc(CN2C(=O)CSC2=NC2CC2)ccc1OC,291,0.837378711,0.397058824,0,0.838945726
COc1cc(CN2C(=O)CSC2=NC2CC2)ccc1O,291,0.921664727,0.361111111,0.01,0.822835394
COc1cc(CN2C(=O)CNC2=C2CC2)ccc1O,291,0.860588827,0.287671233,0.05,0.810092611
COc1cc(CN2CCNC2=NC2CC2)ccc1O,291,0.858122511,0.338028169,0.08,0.791838436
COc1cc(CN2CCNC2=NC2CCCC2)ccc1O,291,0.89107143,0.328767123,0.08,0.796379068
COc1cc(CN2CCNC2=NC2CCCC2)cnc1N,291,0.875461294,0.2375,0.23,0.768534932
COc1cc(CN2CCNC2=NC2CCC2)cnc1N,291,0.8566376,0.2375,0.22,0.765838146
COc1cc(CN2CCNC2=NC2CC2)cnc1N,291,0.829638902,0.243589744,0.23,0.760384875
COc1cc(CN2CCNC2=NC2CCCCC2)cnc1N,291,0.88630892,0.234567901,0.23,0.772838484
COc1cc(CN2CCNC(=NC3CCCC3)C2)cnc1N,291,0.879577758,0.214285714,0.24,0.770551224
COc1cc(CN2CCNC2=NC2CCCCCC2)cnc1N,291,0.832355077,0.234567901,0.23,0.776438022
c1ccc2c(c1)CNC(C1CCCCC1)CC2,292,0.774468861,0.358974359,0.02,0.818919913
c1ccc2c(c1)CNC(C1(CCCCC)CC1)S2,292,0.77930034,0.26,0.03,0.73046162
c1ccc2c(c1)CNC(c1ccccc1)CCCC2,292,0.798885906,0.317073171,0.03,0.800712098
c1ccc2c(c1)CNC(c1ccccc1)CCO2,292,0.824088569,0.244444444,0.03,0.827562332
c1ccc2c(c1)CNC(C1CCCCC1)C2=O,292,0.801894973,0.30952381,0.08,0.800594586
c1ccc2c(c1)CNC(C1CCCCC1)C2,292,0.757781385,0.368421053,0.02,0.816113183
c1ccc2c(c1)CNC(F)(F)C2=CO,292,0.493664136,0.317073171,0.07,0.734270862
c1ccc2c(c1)CNC(F)(F)C(=O)CC2,292,0.663747513,0.368421053,0.01,0.793673976
c1ccc2c(c1)CNC2=C1CCCCC1,292,0.674353514,0.307692308,0.02,0.828200936
c1ccc2c(c1)CNC2=C1CCCCC1=O,292,0.671165718,0.25,0.04,0.822372919
c1ccc2c(c1)CNC2=C1CCC(F)C1=O,292,0.674882802,0.234042553,0.06,0.721509769
c1ccc2c(c1)CNC2=C1CCCCC1CCO,292,0.836364795,0.235294118,0.06,0.755104653
c1ccc2c(c1)CNC(C1CCCCC1)C(=O)N2,292,0.797141721,0.318181818,0.02,0.795527295
c1ccc2c(c1)CNC(C1CCCCC1)C(=O)N2F,292,0.789142585,0.270833333,0.01,0.75775952
c1ccc2c(c1)CNC(C1CCCCCC1)C2=O,292,0.766655871,0.30952381,0.08,0.802865466
c1ccc2c(c1)CNC(C1CCCCCCC1)C2=O,292,0.830795703,0.30952381,0.08,0.804528256
COC(=O)c1c(NC(=O)CC2Nc3cc(C)c(C)cc3NC2=O)sc(C)c1C,293,0.681280204,1,0,0.772639419
COc1cc(C(=O)CC2Nc3cc(C)c(C)cc3NC2=O)c(C)cc1C(C)C,293,0.734775645,0.439393939,0.01,0.769865532
COc1cc(C)c(NC(=O)C2Sc3cc(C)c(C)cc3NC2=O)cc1C(C)=O,293,0.60319817,0.306666667,0.04,0.768026666
COc1cc(C)c(NCC2C(=O)c3cc(C)ccc3NC2=O)cc1C(C)=O,293,0.625952108,0.2625,0.13,0.774802988
COc1cc(C)c(NCC2C(=O)c3cc(C)ccc3NC2=O)nc1C(C)(C)C,293,0.786128363,0.231707317,0.17,0.740775856
COc1cc(C)c(NCC2Nc3cc(C)c(C)cc3C(=O)N2)cc1C(C)=O,293,0.705919701,0.276315789,0.18,0.752659745
COc1c(C)c(NCC2Nc3cc(C)ccc3C(=O)N2)nc2ccc(C)cc12,293,0.646395219,0.219512195,0.23,0.746766829
COc1c(C)c(NCC2Cc3cc(C)ccc3C(=O)N2)nc(C)c1C(C)=O,293,0.794369388,0.220930233,0.18,0.743187396
COc1c(C)cc(C)cc1C(=O)NCC1N=C(C)c2cc(C)ccc2N1,293,0.884409504,0.209876543,0.06,0.751274587
COc1cc(C)ccc1C(=O)NCC1N=c2cc(C)c(C)cc2=C1C,293,0.930704069,0.189873418,0,0.758007307
COc1cc(C)ccc1C(=O)NCc1cc2cc(C)c(C)cc2[nH]1,293,0.761700915,0.192307692,0.02,0.87265274
COc1c(C)cc(C)cc1C(=O)NCC1C=c2cc(F)ccc2=N1,293,0.929000597,0.164705882,0.03,0.74141506
COc1c(C)cc(C)cc1C=NC1NC(=O)c2ccccc21,293,0.883954742,0.17721519,0.14,0.749890336
COc1c(C)cc(C)cc1CNC1CCc2ccc(F)cc2N1,293,0.897039381,0.170731707,0.02,0.771223668
COc1cc(C)c(-c2ccc(F)cc2)nc1NC1CC1,293,0.919365329,0.128205128,0.1,0.875932647
COc1cc(C)c(-c2ccc(F)cc2)nc1NC(C)=O,293,0.934924914,0.173333333,0.1,0.877975759
COc1cc(C)c(-c2ccc(F)cc2)[nH]c1=O,293,0.865456652,0.157142857,0.12,0.87344392
COc1cc(C)c(OC)cc1CNC1CCC(C)CC1,293,0.890275527,0.152777778,0,0.88298402
COc1cc(C)c(OC)cc1-c1ccc(I)cn1,293,0.78757289,0.109589041,0.04,0.871413158
COc1cc(C)c(-c2ccc(F)cn2)nc1OC,293,0.837089951,0.105263158,0.13,0.853802389
COc1cc(C)c(-c2ccc(F)cn2)nc1C1CC1,293,0.845057511,0.1125,0.12,0.839033394
COc1cc(C)c(-c2ccc(F)cn2)nc1C1CCCNC1,293,0.946229277,0.113636364,0.29,0.768287662
COc1cc(C)c(-c2ccc(F)cn2)nc1C1CCCCN1,293,0.943437571,0.114942529,0.21,0.764220751
COc1cc(C)c(-c2ccc(F)cn2)nc1C1CCCCNC1,293,0.942109702,0.112359551,0.26,0.769389567
COc1cc(C)c(-c2ccc(F)cn2)nc1-c1ccc[nH]1,293,0.798744653,0.108433735,0.25,0.813359085
COc1cc(C)c(-c2ccc(F)cn2)nc1-c1ccc(C)[nH]1,293,0.797274941,0.109756098,0.23,0.806046316
COc1cc(C)c(-c2ccc(F)cn2)nc(=O)c1C1CCCNC1,293,0.936829557,0.133333333,0.27,0.76602442
COc1cc(C)c(-c2ccc(F)cn2)nc1NC1CCC(=O)NC1,293,0.899422035,0.144444444,0.37,0.762075551
COc1cc(C)c(-c2ccc(F)cn2)nc1NC1CCC(=O)N(C)C1,293,0.923457787,0.142857143,0.22,0.763931451
COc1cc(C)c(-c2ccc(F)c(-c3cccs3)n2)nc1NCCCN,293,0.611294363,0.159090909,0.17,0.816078128
COc1cc(C)c(-c2ccc(F)c(Cl)c2)nc1NC1CCC(=O)NC1,293,0.871604106,0.155555556,0.36,0.775789033
COc1cc(C)c(-c2ccc(F)c(F)c2)nc1NC1CCC(=O)NC1,293,0.892373192,0.16091954,0.32,0.776865517
COc1cc(C)c(-c2ccc(F)c(C)c2)nc1NC1CCC(=O)NC1,293,0.894788948,0.16091954,0.33,0.775510132
COc1cc(-c2ccc(F)c(C)c2)nnc1NC1CCC(=O)NC1,293,0.899422035,0.174418605,0.26,0.772327135
COc1cc(-c2ccc(F)c(C)c2)ncc1NC1CCC(=O)NC1CN,293,0.762610485,0.204545455,0.33,0.723111426
COC(=O)C1C(C)=Nc2nnnn2C1c1ccco1,294,0.740061371,1,0.01,0.707355679
COC(=O)C1C(C)=Nc2ncnn2C1c1ccco1,294,0.761112082,0.698113208,0.05,0.712991862
COCCC1C(C)=Nc2ncnn2C1c1cccc(O)c1,294,0.935907946,0.243243243,0.02,0.707491456
COC(=O)C1C(C)=Nc2ncnn2C1c1cccc(O)c1,294,0.844238243,0.421875,0.03,0.733296041
COC(=O)C1C(C)Nc2ncnn2CC1c1ccccc1O,294,0.81450399,0.22972973,0.11,0.661493414
COC(=O)C1CC(c2ccco2)c2ccccc2N1CCN=O,294,0.626529842,0.338028169,0.01,0.704833103
COC(=O)C1CC(c2ccco2)c2ccccc2-n2cncc21,294,0.681873296,0.357142857,0.09,0.714373214
COC(=O)C1CC(c2ccco2)c2ccccc2-n2cncc2N1,294,0.734365768,0.342465753,0.09,0.696823024
COC(=O)C1CC(c2ccco2)c2ccccc2-n2ncnc2N1,294,0.728736376,0.342465753,0.09,0.69541687
COC(=O)C1Cc2ncnn2CC(c2ccccc2)c2ccccc2O1,294,0.665467075,0.25,0.08,0.688254651
COc1cc(C2Nc3ncnn3CC(c3ccccc3)C2=O)ccc1O,294,0.754414748,0.158536585,0.15,0.704143471
COc1cc(C2Nc3ncnn3CC(c3ccccc3)C2=O)ccn1,294,0.790083364,0.164556962,0.12,0.685314536
COC(=O)C1=Cc2ccccc2NC(c2ccco2)C1c1ccon1,294,0.733621268,0.283783784,0.05,0.688376706
COC(=O)C1=C(C)Nc2ncnn2CC1c1ccccc1OCC1CC1,294,0.832045206,0.209876543,0.1,0.737971226
COC(=O)C1=C(N)Nc2nc(C)nn2CC1c1ccccc1OC,294,0.813866098,0.25,0.1,0.725193016
COC(=O)C1=C(C)Nc2ncnn2CC1c1ccc2c(c1)OCCO2,294,0.83127441,0.215189873,0.11,0.730610633
COC(=O)C1=C(C)Nc2ncnn2CC1c1cccc(OC)c1,294,0.872443551,0.220779221,0.15,0.746678579
COC(=O)C1=Nc2cc(C)ccc2NCCC1c1ccco1,294,0.862683747,0.338028169,0.15,0.735889127
COC(=O)C1=Nc2cc(-c3ccco3)c(C)cc2NCC1,294,0.859200202,0.273972603,0.12,0.787096264
COC(=O)C1CNc2nc(C)nc(-c3ccco3)c2C1,294,0.840677766,0.314285714,0.13,0.739468619
COC(=O)C1CNc2nc(-c3ccco3)nc(OC)c2C1,294,0.856698966,0.291666667,0.12,0.73983088
COC(=O)C1CNc2ncnc(-c3ccco3)c2C(C)C1,294,0.854822627,0.291666667,0.13,0.7003812
COC(=O)C1CNc2ncnc(-c3ccco3)c2CN1C,294,0.829697445,0.305555556,0.09,0.723823188
COC(=O)C1CNc2ncnc(-c3ccco3)c2N1COC,294,0.840311553,0.310810811,0.12,0.712259823
COC(=O)C1CNc2ncnc(-c3ccco3)c2N1CCOC,294,0.821422005,0.302631579,0.1,0.725951106
COC(=O)C1CNc2ncnc(-c3ccco3)c2N1CC(C)C,294,0.86570319,0.302631579,0.08,0.723777041
COC(=O)C1CNc2ncnn2C(c2cccc(-c3ccco3)c2)C1,294,0.739571006,0.291139241,0.19,0.704274915
COC(=O)C1CNc2ncnc(-c3ccco3)c2-c2cccn21,294,0.731637233,0.293333333,0.12,0.715384269
COC(=O)C1CNc2ncnc(-c3ccc(-c4ccco4)cc3)c21,294,0.747043145,0.295774648,0.21,0.758989372
COC(=O)C1CNc2ncnc(-c3ccc(CO)cc3)c2CN1,294,0.717345882,0.210526316,0.17,0.750994463
COC(=O)C1CNc2ncnc(-c3ccc(CO)cc3)c2CO1,294,0.819712597,0.207792208,0.2,0.750631292
COC(=O)C1CNc2ncnc(-c3ccc(CO)cc3)c2C1,294,0.833321964,0.2,0.16,0.766439554
COC(=O)C1CNc2ncnc(-c3ccco3)c2CN1CCO,294,0.785997596,0.302631579,0.13,0.721866491
COC(=O)C1CNc2ncnc(-c3ccco3)c2C1CO,294,0.814173409,0.291666667,0.1,0.685858123
COC(=O)C1CNc2ncnc(-c3ccco3)c2CC1C,294,0.852579935,0.295774648,0.14,0.697309405
COC(=O)C1CNc2ccc(-c3ccco3)cc2N=C1C,294,0.859707422,0.367647059,0.17,0.745286521
COC(=O)C1CNc2ccc(-c3cccnc3)cc2N=C1C,294,0.864879764,0.295774648,0.34,0.759165562
COC(=O)C1CNc2ccc(-c3cccnc3)cc2C1CO,294,0.848527903,0.256756757,0.37,0.740331253
COC(=O)C1CNc2ccc(-c3cccnc3)cc2CN1,294,0.822981961,0.263888889,0.31,0.783891225
COC(=O)C1CNc2ccc(-c3cccnc3)cc2OC1,294,0.857711746,0.260273973,0.29,0.79369173
COC(=O)C1CNc2ccc(-c3cccnc3)cc21,294,0.836193283,0.260869565,0.29,0.798341618
COC(=O)C1CNc2ccc(-c3ccncc3)cc21,294,0.836193283,0.23880597,0.41,0.797452387
COC(=O)C1CNc2ccc(-c3ccncc3)cc2N1,294,0.817683972,0.235294118,0.44,0.784123722
O=C(c1ccc([N+](=O)[O-])cc1)N1C=CC(C(F)(F)F)=NC1,295,0.62169461,0.782608696,0.02,0.783569152
O=C(c1ccc(C(F)(F)F)cc1)N1CCCC([N+](=O)[O-])=C1,295,0.622606394,0.421052632,0.04,0.807783457
O=C(c1ccc(C(F)(F)F)cc1)N1CCCC([N+](=O)[O-])=N1,295,0.590545993,0.389830508,0.02,0.805551069
O=C(c1ccc(C(F)(F)F)cc1)N1CCC=C([N+](=O)[O-])C1,295,0.622885457,0.372881356,0.02,0.821274146
O=C(c1ccc(C(F)(F)F)cc1)N1CCNC=C([O-])C1,295,0.835663014,0.290322581,0.03,0.791467787
O=C(c1ccncc1)N1CCC=C(C(F)(F)F)CNC1,295,0.802332719,0.265625,0.08,0.769160943
O=C(c1ccc(C(F)(F)F)cc1)N1CCNC(=O)C=NC1,295,0.84953535,0.28125,0.01,0.804712277
O=C(c1ccc(-c2ccncc2)cn1)N1CCNC(=O)C1,295,0.880187813,0.154929577,0.36,0.85934729
O=C(c1ccc(-c2ccccc2)cn1)N1CCNC(=O)C(F)C1,295,0.916990245,0.16,0.24,0.798911013
O=C(c1ccc(-c2ccccc2)cn1)N1CCNC(=O)C(F)=C1,295,0.923976663,0.178082192,0.22,0.812407236
O=C(c1ccc(C(F)(F)F)cc1)N1C=C(c2ccncc2)C(=O)NN1,295,0.872029947,0.242424242,0.26,0.79266178
O=C(c1ccc(C(F)(F)F)cc1)n1cc(-c2ccncc2)c(=O)[nH]1,295,0.783917387,0.246153846,0.24,0.821659858
O=C(c1ccc(-c2ccccc2)cc1)N1CCNC(=O)C(C(F)(F)F)=C1,295,0.892756411,0.296875,0.16,0.828372651
O=C(c1ccccc1)N1CC=C(c2ccc(C(F)(F)F)cn2)C(=O)NC1,295,0.894726574,0.216216216,0.08,0.814588668
O=C1NCCN(c2ccc(C(F)(F)F)cc2)C=C1C(=O)c1ccccc1,295,0.67416961,0.214285714,0.07,0.821634611
O=C(c1ccc(-c2ccccc2)cc1)N1CCNC(=O)C1C(F)(F)F,295,0.907320219,0.246153846,0.11,0.813416725
O=C(c1ccc(-c2ccncc2)cc1)N1CCNC(=O)C1C(F)(F)F,295,0.904616489,0.261538462,0.31,0.79221167
O=C1NCCN1c1ccc(-c2cncnc2)cc1C(F)(F)F,295,0.927740036,0.171428571,0.29,0.82870711
O=C1NCCC(c2ccc(-c3ccncc3)cc2)=C1C(F)(F)F,295,0.919351816,0.171875,0.48,0.822782366
O=C1NCCN1c1ccc(-c2cc(-c3ccncc3)c[nH]2)cc1,295,0.779855065,0.126760563,0.5,0.833172202
O=C1NCCCC1c1ccc(-c2ccncc2)cc1C(F)(F)F,295,0.915237365,0.136986301,0.53,0.785552189
O=c1[nH]cc(-c2ccc(-c3ccncc3)cc2)cc1C(F)(F)F,295,0.772691404,0.140625,0.58,0.858049348
O=c1[nH]cc(-c2ccccc2)cc1-c1ccc(C(F)(F)F)cc1,295,0.728527365,0.119402985,0.21,0.888894318
O=c1[nH]cc(-c2ccccc2)cc1-c1ccc(-c2ccncc2)cc1,295,0.589770532,0.073529412,0.59,0.889009068
O=c1[nH]ccn1-c1ccc(-c2ccncc2)cc1-c1ccncc1,295,0.630915985,0.084507042,0.57,0.836654234
O=c1[nH]cc(-c2ccncc2)cc1-c1ccc(C(F)(F)F)cc1,295,0.772691404,0.134328358,0.66,0.866058105
O=c1[nH]cc(-c2ccncc2)cc1-c1ccc(C(F)(F)F)cc1CCO,295,0.746286242,0.12987013,0.56,0.831160639
O=c1[nH]cc(-c2ccc(C(F)(F)F)cc2)cc1-c1ccncc1,295,0.772691404,0.134328358,0.66,0.866058105
CC1CN=C(NC(=O)c2cccc([N+](=O)[O-])c2)SC1,296,0.663032353,0.725490196,0.02,0.787202945
CC1CN=C(NC(=O)c2ccccc2[N+](=O)[O-])SC1,296,0.663032353,0.433333333,0,0.783719055
CC1CN=C(NC(=O)c2ccccc2[N+](=O)[O-])S1,296,0.65253373,0.615384615,0,0.788663928
CC1CN=C(NC(=O)c2ccccc2OCCO)S1,296,0.871302777,0.45,0.01,0.794528978
CC1CN=C(NC(=O)c2ccccc2OCCN)S1,296,0.869244845,0.442622951,0.09,0.788772283
CC1CN=C(NC(=O)c2ccccc2CO)SC1,296,0.85347694,0.333333333,0,0.779730625
CC1CN=C(NC(=O)c2ccccc2CO)S1,296,0.833724178,0.490909091,0,0.784271855
CC1CN=C(NC(=O)c2ccccc2CN)S1,296,0.831454827,0.482142857,0.05,0.77844365
CC1CN=C(NC(=O)c2ccccc2NCN)S1,296,0.717539693,0.465517241,0.11,0.765870896
CC1CN=C(NC(=O)c2ccccc2NCCN)S1,296,0.774873425,0.45,0.13,0.782641514
CC1CN=C(NC(=O)c2ccccc2NC2CNC2)S1,296,0.784714136,0.457627119,0.04,0.767163896
CC1CN=C(NC(=O)c2ccccc2NCCN)SC1,296,0.785997224,0.308823529,0.12,0.777945812
CC1CN=C(NC(=O)c2ccccc2NCCN)SC1C,296,0.793748031,0.348484848,0.15,0.722872312
CC1CN=C(NC(=O)c2ccccc2NCCN)SC1CC,296,0.777610731,0.333333333,0.14,0.717310043
CC1CN=C(NC(=O)c2ccccc2NCCN)SC1N,296,0.658606734,0.343283582,0.16,0.715852495
CC(=O)N1c2ccc(S(=O)(=O)NCCC(=O)Nc3ccc(C)cn3)cc2C1C,297,0.769391208,0.738461538,0.06,0.782992416
CC(=O)N1c2ccc(S(=O)(=O)NCCC(=O)Nc3ccccn3)cc2C1C,297,0.784592073,0.555555556,0.07,0.790190894
CC1C(=O)N(C(=O)CCC(=O)Nc2ccc(C)cn2)CC(C)N1C,297,0.895308176,0.418918919,0.04,0.740062855
CC1c2ccc(=O)n(CCC(=O)NCC(=O)Nc3ccccn3)c2C1,297,0.821844883,0.264367816,0.01,0.781918186
CC1C(=O)N(C(=O)NCCC(=O)Nc2ccc(C)cn2)CC1C,297,0.880737981,0.452054795,0,0.751274973
CC1=CN(C(=O)NCCC(=O)Nc2ccc(C)cn2)CC1C,297,0.895798793,0.438356164,0.01,0.749274687
CC1=CC(S(=O)(=O)NCCC(=O)Nc2ccc(Cl)cn2)C1C,297,0.772586969,0.4,0.03,0.718088323
CC1=CC(S(=O)(=O)NCCC(=O)Nc2ccc(C)cn2)C1,297,0.77658553,0.52238806,0.04,0.771002324
CC1=CC(=N)N(CC(=O)Nc2ccc(C)cn2)CC1C,297,0.885974099,0.383561644,0.04,0.734978696
CC1=CC(=O)N(CC(=O)Nc2ccc(C)cn2)C1C,297,0.894523729,0.38028169,0,0.758123543
CC1=CC(=O)N(CC(=O)Nc2ccc(C)cn2)CC1C,297,0.91233238,0.388888889,0.03,0.759201074
CC1=C(C)C(=O)N(CC(=O)Nc2ccc(Cl)cn2)C1,297,0.918420484,0.285714286,0.03,0.826877271
CC1=C(C)C(=O)N(CC(=O)Nc2ccc(Cl)cn2)CC1,297,0.929490719,0.294871795,0.03,0.832660794
CC1=C(C)C(=O)N(CC(=O)Nc2ccc(Cl)cn2)C(C)=N1,297,0.938646872,0.282051282,0.01,0.860357546
CC1=C(C)CN(CC(=O)Nc2ccc(CC#N)cn2)C(C)C1,297,0.867212427,0.341772152,0.01,0.74918238
CC1=C(C)CN(CC(=O)Nc2ccc(CC#N)cn2)C(C)=C1,297,0.92705403,0.268292683,0.04,0.782572871
CC1=C(C)CN(CC(=O)Nc2ccc(C#N)cn2)C(=O)C1,297,0.851316548,0.303797468,0.08,0.80608416
CC1=C(C)CN(CC(=O)Nc2ccc(C#N)cn2)CC1,297,0.852096333,0.291139241,0.05,0.826326603
CC1=C(C(=O)Nc2ccc(C#N)cn2)CCC(=O)N1,297,0.827134231,0.219512195,0.09,0.817910608
CC1NC(=O)N(CC(=O)Nc2ccc(C#N)cn2)C1,297,0.815484944,0.2875,0.08,0.764901348
CC1=C(N)CN(CC(=O)Nc2ccc(C#N)cn2)CC1,297,0.848680359,0.265060241,0.19,0.812276877
CC1NC(=O)N(CCC(=O)Nc2ccc(C#N)cn2)C1,297,0.843034338,0.308641975,0.08,0.76546045
CC1CC(N)CN1CCC(=O)Nc1ccc(C#N)cn1,297,0.841804627,0.320987654,0.1,0.750110695
CCCN(CC(=O)Nc1ccc(C#N)cn1)CC1CC(O)C1,297,0.793898258,0.258823529,0.1,0.830979176
CC1CC(N)CCN1CCC(=O)Nc1ccc(C#N)cn1,297,0.864127983,0.313253012,0.15,0.755498649
CC1CC(N)CN(CCC(=O)Nc2ccc(C#N)cn2)C1,297,0.859411174,0.317073171,0.1,0.759995389
CC1CC(CN)CCN1CCC(=O)Nc1ccc(C#N)cn1,297,0.855472827,0.30952381,0.22,0.752453716
O=C1N=C2N=CNN2C(=O)C1C(c1ccccc1)C1C(=O)N=CCS1,298,0.789208888,0.393442623,0.09,0.592181659
O=C1N=C2NCCN2C(=O)C1C(c1ccccc1)C1C(=O)N=CN1S,298,0.577072822,0.448275862,0.09,0.593828848
O=C1N=C2SCCN2C(=O)C1C(c1ccccc1)C1CNCCCN1C,298,0.806730709,0.666666667,0.09,0.654730742
O=C1N=C2SCCN2C(=O)C1C(c1ccccc1)C1C[NH2+]CCN1,298,0.716918326,0.692307692,0.12,0.574071131
O=C1N=C2SCCN2C(=O)C1C(c1ccccc1)C1C[NH2+]CCO1,298,0.770703767,0.692307692,0.01,0.577860801
O=C1N=C2SCCN2C1C(c1ccccc1)C1C[NH2+]CCCN1C,298,0.859022358,0.442622951,0.01,0.584944317
O=C1N=C2SCCN2C1C(C(=O)CCc1ccccc1)C1CCNC1,298,0.840083752,0.333333333,0.05,0.670966743
O=C1N=C2SCC(=Cc3ccccc3)C2C(=O)N1C1CCNCC1,298,0.897918341,0.257575758,0.08,0.699384536
O=C1N=C2SCCN2C1C(C(=O)O)c1ccc2c(c1)NCCC2,298,0.873974629,0.328358209,0.07,0.678934735
O=C1N=C2SCCN2C1C(=O)C1c2ccccc2NCC1CCO,298,0.79487089,0.304347826,0.09,0.636463454
O=C1N=C2SCCN2C1C1C(=O)CCc2ccc(OC)cc21,298,0.829439946,0.292307692,0.03,0.708177651
O=C1N=C2SCCN(C1)C2c1ccccc1OC1CCCNCC1,298,0.910457161,0.253521127,0.09,0.596843685
O=C1N=C2SCCN(C1)C2c1ccncc1OC1CCCNC1,298,0.898290534,0.210526316,0.22,0.561224635
O=C1N=C2SCCN2C1C1CCCNCc2ccccc2NC1,298,0.823746103,0.313432836,0.13,0.643008209
O=C1N=C2SCCN2C1C1CCCNCc2ccccc21,298,0.861176343,0.333333333,0.14,0.710520199
O=C1N=C2SCCN2C1c1ccncc1OC1CCCNC1,298,0.903157252,0.267605634,0.23,0.689066153
O=C1N=C2SCCN2C1c1ccncc1OCC1CCCN1,298,0.899654179,0.263888889,0.25,0.686803431
O=C1N=C2SCCN2C1c1ccncc1-c1ccncc1,298,0.84942425,0.322033898,0.25,0.746672452
O=C1N=C2SCCN2C1c1ccncc1-c1ccncc1F,298,0.850871175,0.316666667,0.15,0.730702619
O=C1N=C2SCCN2C1c1ccncc1C1CNCc2ccncc21,298,0.888008034,0.28358209,0.29,0.661643428
O=C1N=C2SCCN2C1c1ccncc1-c1c[nH]c2ccncc12,298,0.779085492,0.28358209,0.43,0.722353195
O=C1N=C2SCCN2C1c1ccncc1-c1c[nH]c2ccccc12,298,0.781568759,0.313432836,0.39,0.746995015
O=C1N=C2SCCN2C1c1ccc2c(c1)CNC2c1c[nH]cc1Cl,298,0.866251804,0.271428571,0.05,0.650064123
O=C1N=C2SCCN2C1c1ccc2c(c1)CNc1c[nH]cc1-2,298,0.849781928,0.287878788,0.12,0.68383972
O=C1N=C2SCCN2C1c1ccc2c(c1)CNc1c-2[nH]c2ccccc12,298,0.693889476,0.3,0.3,0.717616662
O=C1N=C2SCCN2C1c1ccc2c(c1)C([O-])CN2c1ccncc1Cl,298,0.789312427,0.273972603,0.25,0.653177727
O=C1N=C2SCCN2C1c1ccc2c(c1)C([O-])NN2c1ccncc1Cl,298,0.84098992,0.253333333,0.28,0.635637419
O=C1N=C2SCCN2C1c1ccncc1-c1c[nH]c2ncccc12,298,0.779085492,0.289855072,0.61,0.727648753
O=C1N=C2SCCN2C1c1cc[nH]c1-c1c[nH]c2ncccc12,298,0.75963125,0.294117647,0.67,0.70067166
OCCN1C2=C(C#N)CSC2=NC1c1c[nH]c2ncccc12,298,0.901995938,0.12345679,0.4,0.659521129
OCCN1C2=C(C#N)CSC2=NC1=Cc1c[nH]c2ncccc12,298,0.726210214,0.107142857,0.36,0.697365462
OCC1=NC2=C(C1=O)C(c1c[nH]c3cnccc13)CC2,298,0.869043514,0.12,0.28,0.685888178
OCC1=NC2=C(CCC2)C1c1c[nH]c2ncncc12,298,0.85948588,0.081081081,0.39,0.674899135
NCC1=NC2=C(C1=O)C(c1c[nH]c3ccncc13)=CC2C,298,0.878600863,0.103896104,0.5,0.664658573
OCCn1[nH]c2c1CCCC2=Cc1c[nH]c2ncccc12,298,0.690713905,0.088607595,0.4,0.760636372
NC1N=CC2=C1C(=O)NCC2c1c[nH]c2ncccc12,298,0.699229037,0.125,0.59,0.646125862
O=C1N=C2CCCN2C1=Cc1c[nH]c2ncccc12,298,0.788840939,0.171428571,0.4,0.778640563
O=CC1=NC2=C(CCC2)C(=Cc2c[nH]c3ccncc23)N=C1Cl,298,0.856743554,0.0875,0.23,0.711352374
O=CC1=C2NCCN2C(=O)C1=Cc1c[nH]c2ncccc12,298,0.629891668,0.150684932,0.405,0.754514251
O=CC1=NC2=C(C(=O)CCC2)C(c2c[nH]c3ccncc23)=NC1Cl,298,0.517484638,0.125,0.52,0.659713108
O=CC1=NC2=C(C(=O)CCC2)C(c2c[nH]c3ncccc23)=NC1Cl,298,0.517484638,0.139240506,0.72,0.66516216
O=CC1=C(N2CCCC2=O)C(=Cc2c[nH]c3ncccc23)N=C1Cl,298,0.872281774,0.151898734,0.375,0.746845705
O=C1N=C(N2CCCC2=O)C(c2c[nH]c3ncccc23)=NC1Cl,298,0.63426689,0.205479452,0.7,0.704705884
O=C1N=C(N2CCCC2=O)C=CC1=Cc1c[nH]c2ncccc12,298,0.81913271,0.16,0.425,0.774387047
O=C1NC2=C(C3CCCC3=CC2)C1c1c[nH]c2ncccc12,298,0.792910085,0.115384615,0.45,0.655845325
O=C1NCC=C(N2CCCC(c3c[nH]c4ncccc34)C2)N=C1Cl,298,0.878697056,0.151898734,0.37,0.698049372
O=C1NCC=C(N2CCCC(c3c[nH]c4ncccc34)C2)N=C1[O-],298,0.839191706,0.151898734,0.38,0.677596624
Nc1n[nH]c2c(C3=CCC(c4c[nH]c5ncccc45)C3)ccnc12,298,0.527970002,0.113924051,0.63,0.708119608
Nc1n[nH]c2ccc(C3=CCN(c4ncccc4[O-])C3)nc12,298,0.727056846,0.103896104,0.41,0.720461561
Nc1ncc2c(c1)CCCC2=Cc1c[nH]c2ncccc12,298,0.715301672,0.092105263,0.66,0.802367886
O=C1N=C(N2CCOC2=O)C=CC1c1c[nH]c2ncccc12,298,0.865328934,0.191780822,0.37,0.700024494
CC(N)=C1C=NC2=NC(c3c[nH]c4ncccc34)=CC=C12,298,0.715971643,0.065789474,0.85,0.760200001
Nc1n[nH]c2ncc(-c3c[nH]c4ncccc34)cc12,298,0.481565562,0.086956522,0.9,0.813110618
C1=CC(N2CC=C(c3c[nH]c4ncccc34)C2)=NCC=C1N,298,0.844749876,0.103896104,0.84,0.727784926
CC(N)=C1C=NC(c2c[nH]c3ncccc23)=CC1C,298,0.819100131,0.081081081,0.77,0.670962312
C=C1C(S(O)(O)O)=Nc2ccc(CCCC)cc2C(=O)N(C)C1(C)C,299,0.722405954,0.369230769,0.1,0.75111785
C=C1C(S(O)=O)=C(Oc2ccc(CC)cc2)C(=O)N(C)C1(C)C,299,0.859342903,0.246376812,0.03,0.713771
C=C1C(=Nc2ccc(OC)cc2)C(O)C(CC(C)C)N1C(=O)O,299,0.893619865,0.191780822,0.06,0.697331434
C=C1C(=Nc2ccccc2)C(O)OC1C(CC(C)C)C(=O)NCC,299,0.842382373,0.153846154,0.09,0.660127841
CC1C(=Nc2ccccc2)OC(O)C1C=CC(=O)N(C)C,299,0.864879745,0.105263158,0.03,0.652717901
CC1C(=Nc2ccc(C#N)cc2)C(OC(C)C)N(C)C1=O,299,0.85660804,0.150684932,0.02,0.682785046
CC1C(=O)N(O)C(C)(C)C1Oc1ccc2c(c1)CCN2C,299,0.847285159,0.115384615,0.02,0.701884911
CC1=C(Oc2ccc(C=O)cc2)C(C(C)C)C(=O)N1C,299,0.792431912,0.126760563,0.02,0.754749756
C=CC1=C([O-])C(COc2ccc(CC)nc2)C(=O)N1CC,299,0.789789258,0.128205128,0.03,0.684982728
CC(C)C1Nc2ncn(COc3cccnc3)c2C1=O,299,0.920859045,0.1125,0.12,0.71692287
CC1=C(C)C(COc2cccnc2)C(=O)N1C#N,299,0.757610528,0.118421053,0.06,0.711871005
CC1=C(CO)N(C)C(=O)N1COc1cccnc1CCl,299,0.840909761,0.12987013,0.04,0.779365129
CC1=C(CO)N(C)C(=O)N1COc1cccnc1,299,0.85220358,0.135135135,0.07,0.809233465
CC1C(=O)N(CO)CCN1Cc1ccnc(CO)c1,299,0.771331913,0.135135135,0.04,0.759440971
C=C1Nc2cnccc2N(COC)C(=O)C1CC,299,0.887042902,0.148648649,0.19,0.709109466
C=C1Nc2ccncc2N(COC)C(=O)C1CC,299,0.887042902,0.148648649,0.15,0.707241774
C=C1Nc2ccncc2C(=O)N1Cc1ccccc1,299,0.89199021,0.173913043,0.2,0.84185896
C=C1Nc2ccncc2C(=O)N1Cc1cccnc1,299,0.887917467,0.171428571,0.17,0.814717981
C=C1Nc2ccncc2C(=O)N1CC1CCN1,299,0.788082901,0.135135135,0.26,0.712173778
C=C1Nc2ccncc2C(=O)N1CC1CC1,299,0.818205503,0.157142857,0.25,0.791041622
C=C1Nc2ccncc2C(=O)N1CCCNC,299,0.761257194,0.183098592,0.18,0.790626149
C=C1Nc2ccncc2C(=O)N1CCCCC,299,0.810061665,0.242424242,0.19,0.810242495
C=C1Nc2ccncc2C(=O)N1CCCCCCC,299,0.796399838,0.23880597,0.2,0.817006813
C=C1Nc2ccncc2C(=O)N1CCCCCC,299,0.811009884,0.23880597,0.2,0.814023022
C=C1Nc2ccncc2C(=O)N1CCCC,299,0.843954446,0.246153846,0.19,0.804405725
C=C1Nc2ccncc2C(=O)N1CCCCCCCC,299,0.768889595,0.23880597,0.2,0.819315069
Cc1cccc(C2NC(=O)c3c(sc(C)c3C)N2)c1O,300,0.754701221,1,0.07,0.761208067
Cc1cccc(C2NC(=O)c3c(sc(F)c3C)NC2)c1O,300,0.758449096,0.527272727,0.1,0.705314293
Cc1cccc(C2NC(=O)c3c(sc(F)c3C)NC2N)c1O,300,0.649366803,0.555555556,0.16,0.672145502
Cc1cccc(C2NC(=O)c3c(sc(C)c3F)NC2)c1O,300,0.758449096,0.527272727,0.11,0.708298113
Cc1cccc(C2NC(=O)c3c(sc4c3CCNC4)N2)c1F,300,0.75787098,0.45,0.09,0.732861044
Cc1cccc(C2NC(=O)c3c(sc4c3CCNC4)N2)c1,300,0.758363396,0.349206349,0.1,0.753871049
Cc1cccc(C2NC(=O)c3c(sc4c3CCCC4)N2)c1,300,0.8407579,0.389830508,0.02,0.782908627
Cc1cccc(C2NC(=O)c3c(scc3C)N2)c1CO,300,0.795997836,0.481481481,0.02,0.731251109
Cc1cccc(C2NC(=O)c3c(scc3C)N2)c1O,300,0.748994777,0.673913043,0.08,0.74475592
Cc1cccc(C2NC(=O)c3c(cccc3C)N2)c1O,300,0.744964523,0.622222222,0.15,0.791186548
Cc1cccc(C2NC(=O)c3cccc(C)c3S2)c1O,300,0.842220857,0.470588235,0.15,0.764526384
Cc1cccc(C2NC(=O)c3cccc(C)c3O2)c1O,300,0.836570481,0.442307692,0.09,0.781750559
Cc1cccc(C2NC(=O)c3ccccc3OC2C)c1O,300,0.845640666,0.410714286,0.08,0.766796954
Cc1cccc(C2NC(=O)c3ccccc3C2=O)c1O,300,0.833207362,0.46,0.08,0.8053099
Cc1cccc(C)c1C1NC(=O)c2cccnc2C1O,300,0.83326419,0.310344828,0.12,0.738483498
COc1cccc(C2NC(=O)c3ccccc3C2C)c1O,300,0.890454499,0.305084746,0.09,0.766184437
COc1cccc(C2NC(=O)c3cccc(C)c32)c1O,300,0.880470962,0.375,0.098333333,0.80221045
COc1cccc(C=C2NC(=O)c3cccnc32)c1O,300,0.873918642,0.188405797,0.26,0.829445973
COc1cccc(C=C2NC(=O)c3cccnc32)c1OCCO,300,0.878166794,0.142857143,0.25,0.825262947
COc1cccc(C=C2C(=O)Nc3cccc(C)c32)c1O,300,0.831013001,0.26984127,0.34,0.859442727
COc1cccc(C=C2C(=O)Nc3cccc(C)c32)c1OCCO,300,0.829639284,0.208333333,0.26,0.850613424
COc1cccc(C=C2C(=O)Nc3ccc(C)cc32)c1O,300,0.831013001,0.205882353,0.72,0.868324865
COc1cccc(C=C2C(=O)Nc3ccc(C)cc32)c1OCCO,300,0.829639284,0.155844156,0.57,0.858319985
Cc1cccc(C=C2C(=O)Nc3ccc(Cl)cc32)c1O,300,0.78207806,0.26984127,0.72,0.862480998
Cc1ccc(C=C2C(=O)Nc3ccc(Br)cc32)cc1O,300,0.777906899,0.179104478,0.64,0.860238141
Cc1cccc(C=C2C(=O)Nc3ccc(Br)cc32)c1O,300,0.777906899,0.26984127,0.7,0.855549954
Cc1cccc(C=C2C(=O)Nc3ccc(C)cc32)c1O,300,0.77520821,0.278688525,0.7,0.864148306
COc1cccc(C=C2C(=O)Nc3ccc(Cl)cc32)c1O,300,0.834073731,0.185714286,0.73,0.866742336
O=C(NC1(C(F)(F)F)C(=O)N=C2C1=NC(=O)N2Cc1ccccc1)c1ccc(Cl)cc1,301,0.776910418,0.544117647,0.01,0.740188772
O=C(NC1C(C(F)(F)F)=NC(=O)C2C1=NCN2c1ccccc1)c1ccc(Cl)cc1,301,0.805400641,0.3375,0.06,0.698943938
O=C(NC1C(C(F)F)=NC(=O)C=C1N1CCOCc2ccccc21)c1ccccc1,301,0.839966517,0.208791209,0.01,0.727457006
O=C(NC1C(C(F)F)=NC2=NC(=O)CNC21c1ccccc1)c1ccccc1,301,0.847744545,0.24691358,0.02,0.678887494
O=C(NC1C(C(F)(F)F)=NC(=O)CN1c1ccccc1)c1cc(Cl)ccn1,301,0.865374676,0.261904762,0.07,0.737930586
O=C(CC1C(C(F)F)=NC(=O)N=C1N1CCOCC1)c1ccccc1Cl,301,0.748915804,0.209302326,0.05,0.715291746
O=C(N=C1NC(=O)CN1c1ccccc1)c1cc(C(F)F)ccc1Cl,301,0.908630681,0.186046512,0.05,0.799427714
O=C(NC1=NC(=O)CN1c1ccccc1)c1cc(C(F)F)ccc1Cl,301,0.908630681,0.21686747,0.03,0.829848593
O=C(NC1=NC(C(F)F)c2ccccc21)c1cc(Cl)ccc1N1CC1,301,0.847931665,0.211764706,0.01,0.762252989
O=C(NC1=NC(C(F)F)CN1c1ccccc1)c1cc(Cl)ccc1Cl,301,0.860945765,0.234567901,0.07,0.76865189
O=C(NC1=NC(C(F)F)CN1c1ccccc1)c1cc(Cl)ccc1C,301,0.898801656,0.243902439,0.07,0.768543099
O=C(NC1=NC(=O)N=C1c1ccccc1)c1cc(C(F)F)ccc1Cl,301,0.896157689,0.207317073,0.03,0.816708373
O=C(NC1=NC(=O)CN1c1ccccc1)c1cc(C(F)(F)F)ccc1Cl,301,0.865829089,0.2625,0.03,0.843364886
O=C(NC1=NC(=O)CN1c1ccccc1)c1ccc(C(F)(F)F)cc1CCl,301,0.808019838,0.253012048,0.02,0.821036739
O=C(NC1=NC(=O)C(c2ccccc2)CN1)c1ccc(C(F)(F)F)cc1CCl,301,0.762803355,0.255813953,0.07,0.754293561
O=C(NC1=NC(=O)C(C(F)(F)F)C1c1ccccc1)c1ccc(-n2ccnc2)cc1,301,0.715483265,0.280487805,0.04,0.722817926
O=C(NC1=NC(=O)C(Cl)CN1c1ccccc1)c1ccc(C(F)(F)F)cc1,301,0.792242599,0.302631579,0.04,0.778563612
O=C(NC1=NC(=O)CN=C1c1ccc(C(F)(F)F)cc1)c1ccccc1CCl,301,0.789579045,0.223529412,0.01,0.802055572
O=C(NC1=NC(=O)CN=C1c1ccc(C(F)(F)F)cc1)c1ccccc1,301,0.89570146,0.246753247,0.04,0.82972165
O=C(NC1=NC(=O)C(c2ccccc2)CN1)c1ccc(C(F)(F)F)cc1,301,0.864116936,0.289473684,0.13,0.78872673
O=C(NC1=NC(=O)CNC1c1ccc(C(F)(F)F)cc1)c1cc(Cl)ccn1,301,0.817294701,0.243902439,0.18,0.750245663
O=C(NC1=NC(=O)CNC1c1ccc(C(F)(F)F)cc1)c1ccccc1CCl,301,0.762803355,0.253012048,0.06,0.756024527
O=C(NC1=NC(Cl)=CC(=O)C1c1ccc(C(F)(F)F)cc1)c1ccncc1,301,0.791143778,0.256410256,0.11,0.755170176
O=C(NC1=NC(Cl)=CC(c2ccc(C(F)(F)F)cc2)C1=O)c1ccncc1,301,0.791143778,0.240506329,0.1,0.743539407
O=C(NC1=NC(Cl)=CC(c2ccc(CF)cc2)C1=O)c1ccncc1,301,0.857752555,0.234567901,0.09,0.733674416
O=C(NC1=NC(c2ccc(C(F)(F)F)cc2)CNC1=O)c1ccncc1,301,0.858253928,0.243589744,0.21,0.762223042
O=C(NC1=NC(c2ccc(C(F)(F)F)cc2)=CCN1)c1ccncc1,301,0.878764528,0.217948718,0.3,0.805924535
O=C(Nc1nc(F)cc(-c2ccc(C(F)(F)F)cc2)c1)c1ccncc1,301,0.549872714,0.192307692,0.28,0.861045149
O=C1N=C(c2ccc(C(F)(F)c3ccncc3)cc2)C(CO)=CN1,301,0.770574864,0.160493827,0.51,0.801792383
O=C1N=C(c2ccc(C(F)(F)F)cc2)C(c2ccncc2)=NCN1,301,0.918329321,0.155844156,0.36,0.795014103
O=C1N=C(c2ncncc2C(F)(F)F)C=CC1c1ccc(Cl)cc1,301,0.82618187,0.209876543,0.08,0.7229363
O=C1N=C(c2ccncc2)c2cc(F)ccc2C1C(F)(F)F,301,0.75900789,0.135802469,0.33,0.754779605
O=C1N=C(c2ncncc2C(F)(F)F)C=CC1c1ccoc1,301,0.855234226,0.136363636,0.1,0.67480448
O=C1N=C(c2ccncc2)CNC1c1ccc(C(F)F)cc1,301,0.948024936,0.12195122,0.31,0.7506713
O=C1N=C(c2ccncc2)CCC1c1ccc(C(F)F)nc1,301,0.873651965,0.103448276,0.24,0.733299872
O=C1NN=C(c2ccncc2)C=C1c1ccc(C(F)F)nc1,301,0.807050349,0.107142857,0.48,0.826109371
O=C1NN=C(c2ccncc2)CN1c1ccc(C(F)F)cc1,301,0.947360298,0.108433735,0.23,0.802585561
O=C1NN=C(c2ccncc2)CN1c1ccc(C(F)(F)F)cc1,301,0.924472068,0.151898734,0.2,0.818006271
O=C1CCC(c2ccncc2)=NN1c1ccc(C(F)(F)F)cc1,301,0.848299096,0.139240506,0.19,0.853469703
O=C1NNc2ccc(-c3ccncc3)cc2C1c1ccncc1,301,0.763620314,0.128205128,0.57,0.773895868
O=C1NNC(c2ccncc2)=CC1Cc1ccncc1Cl,301,0.90923152,0.148148148,0.32,0.725445071
O=C1NNc2c(Cl)ncnc2C1c1ccc2ccncc2c1,301,0.673903734,0.126436782,0.34,0.723392042
O=C1NNC(c2ccncc2)=CC1Cc1ccc(C(=O)O)cc1,301,0.797980226,0.205128205,0.23,0.76428071
O=C1Nc2ccc(-c3ccncc3)cc2C(C(=O)[O-])=CC1Cl,301,0.850564616,0.170731707,0.48,0.719703239
O=C1Nc2ccc(-c3ccncc3P(=O)(O)O)cc2CCN1,301,0.622141936,0.139534884,0.47,0.780848549
O=C1Nc2ccc(-c3ccncc3)cc2C(=O)N1c1ccoc1,301,0.616078962,0.090909091,0.48,0.831976025
O=C1Nc2ccc(-c3ccncc3P(=O)=O)cc2C(Cl)=CN1,301,0.82586464,0.141176471,0.52,0.725103388
O=C1Nc2ccc(-c3ccncc3Cl)cc2C2=CCOCC(=O)N12,301,0.864546753,0.170454545,0.49,0.779875359
O=C1Nc2ccc(-c3ccncc3F)cc2C2=CC=C(Cl)C(=O)N12,301,0.541142316,0.134831461,0.6,0.820173152
O=C1Nc2ccc(-c3ccncc3Cl)cc2C2=CCS(=O)(=O)N12,301,0.859748031,0.149425287,0.51,0.751723668
O=C1Nc2ccc(-c3ccncc3Cl)cc2-c2cncc(F)c21,301,0.539367969,0.126436782,0.66,0.828728681
O=C1Nc2ccc(-c3ccncc3Cl)cc2-c2ccnc(F)c21,301,0.425899679,0.125,0.62,0.830078564
O=C1Nc2ccc(-c3ccncc3F)cc2C=C1S(=O)(=O)Cl,301,0.72839828,0.114942529,0.59,0.835271736
O=C1Nc2ccc(-c3ccncc3F)cc2C=C1Cl,301,0.73926694,0.134146341,0.62,0.860182596
O=C1Nc2ccc(-c3ccncc3F)cc21,301,0.791750821,0.175675676,0.73,0.866481942
O=C1Nc2ccc(-c3ccncc3F)cc2C1=CCO,301,0.822405138,0.168674699,0.68,0.819428969
O=C1Nc2ccc(-c3ccncc3F)cc2C1=C,301,0.778607868,0.151898734,0.72,0.819417291
O=C1Nc2ccc(-c3ccncc3F)cc2C1,301,0.813777756,0.1375,0.51,0.859899213
CC1(C)C=C2C(C(=O)C1)C(c1ccsc1)CC(=O)N2c1ccccc1,302,0.781569617,1,0,0.711389737
CC1(C)CC(=O)N(c2ccccc2)C(c2ccsc2)C=CC1=O,302,0.821599084,0.442622951,0.02,0.746435029
CP1(=O)CC(=O)C(c2ccccc2)C(c2ccsc2)C=N1,302,0.780194572,0.333333333,0.05,0.635154214
CC1(C)N=C(c2ccccc2)C(c2ccsc2)CC1=O,302,0.816515466,0.37704918,0.04,0.745554449
CC1(C)CC(=O)C(c2ccsc2)C1Cc1cccnc1,302,0.850066992,0.352941176,0.06,0.710391421
CC1(C)CC(=O)C(c2ccsc2)C1c1ccncc1,302,0.82573932,0.37704918,0.17,0.711435736
CC1(C)CC(=O)C(c2ccsc2)=C1c1ccncc1,302,0.822812999,0.261538462,0.19,0.799673479
CC1(C)CC(=O)C=CC1c1ccsc1-c1ccncc1,302,0.814751867,0.191780822,0.22,0.724842438
CC1(C)C=CC(=O)C(c2ccsc2)=C1c1ccncc1,302,0.824659151,0.202898551,0.2,0.786381196
CC1(C)CC(=O)C(c2ccsc2)=C1c1ccn2ccnc2c1,302,0.706907883,0.273972603,0.21,0.756070543
CC1(C)CC(=O)C(c2ccncc2)=CC1c1ccsc1NC=O,302,0.867539279,0.175,0.2,0.698472189
CC1(C)CC(c2ccncc2)=CC(c2nccs2)=C1C(=O)O,302,0.933619638,0.184210526,0.04,0.771741353
CC1(C)NC(c2ccncc2)=CC(c2ccsc2)=CCC1=O,302,0.914210587,0.202702703,0.23,0.757746977
CC1(C)CC(c2ccncc2)=CC(c2ccsc2)=CC1=O,302,0.809557769,0.25,0.14,0.783648316
CC1(C)CC(=O)C=C(c2ccncc2)C(c2ccncc2)=CS1,302,0.82240958,0.176470588,0.2,0.763835208
CC1(C)CC(=O)Nc2cc(-c3ccncc3)c(-c3ccn[nH]3)cc21,302,0.755560863,0.168831169,0.41,0.796784166
CC1(C)CC(=O)Nc2cc(-c3ccncc3)c(-c3ccncc3)cc21,302,0.756467175,0.191176471,0.36,0.827795803
CC1(C)CC(=O)NN=C1c1ccc(-c2ccncc2)c(-c2cc[nH]c2)c1,302,0.753947491,0.148148148,0.48,0.780412176
CC1(C)Cc2cc(-c3ccncc3)ccc2C(c2cc[nH]c(=O)c2)=C1CO,302,0.748073412,0.144578313,0.55,0.788328706
CC1(C)CC(=O)NN=C1c1ccc(-c2ccncc2)c(-c2cc[nH]c(=O)c2)c1,302,0.739006487,0.148148148,0.47,0.787713649
CC1(C)Cc2cc(-c3ccncc3)ccc2C(c2cc[nH]c(=O)c2)=C(CO)C1,302,0.723950824,0.129411765,0.59,0.791814995
CC1(C)Cc2cc(-c3ccncc3)ccc2C(c2ccc(=O)[nH]c2)=C(CO)C1,302,0.723950824,0.129411765,0.64,0.796498457
CC1(C)Cc2nc(-c3ccncc3)c(-c3ccc(CN)cc3)cc2C(=O)NC1=O,302,0.674198917,0.160493827,0.49,0.805693224
CC1(C)Cc2cc(-c3ccncc3)ccc2-c2c(-c3ccc(=O)[nH]c3)n[nH]c21,302,0.553014962,0.142857143,0.63,0.787214356
CC1(C)Cc2nc(-c3ccncc3)cc(-c3ccc(CN)cc3)c2C(=O)NC1=O,302,0.674198917,0.144578313,0.44,0.808765832
CC1(C)Cc2cc(-c3ccncc3)ccc2-c2n[nH]c(-c3ccncc3)c2C1=O,302,0.53311447,0.151898734,0.58,0.807479417
CC1(C)Cc2cc(-c3ccncc3)ccc2-c2n[nH]c(-c3ccncc3)c2C1,302,0.521863976,0.113924051,0.58,0.813016548
CC1(C)Cc2ncc(-c3ccncc3)c(-c3ccc(CN)cc3)c2C(=O)N1,302,0.752399348,0.13253012,0.53,0.808346288
CC1(C)Cc2cc(-c3ccncc3)ccc2C(c2ccc(=O)[nH]c2)=C1N,302,0.74445499,0.15,0.56,0.798581246
CC1(C)Cc2cc(-c3ccncc3)ccc2-c2n[nH]c(=O)c(CN)c21,302,0.755550463,0.146341463,0.59,0.798469497
CC1(C)Cc2cc(-c3ccncc3)ccc2-c2nc(CN)cc(=O)n21,302,0.782902809,0.146341463,0.49,0.79987058
CC1(C)C(=O)Nc2cc(-c3ccncc3)ccc2-c2nc(CN)ccc21,302,0.745428226,0.134146341,0.69,0.813628648
CC1(C)C(=O)NC(c2ccncc2)c2ccc(-c3cc(CN)ccn3)cc21,302,0.753790015,0.144578313,0.41,0.750669146
CC1(C)C(=O)NC(c2ccncc2)c2cc(-c3ccc(CN)cc3)ccc21,302,0.750858582,0.166666667,0.46,0.774833382
CC1(C)C(=O)NC(c2ccncc2)c2ccc(-c3cc(CN)co3)cc21,302,0.761612217,0.141176471,0.37,0.723826944
CC1(C)C(=O)NC(=O)c2cc(-c3ccncc3)ccc2N1C1CC1,302,0.864086095,0.155844156,0.55,0.816960203
CC1(C)NC(=O)c2ccc(-c3ccncc3)cc2N1C(=O)CN,302,0.879993779,0.1375,0.57,0.805183161
CC1(C)C(=O)NCCc2cc(-c3ccncc3)ccc2N1N,302,0.788271863,0.142857143,0.55,0.813324976
CC1(C)C(=O)NCCc2cc(-c3ccncc3)ccc21,302,0.861971081,0.152777778,0.47,0.841297255
CC1C(=O)NCCc2cc(-c3ccncc3)ccc2N1C,302,0.871710522,0.12987013,0.46,0.797362932
CC1C(=O)NCCc2cc(-c3ccncc3)ccc2N1CCN,302,0.902654279,0.120481928,0.62,0.781338052
CC1C(=O)NCc2cc(-c3ccncc3)ccc2N1C(=O)CN,302,0.867861807,0.134146341,0.57,0.774215621
CC1(C)C(=O)NCc2cc(-c3ccncc3)ccc2N1CCCN,302,0.90521305,0.134146341,0.62,0.815563198
CC1(C)CNCc2cc(-c3ccncc3)ccc2C(=O)N1CCO,302,0.906544471,0.13253012,0.48,0.810719306
CC1(C)CNCc2cc(-c3ccncc3)ccc2C(=O)N1,302,0.843448559,0.133333333,0.63,0.820328059
CC1(C)CNCc2cc(-c3ccncc3)ccc2C1=O,302,0.862224396,0.150684932,0.55,0.828065406
COc1ccccc1CNC(O)c1nccnc1C,303,0.797845467,0.70212766,0,0.788311315
COc1ccccc1CNC(O)c1nccn1C,303,0.779676049,0.547169811,0.01,0.799689297
COc1ccccc1C(O)c1nccnc1N,303,0.827685182,0.396226415,0.01,0.801893329
COc1ccccc1C(O)c1cccnc1N,303,0.842540553,0.327272727,0.04,0.837725701
COc1ccccc1C(O)c1cccnc1NC,303,0.865480459,0.339285714,0,0.820177683
COc1ccccc1C(O)c1cccnc1NC#N,303,0.645548076,0.316666667,0.02,0.782973993
COc1ccccc1C(O)c1cccnc1NCCO,303,0.745415135,0.333333333,0.01,0.814428673
COc1ccccc1CCC(O)c1ccc(N)cn1,303,0.863367411,0.35,0.03,0.820557468
COc1ccccc1C=CC(O)c1ccc(N)cn1,303,0.881111384,0.285714286,0,0.783450346
COc1ccccc1C=CC(O)c1cc(N)ccn1,303,0.881111384,0.301587302,0.19,0.778936956
COc1ccccc1C=CC(O)c1cc(N)cnn1,303,0.872660181,0.257575758,0.07,0.748920716
COc1ccccc1CCC(O)c1cc(N)ccn1,303,0.863367411,0.366666667,0.18,0.814229833
COc1ccccc1CC(O)c1cc(N)ccn1,303,0.862148211,0.379310345,0.18,0.8192534
COc1ccccc1C(O)Cc1cc(N)ccn1,303,0.862148211,0.316666667,0.14,0.823097744
CCC(CC)=NN=Cc1c2c(nn1CC)CC(c1ccc(O)cn1)C=C2,304,0.632230696,0.492957746,0.06,0.637033181
CCC1CC(=NN=CC)C(c2ccn(CC)n2)Cc2cc(O)cnc21,304,0.524390562,0.215909091,0.03,0.609472077
CCC1CC=NN(CC)C1=C(CC)c1ccc(O)c(C(C)O)n1,304,0.868583777,0.164705882,0.06,0.614410015
CCC1=CN=CC(=Cc2ccn(C)n2)C1c1ccc(O)cn1,304,0.945895585,0.178571429,0.08,0.656318431
CCC1=NN=CC(c2ccnn2C)C1Cc1ccc(O)c(Cl)c1,304,0.931009707,0.122222222,0.08,0.659417202
CCC(CC)=NN=Cc1cnn(C)c1-c1ccc(O)cc1,304,0.675407838,0.323529412,0.1,0.781824735
CCC1=NN(CC)C(c2cccc(O)c2)c2ccnn21,304,0.93230637,0.146341463,0.01,0.713618417
CCC(CC)=NN=Cc1cnn(-c2ccc(F)cc2)c1N,304,0.677473139,0.309859155,0.04,0.783498268
CCC(CC)=NN=Cc1ccnc(-c2ccc(O)cc2)n1,304,0.674158126,0.289855072,0.09,0.792296264
CCC(CC)=NN=Cc1cnn(-c2ccc(O)cc2)c1N,304,0.653575307,0.333333333,0.05,0.774877668
CCC(CC)=NN=Cc1cnn(Cc2ccc(F)cc2)c1N,304,0.657039152,0.301369863,0.06,0.786740857
CCC(CC)=NN=Cc1c(C)cnn1-c1cc(CN)ccn1,304,0.657165083,0.272727273,0.17,0.742224976
CCC(CC)=NN1Cc2ccncc2C(c2ccc(CN)cc2)=N1,304,0.859384024,0.185185185,0.37,0.759737121
CCC(CC)=CN1C=NC(c2ccccc2)C1c1cc(CN)ccn1,304,0.853178824,0.149425287,0.19,0.670408986
CCC(CC)=CN1C=NC(c2ccncc2)C(c2ccc(N)cn2)C1,304,0.898705675,0.188235294,0.16,0.642811336
CCC(CC)=NN1CC(c2ccncc2)=C(c2ccc(N)cc2)N1,304,0.652918608,0.17721519,0.44,0.763552728
CCC(CC)=NN1CC(c2ccncc2)=C(c2ccc(CN)cn2)N1,304,0.793088108,0.19047619,0.46,0.74042764
CCC(CC)=NN1Cc2c(ccnc2N)C(c2ccc(CN)cc2)N1,304,0.72904104,0.178571429,0.4,0.689279833
CCC(CC)=NN1Cc2c(cccn2)C(c2ccc(CN)cc2)=N1,304,0.859384024,0.170731707,0.22,0.765181937
CCC(CC)=N[C]1c2c(ccn2N)CC(c2ccc(CN)cc2)=N1,304,0.655320262,0.170731707,0.09,0.731096229
CCC(CC)=N[C]1c2c(ccn2-c2ccncc2)CC(CN)=C1N,304,0.830410918,0.180722892,0.22,0.711446908
CCC(CN)c1c(-c2ccncc2)ccn1Cc1cnc(CN)cn1,304,0.690019668,0.11627907,0.33,0.728924735
CCC(CN)c1c(-c2cc3cc[nH]c3cn2)ncn1Cc1ccncc1,304,0.560674737,0.105263158,0.42,0.728878164
CCC(CN)c1c(-c2cc3ccncc3[nH]2)ncn1Cc1ccncc1,304,0.560674737,0.095744681,0.45,0.73371703
CCC(CN)c1c(F)ccc(-c2ccc(CN)cn2)c1Cc1cnc[nH]1,304,0.608237969,0.094736842,0.23,0.735902619
CCC(CN)c1c(F)ccc(-c2cnc(CC)[nH]2)c1Cc1cncnc1,304,0.679812208,0.086021505,0.29,0.725768939
CCN1C(CN)Cc2c(-c3cncnc3)ccc(Cc3cnc[nH]3)c21,304,0.746937085,0.172413793,0.32,0.70865945
CC1(CN)CC(C)(C)C(c2ccncc2)=C1c1cncc(F)c1,304,0.934378087,0.108433735,0.36,0.715006431
CCN1C(c2ccncc2)=C(c2ccnc(C(CC)CN)c2)NC1(C)C,304,0.83464114,0.112359551,0.54,0.703041798
CCC(C)(CN)c1[nH]c(-c2ccncc2)cc1-c1cncc(F)c1,304,0.747620192,0.103448276,0.5,0.739949307
CCC(C)(CN)c1[nH]c(-c2ccncc2)cc1-c1cnccn1,304,0.758444347,0.117647059,0.5,0.735891665
CCC(C)(CN)c1[nH]c(-c2ccncc2)cc1-c1ccncn1,304,0.758444347,0.119047619,0.48,0.735887003
CCC(C)(CN)c1[nH]c2ccncc2c1-c1ccnc(CN)c1,304,0.675214794,0.1,0.49,0.724868875
CCC(C)(CN)c1[nH]nc(-c2ccncc2)c1-c1ccncc1,304,0.758444347,0.1,0.53,0.754564626
CCC(CN)c1c(-c2ccncc2)[nH]cc1-c1ccncn1,304,0.757496508,0.120481928,0.69,0.741650456
CC(CN)c1c(-c2ccncc2)[nH]cc1-c1ccncn1,304,0.768891278,0.109756098,0.75,0.745954025
CC(CN)c1c(-c2ccncc2)c[nH]c1-c1ccncn1,304,0.768891278,0.109756098,0.75,0.745799926
CCN(C)Cc1c(-c2ccncc2)c[nH]c1-c1ccncc1,304,0.781323111,0.103896104,0.59,0.821919013
CCN(c1cc[nH]c1)c1c(CN)cncc1-c1ccncc1,304,0.758068332,0.104651163,0.49,0.768149782
CC(CN)c1c(-c2ccncc2)c[nH]c1-c1ccncc1,304,0.769747809,0.090909091,0.64,0.76475579
CC(C)(CN)c1c(-c2ccncc2)c[nH]c1-c1ccncc1,304,0.774352419,0.090909091,0.68,0.805893009
CC(C)(CN)c1c(-c2ccncc2)c[nH]c1-c1ccncn1,304,0.774781554,0.109756098,0.76,0.78540583
O=C1N(CN2C(=O)C3(OCCO3)c3ccccc32)c2ccccc2C1OCCO,305,0.819429907,0.612244898,0.03,0.682254436
O=C1N(CN2C(=O)C3(OCCO3)c3ccccc32)c2ccccc21,305,0.846561933,0.810810811,0.01,0.783735306
O=C1N(CN2C(O)c3ccccc32)c2ccccc2C12OCCO2,305,0.910962312,0.69047619,0.02,0.702417065
O=C1N(COCC2(O)c3ccccc32)c2ccccc2N1NO,305,0.610641985,0.214285714,0.02,0.750598611
O=C1N(COCC2COc3ccccc32)c2ccccc2N1,305,0.804442289,0.174603175,0.05,0.782570607
CCN1C(=O)C2(OCCO2)c2c1ccc1ccccc21,305,0.797681928,0.446808511,0.04,0.785287382
O=C1CNCC2(OCCO2)N1c1cccc2ccccc12,305,0.861497804,0.307692308,0.08,0.730557316
O=C1CNCC2(OCCO2)c2ccccc2-n2cccc21,305,0.795599965,0.352941176,0.11,0.663985455
O=C1C=C(NCC2CCCO2)C=C(N)c2ccccc21,305,0.898417029,0.183333333,0.09,0.805275711
O=C1C(=O)N2CCCC2(OCCCO)c2ccccc2N1,305,0.635232434,0.233333333,0.09,0.729071393
O=C1c2ccccc2C(=O)N1CC1CNCC(CO)O1,305,0.736604238,0.226415094,0.02,0.757493446
CCN1C(=O)C2(CCCO)CNc3ccccc3C=C2C1,305,0.891157589,0.1875,0.06,0.703072675
CCN1C(=O)C2(CC(O)CCC2)CNc2ccccc21,305,0.826470753,0.25,0.05,0.684416766
CCN1C(=O)C2(CC(O)CNC2)CNc2ccccc21,305,0.709370896,0.254237288,0.04,0.653643757
CCC12C=C(CNCCCO)CN1c1ccccc1C2=O,305,0.617786999,0.229508197,0.04,0.710502932
CCCn1c(=O)cc(NCC2CCCO2)c2ccccc21,305,0.91855913,0.1875,0.01,0.816687946
CCN1C(=O)C2(CC(CN)CN2)Oc2ccccc21,305,0.821963871,0.275862069,0.12,0.6374938
CCN1C(=O)C2(CC(C)CNC2)Oc2ccccc21,305,0.836888402,0.280701754,0.03,0.675696934
CCN1C(=O)C2(CCCOCCCN2)Nc2ccccc21,305,0.829543017,0.303571429,0.02,0.631002803
CCN1C(=O)C2(CCCO2)CNc2ccccc21,305,0.823875299,0.339622642,0.08,0.704491325
CCN1C(=O)C2(CCCNC2)Oc2ccccc21,305,0.817215316,0.290909091,0.05,0.72236736
CCN1c2ccccc2NCC12CCCOC2=O,305,0.769669761,0.267857143,0.03,0.694517952
CCN1c2ccccc2NCC12OCCCO2,305,0.805830927,0.274509804,0.08,0.705977047
CCN1C(=O)C2(CCCO2)NCc2ccccc21,305,0.818901925,0.339622642,0.07,0.679378307
CCN1C(=O)c2ccccc2NCC12OCCCO2,305,0.836061017,0.254545455,0.07,0.718927911
CCN1C(=O)C2(OCCCO2)Nc2ccccc21,305,0.819023065,0.367346939,0.02,0.726037951
CCN1C(=O)C2(OCCO2)NCc2ccccc21,305,0.799986686,0.395833333,0.08,0.721111324
CCN1C(=O)c2ccccc2NCC12OCCO2,305,0.812961696,0.288461538,0.19,0.720205999
O=C(CC1C(=O)NCCN1Cc1ccc(F)cc1)NCCCn1cccn1,306,0.674711217,1,0,0.79858586
O=C(CC1C(=O)NCCN1Cc1ccc(F)cc1)NCCn1cccn1,306,0.755880387,0.898305085,0,0.799339459
O=C(CC1C(=O)NCCN1Cc1ccc(F)cc1)NCc1cccs1,306,0.826083818,0.594202899,0,0.814179863
O=C1CC(=Cn2cccn2)NCCN1Cc1cc(Cl)ccc1Cl,306,0.924975943,0.244186047,0.12,0.757200476
O=C1CCC(c2ncccn2)NCCN1Cc1cc(Cl)ccc1Cl,306,0.907452591,0.193181818,0.07,0.775332283
O=C1CC(=C2NCCCN2)N1Cc1cc(Cl)cc2cccn12,306,0.834052915,0.186046512,0.14,0.72171733
O=C1CC(=C2NCCCN2)N1Cc1cc(Cl)cc2cccnc12,306,0.831050359,0.168539326,0.13,0.771277517
O=C1C=C(n2cccn2)NCCN1Cc1ccc(Cl)cc1,306,0.942864598,0.324324324,0.03,0.806955613
CCc1cn(Cc2ccc(F)cc2)c(=O)n1N1CCCNCC1,306,0.924736994,0.259259259,0.045,0.802705138
O=C1NCCN(Cc2cccnc2)C1n1cc(Cl)cc1Cl,306,0.942199898,0.3,0.1,0.734469086
O=C(N1CCNCCN1)n1cc(Cl)cc1Cc1ccc(F)cc1,306,0.884076937,0.243902439,0.06,0.760017026
O=C1NCCN(Cc2ccc(Cl)cc2)C1n1cc(F)cc1Br,306,0.879628099,0.342105263,0.01,0.741805225
O=C(C1NCCN1Cc1ccc(F)cc1)c1nc(Cl)ccn1,306,0.688379835,0.355263158,0.04,0.747120629
O=C(C1NCCN1Cc1ccc(F)cc1)c1nc(Cl)cc(Br)n1,306,0.632625695,0.346153846,0.02,0.725353609
O=C1NCCN(Cc2ccc(F)cc2)C(n2cc(Cl)cn2)CCN1,306,0.892127862,0.386666667,0.04,0.687294223
O=C1NCCN(Cc2ccc(F)cc2)CCN1c1nc(Cl)ccc1O,306,0.821406824,0.303797468,0.1,0.838399291
O=C1NCCN(c2ncccc2)CCN1Cc1c(F)cc(Cl)cc1F,306,0.907929236,0.226190476,0.08,0.834135369
O=C1NCCN(c2ncccn2)C1Cc1cc(F)cc(Cl)c1OCCO,306,0.782358957,0.279069767,0.23,0.753720707
O=C1NCCN1c1nc(Cl)ccc1Cn1cc(F)c2ccccc21,306,0.740208542,0.23255814,0.12,0.807907466
O=C1NCCN(Cc2cc(F)cc(Cl)c2)C1n1ccc2cccnc21,306,0.782797938,0.337349398,0.07,0.750567684
O=C1NCCN(Cc2ccc(F)cc2)c2c1cn(-c1ncccn1)c2Cl,306,0.768647597,0.303797468,0.19,0.803709202
O=C1NCCN(Cc2ccc(F)cc2)c2c1nc1c(Cl)cccn21,306,0.777392522,0.316455696,0.19,0.810040354
O=C1NCCN=C1n1cc(CO)c(Cl)c1Cc1ccc(F)cc1,306,0.896944237,0.25,0.17,0.77563633
O=C1NCCN=C1n1cc(Cc2ccc(F)cc2)c2c(Cl)ccnc21,306,0.767220543,0.244186047,0.27,0.79445435
O=C1NCCN=C(c2ncccn2)C1=Cc1ccc(F)cc1,306,0.856309174,0.215189873,0.19,0.814660359
NCC1=C(c2ccc(F)cc2)C(=O)NCCN1c1ncccn1,306,0.880195936,0.25974026,0.39,0.805840802
O=C1NCCN(Cc2ccc(F)cc2)c2c1cncc2Cl,306,0.927478384,0.306666667,0.23,0.837644982
O=C1NCCNC(c2ccc(F)cc2)c2c1cncc2Cl,306,0.849811368,0.2125,0.25,0.76347165
O=C1NCCNC(=O)C1=Cc1ccncc1-c1ccc(F)cc1,306,0.652330252,0.205128205,0.46,0.817241268
O=C1NCCNc2c1c(-c1ccncc1)c(CO)n2CCF,306,0.791990576,0.195121951,0.32,0.748574572
O=C1NCCNc2c1c(-c1ccc(F)cc1)cn2CCCO,306,0.807135717,0.240506329,0.32,0.800197283
O=C1NCCNc2c1c(-c1ccc(F)cc1)cn2CCCCCO,306,0.712999604,0.234567901,0.32,0.803123297
O=C1NCCNc2c1cc(-c1ccncc1)c1ncc(F)cc21,306,0.724947948,0.152941176,0.48,0.793959033
O=C1NCCNc2c1cc(F)cc2-c1cnccc1-c1ccncc1,306,0.75562652,0.158536585,0.48,0.804055213
O=C1NCCNc2c1cc(F)cc2-c1ccncc1-c1ccncc1,306,0.75562652,0.158536585,0.48,0.80504573
O=C1NCCc2c1ccc(-c1ccncc1)c2-c1ccc(F)cc1OCCO,306,0.715228984,0.179775281,0.46,0.824109323
O=C1NC(=O)C(=CNc2ccccc2-c2ccncc2)c2ccc(F)cc21,306,0.553575115,0.159090909,0.57,0.849784558
O=C1NC(=O)C(=CNc2cc(F)ccc2-c2ccncc2)c2ccncc21,306,0.554091539,0.146067416,0.52,0.822047871
O=C1NC(=O)C(c2ccccc2)C1=CNc1ccc(F)cc1-c1ccncc1,306,0.541261104,0.177777778,0.47,0.773118194
O=C1NC(=O)C(c2ccncc2)=C1c1ccc(F)cc1-c1ccncc1O,306,0.699715309,0.152941176,0.64,0.820906728
O=C1NC(=O)C(c2ccncc2)=C1c1ccc(F)cc1-c1ccncc1,306,0.741125929,0.153846154,0.68,0.845398433
O=C1NC(=O)C(c2ccccc2)=C1c1ccc(F)cc1-c1ccncc1,306,0.74048934,0.160493827,0.72,0.865189817
O=C1NC(=O)C(c2ccncc2)=C1c1ccc(F)cc1-c1ccccc1,306,0.74048934,0.160493827,0.72,0.865189817
O=C1NC(=O)C(c2ccncc2)=C1c1ccccc1-c1ccc(F)cc1,306,0.74048934,0.181818182,0.7,0.871486228
CSc1ccccc1C(=O)N(CC1CCCO1)C1C(=N)N(Cc2ccccc2)C(=O)NC1=O,307,0.610597391,1,0.02,0.714753781
COc1ccccc1C(=O)N(CC1CCCO1)C1C(=N)N(Cc2ccccc2)C(=O)NC1,307,0.697796767,0.569620253,0.05,0.731165195
COc1cc(C)ccc1N(CC1CCCO1)C1C(=O)N(Cc2ccccc2)C(=N)N1,307,0.73668243,0.397727273,0.06,0.708447439
COc1ccc(C)cc1N(CC1CCCO1)C1C(=O)Nc2ccccc2C1=N,307,0.835208418,0.344444444,0.08,0.715500379
COc1ccc(C)cc1N(CC1CCCO1)C1C(=O)Nc2ccccc2C1N,307,0.832590629,0.287234043,0.12,0.700465958
COC1C(=O)N(CC2CCCO2)c2ccccc2-c2nc(C)c(CN)cc21,307,0.898998595,0.260416667,0.11,0.714361
COc1ccccc1N1c2ccccc2-c2nc(C)c(=O)[nH]c2C1O,307,0.752762439,0.126315789,0.15,0.76963693
COc1cc(C)ccc1N1c2ccccc2-c2nc(C)c(=O)[nH]c21,307,0.61504793,0.113402062,0.07,0.842308447
Cc1ccccc1N(C1CCC1)C1C(=O)Nc2ccc(C)c(N)c21,307,0.841968601,0.238095238,0.15,0.748156047
COc1cc(C)ccc1N1c2ccccc2C2NCC(=O)C2N1,307,0.890922448,0.126315789,0.02,0.71168625
COc1cc(C)ccc1N1c2ccccc2NC2COCC21N,307,0.892631531,0.12244898,0.11,0.708637998
Cc1cc(C)ccc1C1NCc2ccccc2N1C1COCC1O,307,0.891401394,0.135416667,0.05,0.698328783
Cc1cc(N)ccc1-c1nc2ccccc2n1C1CNCC1O,307,0.633743894,0.125,0.2,0.749465271
Cc1cc(N)ccc1-c1nc2ccccc2n1C1COCC1O,307,0.713488133,0.125,0.07,0.750944991
Cc1cc(F)ccc1-c1nccc2c1N(C1CCCO1)C(=O)N2,307,0.790405352,0.189473684,0.29,0.761441083
Cc1cc(F)ccc1-c1nc2c(n1C1CCC1)COC(N)N2,307,0.894996826,0.145833333,0.12,0.707034505
Cc1nc(-c2cc3c(n2CC2CCCO2)CNC3)ccc1N,307,0.911725763,0.21978022,0.1,0.721468484
Cc1cc(-c2cc3c(n2CC2CCCO2)CNC3)ncc1F,307,0.947275774,0.195652174,0.12,0.72444084
Cc1cc(NCC2CCCOC2)cc2c1C(C1CC1)C(=O)N2,307,0.896942094,0.182795699,0.05,0.723489495
Cc1ccc(-c2cc3c(n2CC2CCCOC2)CNC3)nc1C,307,0.945933862,0.191489362,0.09,0.725530537
Cc1ccc(-c2cc3c(n2CC2CCCOC2)CNCC3)nc1C,307,0.941471675,0.183673469,0.1,0.731922558
Cc1ccc(-c2cc3c(n2CC2CCCOC2)CNCC3)nc1CO,307,0.896637535,0.188118812,0.13,0.719177047
Cc1ccc(-c2nc3c(cc2CCC2CCNCC2)COC=N3)n1C,307,0.927880969,0.105769231,0.1,0.718999365
Cc1ccc(-c2nc(NCC3CCOC3)nc3[nH]ccc23)cc1C,307,0.76878889,0.131313131,0.27,0.779564756
Cc1ccc(-c2ccnc3[nH]c(CC4CC4)cc(=O)c23)nc1CN,307,0.773825031,0.153061224,0.39,0.788505732
Cc1ccc(-c2ccnc3[nH]c(CC4CCCNC4)cc(=O)c23)nc1,307,0.77256388,0.137254902,0.27,0.746624255
Cc1ccc(-c2ccnc3[nH]c(CC4CCCNC4)cc(=O)c23)cn1,307,0.77256388,0.126213592,0.37,0.749848491
Cc1ccc(-c2ccnc3nc(CC4CCNCC4)[nH]c23)cc1C,307,0.771907977,0.113402062,0.39,0.821975525
Cc1ccc(-c2ccnc3nc(CC4CC4)[nH]c(=O)c23)cn1,307,0.805226269,0.125,0.33,0.821436843
Cc1ccc(-c2ccnc3nc(CC4CC4)[nH]c23)cc1CO,307,0.774903303,0.12371134,0.33,0.823706196
Cc1ccc(-c2ccnc3nc(CCC4CC4)[nH]c23)cc1CO,307,0.754022228,0.121212121,0.37,0.825324485
Nc1ccc(-c2ccnc3nc(CCC4CC4)[nH]c23)cc1CO,307,0.632134668,0.099009901,0.44,0.812017958
Nc1ccc(-c2ccnc3nc(CCC4CC4)c(=O)[nH]c23)cc1,307,0.725796426,0.103092784,0.38,0.830113296
Cc1ccc(-c2ccnc3nc(CCC4CC4)c(=O)[nH]c23)cc1C,307,0.79202077,0.134020619,0.39,0.832376094
Cc1ccc(-c2ccnc3nc(CCC4CCCCC4)[nH]c(=O)c23)cc1,307,0.736845701,0.12244898,0.22,0.845467191
Cc1ccc(-c2ccnc3nc(CCC4CCCCC4)[nH]c(=O)c23)cc1C,307,0.701898059,0.141414141,0.3,0.835651027
Cc1ccc(-c2ccnc3nc(CC4CCCCC4)[nH]c(=O)c23)cc1C,307,0.745287473,0.144329897,0.32,0.835868792
Cc1ccc(-c2ccnc3[nH]cc(CC4CCCCC4)c(=O)c23)cc1CO,307,0.717325754,0.15,0.54,0.817750041
Cc1ccc(-c2ccnc3[nH]cc(CC4CCCCC4)c(=O)c23)cc1C,307,0.696506198,0.144329897,0.6,0.832518433
Cc1ccc(-c2ccnc3[nH]cc(CC4CCCCC4)c(=O)c23)cc1,307,0.731630199,0.125,0.5,0.842394307
Cc1ccc(-c2ccnc3[nH]cc(CC4CCCNC4)c(=O)c23)cc1C,307,0.758552558,0.137254902,0.6,0.764834844
Cc1ccc(-c2ccnc3[nH]cc(CC4CC4)c(=O)c23)cc1OCC(C)C,307,0.679397187,0.125,0.53,0.818892437
Cc1ccc(-c2ccnc3[nH]cc(CC4CC4)c(=O)c23)cc1N(C)C,307,0.787167423,0.141414141,0.51,0.811093428
Cc1ccc(-c2ccnc3[nH]cc(CC4CC4)c(=O)c23)cc1C,307,0.789449326,0.136842105,0.58,0.832571242
Cc1ccc(-c2ccnc3[nH]cc(CC4CCCCC4)c23)cc1C,307,0.632962977,0.126315789,0.6,0.847414646
COc1ccc(-c2ccnc3[nH]cc(C4CC4)c(=O)c23)cc1C,307,0.800804973,0.111111111,0.56,0.833850531
Cc1cc(-c2ccnc3[nH]cc(CC4CC4)c(=O)c23)ccc1N(C)C,307,0.787167423,0.13,0.54,0.811994307
Cc1ccc(-c2ccnc3[nH]cc(-c4cc[nH]c(=O)c4)c23)cc1C,307,0.582085409,0.095744681,0.71,0.825166775
COc1ccccc1C1C(C(=O)OCC(C)C)=C(C)N=C2SCCC(=O)N21,308,0.721860083,0.695652174,0,0.778258381
COc1ccccc1C1C(C(=O)CC(C)C)=C(C)N=C2SCCC(=O)N21,308,0.784888522,0.554054054,0,0.767829716
COc1ccccc1C1C(C(=O)OCC(C)C)=C(C)N=C2SCCN21,308,0.750722169,0.540540541,0.02,0.781968154
COc1ccccc1C1C(C(=O)CC(C)C)=C(C)N=C2SCCN21,308,0.808177058,0.417721519,0.01,0.770321374
COc1ccccc1CC1C(C(=O)OCC(C)C)=C(C)N=CS1,308,0.741905131,0.402597403,0.03,0.743446335
COc1ccccc1CC(C(C)C)N1C(=O)CCCc2ccc1s2,308,0.787813752,0.255813953,0,0.657417757
COc1ccccc1CC1C(C(=O)OC(C)C)=C(C)N2CCCN12,308,0.776740225,0.26744186,0.01,0.751880961
COc1ccccc1CC1C(=O)N2C(C(C)C)=CC=C(N)C21,308,0.868791865,0.25,0.09,0.685275528
COc1ccccc1CC1C(=O)N2C(C)=CC=CC21CCN,308,0.848374369,0.213483146,0.08,0.678333616
COc1ccccc1CC1C(=O)Nc2cc(Br)ccc2N1CCN,308,0.824187998,0.180851064,0.1,0.783130755
COc1ccccc1Cn1c(C(C)C)c2c(cc1=O)NCCN2,308,0.911161766,0.218390805,0.05,0.80147846
COc1ccccc1CC1C(=O)Nc2cc(O)ccc2N1CCN,308,0.778289931,0.193548387,0.1,0.780688221
COc1ccccc1CC1C(=O)Nc2ccccc2C1CCCN,308,0.856452418,0.179775281,0.09,0.759105088
COc1ccccc1CC1C(=O)Nc2ccccc2C1CC(C)N,308,0.886500299,0.206896552,0.11,0.728309398
COc1ccccc1CC1C(=O)Nc2cc(O)ccc2N1CCCN,308,0.748986005,0.189473684,0.1,0.785013311
COc1ccccc1CC1C(=O)Nc2cc(O)ccc2C1CCCN,308,0.754482525,0.180851064,0.14,0.739755501
COc1ccccc1CC1C(=O)Nc2cccnc2C1CC(C)N,308,0.885921968,0.208791209,0.2,0.700471615
COc1ccccc1CC1C(=O)Nc2cccnc2C1=CCC(C)N,308,0.879050893,0.225806452,0.19,0.710040008
COc1ccccc1CC1C(=O)Nc2cccnc2C1CC=C(C)N,308,0.877927334,0.20212766,0.17,0.702544667
COc1ccccc1CC1C(=O)Nc2cccnc2C1CC(C)(C)N,308,0.87730503,0.195652174,0.16,0.712004883
COc1ccccc1CC1C(=O)Nc2cccnc2C1=CC(C)(C)N,308,0.898891988,0.217391304,0.17,0.738328593
COc1ccccc1C1=C(CC(C)C)C(=O)Nc2cccnc2N=C1N,308,0.882515293,0.217391304,0.33,0.791591619
COc1ccccc1C1=C(CC(C)C)C(=O)Nc2ccccc2C(N)=N1,308,0.881021758,0.23255814,0.238333333,0.820539775
COc1ccccc1C1=C(C(C)N)C(=O)Nc2ccccc2N1CC(C)=O,308,0.851080948,0.222222222,0.1,0.761163407
COc1ccccc1C1=C(CC(C)C)C(=O)Nc2ccccc2C(=O)N1,308,0.88039996,0.234567901,0.498333333,0.838390354
COc1ccccc1C1=C(CC(C)C)C(=O)Nc2cccnc2C1=N,308,0.767797263,0.222222222,0.18,0.818846395
COc1ccccc1C1=C(CC(C)C)C(=O)Nc2cccnc2N1,308,0.895192568,0.229885057,0.29,0.815799397
COc1ccccc1C1(CC(C)C)C(=O)Nc2ccccc2N1,308,0.897133546,0.2375,0.07,0.787821301
COc1ccccc1C1=C(CC(C)C)C(=O)Nc2ccccc2N1,308,0.870102056,0.2375,0.368333333,0.842317044
COc1ccccc1C1=C(CC(C)N)C(=O)Nc2ccccc21,308,0.777975054,0.211764706,0.16,0.822861065
COc1ccccc1C1=C(CC(C)C(N)=O)C(=O)NC(C)C1,308,0.870888146,0.24137931,0.12,0.720653707
COc1ccccc1C1=C(CC(C)N)C(=O)Nc2ccccc2N1,308,0.807350525,0.21686747,0.35,0.783664013
COc1ccccc1C1=C(CC(C)N)C(c2ccccc2)=NC1=O,308,0.919728215,0.226190476,0.12,0.791478493
COc1ccccc1C1=C(c2cn(C)cc2N)C(=O)NC1=O,308,0.833034914,0.180722892,0.7,0.817036931
COc1ccccc1C1=C(CC(C)N)C(=O)NC2=NCCN21,308,0.867234432,0.222222222,0.18,0.728812421
COc1ccccc1C1=C(c2cn(C)cn2)C(=N)NC1=O,308,0.893733721,0.181818182,0.48,0.790537121
COc1ccccc1C1=C(c2ccncc2)C(=O)NC1=N,308,0.903162884,0.178571429,0.49,0.825689341
COc1ccccc1C1=C(CC=N)C2=NCCN2C1=O,308,0.846060212,0.220930233,0.06,0.760320197
COc1ccccc1C1=C(CC2=CCNC2=O)C(=O)N1,308,0.856795425,0.202380952,0.15,0.771243004
COc1ccccc1C1=C(CC(=N)N)C(=O)NC1=O,308,0.413971391,0.207317073,0.58,0.816260111
COc1ccccc1C1=C(CC=N)C(=O)NC1=O,308,0.615483954,0.215189873,0.58,0.79508485
COc1ccccc1C1=C(CCCCl)C(=O)NC1=O,308,0.663464209,0.195121951,0.55,0.833780274
COc1ccccc1C1=C(CC)C(=O)NC1=O,308,0.802208171,0.207792208,0.56,0.854106441
COc1ccccc1C1=C(CCCN)C(=O)NC1=O,308,0.768753963,0.195121951,0.61,0.840226718
COc1nc(N(C)C)nc(N(OC)S(=O)(=O)c2ccccc2)n1,309,0.709587173,0.688888889,0,0.805837461
COc1nc(N(C)C)nc(N(CC)S(=O)c2ccccc2)n1,309,0.802684298,0.418181818,0.02,0.728867625
COc1cc(N(C)C)nc(N(C)S(=O)(=O)c2ccccc2)n1,309,0.827568997,0.327586207,0.02,0.841226465
COc1ccc(N(C)S(=O)(=O)c2ccccc2Cl)c(OC)n1,309,0.834952629,0.462962963,0.02,0.85161467
COc1ccc(N(C)S(=O)(=O)c2ccccc2Cl)c(O)n1,309,0.930957612,0.454545455,0.01,0.836396143
COc1ncc(N(C)S(=O)(=O)c2ccccc2Cl)c(O)n1,309,0.916819141,0.490909091,0.01,0.817673606
COc1ccc(N(C)S(=O)(=O)c2ccccc2Cl)nc1C,309,0.866484967,0.462962963,0.03,0.859330826
COc1ncc(N(C)S(=O)(=O)c2ccccc2Cl)nc1C,309,0.861006953,0.446428571,0.13,0.833824753
COc1ncc(N(C)S(=O)(=O)c2ccccc2Cl)nc1CC,309,0.835181925,0.423728814,0.1,0.829055183
COc1ncc(N(C)S(=O)(=O)c2ccccc2Cl)nc1C(C)C,309,0.823628466,0.423728814,0.07,0.819296242
COc1ncc(N(C)S(=O)(=O)c2c[nH]c3ccccc23)cc1Cl,309,0.783470764,0.298507463,0.25,0.831019699
COc1ncc(N(C)S(=O)(=O)c2c[nH]c3ccccc23)c(Cl)c1Cl,309,0.74201784,0.28358209,0.25,0.805210963
COc1ncc(N(C)S(=O)(=O)c2c[nH]c3ccc(Cl)cc23)cc1Cl,309,0.74201784,0.257142857,0.28,0.820826114
COc1ncc(N(C)S(=O)(=O)c2c[nH]c3ccc(F)cc23)cc1Cl,309,0.765935914,0.25,0.32,0.819460147
COc1cc(N(C)S(=O)(=O)c2c[nH]cc2-c2ccccn2)cnc1Cl,309,0.689367468,0.263888889,0.22,0.791692988
COc1cc(N(C)S(=O)(=O)c2c[nH]cc2-c2ccccc2Cl)cnc1Cl,309,0.637205892,0.308823529,0.11,0.800998005
COc1ncc(N(C)S(=O)(=O)c2c[nH]cc2-c2ccccc2F)cc1Cl,309,0.714256998,0.281690141,0.17,0.80010698
COc1ncc(N(C)S(=O)(=O)c2c[nH]cc2-c2ccncc2)cc1Cl,309,0.736928573,0.253521127,0.41,0.792958922
COc1ncc(N(C)S(=O)(=O)c2c[nH]cc2-c2ccncc2)cc1F,309,0.753110262,0.202702703,0.45,0.790545076
COc1ncc(N(C)S(=O)(=O)c2c[nH]nc2-c2ccncc2)cc1Cl,309,0.729762999,0.253521127,0.42,0.778125296
COc1ncc(N(C)S(=O)(=O)c2n[nH]cc2-c2ccncc2)cc1Cl,309,0.729762999,0.236111111,0.48,0.772160681
COc1ncc(S(=O)(=O)N(C)c2n[nH]cc2-c2ccncc2)cc1Cl,309,0.729762999,0.23943662,0.44,0.782937824
COc1ncc(S(=O)(=O)N(C)c2nc(-c3ccncc3)c[nH]2)cc1Cl,309,0.729762999,0.25,0.44,0.780638483
COc1ncc(CN(C)S(=O)(=O)c2cc(-c3ccncc3)c[nH]2)cc1Cl,309,0.696286975,0.232876712,0.5,0.796448099
COc1ncc(CN(C)S(=O)(=O)c2nc(-c3ccncc3)c[nH]2)cc1Cl,309,0.689368673,0.243243243,0.52,0.780928183
COc1ncc(CN(C)S(=O)(=O)c2cc(-c3ccncc3)c[nH]c2=O)cc1Cl,309,0.655607693,0.24,0.52,0.803896795
COc1ncc(CN(C)S(=O)(=O)c2ccc(-c3ccncc3)cc2Cl)cc1Cl,309,0.574655781,0.275362319,0.47,0.839012771
COc1ncc(CN(C)S(=O)(=O)c2cc(-c3ccncc3)c[nH]2)cc1OC,309,0.667029099,0.186666667,0.49,0.799788591
COc1ncc(CN(C)S(=O)(=O)c2cc(-c3ccncc3)c[nH]2)cc1C(C)C,309,0.6564195,0.179487179,0.47,0.786978057
COc1ncc(CN(C)S(=O)(=O)c2cc(-c3ccncc3)c[nH]2)cc1OC(C)C,309,0.606028922,0.175,0.47,0.788797155
COc1cc(CN(C)S(=O)(=O)c2cc(-c3ccncc3F)c[nH]2)ccc1OC,309,0.653127208,0.179487179,0.44,0.817313757
COc1ncc(CN(C)S(=O)(=O)c2cc(-c3ccncc3)cnc2N)cc1Cl,309,0.653036416,0.246575342,0.46,0.819789497
COc1ncc(CN(C)S(=O)(=O)c2cc(-c3ccncc3)cnc2Cl)cc1Cl,309,0.545183712,0.253521127,0.32,0.819863856
COc1[nH]nc(CN(C)S(=O)(=O)c2ccc(-c3ccncc3)cc2Cl)c1Cl,309,0.649546128,0.271428571,0.51,0.795379303
COc1[nH]nc(CN(C)S(=O)(=O)c2ccc(-c3ccncc3)cc2Cl)c1,309,0.696286975,0.279411765,0.54,0.805558953
Cc1nnc(SCCn2c(N3CCC(C)CC3)nc3c2c(=O)[nH]c(=O)n3C)s1,310,0.624593328,1,0,0.799349827
Cc1nnc(NCCn2c(N3CCC(C)CC3)nc3c2C(=O)NC3=O)s1,310,0.758433656,0.407894737,0.19,0.773454843
Cc1nnc(CSc2nc(N3CCC(C)CC3)nc3c2c(=O)[nH]c3=O)s1,310,0.480833903,0.358974359,0.24,0.773128232
Cc1nnc(SCCn2cc(CN3CCCC3C)cc3c(=O)[nH]c(=O)n23)s1,310,0.62704482,0.425,0.08,0.701292723
Cc1cnc(SCCn2cc(CN3CCCC3C)c3c2C(=O)OC3=N)[nH]1,310,0.60052449,0.221052632,0.11,0.676189729
Cc1cnc(SCCn2cc(CN3CCCC3C)c3c2C(=O)NC3=O)[nH]1,310,0.59899975,0.217391304,0.25,0.709392848
Cc1cnc(SCCn2c(CN3CCCC3C)cc3c2C(=O)NC3=O)[nH]1,310,0.59899975,0.244444444,0.29,0.710133181
Cc1cnc(SCCn2c(CN3CCCC3C)cc3c2C(=O)NC3)[nH]1,310,0.778122579,0.241758242,0.25,0.703036274
Cc1cnc(SCCn2c(CN3CCCC3)cc3c2C(=O)NC3=O)[nH]1,310,0.606898094,0.218390805,0.26,0.77157529
Cc1cnc(SCCc2c[nH]c3c2c(=O)[nH]c(=O)n3C)c(C)c1,310,0.715792277,0.243902439,0.1,0.777112969
Cc1cnc(SCCc2c[nH]c3c2c(=O)[nH]c(=O)n3C)cc1,310,0.716096412,0.25,0.1,0.787402891
Cc1cnc(SCCn2c(CN)cc3c2C(=O)NC=C3)c(C)c1,310,0.705885162,0.223529412,0.16,0.775571478
Cc1cnc(SCCn2c(CN)cc3c2C(=O)NC3)c(C)c1,310,0.827573322,0.197674419,0.18,0.758088499
Cc1cnc(SCCn2c(C#N)c[nH]c2=O)c(C2CC2)c1,310,0.860541062,0.238095238,0.15,0.754927994
Cc1cnc(SCCn2c(C)c[nH]c2=O)c(C#N)c1,310,0.86340198,0.209876543,0.1,0.780458358
Cc1cnc(SCn2c(C)c[nH]c2=O)c(C#N)c1,310,0.85398056,0.156626506,0.1,0.762690389
Cc1cnc(NCCn2c(C)c[nH]c2=O)c(C#N)c1,310,0.860458307,0.139534884,0.14,0.793063583
Cc1cnc(NCCn2c(C#N)c[nH]c2=O)c(C)c1,310,0.860458307,0.139534884,0.19,0.78191351
Cc1cnc(NCCn2c(C#N)c[nH]c2=O)c(C#N)c1,310,0.849050401,0.137931034,0.16,0.766145559
Cc1cnc(SCCn2c(C#N)c[nH]c2=O)c(C#N)c1,310,0.856402427,0.207317073,0.11,0.754215614
Cc1cnc(SCCn2c(CCN)c[nH]c2=O)c(C)c1,310,0.790737889,0.207317073,0.17,0.777852427
Cc1cnc(SCCn2c(C#N)c[nH]c2=O)c(C)c1,310,0.86340198,0.209876543,0.15,0.76570219
Cc1cnc(SCCn2c(CN)c[nH]c2=O)c(C)c1,310,0.811384353,0.2125,0.16,0.777210753
Cc1cnc(SCCn2c(CN)c[nH]c2=O)cn1,310,0.769509543,0.230769231,0.16,0.765073701
Cc1cnc(SCCn2c(CN)c[nH]c2=O)s1,310,0.800217478,0.276315789,0.2,0.749493136
Cc1cnc(SCCn2c(C#N)c[nH]c2=O)s1,310,0.853019439,0.272727273,0.23,0.736785764
Cc1ccc2c(c1)CC1(CN2C)C(=O)NC(=O)N(c2ccccc2)C1=O,311,0.802003506,0.78,0,0.73866142
Cc1ccc2c(c1)CC1(CN2)C(=O)NC(=O)N(C)c2ccccc21,311,0.783874762,0.459016393,0.06,0.715306683
Cc1ccc2c(c1)CC1(C2)C(=O)NC(=O)N(C)c2ccccc21,311,0.813368193,0.509090909,0.03,0.739958698
Cc1ccc2c(c1)CN(C)C(=O)NC(=O)c1ccccc1N2,311,0.78503947,0.338709677,0.45,0.802856589
Cc1ccc2c(c1)Cc1ccccc1C(=O)NC(=O)N2C,311,0.806357742,0.366666667,0.14,0.818985179
Cc1ccc2c(c1)Cc1ccccc1C(=O)NC2=O,311,0.731017172,0.315789474,0.31,0.882959519
Cc1ccc2c(c1)C(=O)NC(=O)c1ccccc1CN2,311,0.720198992,0.274193548,0.38,0.812190616
Cc1ccc2c(c1)C(=O)NC(=O)c1ccccc1N2,311,0.708495108,0.25862069,0.54,0.880069776
Cc1ccc2c(c1)C(=O)NC(=O)c1ccccc1CCN2,311,0.729064518,0.265625,0.42,0.817218573
Cc1ccc2c(c1)C(=O)Nc1ccccc1C(=O)NCC2,311,0.778800623,0.261538462,0.57,0.822874214
Cc1ccc2c(c1)C(=O)Nc1ccccc1C(=O)N2,311,0.757052984,0.263157895,0.73,0.884262083
Cc1ccc2c(c1)C(=O)Nc1ccccc1C(=O)NC2=O,311,0.72582258,0.254237288,0.58,0.830485048
CCC(c1nnnn1Cc1ccco1)N1CCN(C(=O)O)CC1,312,0.878744149,0.803571429,0,0.78518374
CCC(c1nnnn1C1CC1)N1CCN(C(=O)OC)CC1,312,0.818899548,0.397058824,0,0.786315296
CCC(c1nnnn1C1CC1)N(Cc1ccco1)C(=O)CCl,312,0.730711668,0.381578947,0,0.761323091
CCC(c1nnnn1C)N1CCN(C(=O)c2ccco2)CC1,312,0.827457007,0.736842105,0.02,0.785862509
CCC(c1nnnn1C)N1CCN(C(=O)c2ccccc2)CC1,312,0.845812997,0.507936508,0.03,0.816413577
CCC(c1nnnn1C1CC1)N(Cc1ccco1)CC(C)Cl,312,0.698193342,0.337662338,0.01,0.713338827
CCC(c1nnnn1C1CC1)N(Cc1ccccc1)C1CO1,312,0.734319579,0.272727273,0,0.733324171
CCC(c1nnnn1Cc1ccccc1)N1CCC(N)C(O)C1,312,0.837384018,0.449275362,0,0.734308962
CCC1CN(C(=O)c2ccco2)CCN1Cc1nnnn1C,312,0.819934199,0.450704225,0.02,0.77168986
CCC(c1nnnn1Cc1ccccc1)N1CCC(N)C1,312,0.894000093,0.454545455,0.05,0.774463314
CCC(c1nnnn1C)N1CCN(C(=O)c2ccco2)C1,312,0.823047509,0.655737705,0.02,0.746698573
CCC(c1nnnn1C)N1CCN(Cc2ccccc2)CC1,312,0.836942104,0.4375,0.02,0.818410792
CCC(c1nnnn1Cc1ccccc1)N1CCN(C)CC1,312,0.835683097,0.533333333,0,0.821742042
CCC(c1nnnn1Cc1ccccc1)N1CCC(N)CC1,312,0.907648889,0.484375,0.04,0.809599975
CCC(c1nnnn1Cc1ccccc1)N1CCNC(=O)CC1,312,0.890660118,0.470588235,0.05,0.799252007
CCC(c1nnnn1Cc1ccccc1)N1CCNC(=O)C1,312,0.875095292,0.455882353,0.05,0.796710311
CCC(c1nnnn1Cc1ccccc1)N1CCCNC(=O)C1,312,0.890660118,0.442857143,0.06,0.794679332
CCC(c1nnnn1Cc1ccccc1)N1CCCNC(=O)CC1,312,0.897353581,0.457142857,0.05,0.79689113
CCC(c1nncn1Cc1ccccc1)N1CCCNC(=O)CC1,312,0.912105834,0.307692308,0.07,0.782666075
CCC(c1ncccc1-c1ccncc1)N1CCCNC(=O)CC1,312,0.939387344,0.234567901,0.27,0.776736624
CCC(c1ncccc1-c1ccncc1)N1CCCC(=O)NCC1,312,0.939387344,0.234567901,0.26,0.778199262
CCC(c1ncccc1-c1ccncc1C)N1CCCC(=O)NCC1,312,0.930463788,0.223529412,0.22,0.764045675
CCC(c1ncccc1-c1ccncc1C)N1CCCC(=O)NCCC1,312,0.914789516,0.223529412,0.22,0.71639905
CCC(c1ncccc1-c1ccncc1C)N1CCCC(=O)NCCC1C,312,0.891670282,0.184782609,0.27,0.668493648
CCC(c1ncccc1-c1ccncc1C)N1CCC(N)CC1C,312,0.931163775,0.183908046,0.25,0.696945371
CCC(Cc1ccccc1-c1ccncc1)N1CCC(N)CC1C,312,0.90770107,0.151162791,0.27,0.726603476
CC(=O)Nc1ccc(OC(F)(F)C(F)C(F)(F)F)c(NC(C)=O)c1,313,0.79232263,1,0,0.790341892
CC(=O)Nc1ccc(OC(F)(F)C(F)C(F)(F)F)c(NC(C)C)c1,313,0.744198271,0.818181818,0,0.775408145
CC(=O)Nc1ccc(OC(F)(F)C(F)F)c(NC(C)(C)C)c1,313,0.80281625,0.673913043,0,0.827812564
CC(=O)N(CC(F)(F)C(C)(C)C)c1cc(NC=O)ccn1,313,0.850272383,0.208955224,0.01,0.760540856
CC(=O)N(CC(F)(F)C(C)C)c1cc(NC(C)=O)ccn1,313,0.908934702,0.333333333,0.03,0.793308968
CC(=O)N(CC(F)(F)C(C)C)Cc1cc(NC(C)=O)ccn1,313,0.878049658,0.322580645,0.06,0.803504979
CC(=O)N(CC(F)(F)F)CC(C)(C)c1ccc(NC)cc1,313,0.903677929,0.237288136,0,0.825985332
CC(=O)c1ccc(OCC(F)(F)C(C)C)c(NC(C)=O)c1,313,0.817686684,0.444444444,0,0.851284633
CC(=O)c1ccc(OCC(F)(F)C(C)C)c(NC(C)C)c1,313,0.759305489,0.322033898,0,0.834450227
CC(=O)c1cccc(NC(C)C(=O)N2CC(F)(F)C2)c1,313,0.861008934,0.222222222,0,0.800768489
CCc1ccc(NC(C)=O)c(OCC(F)(F)C(C)C)c1,313,0.86110232,0.362068966,0.01,0.848940883
CC(=O)Cc1ccc(OCC(F)C(C)C)c(NC(C)C)c1,313,0.787174336,0.274193548,0,0.773509159
CC(=O)Nc1ccc(OCC(F)(F)C(C)C)c(C(C)C)c1,313,0.843077022,0.444444444,0,0.842731905
CC(=O)Nc1ccc(OC(C)C)c(C(C)(F)F)c1,313,0.895437285,0.48,0.01,0.869193812
CC(=O)Nc1ccc(OC(C)C)c(C(F)(F)F)c1,313,0.904532076,0.489795918,0.01,0.894714598
CC(=O)Nc1ccc(OCC(F)(F)F)c(C(C)C)c1,313,0.90927488,0.461538462,0,0.880900442
CC(=O)Nc1ccc(OC(F)(F)F)c(C(C)C)c1,313,0.9011236,0.520833333,0,0.883741439
CC(=O)Nc1ccc(OC(F)(F)F)c(NC(C)C)c1,313,0.886134747,0.595744681,0,0.876400442
CC(=O)Nc1ccc(OC(F)(F)F)c(NC2CC2)c1,313,0.886531737,0.54,0.03,0.879955748
CC(=O)Nc1ccc(OC(F)F)c(NC(C)C2CC2)c1,313,0.840795145,0.454545455,0.02,0.816555739
CC(=O)Nc1ccc(OC(F)F)c(NC2CC2C)c1,313,0.864153553,0.462962963,0.02,0.787471332
CC(=O)Nc1ccc(OC(F)F)c(NC2CC2)c1,313,0.851283996,0.480769231,0.06,0.883761447
CC(=O)Nc1ccc(OC(C)C)c(NC2CC2)c1,313,0.841808008,0.433962264,0.04,0.896280128
CC(=O)Nc1ccc(OC(F)F)c(NC2CC2)n1,313,0.848530011,0.3,0.1,0.843962075
CC(=O)Nc1ncc(OC(F)F)c(NC2CC2)n1,313,0.838700335,0.253968254,0.44,0.825346376
CC(=O)Nc1ncc(OC(F)F)c(NC2(O)CC2)n1,313,0.691147674,0.253968254,0.35,0.770401299
CC(=O)Nc1ncc(OC(F)F)c(NS(=O)C2CC2)n1,313,0.825408891,0.23880597,0.34,0.703681664
CC(=O)Nc1ncc(OC(F)F)c(NC(=O)C2CC2)n1,313,0.852674314,0.25,0.37,0.831125026
CC(=O)Nc1ncc(OC(F)F)c(NC2CCCC2)n1,313,0.868832214,0.246153846,0.42,0.830835669
COC(=O)Cn1c2[n+](c3ccccc31)CC(O)CS2,314,0.644824683,1,0,0.699064021
COC(=O)Cn1c2c([n+]3ccccc13)CC(O)CS2,314,0.638848829,0.475409836,0.01,0.672976272
COCC(O)Cn1c2c(c3ccccc31)CC(O)CC2,314,0.888808206,0.257142857,0,0.763923675
COC(=O)Cn1c2c(c3ccccc31)CC(O)CC2,314,0.834533697,0.433333333,0,0.808714733
COC(=O)Cn1c2c(c3ccccc31)C(O)CNC2=O,314,0.785451068,0.396825397,0.13,0.76887501
COC(=O)Cn1c2c(c3ccccc31)C(=O)NCC2O,314,0.785451068,0.396825397,0.16,0.762823362
COC(=O)Cn1c2c(c3ccccc31)C(=O)NC2OC,314,0.853885513,0.365079365,0.19,0.757581054
COC(=O)Cn1c2c(c3ccccc31)C(=O)NC2,314,0.803379653,0.37704918,0.23,0.835177472
COC(=O)Cn1c2c(c3ccccc31)C(=O)NC2=O,314,0.634980983,0.366666667,0.25,0.843349795
O=C1NC(=S)N=C1Cc1ccc2c(c1)OCO2,315,0.786897495,1,0.16,0.796575508
O=C1NC(=S)N=C1Cc1ccc(OC)cc1Br,315,0.86671472,0.442307692,0.07,0.790291384
O=C1NC(=S)N=C1C=Cc1ccc(OC)cc1F,315,0.845398962,0.262295082,0.21,0.790143927
O=C1NC(=S)N=CC1=Cc1ccc(OC)cc1F,315,0.653153617,0.222222222,0.21,0.789872542
O=C1NC(=S)N=C1C=Cc1ccc(OF)cc1,315,0.832383565,0.267857143,0.14,0.754629675
O=C1NC(=S)N=C1Cc1ccc(OCF)cc1Cl,315,0.861992239,0.418181818,0.1175,0.767943312
O=C1NC(=S)N=C1Cc1cccc(OF)c1Cl,315,0.856516382,0.407407407,0.09,0.739167652
O=C1NC(=S)N=C1Nc1cccc(OF)c1Cl,315,0.807202412,0.266666667,0.16,0.741627554
O=C1NC(=S)N=C1Nc1cccc(OCF)c1Cl,315,0.833317923,0.274193548,0.15,0.760246081
O=C1NC(=S)N=C1Nc1ccc(OCF)cc1Cl,315,0.833317923,0.295081967,0.14,0.774392542
O=C1NC(=S)N=C1Nc1ccc(OC(F)F)cc1Cl,315,0.840210898,0.274193548,0.15,0.788104785
O=C1NC(=S)N=C1c1ccc(OC(F)F)cc1CCl,315,0.685364155,0.295081967,0.12,0.775596501
O=C1NC(=S)N=C1c1ccc(OC(F)F)cc1Cl,315,0.867929097,0.266666667,0.18,0.804762075
O=C1NC(=S)N=C1c1ccc(OC(F)F)c(Cl)c1,315,0.867929097,0.288135593,0.22,0.804923142
O=C1NC(=S)N=C1c1ccc(OC2COC2)c(Cl)c1,315,0.85484255,0.31147541,0.26,0.789353278
O=C1NC(=S)N=C1c1ccc(OC2CC2)c(Cl)c1,315,0.862742049,0.305084746,0.23,0.809588235
O=C1NC(=S)N=C1c1ccc(OC(F)F)c(O)c1,315,0.810988745,0.288135593,0.25,0.791454382
O=C1NC(=S)N=C1c1ccc(OCF)c(O)c1,315,0.786183668,0.310344828,0.28,0.776671089
O=C1NC(=S)N=C1c1ccc(O)c(OC2CC2)c1,315,0.801249355,0.305084746,0.31,0.799680235
O=C1NC(=S)N=C1c1ccc(O)c(OCCF)c1,315,0.79738663,0.3,0.35,0.788747927
COc1ccccc1N1CCN(C2CCCN(CCC3CCCO3)C2)CC1,316,0.764607796,0.521126761,0,0.785353033
COc1ccccc1N1CCN(C2CCCCN(C)C2)CC1,316,0.852653135,0.548387097,0,0.842106706
CCc1ccccc1N1CCN(C2CCCC(OC)C2)CC1,316,0.84829891,0.366197183,0.01,0.796120791
COc1ccccc1N1CCN(C2CCCC(O)C2)CC1,316,0.924846849,0.476923077,0,0.808862305
COc1ccccc1N1CCC(N2CCCC(O)C2)CC1,316,0.924846849,0.432835821,0,0.835220859
COc1ccccc1N1CCC(N2CCCC2=O)CC1,316,0.847525086,0.376811594,0,0.891347434
COc1ccccc1N1CCC(N2CCCC2=O)C1,316,0.831823545,0.366197183,0,0.837175464
COc1ccccc1N1CCCN(C2CCCNC2)CC1,316,0.920437177,0.47761194,0.02,0.830827291
COc1ccccc1N1CCCN(c2ccccn2)CC1,316,0.86581748,0.333333333,0,0.913900392
COc1ccccc1N1CCCN(C2CCCNC2=O)CC1,316,0.918680382,0.388888889,0.02,0.825777619
COc1ccccc1N1CCCN(C2CCCNCC2)C1=O,316,0.932768078,0.328947368,0.08,0.812736273
COc1ccccc1N1CCN(C2CCCNCC2)CC1=O,316,0.918680382,0.36,0.06,0.811870408
COc1ccccc1N1CCN(C2CCCNCC2)CCC1=O,316,0.924381751,0.373333333,0.09,0.816766358
COc1ccccc1N1CCN(C2CCCNCC2)CCCC1=O,316,0.922765806,0.368421053,0.1,0.818019701
COc1ccccc1N1CCCN(C2CCCNCC2)CCC1=O,316,0.922765806,0.350649351,0.11,0.814848273
COc1cccnc1N1CCCN(C2CCCNCC2)CCC1=O,316,0.912226777,0.270588235,0.17,0.783293108
COc1ccncc1N1CCCN(C2CCCNCC2)CCC1=O,316,0.912226777,0.270588235,0.22,0.784725635
COc1ccncc1N1CCCN(C2CCCNCC2)CCC1,316,0.924494768,0.311688312,0.23,0.799681615
COc1ccncc1N1CCCN(C2CCCNCC2)CC1,316,0.921074829,0.337662338,0.22,0.803027412
COc1ccncc1C1CCCN(C2CCCNCC2)CCC1,316,0.928853784,0.2625,0.31,0.79771261
COc1ccncc1C1CN(C2CCCNC2)CCCN1C,316,0.916774425,0.265060241,0.26,0.734415262
Cc1cc2ncn(-c3cc(O)n(C)c3O)c2cc1C,317,0.703249085,1,0.01,0.786933484
Cc1cc2nc(O)n(-c3ccncc3O)c2cc1C,317,0.700283645,0.31372549,0.12,0.807995368
Cc1cc2nc(O)ccc2c(NCC(O)CO)c1C,317,0.667521905,0.183333333,0.02,0.766760822
Cc1cc2cc(O)ccc2c(NCc2ccccc2O)c1,317,0.674097064,0.112903226,0.01,0.883525495
Cc1cc2ncccc2c(-c2cc(O)ccc2OC)c1C,317,0.762856967,0.220338983,0.14,0.87230583
COc1cc2ncc(O)cc2c(-c2ccccc2OC)c1C,317,0.795044109,0.166666667,0.1,0.866424231
COc1cc2ncc(-c3ccccc3C(F)F)c(C)c2cc1O,317,0.750115647,0.15625,0.1,0.839842055
CCc1cc2ncccc2cc1-c1cc(O)c(OC)cc1C,317,0.773495379,0.171875,0.02,0.861321502
Cc1cc2ncccc2cc1-c1cc(O)c(C(F)F)cc1C,317,0.708522636,0.210526316,0.04,0.837572618
Cc1cc2ncccc2cc1-c1cc(O)c(F)cc1C(C)O,317,0.748195832,0.193548387,0.04,0.792060564
Cc1cc(O)c2nccc(-c3ccccc3C(F)F)c2c1C,317,0.708522636,0.163934426,0.03,0.82771562
Cc1cc2ncccc2cc1-c1cc(O)c(F)cc1C,317,0.710111402,0.222222222,0.03,0.863916713
Cc1cc2ncc(-c3ccncc3CN)cc2c(O)c1C,317,0.755847938,0.196721311,0.35,0.824703483
Cc1cc2ncccc2cc1-c1nc(C(F)F)c(C)o1,317,0.692881271,0.163934426,0.03,0.823218636
Cc1cc2ncc(-c3ccncc3)nc2c(C)c1O,317,0.721868516,0.218181818,0.45,0.844195701
Cc1cc2ncc(-c3ccncc3)nc2cc1C(C)O,317,0.773309188,0.189655172,0.42,0.801370103
Cc1cc2ncc(-c3ccncc3)nc2cc1C(C)(C)O,317,0.782107009,0.189655172,0.42,0.837163457
Cc1cc(O)c2ncc(-c3ccncc3)c(C)c2c1C,317,0.724050126,0.178571429,0.35,0.831932372
Cc1cc(O)cc2ncc(-c3ccncc3)c(C)c12,317,0.717117809,0.2,0.34,0.845268636
Cc1c(O)cc(C)c2ncc(-c3ccncc3)nc12,317,0.721868516,0.178571429,0.47,0.834931599
Cc1c(O)c(C)cc2ncc(-c3ccncc3)nc12,317,0.721868516,0.218181818,0.45,0.844195701
Cc1cc(O)c2ncc(-c3ccncc3)nc2c1C,317,0.721868516,0.178571429,0.47,0.839022482
Cc1c(O)cnc2cc(-c3ccncc3)[nH]c12,317,0.668836248,0.178571429,0.54,0.803928412
Cc1c(O)cnc2nc(-c3ccncc3)[n-]c12,317,0.681433278,0.140350877,0.32,0.689020406
Cc1c(O)cnc2[nH]c(-c3ccncc3)nc12,317,0.66538563,0.137931034,0.56,0.805897015
Cc1c(O)cc2[nH]c(-c3ccncc3)nc2c1CN,317,0.653117175,0.126984127,0.46,0.814858949
Cc1c(O)cnc2nc(-c3ccncc3)[nH]c12,317,0.66538563,0.137931034,0.61,0.812211929
Cc1c(O)cnc2nc(-c3cccnc3)[nH]c12,317,0.66538563,0.131147541,0.58,0.813721505
COC(=O)C(NC(=O)c1ccccc1)(Nc1nccs1)C(F)(F)F,318,0.633071845,1,0,0.786921033
CCC(=O)C(Nc1ccccc1)(Nc1nccs1)c1ccccc1,318,0.623383567,0.416666667,0.02,0.766435086
CCC(CC)C(NC(=O)c1ccccc1)c1ncc(I)s1,318,0.699391377,0.268656716,0.01,0.766608907
CCC(CC)C(NC(=O)c1ccccc1)c1ncc(O)s1,318,0.853936512,0.272727273,0.02,0.769598999
CCCC(CC)C(NC(=O)c1ncccc1O)C(F)(F)F,318,0.847572229,0.225352113,0.03,0.727620668
CCCC(Cc1cccc(O)c1)(NC(=O)C(F)(F)F)SC,318,0.788865373,0.180555556,0,0.72220339
CCCC(Cc1ccccc1)(NC(=O)C(F)(F)F)c1nccs1,318,0.860095403,0.348484848,0.01,0.751702825
CCCC(Cc1cccc(O)c1)(NC(=O)C(F)(F)F)S,318,0.57831072,0.185714286,0,0.732213772
CCCC(Cc1ccccc1)(NC(=O)C(F)(F)F)CO,318,0.84479667,0.230769231,0,0.782168559
CCC(Cc1ccccc1)(NC(=O)C(F)(F)F)c1nccs1,318,0.909797073,0.359375,0.04,0.755945053
CCC(C(=O)C=Cc1ccccc1)Nc1ncc(F)s1,318,0.823725131,0.222222222,0.02,0.766003572
CCC(C(=O)C=CNc1ccccc1)c1ncc(Cl)s1,318,0.799784981,0.191780822,0.04,0.744015448
CCC(C(=O)C=CNc1ccccc1)c1ncc(F)s1,318,0.818454395,0.208333333,0.03,0.734340684
CCC(C(=O)Cc1ccccc1)C(F)(F)CNc1nccs1,318,0.79700486,0.384615385,0.02,0.758932768
CCC(Nc1ccccc1)C(=O)C(F)(F)c1nccs1,318,0.883572284,0.34375,0.01,0.764887098
CCC(Cc1ccccc1)C(F)(F)CNc1nccs1,318,0.815705188,0.349206349,0.02,0.770794665
C=CC(CNc1ccccc1)C(F)(F)Cc1nccs1,318,0.772772416,0.287878788,0.06,0.736599253
C=CC(Cc1ccccc1)C(F)(F)CNc1nccs1,318,0.772772416,0.35483871,0.05,0.745308295
C=C(c1ccccc1)C(F)(F)CNc1nccs1,318,0.887313633,0.421052632,0.05,0.808546099
C=C(c1ccccc1)C(F)(F)CNc1ncc(Nc2nccs2)s1,318,0.612035404,0.358208955,0.15,0.765362762
C=C(C(=O)Nc1ccccc1)C(F)(F)CNc1nccs1,318,0.804318788,0.380952381,0.13,0.810455504
C=C(c1ccccc1)C(F)(F)CNc1ccc(Nc2nccs2)s1,318,0.564520555,0.369230769,0.13,0.759654177
C=C(c1ccccc1)C(F)(F)CNc1ncc(F)s1,318,0.895862875,0.261538462,0.09,0.781969534
C=C(COc1ccccc1)C(F)(F)CNc1nccs1,318,0.788583865,0.370967742,0.07,0.809546918
O=C(Nc1ccccc1)C(F)(F)CNc1nccs1,318,0.886854459,0.406779661,0.07,0.83855781
C=C(CNc1ccccc1)C(F)(F)CNc1nccs1,318,0.761640377,0.360655738,0.08,0.799843544
C=C(Nc1ccccc1)C(F)(F)CNc1nccs1,318,0.844944628,0.360655738,0.09,0.805859804
N=C(Nc1ccccc1)C(F)(F)CNc1nccs1,318,0.582348084,0.360655738,0.05,0.802071485
C=C(Nc1nccs1)C(F)(F)CNc1ccccc1,318,0.844944628,0.360655738,0.1,0.807834163
COc1ccc(OC)c(C2CC(=O)Nc3[nH]nc(-c4ccccc4)c32)c1,319,0.754911747,1,0.06,0.788237716
COc1ccc(OC)c(C2CC(=O)Nc3[nH]ncc3C(C)C2)c1,319,0.912496417,0.476923077,0.17,0.720158741
COc1ccc(OC)c(C2CC(=O)Nc3[nH]ncc3C2C)c1,319,0.913502983,0.492063492,0.06,0.723707066
COc1ccc(OC)c(C2CC(=O)Nc3ncncc3C2C)c1,319,0.942900702,0.411764706,0.14,0.735700753
COc1ccc(OC)c(C2CC(=O)Nc3ncncc32)c1,319,0.93294767,0.5,0.11,0.782360111
COc1ccc(OC)c(C2CC(=O)Nc3ncncc32)c1C,319,0.940895998,0.373134328,0.11,0.76070721
COc1ccc(OC)c(C2CC(=O)Nc3ncncc32)c1OC,319,0.928682753,0.373134328,0.1,0.766175621
COc1ccc(OC)c(C2CC(=O)Nc3ccncc32)c1OC,319,0.939065754,0.378787879,0.19,0.786357633
COc1ccc(OC)c(C2CC(=O)NNc3ccncc32)c1,319,0.907564631,0.453125,0.21,0.77189572
COc1ccc(OC)c(C2NNC(=O)Cc3ccccc32)c1,319,0.909352978,0.412698413,0.06,0.795149933
COc1ccc(OC)c(C2NNCC(C)Cc3ccncc32)c1,319,0.911564303,0.323943662,0.24,0.72018695
COc1ccc(OC)c(C2NNCc3ccncc32)c1OC,319,0.897668787,0.225352113,0.25,0.736850055
COc1ccc(OC)c(C2NNCc3ccncc32)c1,319,0.891187007,0.328358209,0.28,0.75335396
COc1ccc(OC)c(C2NC(=O)c3ccncc32)c1,319,0.92544855,0.369230769,0.3,0.803334206
COc1ccc(OC)c(C2NCC(=O)Nc3ccncc32)c1,319,0.902799758,0.388059701,0.27,0.779979237
COc1ccc(OC)c(C2NCCc3ccncc32)c1,319,0.929356074,0.328358209,0.34,0.804036984
COc1ccc(OC)c(-c2ccnc3[nH]ccc23)c1,319,0.780074938,0.25,0.53,0.87999854
Oc1ccc(C(O)Nc2cccc(Br)c2)[nH]1,320,0.65441935,1,0.01,0.727757691
[NH]c1cc(C(O)Nc2cccc(Br)c2)n[nH]1,320,0.754241695,0.5,0.09,0.694946068
[NH+]=Cc1cc(Oc2cccc(Br)c2)ccc1[O-],320,0.866059663,0.203703704,0.01,0.754064611
[NH+]=Cc1cc(Br)cc(Oc2cccc(Br)c2)n1,320,0.858912651,0.222222222,0.01,0.765531918
NC(O)c1nc(-c2cccc(Br)c2)ncc1Br,320,0.809214121,0.283018868,0.07,0.77087564
NC(O)c1nc(-c2cccc(Br)c2)ncc1O,320,0.731403653,0.277777778,0.12,0.764690042
NC(O)c1nc(-c2cccc(Br)c2)n[nH]1,320,0.714265036,0.288461538,0.22,0.769634563
NCCc1nc(-c2cccc(Br)c2)c(C=O)[nH]1,320,0.848699287,0.220338983,0.19,0.807066213
NCCc1nc(-c2cccc(Br)c2)ncc1O,320,0.909144448,0.228070175,0.18,0.839058521
NCCCc1ncc(-c2cccc(Br)c2)[nH]1,320,0.904345393,0.254545455,0.27,0.854885955
CC(O)c1ncc(-c2cccc(Br)c2)[nH]1,320,0.878453451,0.31372549,0.24,0.80175068
NCCc1ncc(-c2cccc(Br)c2)[nH]1,320,0.895412504,0.264150943,0.27,0.851810333
CC(N)c1ncc(-c2cccc(Br)c2)[nH]1,320,0.877649056,0.264150943,0.33,0.802505625
O=C(C1CC(Cl)CN1S(=O)(=O)c1ccc(Cl)cc1)N1CCOCC1,321,0.731685825,1,0,0.76141319
O=C(C1CC(F)CN1S(=O)(=O)c1ccc(Cl)cc1)N1CCOCC1,321,0.797151598,0.791666667,0.01,0.765305957
O=C(OC1CC(F)CN1S(=O)(=O)c1ccc(Cl)cc1)N1CCOCC1,321,0.784466635,0.561403509,0,0.734634993
O=C(C1CC(O)CN1S(=O)(=O)c1ccc(Cl)cc1)N1CCOCC1,321,0.823079855,0.808510638,0,0.782291491
O=C(C1CC(N)CN1S(=O)(=O)c1ccc(Cl)cc1)N1CCOCC1,321,0.821550393,0.791666667,0.07,0.772899068
O=C(C1CC(N)CN(S(=O)(=O)c2ccc(Cl)cc2)C1)N1CCOCC1,321,0.816492715,0.581818182,0.06,0.781303125
O=C(C1CC(N)CN1S(=O)(=O)c1ccc(Cl)cc1)N1CCOC1,321,0.834475518,0.692307692,0.07,0.745952968
O=C(C1CC(N)CN1S(=O)(=O)c1ccc(Cl)cc1)N1CCCC1,321,0.876049408,0.62745098,0.06,0.781952487
O=C(C1CC(N)CN1S(=O)(=O)c1ccc(Cl)cc1)C1CCCC1,321,0.896215874,0.456140351,0.1,0.762624602
O=C(C1CC(N)CN1S(=O)(=O)c1ccc(Cl)cc1)C1CCCCC1,321,0.88275622,0.448275862,0.1,0.763217553
O=C(C1CC(N)CN1S(=O)(=O)c1ccc(Cl)cc1)N1CCCCC1,321,0.870976645,0.615384615,0.06,0.78168001
O=C(C1CC(N)CN1S(=O)(=O)c1ccc(Cl)cc1)C1CC1,321,0.905806388,0.472727273,0.1,0.760804749
O=C(C1CC(N)CN1S(=O)(=O)c1ccc(Cl)cc1F)C1CC1,321,0.896521912,0.318181818,0.11,0.738395424
Cc1ccc(CNC(=O)C(=O)NCC2OCCN2S(=O)c2cccs2)cc1,322,0.703991655,0.630769231,0.02,0.705792769
Cc1ccc(CNC(=O)C(=O)NCC2OCCN2C(=O)c2cccs2)cc1,322,0.757061512,0.650793651,0,0.794600615
Cc1ccc(CNC(=O)C2OCCC2N(C)C(=O)c2cccs2)cc1,322,0.893767003,0.405405405,0,0.757237841
Cc1ccc(CNC(=O)C2CNC(=O)N2c2ccccc2)cc1,322,0.909412498,0.319444444,0,0.82670705
Cc1ccc(CNC(=O)C2CNC(=O)C2c2ccccc2)cc1,322,0.908974914,0.319444444,0.04,0.792906763
Cc1ccc(CNCC2C(=O)NCN2c2ccccc2)cc1,322,0.887122577,0.27027027,0.05,0.804015119
Cc1ccc(CNC(=O)C2CCN(C)c3ccccc32)cc1,322,0.942309614,0.338028169,0,0.841013913
Cc1ccc(CNC(=O)C2CCN(c3ccccc3)C2)cc1,322,0.939306154,0.362318841,0.02,0.880274494
Cc1ccc(CNC(=O)C2CCN=C2c2ccccc2)cc1,322,0.923956347,0.305555556,0.05,0.816010071
Cc1ccc(CNC(=O)C2CCCN=C2c2ccccc2)cc1,322,0.922466395,0.297297297,0.07,0.818402409
Cc1ccc(CNC(=O)C2CCCN=C2c2cccnc2)cc1,322,0.943990722,0.278481013,0.09,0.795888058
Cc1ccc(CNC(=O)C2CCCN=C2c2ccncc2)cc1,322,0.943990722,0.293333333,0.16,0.796247874
Cc1ccc(CNC(=O)C2CCCN=C2c2ccnc(NC)c2)cc1,322,0.88207027,0.283950617,0.24,0.776558068
Cc1ccc(CNC(=O)C2SCCCN=C2c2ccnc(NC)c2)cc1,322,0.851272916,0.289156627,0.15,0.754022741
Cc1ccc(CNC(=O)C2SCCCN=C2c2ccnc(N)c2)cc1,322,0.884255997,0.261904762,0.24,0.755597812
Cc1ccc(CNC(=O)C(=O)C2CCCN=C2c2ccncc2)cc1,322,0.853394948,0.32,0.12,0.776377086
Cc1ccc(CNC(=O)C2CCCN=C(c3ccncc3)N=C2)cc1,322,0.933979088,0.282051282,0.13,0.754702232
Cc1ccc(CNC(=O)C2CCCN=C(c3ccncc3)CN2)cc1,322,0.899825321,0.275,0.17,0.786026573
Cc1ccc(CNC(=O)C2CC=NN=C2c2ccncc2)cc1,322,0.942788175,0.293333333,0.25,0.76422009
Cc1ccc(CNC(=O)C2CCCN=C2c2ccncc2)cc1CN,322,0.879424654,0.220930233,0.28,0.768576231
Cc1ccc(CNC(=O)C2CCCN=C2c2ccncc2)c(CN)c1,322,0.879424654,0.211764706,0.27,0.765329009
Cc1ccc(CNC(=O)C2CCCN=C2c2cnccc2CN)c(CO)c1,322,0.726234935,0.197802198,0.28,0.742951464
Cc1cc(CNC(=O)C2CCCN=C2c2ccncc2)ccc1C(=O)CN,322,0.766662823,0.202247191,0.28,0.758860155
Cc1cc(CNC(=O)c2cnccc2-c2c(CN)cncc2)cc2nonc12,322,0.550090948,0.191011236,0.26,0.799558326
Cc1cc(CNC(=O)c2ccccc2-c2cnccc2CN)cc2c(N)noc12,322,0.483697627,0.193548387,0.3,0.815648517
Cc1cc(CNC(=O)C2CCCCC2CN)ccc1-c1cnnc2ccncc12,322,0.697602892,0.193548387,0.27,0.738526513
Cc1cc(CNC(=O)C2CCCCC2CN)ccc1-c1ccnc2ccncc12,322,0.692516122,0.193548387,0.32,0.756332007
CC(CO)c1ccccc1-c1ccnc2c(CN)cnc(CN)c12,322,0.669390743,0.103448276,0.14,0.743304737
CC(O)c1cc(-c2cccc(CN)c2-c2ccncc2)cnc1CO,322,0.666637525,0.098901099,0.36,0.771817428
CC(O)c1cc(-c2cccc(CN)c2CO)cnc1-c1ccncc1,322,0.666637525,0.098901099,0.41,0.765509086
CC(O)c1cc(-c2cccc(CN)c2)cnc1C1=CCCN=C1,322,0.911336781,0.096774194,0.2,0.727252038
CC(N)c1ccc(-c2ccnc(C(C)CN)c2)c2cnccc12,322,0.774315817,0.054945055,0.33,0.734598504
CC(N)c1ccc(-c2ccnc(C3CCNC3C)c2)cc1,322,0.907835394,0.068965517,0.47,0.729517804
CC(N)c1ccc(-c2ccnc(C3CCNC3)c2)cn1,322,0.895799445,0.066666667,0.45,0.740130902
CC(N)c1ccc(-c2ccnc(C3CCNCC3)c2)nc1,322,0.908088156,0.068181818,0.39,0.779746206
CC(N)c1ccc(-c2ccnc(C3CCNCC3)n2)cc1,322,0.908088156,0.069767442,0.29,0.797971427
Cc1cc(-c2ccncc2)ncc1-c1ccnc2[nH]ccc12,322,0.605781033,0.082352941,0.68,0.841170015
CC(=O)C1C(c2ccc(S(C)(=O)=O)cc2)=CC2CCC1N2C(=O)NC1CC1,323,0.858470903,0.826923077,0.02,0.62167265
CC(=O)C1CC(c2ccc(S(C)(=O)=O)cc2)=CC1CCC(=O)NC1CC1,323,0.794573011,0.371428571,0.04,0.730984834
CC(=O)CC1C(c2ccc(S(C)(=O)=O)cc2)=CC1C(=O)NC1CC1,323,0.853128642,0.4375,0.02,0.730717056
CC(C)CC1C(c2ccc(S(C)(=O)=O)cc2)=CCC1C(=O)NC1CC1,323,0.844147248,0.397058824,0.03,0.740732666
CC(C)CC1C(c2ccc(S(C)(=O)=O)cc2)=CCC1C(=O)NC1CCC1,323,0.821907204,0.366197183,0.03,0.740484292
CC(CO)Cc1cc(-c2ccc(S(C)(=O)=O)cc2)ccc1C(=O)NC1CC1,323,0.765210892,0.352112676,0.06,0.815650805
CC(C)Cc1nc(-c2ccc(S(C)(=O)=O)cc2)ccc1C(=O)NC1CC1,323,0.844462356,0.371428571,0.09,0.863359718
CC(C)Cc1nc(-c2ccc(S(C)(=O)=O)cc2)ccc1C(=O)NC1CCC1,323,0.822385146,0.342465753,0.08,0.860828601
CC(C)Cc1cc(-c2ccc(S(C)(=O)=O)cc2)ccc1C(=O)NC1CCC1,323,0.808939151,0.338028169,0.07,0.87739201
CC(C)Cc1nc(-c2ccc(S(C)(=O)=O)cc2)ccc1C(=O)NC1CCCC1,323,0.794412324,0.342465753,0.08,0.859331706
CC(C)Cc1nc(-c2ccc(S(C)(=O)=O)cc2)ccc1C(CO)NC1CC1,323,0.726253271,0.306666667,0.17,0.779999454
CC(C)Nc1nc(-c2ccc(S(C)(=O)=O)cc2)ccc1C(CO)NC1CC1,323,0.643046891,0.306666667,0.23,0.77654436
CC(C)N=Cc1cc(-c2ccc(S(C)(=O)=O)cc2)ccc1C(C)NC1CC1,323,0.720061819,0.287671233,0.11,0.771010888
CC(C)N=C(Cc1cc(-c2ccc(S(C)(=O)=O)cc2)cs1)C(C)NC1CC1,323,0.665533109,0.302631579,0.13,0.740942281
CC(C)Nc1nc(-c2ccc(S(C)(=O)=O)cc2)ccc1C(C)NC1CC1,323,0.772653714,0.309859155,0.12,0.791266263
CC(C)Nc1nc(-c2ccc(S(C)(=O)=O)cc2)ccc1C(N)NC1CC1,323,0.64485311,0.301369863,0.2,0.766840694
CC(C)Nc1nc(-c2ccc(S(N)(=O)=O)cc2)ccc1C(C)NC1CC1,323,0.692024644,0.236842105,0.14,0.788846328
CS(=O)(=O)c1nc(-c2ccc(C(N)=O)cc2)ccc1C1CCNCN1,323,0.744125868,0.2125,0.15,0.751845297
CS(=O)(=O)c1nc(-c2ccc(C(N)=O)cc2)ccc1C1CCNC2CC21,323,0.851857093,0.209876543,0.15,0.701814001
CS(=O)(=O)c1nc(-c2ccc(C(N)=O)cc2)ccc1C1CCNC(N)C1,323,0.732364247,0.209876543,0.13,0.718395163
CS(=O)(=O)c1nc(-c2ccc(C(N)=O)cc2)ccc1C1CCNC(CN)C1,323,0.70211915,0.202380952,0.18,0.726518392
COC(C)c1nc(-c2ccc(S(C)(=O)=O)cc2)ccc1C(CN)NC1CC1,323,0.720680553,0.333333333,0.23,0.731444458
COC(C)c1nc(-c2ccc(S(C)(=O)=O)cc2)cc(C2CCNC2)n1,323,0.880236133,0.293333333,0.14,0.734962685
COC(=O)c1nc(-c2ccc(S(C)(=O)=O)cc2)cnc1CC1CCNC1,323,0.790592521,0.328947368,0.19,0.77663674
COC(=O)c1cc(-c2ccc(S(C)(=O)=O)cc2)cc(C2CCNC2)n1,323,0.839812733,0.328767123,0.13,0.792469033
CNC(=O)c1cc(-c2ccc(S(C)(=O)=O)cc2)cc(C2CCNC2)n1,323,0.865445453,0.293333333,0.17,0.78907189
C=C(C)c1cc(-c2ccc(S(C)(=O)=O)cc2)cc(C2CCNC2)n1,323,0.926385767,0.266666667,0.23,0.769157195
CC(=O)c1cc(-c2ccc(S(C)(=O)=O)cc2)cc(C2CCNC2)n1,323,0.862261059,0.287671233,0.15,0.787583372
CS(=O)c1cc(-c2ccc(S(C)(=O)=O)cc2)cc(C2CCNC2)c1,323,0.906807522,0.260273973,0.13,0.74327358
Cc1cc(-c2ccc(S(C)(=O)=O)cc2)cc(C2CCNC(CN)C2)n1,323,0.874518781,0.227848101,0.17,0.740571257
NCc1cc(-c2ccc(S(C)(=O)=O)cc2)cc(C2CC(CN)CN2)n1,323,0.739211796,0.230769231,0.2,0.719689059
NCc1cc(-c2ccc(S(C)(=O)=O)cc2)cc(C2CCCCN2)n1,323,0.888799361,0.233766234,0.2,0.777899533
NCc1cc(-c2ccc(S(C)(=O)=O)cc2)cc(NC2CC2CCN)n1,323,0.69367846,0.230769231,0.2,0.729916971
NC(=O)c1cc(-c2ccc(S(C)(=O)=O)cc2)cc(C2CCNC2)n1,323,0.870151929,0.283783784,0.28,0.788218734
NC(=O)c1cc(-c2ccc(S(C)(=O)=O)cc2)cc(C2CCNC2)c1,323,0.886815162,0.273972603,0.25,0.807704612
NC(=O)c1cc(-c2ccc(S(C)(=O)=O)cc2)cc2cc[nH]c12,323,0.776741597,0.242857143,0.32,0.865963539
NC(=O)c1cc(-c2ccc(S(C)(=O)=O)cc2)cc(SC2CC2)n1,323,0.896421264,0.281690141,0.09,0.829522443
NC(=O)c1cc(-c2ccc(S(C)(=O)=O)cc2)cn1C1CCNCC1,323,0.877876517,0.3,0.22,0.832208423
NC(=O)c1cc(-c2ccc(S(C)(=O)=O)cc2)cn1C1CCNCC1=CO,323,0.702928654,0.269230769,0.17,0.721287621
NC(=O)c1cc(-c2ccc(S(C)(=O)=O)cc2)cn1C(=O)C1CCNCC1,323,0.836556104,0.309859155,0.22,0.814835612
NC(=O)c1cc(-c2ccc(S(C)(=O)=O)cc2)cnc1NC1CCNCC1,323,0.729117869,0.297297297,0.46,0.844833979
NC(=O)c1cc(-c2ccc(S(C)(=O)=O)cc2)cnc1NC1CC1,323,0.869917762,0.333333333,0.28,0.86996762
NC(=O)c1cc(-c2ccc(S(C)(=O)=O)cc2)nnc1C1CCNCC1,323,0.843946489,0.287671233,0.25,0.828785296
O=C(NC1C=S(O)(O)=CC1)c1cccs1,324,0.693197417,1,0.01,0.652862035
O=C(NC1CCS(O)(O)CC1)c1cccs1,324,0.765308156,0.558139535,0,0.819899058
O=C(NC1CCS(O)(O)CC1)c1ccc(Cl)s1,324,0.78524656,0.307692308,0,0.80966487
O=C(NC1CCS(O)(O)CC1)c1ccc(Br)s1,324,0.774587529,0.333333333,0,0.804068798
O=C(NC1CCS(=O)CC1)c1ccc(Br)s1,324,0.906821623,0.283018868,0.01,0.800824186
O=C(NC1CCS(=O)CC1)c1cccs1,324,0.852918773,0.488888889,0.01,0.816916237
O=C(NC1CCC(O)CC1)c1cccs1,324,0.805748957,0.547619048,0.01,0.882633947
O=C(NC1CCC(CO)CC1)c1cccs1,324,0.847608891,0.511111111,0.01,0.883321072
O=C(NC1CCC(Br)CC1)c1cccs1,324,0.831997269,0.534883721,0.03,0.853306219
COc1ccc2c(c1)C(c1ccc(C)o1)=NNC(c1cccnc1)=C2,325,0.791892354,0.672131148,0.13,0.795580187
COc1ccc2c(c1)C(c1ccc(C)nc1)=NNC(c1ccco1)=C2,325,0.791892354,0.36,0.16,0.797757848
COc1ccc2c(c1)C(=O)C(c1cccnc1)=NC(c1ccc(C)o1)N2,325,0.779941071,0.464788732,0.19,0.74820551
COc1ccc2c(c1)C(c1cccnc1)=NC(c1ccc(C)o1)=CN2,325,0.779131828,0.569230769,0.2,0.800577658
COc1ccc2c(c1)C(=O)C(=CN(C)C)N=C(c1cccnc1)N=C2,325,0.809203921,0.342105263,0.16,0.770088782
COc1ccc2c(c1)C(=O)C(c1cncnc1)=NC(c1ccc(C)nc1)N2,325,0.773206188,0.294871795,0.29,0.738718405
COc1ccc2c(c1)C(=O)C(c1cccnc1)=CC(c1nnc(C)o1)=N2,325,0.562880695,0.36,0.05,0.84167392
COc1ccc2c(c1)C(c1cccnc1)=CC(c1cnc(C)o1)=NN2,325,0.792433151,0.463768116,0.22,0.776003791
COc1ccc2c(c1)C(c1cccnc1)=NN(C)C(c1cncnc1)N2,325,0.785784543,0.369863014,0.27,0.742842536
COc1ccc2c(c1)C(c1ccnnc1)=CN(C(C)C)Cc1nc[nH]c1-2,325,0.785474144,0.238095238,0.27,0.741288894
COc1ccc2c(c1)C(c1ccncc1)(N1CCN(C)CC1)CN=N2,325,0.86400393,0.233766234,0.15,0.717335109
COc1ccc2c(c1)C(c1ccncc1)=CN(N(C)C)CN2CN,325,0.927166596,0.225,0.26,0.760771569
COc1ccc2c(c1)C(c1ccncc1)=CN(C(C)C)CN2CN,325,0.93703699,0.225,0.28,0.772928356
COc1ccc2c(c1)C(c1ccncc1)=CN(C(C)C)CN2,325,0.939014837,0.256756757,0.33,0.79257213
COc1ccc2c(c1)C(c1ccncc1)=CN(C(C)C)C(CN)=CN2,325,0.749878303,0.25,0.53,0.829783256
COc1ccc2c(c1)C(c1ccncc1)=CN(C(C)C)C=C(CN)N2,325,0.749878303,0.240506329,0.36,0.817116084
COc1ccc2c(c1)C(c1ccncc1)=CC(c1ccncc1)N2,325,0.790788411,0.275362319,0.23,0.772939977
COc1ccc2c(c1)C(c1ccncc1)=CNC(c1ccncc1)=CN2,325,0.564307433,0.289855072,0.74,0.839489408
C=C(N)c1cc2c([nH]1)C(c1ccccc1OC)=CN(CC)C=N2,325,0.910080558,0.174418605,0.19,0.725819762
C=C(N)N1CCNc2cc(-c3ccncc3OC)cc(CC)c21,325,0.908750612,0.197674419,0.34,0.775976449
C=C(C)N1CCNc2ccc(-c3ccncc3OC)cc2C1N,325,0.912304464,0.21686747,0.43,0.735706508
C=C(C)N1CCNc2ccc(-c3ccncc3OC)cc2C1,325,0.939882973,0.2375,0.39,0.819048076
C=C(N)N1CCNc2ccc(-c3ccncc3OC)cc21,325,0.904901227,0.209876543,0.43,0.800485752
C=C(N)CN1CCNc2ccc(-c3ccncc3C)cc21,325,0.907468905,0.180722892,0.44,0.797713957
C=C(N)N1CNc2ccc(-c3ccncc3OC)cc21,325,0.894481168,0.215189873,0.44,0.785222491
C=C(N)N1CCNc2ccc(-c3ccncc3F)cc21,325,0.880251213,0.158536585,0.51,0.797780656
C=C(N)N1Cc2ccc(-c3ccncc3OC)cc21,325,0.912768089,0.205128205,0.39,0.816150117
C=C(N)CN1CNc2ccc(-c3ccncc3OC)cc21,325,0.901391389,0.207317073,0.43,0.779821905
C=C(N)CN1CNc2ccc(-c3ccncc3CO)cc21,325,0.798435601,0.154761905,0.46,0.768554213
C=C(N)C(N)Nc1ccc2[nH]cc(-c3ccncc3)c2c1,325,0.551695968,0.134146341,0.74,0.759762162
C=C(N)C(N)c1c[nH]c2ccc(-c3ccncc3)cc12,325,0.680012305,0.126582278,0.77,0.77663623
C=C(N)CNc1n[nH]c2ccc(-c3ccncc3)cc12,325,0.676853781,0.109756098,0.84,0.817954066
C=CCCNc1n[nH]c2ccc(-c3ccncc3)cc12,325,0.546447972,0.109756098,0.75,0.838411036
CCC(N)Cc1c[nH]c2ccc(-c3ccncc3)cc12,325,0.758122643,0.139240506,0.79,0.822663775
CC1(C)C(=O)C(c2nc3ccccc3[nH]2)C(=N)N1c1ccccc1,326,0.759402172,1,0.06,0.761506094
CC1(C)C(=O)C(c2ccccc2)C(=N)N(c2ccccc2)N1,326,0.894177834,0.41509434,0.02,0.768530038
CC1(C)C(=O)C(c2ccccc2)C(c2ccccc2)S(=N)N1,326,0.886908284,0.275862069,0.05,0.67955793
CC1(C)C(=O)N(c2ccccc2)C1(N)c1ncccn1,326,0.8407393,0.345454545,0.05,0.756027482
CC1(C)C(=O)C(c2ccccc2)C(c2ncc[nH]2)N1O,326,0.8789194,0.301587302,0.06,0.696298607
CC1(C)CC(c2ccccc2)C(c2ncc[nH]2)C(=O)N1,326,0.880018486,0.246153846,0.05,0.716010045
Cc1cn(C(=O)N2CCCN2c2ccccc2)c(=N)[nH]1,326,0.828588988,0.223880597,0.03,0.748641925
Cc1cn(C(=O)N2CCCN2c2ccccc2)c(N)n1,326,0.859444817,0.205882353,0.03,0.787214934
CC1(C)C(=O)N(c2ccccc2)NC1c1ncc[nH]1,326,0.86390191,0.316666667,0.13,0.728345788
CC1(C)C(=O)N(c2ccccc2)N1c1ncncn1,326,0.811725862,0.275862069,0.08,0.791859234
CC1(C)C(=O)N(c2ccccc2)N1c1ncc[nH]1,326,0.875397751,0.305084746,0.08,0.785942177
CC1(C)C(=O)N(c2ccccc2)N=C1Sc1ncn[nH]1,326,0.919229261,0.242424242,0.03,0.778355825
CC1(C)C(=O)N(c2ccccc2)N=C1Sc1ncc[nH]1,326,0.923029702,0.261538462,0.12,0.774907782
CC1(C)C(=O)N(c2ccccc2)N=C1c1ncc[nH]1,326,0.892504793,0.274193548,0.09,0.802544419
CC1(C)C(=O)N(c2ccccc2)N=C1c1c[nH]c2ncccc12,326,0.788999357,0.231884058,0.63,0.817315861
CC1(C)NC(=S)N(c2ccccc2)C1c1c[nH]c2ncccc12,326,0.704886274,0.211267606,0.4,0.747404952
CC1(C)NC(=S)N(c2ccc3[nH]ccc3c2)C1c1ncccc1N,326,0.625656117,0.194805195,0.29,0.709745235
CC1(C)NC(=S)N(c2ccc3[nH]ncc3c2)C1c1ncccc1N,326,0.623356829,0.192307692,0.5,0.704281434
CC1(C)NC(=O)C(c2c[nH]c3ccccc23)=CN1c1ncncc1N,326,0.667312745,0.207792208,0.52,0.75226993
CC1(C)OC(=O)c2cc(-c3n[nH]c4ccccc34)ccc2N1CCc1cnc[nH]1,326,0.518618667,0.178571429,0.51,0.78442264
CC1(C)CC(=O)c2cc(-c3n[nH]c4ccccc34)ccc2N1CCc1cnc[nH]1,326,0.546878463,0.176470588,0.54,0.794267145
CC1(C)CC(=O)c2cc(-c3n[nH]c4ccccc34)ccc2N1CCc1c[nH]cn1,326,0.546878463,0.178571429,0.53,0.778480332
CC1(C)NC(=O)C(c2c[nH]c3ccccc23)N1c1ccc2ncccc2c1,326,0.567646251,0.253333333,0.14,0.757635564
CC1(C)NC(=O)C=C(c2ccc3c(c2)ncn3-c2ccccc2)C1(N)CO,326,0.664382139,0.236842105,0.16,0.717675474
CC1(C)CC(=O)N(c2ccc3[nH]ncc3c2)C(c2ccccc2)C(N)CO1,326,0.731469529,0.25,0.44,0.716056905
CC1(C)OC(=O)C=C(c2c[nH]c3ccccc23)N1c1ccn(CCN)n1,326,0.704992074,0.217948718,0.19,0.747483533
CC1(C)CC(=O)N(c2ccccc2)C=C1c1c[nH]c2ncccc12,326,0.762862618,0.222222222,0.6,0.797795761
CC1(C)C=C(c2c[nH]c3ncccc23)N(c2ccccc2)C(=O)O1,326,0.76417816,0.225352113,0.6,0.803033219
CC1(C)C=C(N)N(c2cnc3[nH]ccc3c2)C(c2ccccc2)O1,326,0.755708752,0.219178082,0.38,0.716066508
CC1(C)C=C(c2c[nH]c3ncccc23)N(c2ccccc2)C(N)O1,326,0.75861765,0.222222222,0.74,0.735288805
CC1(C)C=C(c2c[nH]c3ncccc23)CC(N2CCOC2=O)=C1,326,0.919653824,0.148148148,0.635,0.738405371
CC1(C)C=C(c2c[nH]c3ccncc23)CC(N2CCOC2=O)=C1,326,0.919653824,0.148148148,0.34,0.732708634
CC1(C)CC(c2c[nH]c3cc(-n4ccnc4)ccc23)CCO1,326,0.775452217,0.15,0.18,0.756408148
CC1(C)Cc2cc(-c3cn[nH]c3-c3ccncc3)ccc2O1,326,0.779859338,0.105263158,0.31,0.828888724
CC1(C)Cc2cc(-c3cn[nH]c3-c3ccncc3)ccc2C(N)O1,326,0.758003022,0.126582278,0.42,0.734922249
CC1(C)Cc2ccc(-c3c[nH]nc3-c3ccncc3)cc2C(N)O1,326,0.758003022,0.155844156,0.58,0.707725371
CC1(C)Cc2cc(-c3c[nH]nc3-c3ccncc3)ccc2C(N)O1,326,0.758003022,0.141025641,0.59,0.708752796
CC1(C)Cc2ccc(-c3c[nH]c4ncccc34)cc2-c2ccoc21,326,0.516153312,0.111111111,0.74,0.792138602
CC1(C)Cc2cc(-c3c[nH]c4nccnc34)cc(-c3ccoc3)c2O1,326,0.582936557,0.096385542,0.62,0.770570071
CC1(C)Cc2cc(-c3c[nH]c4ncccc34)cc(-c3ccoc3)c2O1,326,0.549159001,0.107142857,0.77,0.792586299
CC1(C)Cc2cc(-c3c[nH]c4ncccc34)cc(N3CCOC3=O)c2O1,326,0.761826041,0.137931034,0.75,0.785208279
CC1(C)Cc2cc(-c3c[nH]c4ncccc34)cc(N3CCOC3)c2O1,326,0.775029992,0.114942529,0.78,0.779228448
CC1(C)Cc2cc(-c3c[nH]c4ncccc34)cc(NCCN)c2CC1,326,0.67231015,0.11627907,0.77,0.798081059
CC1(C)Cc2cc(-c3c[nH]c4ncccc34)cc(CCN)c2CC1,326,0.758177424,0.119047619,0.82,0.801756965
CC1(C)Cc2cc(-c3c[nH]c4ncccc34)cc(CCN)c2C1,326,0.771835843,0.1375,0.8,0.799950359
CC1(C)Cc2cc(-c3c[nH]c4ncccc34)cc(CCN)c2O1,326,0.778774135,0.12195122,0.83,0.806336373
CC1(C)Cc2cc(-c3c[nH]c4ncccc34)cc(CCN)c21,326,0.774879224,0.125,0.83,0.791754303
CC1Cc2cc(-c3c[nH]c4ncccc34)cc(CCN)c2O1,326,0.7798138,0.108433735,0.87,0.765925456
CC1Cc2cc(-c3c[nH]c4ncccc34)cc(C(C)N)c2O1,326,0.758857333,0.108433735,0.83,0.726725392
CC1Cc2cc(-c3c[nH]c4ncccc34)cc(C(C)N)c2OC1,326,0.756199425,0.105882353,0.83,0.719582754
CC1(c2nnc(-c3cccc(Cl)c3)o2)CC(c2ccccc2)=NO1,327,0.707855518,0.891304348,0.01,0.780882339
CC1(c2nnc(-c3cccc(Cl)c3)o2)CC1c1ccco1,327,0.717829959,0.483333333,0.06,0.727119304
CC1(c2cncc(-c3cccc(Cl)c3)c2)CCCON1,327,0.90895299,0.298507463,0.18,0.737509929
CC1(c2nnc(-c3cccc(Cl)c3)o2)CCCON1,327,0.915773159,0.5,0.17,0.718957841
CC1(Nc2cncc(Cl)c2)CC(c2ccccc2)=NO1,327,0.936378979,0.370967742,0.15,0.746981016
CC1(Cc2cccc(Cl)c2)CC(c2cccs2)=NO1,327,0.814137955,0.338461538,0.03,0.770158681
CC1(Cc2cnc[nH]2)CC(c2cccc(Cl)c2)=NO1,327,0.935165381,0.412698413,0.14,0.745033646
CC1(Cc2cn[nH]c2)CC(c2cccc(Cl)c2)=NO1,327,0.935165381,0.412698413,0.14,0.735804275
CC1(C=Cc2cn[nH]c2)CC(c2cccc(Cl)c2)=NO1,327,0.936408629,0.4,0.15,0.702173854
CC1(CC=Cc2ccco2)CC(c2cccc(Cl)c2)=NO1,327,0.803081511,0.4,0.06,0.746116698
CC1(C(=O)NC2CC2)CC(c2cccc(Cl)c2)=NO1,327,0.92349769,0.419354839,0.02,0.784152727
CC1(CCCCc2cn[nH]c2)CC(c2cccc(Cl)c2)=NO1,327,0.804718749,0.382352941,0.17,0.747188677
CC1(CCCCc2cn[nH]c2)CC(c2cccc(Cl)c2)=N1,327,0.787988845,0.304347826,0.17,0.747946778
CC1(CCc2cn[nH]c2)CC(c2cccc(Cl)c2)=NO1,327,0.935102464,0.4,0.16,0.741094013
CC1(CCCc2cn[nH]c2)CC(c2cccc(Cl)c2)=NO1,327,0.908339363,0.388059701,0.16,0.744055664
CC1(C)C=C(c2cn[nH]c2)CC(c2cccc(Cl)c2)=N1,327,0.885869759,0.307692308,0.19,0.758604948
CC1(C)CC(c2cn[nH]c2)=NN1c1cccc(Cl)c1,327,0.911431903,0.28358209,0.25,0.783350687
CC1(C)CC(c2cn[nH]c2)=NN(c2cccc(Cl)c2)C1=O,327,0.925496319,0.275362319,0.22,0.793487316
CC1(C)CC(c2cn[nH]c2)=NN1c1cccc(Cl)c1CO,327,0.916058657,0.197368421,0.19,0.761811436
CC1(C)CC(c2cn[nH]c2)=NN1c1cccc(Cl)c1C1CC1,327,0.915867067,0.213333333,0.26,0.760823487
CC1(C)CC(c2cn[nH]c2)=CC(c2cccc(Cl)c2)=NC1,327,0.87889532,0.298507463,0.24,0.759511649
CC1(C)CC(c2cn[nH]c2)=CC(c2cccc(Cl)c2)=NC1CO,327,0.900989661,0.27027027,0.22,0.69248213
CC1(C)CC(c2cn[nH]c2)=CC(c2cccc(Cl)c2)=NC1C1CC1,327,0.825536091,0.273972603,0.24,0.693205868
CC1(C)CC(c2cn[nH]c2)=CC(c2cnn(-c3cccc(Cl)c3)c2)O1,327,0.748988749,0.253164557,0.2,0.701340547
CC1(C)CC(c2cn[nH]c2)=CC(c2cccc(Cl)c2)=N1,327,0.885869759,0.303030303,0.3,0.765611425
CC1(C)CC(c2cn[nH]c2)=CC(c2cccc(Cl)c2)=NN1,327,0.889728992,0.294117647,0.22,0.738685495
CC1(C)CC(c2cn[nH]c2)=NN=C(c2cccc(Cl)c2)C1,327,0.892504604,0.344262295,0.22,0.780152418
CCOc1ccc(CNC(O)c2cc(O)n(C3CCCC3)c2)cc1OC,328,0.628372221,1,0,0.756848149
CCOc1ccc(CNC(=O)c2cc(O)n(C3CCCC3)c2)cc1,328,0.850798078,0.455882353,0,0.856930209
CCOc1ccc(C(CC)NCc2ccn(C3CCCC3)c2)cc1O,328,0.713452518,0.450704225,0,0.776177513
CCOc1ccc(C(=O)NCC(C)C2CCCC2O)cc1OC,328,0.80992825,0.351351351,0,0.763353258
CCOc1ccc(C(CC)c2ccn(C3CCCC3)c2O)cc1,328,0.790102787,0.352941176,0.02,0.787345278
CCOc1ccc(C(=O)NCC(C)C2CCCC2)cc1O,328,0.844750565,0.315068493,0,0.825603953
CCOc1ccc(C(CN)c2cc(O)n(C)c2)cc1OC,328,0.855668449,0.402985075,0.03,0.762420925
CCOc1c(O)cccc1C(CN)c1cc(OC)on1,328,0.837996656,0.2,0.07,0.718594241
COc1ccccc1C(CN)c1cc(O)n(CCO)c1,328,0.742303546,0.291666667,0.05,0.752753581
CCOc1c(O)cccc1C(CN)c1ccccc1,328,0.865597871,0.197183099,0.03,0.825485104
CCOc1ccccc1C(CN)c1cc(C)on1,328,0.879973141,0.184210526,0.1,0.789481756
CCOc1ccccc1C(CN)C1CCCC(C)O1,328,0.88754578,0.226666667,0.05,0.726310973
CCOc1ccccc1C(CN)C1CCCCC1O,328,0.858443932,0.271428571,0.06,0.745877925
CCOc1ccc(C(CN)C2CCCCC2)cc1O,328,0.855563439,0.338235294,0.06,0.802845218
CCOc1cc(C(CN)C2CCCCC2)ccc1O,328,0.855563439,0.31884058,0.06,0.805821856
CCOc1cc(C(O)C2CCCCC2)ccc1O,328,0.860641734,0.353846154,0.03,0.831334848
CCOc1cc(C(O)C2CCCCC2)ccc1N,328,0.805072652,0.328358209,0.07,0.825948121
CCOc1cc(C(O)C2CCCC2)ccc1N,328,0.788894432,0.333333333,0.07,0.82490038
CCOc1cc(C(O)C2CCCCC2)cnc1N,328,0.861692158,0.304347826,0.13,0.80278613
Cc1ccsc1C=CC(=O)N(C#N)C1C(=O)N(c2ccccc2)N(C)C1C,329,0.46450177,0.465753425,0.06,0.667479213
Cc1ccsc1C=CC(=O)N(C=O)C1C(=O)N(c2ccccc2)N1C,329,0.609782843,0.416666667,0.01,0.703469253
Cc1ccsc1C=CC(=O)N1CCC(=O)N(c2ccccc2)C(N)C1C,329,0.845971829,0.346153846,0.07,0.719690562
Cc1ccsc1C=CC(=O)N1CCN(c2ccccc2)C(=O)C1N=O,329,0.625128396,0.355263158,0.03,0.742111903
Cc1ccsc1C=CC(=O)N1CCN(c2ccccc2)C(=O)C1N,329,0.870775679,0.346666667,0.03,0.76567261
Cc1cccc2c1C=CC(=O)N2C1CCS(=O)N1c1ccccc1,329,0.718734342,0.185185185,0.02,0.709664285
Cc1cccc2c1C=CC2N1CC(=O)N(c2ccccc2)C1N,329,0.92775191,0.185185185,0.02,0.707432171
Cc1ccsc1C(=O)N1CCN(c2ccccc2)C2C(N)C21,329,0.923522224,0.28,0.04,0.713966808
Cc1cccc(C(=O)N2CCN(c3ccccc3)C2=NO)c1,329,0.684358729,0.194805195,0.02,0.845734523
Cc1ccsc1C(=O)N1CCN(c2ccccc2)C(N)C1F,329,0.865764028,0.276315789,0.05,0.733787214
Cc1ccccc1N1C=NCC1C(=O)N1CCc2ccsc21,329,0.854800302,0.202380952,0.01,0.709120648
Cc1ccsc1C(=O)N1CCN(c2ccccc2)C(N)C1,329,0.925775157,0.283783784,0.03,0.798053188
Cc1ccccc1N1CCN(C(=O)c2cnsn2)CC1F,329,0.797417684,0.164705882,0,0.75292088
Cc1ccsc1C(=O)N1CCN(c2ccccc2)C1N,329,0.921486203,0.291666667,0.05,0.787196554
Cc1ccccc1N1CCN(C(=O)c2ccsn2)C1C,329,0.851925107,0.202531646,0.01,0.744956608
Cc1ccccc1N1CCN(c2cc(C)ccn2)C1=O,329,0.837743195,0.141025641,0.02,0.868806027
Cc1ccsc1C(=O)N1CCN(c2ccccc2)C1C,329,0.844852843,0.314285714,0,0.793022195
Cc1ccsc1C(=O)N1CCN(c2ccccc2)C1,329,0.83884134,0.285714286,0,0.872395743
Cc1ccsc1C(=O)N1CCN(c2ccccc2)C1=O,329,0.850652591,0.3,0.02,0.862695366
Cc1ccsc1C(=O)N1CCN(c2ccccc2)CC1O,329,0.925808394,0.287671233,0.02,0.800695239
Cc1ccsc1C(=O)N1CCN(c2ccccc2)CC1=O,329,0.80035204,0.291666667,0.01,0.859246008
Cc1ccsc1C(=O)N1CCN(c2ccccc2)CC1C,329,0.848355966,0.305555556,0.02,0.83163088
Cc1ccsc1C(=O)N1CCN(c2ccccc2)CC1C#N,329,0.856542044,0.342465753,0.05,0.795013913
Cc1ccsc1C(=O)N1CCN(c2ccccc2)CC1CCC#N,329,0.85332502,0.303797468,0.04,0.792758593
O=C(NC1CCCC1)C(NS(=O)(=O)c1cccc2nsnc12)C1CC1,330,0.795814831,0.719298246,0.01,0.775010061
O=C(NC1CCCC1)C(NS(=O)(=O)c1ccccc1)c1ccon1,330,0.82725529,0.461538462,0.01,0.793673866
O=C(NC1CCCC1)C(NC(=O)c1cccc2ncsc12)C1CO1,330,0.81030323,0.333333333,0.03,0.735419692
O=C(NC1CCCC1)C(NC(=O)C1=CCCC=N1)c1ccccc1,330,0.873510513,0.424242424,0.02,0.766465635
O=C(NC1CCCC1)C(NC(=O)C1=CC=CS1)c1ccccc1,330,0.884772001,0.444444444,0.02,0.842681169
O=C(NC1CCCC1)C(c1ccccc1)C1CCCCS1=O,330,0.92656404,0.375,0.03,0.709901851
O=C(NC1CCCC1)C(c1ccccc1)C1CCCCSC1,330,0.893587652,0.396825397,0.01,0.766235857
O=C(NC1CCCCC1)C(c1ccccc1)c1ncno1,330,0.937352548,0.4,0.01,0.784816373
O=C(NC1CCCCC1)c1ccccc1-c1ncns1,330,0.942305956,0.304347826,0.04,0.849691089
O=C(NC1CCCCC1)c1cccc2cccnc12,330,0.893082084,0.303030303,0.03,0.909314464
O=C(NC1CCCCC1)c1ccccc1-c1ncnn1C,330,0.941916115,0.277777778,0.02,0.871182599
O=C(NC1CCCCC1)C(c1ccncc1)c1ncn[nH]1,330,0.896582816,0.295774648,0.1,0.775470219
O=C(NC1CCCCC1)c1ccccc1-c1ncncn1,330,0.939234864,0.303030303,0.05,0.872356719
O=C(NC1CCCCC1)C(c1ccccc1)c1ncnn1C,330,0.942586996,0.367647059,0,0.801777379
O=C(NC1CCCCC1)c1ncccc1-c1ccncn1,330,0.939234864,0.246575342,0.32,0.860165404
O=C(NC1CCCCC1)c1ccccc1-c1ccncn1,330,0.939550315,0.285714286,0.3,0.890180541
O=C(NC1CCCNC1)c1ccccc1-c1ccncn1,330,0.897585685,0.230769231,0.32,0.816019102
O=C(NC1CCCC1)c1ccccc1-c1ccncn1,330,0.929969062,0.289855072,0.3,0.891392523
O=C(NC1CCCC1)c1ccc(-c2ccncn2)cc1N,330,0.846985972,0.223684211,0.54,0.872952082
O=C(NC1CCCC1)c1ccc(-c2ccncn2)cc1NCCO,330,0.757520874,0.209876543,0.48,0.860783657
CCC1CC=CC2C1C(=O)N(Cc1ccccc1)C2c1ccoc1,331,0.77224682,1,0.01,0.678255304
CCC1CC=CC2C1C(=O)N(Cc1ccccc1)C2Cc1ccoc1,331,0.756385459,0.714285714,0.02,0.670716519
CCC1C=CCC2C1C(=O)N(Cc1ccccc1)CN2Cc1ccoc1,331,0.763441399,0.462686567,0.02,0.675405938
CCC1C=CCC2C1C(=O)N(Cc1cccnc1)CN2c1cccc(O)c1,331,0.844073381,0.261904762,0.06,0.676877892
CC12C=CCCC1C(C(=O)NCc1ccco1)Nc1ccccc12,331,0.848820426,0.162790698,0.02,0.689087175
O=C1C=CC2C(C1)N(Cc1cccnc1)CCNc1cccc(OC)c12,331,0.923150421,0.166666667,0.21,0.721934569
NCC1C=CCC2C(=O)N(Cc3cccnc3)CCC2c2ccoc21,331,0.874303401,0.238095238,0.07,0.665889187
NCC1C=CC2C(=O)N(Cc3cccnc3)CCC2c2cccn21,331,0.880141962,0.178571429,0.23,0.660850911
NCC1C=CC2C(=C1)C(=O)NCCN2Cc1ccccc1,331,0.81555841,0.22972973,0.06,0.692755369
NCC1C=CC2C(=C1)C(=O)NCN2Cc1ccccc1,331,0.805394039,0.257142857,0.04,0.670136737
NCC1C=CC2C(=C1)C(=O)NCN2Cc1cccnc1,331,0.780497162,0.192307692,0.1,0.644399602
NCC1CCCC2c3ccn(Cc4ccccc4)c3C(=O)N21,331,0.945792368,0.213333333,0.01,0.745035695
NCC1NCCc2cn(Cc3ccccc3)cc2C1=O,331,0.879732256,0.236111111,0.1,0.755882873
NCC1N=C(c2cccnc2)c2ccn(CCO)c2CC1=O,331,0.840877596,0.113636364,0.14,0.707024902
CCC1NC(=O)CCN(Cc2ccccc2)c2cccc1c2,331,0.936587276,0.281690141,0.02,0.681937763
CCC1CCOc2ccc(C(=O)Cn3cccc3)cc2NCC1,331,0.868395125,0.170731707,0.03,0.729352788
CCC1CCOc2ccc(C(=O)Cn3cccc3)cc2N1CC,331,0.788495369,0.1875,0.03,0.765705185
CCC1CC(c2ccccc2)N(Cc2ccncc2)C(=O)CN1,331,0.94428568,0.295774648,0.13,0.758631308
CCC1CC(c2ccccc2)N(Cc2ccncc2)C(=O)CCN1,331,0.938683718,0.287671233,0.12,0.761340826
CCC1NC(=O)CCCC1c1ccn(Cc2ccccc2)c1,331,0.916856666,0.273972603,0.03,0.740608531
CCC1C(=O)NCCc2cc(C3CC3)n(Cc3ccccc3)c21,331,0.920118483,0.253333333,0.06,0.757008449
CCC1c2cc(C)n(Cc3ccccc3)c2C=CNC(=O)CC1,331,0.90480138,0.25,0.03,0.701295675
CCC1C(=O)NCCc2cc(-c3ccnn3C)ccc2N1CC,331,0.946400014,0.172839506,0.24,0.767573727
CCC1C(=O)NCCc2ccc(-c3ccnn3Cc3ccccc3)cc21,331,0.782424301,0.272727273,0.2,0.781754074
CCC1C(=O)NCCc2cc(-c3ccnn3Cc3ccccc3)ccc21,331,0.782424301,0.256410256,0.24,0.784575532
CCC1C(=O)NCCc2cc(-c3ccccc3)n(Cc3ccncc3)c21,331,0.782424301,0.227848101,0.16,0.766739904
CCC1C(=O)NCCN1Cc1ccccc1-c1ccnc(CC)c1,331,0.919786188,0.197530864,0.2,0.798473866
CCC1C(=O)NCCn2c(ccc2-c2ccncc2)C1c1ccccc1,331,0.783917982,0.202531646,0.33,0.730361695
CCC1C(=O)NCCc2ccc(-c3ccncc3)cc2N1Cc1ccccc1,331,0.74732484,0.289473684,0.43,0.801949081
CCC1NCCc2ccc(-c3ccncc3)cc2N1Cc1cccc(F)c1,331,0.72504498,0.204819277,0.4,0.780343242
CCC1C(=O)NCCc2ccc(-c3ccnc(Nc4ccccc4)c3)cc21,331,0.714032022,0.195121951,0.36,0.792866708
CCC1C(=O)NCCc2ccc(-c3ccnc(N)c3)cc2C1c1ccccc1,331,0.726287715,0.222222222,0.38,0.748260849
CCC1C(=O)NCCc2ccc(-c3ccnc(-c4ccncc4)c3)cc2O1,331,0.775397354,0.170731707,0.47,0.776941294
CCC1C(=O)NCCc2ccc(-c3ccncc3)cc2C1c1cccc(N)c1,331,0.679413367,0.176470588,0.54,0.744120678
CCC1C(=O)NCCc2ccc(-c3ccncc3)cc2N1c1ccccc1,331,0.758434425,0.2,0.51,0.800625812
NCC1C(=O)NCCc2ccccc2Oc2ccc(-c3ccncc3)cc21,331,0.736240449,0.141176471,0.57,0.730606202
NCC1C(=O)NCCc2ccc(-c3ccncc3)cc2-c2cccc1c2,331,0.751066596,0.130952381,0.59,0.654675137
NCC1C(=O)N(c2ccccc2)c2ccc(-c3ccncc3)cc21,331,0.804869137,0.155844156,0.56,0.805497064
NCC1C(=O)Nc2ccc(-c3ccncc3)cc2C12CC2,331,0.88605176,0.113924051,0.54,0.707539599
NCC1C(=O)Nc2ccc(-c3ccncc3)cc2CCC1,331,0.888737149,0.111111111,0.56,0.800602448
NCC1C(=O)Nc2ccc(-c3ccncc3)cc2CC1,331,0.876211209,0.1,0.57,0.800587382
NCC1C(=O)Nc2ccc(-c3ccncc3)cc21,331,0.838407861,0.093333333,0.61,0.796542981
NCC1C(=O)Nc2ccc(-c3ccncc3)cc2C1=O,331,0.806556314,0.08974359,0.65,0.786162006
COC(CC(O)CC(C)OCc1ccccc1)OC,332,0.698414098,0.642857143,0,0.767843767
COC(CC(O)CC(C)c1ccccc1)OC,332,0.741898874,0.477272727,0,0.775707426
COC(CC(O)C(C)Cc1ccccc1)OC,332,0.740344169,0.466666667,0.02,0.782379439
COC(CC(O)Cc1ccccc1)C(C)O,332,0.767118058,0.404255319,0.01,0.767023108
COC(CCCO)C(C)Cc1ccccc1OC,332,0.772767603,0.220338983,0.01,0.783975426
COC(C)C(O)C(C)Cc1ccccc1,332,0.803954729,0.361702128,0.01,0.76918215
COC(C)C(O)Cc1ccccc1OC,332,0.802491492,0.274509804,0,0.802407622
COC(C)C(O)Cc1ccccc1,332,0.762669895,0.386363636,0,0.818045732
COC(C)C(N)Cc1ccccc1,332,0.761468095,0.319148936,0.01,0.812686758
COC(C)C(NCc1ccccc1)CO,332,0.738752179,0.31372549,0,0.796649827
O=C(CC1C(=O)NCCN1Cc1ccccc1C(F)(F)F)NCCN1CCCCC1,333,0.700215896,0.784615385,0.01,0.792809341
O=C(CC1C(=O)NCCN1Cc1ccccc1C(F)(F)F)NCCN1CCCC1,333,0.714396292,0.796875,0.01,0.794058028
O=C(CC1CNCCN1Cc1ccccc1C(F)(F)F)NCCN1CCCCC1,333,0.722528579,0.554054054,0.08,0.78710229
O=C(CC1CNCCN1Cc1ccccc1C(F)(F)F)N1CCCCC1,333,0.886570535,0.44,0.03,0.793169355
CC(C)(C)c1ccccc1NCCN1CCNC(=O)C1CC(F)F,333,0.837605428,0.3625,0.03,0.762182572
CC(C)(C)Cc1cncn1CCN1CCCCC1C(N)=O,333,0.899944524,0.166666667,0.08,0.760994399
CC(C)(CCc1csc(N2CCNC2=O)n1)CC1CCCC1,333,0.852708101,0.163043478,0.04,0.792556501
CC(C)(CCc1ccccc1N1CCNC1=O)C1CCCC1,333,0.860374124,0.243902439,0.03,0.824812423
CC(C)(CCc1cc(C(F)F)ccc1N)CN1CCCC1=O,333,0.81264766,0.218390805,0.03,0.799429285
CC(C)(C)c1ccccc1NCCN1CCCCC1C(N)=O,333,0.879105681,0.265060241,0,0.820037865
CC(C)(C)c1ccccc1NCCCN1CCCCC1=O,333,0.835876401,0.364864865,0.02,0.8786336
CC(C)(C)c1ccccc1NCCN1CCCNC(=O)C1=O,333,0.833065697,0.303797468,0.08,0.838350929
CC(C)(C)c1ccccc1NCCN1CCCNC1=O,333,0.887195515,0.315789474,0.02,0.855476603
CC(C)(C)c1cnccc1CCNCCN1CCCC1=O,333,0.816105182,0.329113924,0.1,0.832228385
CC(C)(C)c1cnccc1NCCN1CCCNC1=O,333,0.886171388,0.256097561,0.19,0.819632647
CC(C)(C)c1cnccc1CCN1CCCNC(=O)C1=O,333,0.85243776,0.226190476,0.17,0.808206441
CC(C)(C)c1cnccc1NCCN1CCCNC(=O)C1=O,333,0.818142396,0.247058824,0.21,0.805445002
CC(C)(C)c1cnccc1NCCN1CCCNCCNC1=O,333,0.791358941,0.244186047,0.22,0.757269822
CC(C)(C)c1cnccc1NCCN1CCCNCC1=O,333,0.884425709,0.273809524,0.22,0.814285491
CC(C)(C)c1cnccc1NCCN1CCCNCCC1=O,333,0.89317271,0.301204819,0.23,0.81798974
CC(C)(C)c1cnccc1NCCN1CCCNC(=O)CCC1=O,333,0.883283703,0.297619048,0.22,0.769632741
CC(C)(C)c1cnccc1NCCCN1CCCNCC1=O,333,0.817085201,0.252873563,0.23,0.817932172
CC(C)(C)c1cnccc1NCCCN1CCCNCCC1=O,333,0.818636901,0.279069767,0.22,0.820969821
CC(C)(C)c1cnccc1NCCN1CCCNCCCC1=O,333,0.894868906,0.317073171,0.22,0.774417041
CC1=Nc2nc(NS(=O)(=O)c3ccc(C)cc3)nn2C(c2ccccc2)C1,334,0.749236261,0.811320755,0.02,0.781854161
CC1=NN(NS(=O)(=O)c2ccc(C)cc2)N=C(c2ccccc2)C1,334,0.92814433,0.298507463,0.04,0.816281071
CC1=NN2N=C([N-]S(=O)(=O)c3ccc(C)cc3)N=C2C(Cl)=C1,334,0.73296983,0.294117647,0.03,0.72278422
CC1=NN2N=C([N-]S(=O)(=O)c3ccc(C)cc3)N=C2C=C1,334,0.73879228,0.253731343,0,0.726028907
CC1=NC2=NC(NS(=O)(=O)c3ccc(C)cc3)=NC2C=C1,334,0.896311543,0.318181818,0.03,0.710984396
CC1=NC(NS(=O)(=O)c2ccc(C)cc2)=NC1c1ccco1,334,0.943314278,0.304347826,0,0.744047656
CC1=CC(=NN=S(=O)(O)c2ccc(C)cc2)N=C(C)N1,334,0.830822426,0.211267606,0.07,0.694928626
CC1=NN(S(=O)(=O)c2ccc(C)cc2)N=C1C=C(C)N,334,0.924232633,0.231884058,0.01,0.774860638
CC1=NN(S(=O)(=O)c2ccc(C)cc2)N=C1C=C(C)C,334,0.871436959,0.23880597,0.01,0.791306222
Cc1ccc(S(=O)(=O)Nc2nc(C)nn2C(C)C)cc1,334,0.938124567,0.366666667,0,0.846509356
Cc1ccc(S(=O)(=O)Nc2nc(C)nn2-c2cccs2)cc1,334,0.79571208,0.323529412,0.01,0.828118276
Cc1ccc(S(=O)(=O)Nc2nc(C)nn2-c2ccco2)cc1,334,0.796739535,0.323529412,0,0.817661452
Cc1ccc(S(=O)(=O)NN(C)c2cc(C)n(C)n2)cc1,334,0.864828318,0.292307692,0.02,0.817945538
Cc1ccc(S(=O)(=O)NNc2nc(C)n(C)n2)cc1C,334,0.822913143,0.246376812,0,0.823365766
Cc1ccc(S(=O)(=O)Nc2nc(C)n(C)n2)cc1C=O,334,0.85040602,0.308823529,0.01,0.817023316
Cc1ccc(S(=O)(=O)Nc2nc(C)n(C)n2)cc1C,334,0.924874015,0.333333333,0.01,0.853151525
Cc1ccc(S(=O)(=O)Nc2nc(C)n(C)n2)cc1,334,0.906179301,0.446428571,0.02,0.864936015
Cc1ccc(S(=O)(=O)Nc2nn(C)c(C)n2)cc1,334,0.906179301,0.446428571,0.02,0.864936015
Cc1ccc(S(=O)(=O)Nc2nn(C)c(N)n2)cc1,334,0.84285381,0.456140351,0.05,0.855634602
Cc1ccc(S(=O)(=O)Nc2nc(N)n(C)n2)cc1,334,0.84285381,0.456140351,0.05,0.855634602
Cc1ccc(S(=O)(=O)Nc2nc(N)n(C)n2)cc1C,334,0.866429622,0.34375,0.03,0.844214874
Cc1ccc(S(=O)(=O)Nc2nc(N)c(CCO)s2)cc1,334,0.772892795,0.308823529,0.16,0.844747227
Cc1ccc(S(=O)(=O)Nc2nc(N)c(C3CC3)s2)cc1,334,0.909046988,0.333333333,0.16,0.843117017
Cc1ccc(S(=O)(=O)Nc2nc(N)c(C3CC3)c(=O)[nH]2)cc1,334,0.785351891,0.31884058,0.11,0.837406977
Cc1ccc(S(=O)(=O)Nc2nc(N)c(C(=O)N3CC3)s2)cc1,334,0.817370338,0.314285714,0.38,0.866690567
Cc1ccc(S(=O)(=O)Nc2nc(N)c(C(=O)NC3CC3)s2)cc1,334,0.75800396,0.305555556,0.47,0.862948572
Cc1ccc(S(=O)(=O)Nc2nc(N)c(CC(=O)C3CC3)s2)cc1,334,0.831557915,0.319444444,0.25,0.833773236
Cc1ccc(S(=O)(=O)Nc2nc(N)c(C(=O)C3CC3)s2)cc1,334,0.815837331,0.314285714,0.45,0.852322618
Cc1ccc(S(=O)(=O)Nc2nc(N)c(C3CC3)s2)c(F)c1,334,0.904026532,0.220779221,0.14,0.820534604
Cc1ccc(S(=O)(=O)Nc2nc(N)c(C3CC3)c(C)n2)s1,334,0.899713184,0.22972973,0.13,0.8167481
Cc1ccc(S(=O)(=O)Nc2nc(N)c(C3CC3)cn2)cc1,334,0.900445049,0.369230769,0.15,0.864496892
Cc1ccc(S(=O)(=O)Nc2nc(N)c(C3CC3)c(F)n2)cc1,334,0.840824149,0.363636364,0.12,0.833704926
Cc1ccc(S(=O)(=O)Nc2nc(N)c(C3CCCCC3)s2)cc1,334,0.875094951,0.31884058,0.16,0.843130058
COc1cc2c(cc1OC)C(C(=O)N1CCCC1)C(c1ccccc1F)N2C,335,0.805422185,0.763636364,0.01,0.766163305
COc1cc2c(cc1OC)C(C(=O)N1CCCC1)C2c1cccc(F)c1,335,0.839518728,0.492063492,0.01,0.777378184
COc1cc2c(cc1O)C(C(=O)N1CCCC1)C2c1cccc(F)c1,335,0.930910182,0.441176471,0.02,0.765466443
O=C1c2cccc(O)c2C(C(=O)N2CCCC2)C1c1ccccc1F,335,0.913899821,0.446153846,0.03,0.7585425
COc1cc2c(cc1O)C(C(=O)N1CCCC1)C2c1ccccc1F,335,0.930910182,0.573770492,0.04,0.764194937
COc1cc2c(cc1O)C(C(=O)NC(C)C)NCC2c1ccccc1F,335,0.786027705,0.346666667,0.08,0.737978282
COc1cc(OC)cc2c1C(c1ccccc1F)N(C)CC2=O,335,0.872458706,0.402985075,0.03,0.788228065
COc1cc(N2CCCCC2=O)c(OC)c2cccc(F)c12,335,0.870674221,0.305555556,0.04,0.850710336
COc1cc(N2CCCCC2=O)c(O)cc1-c1ccccc1F,335,0.938812942,0.357142857,0.03,0.868246981
COc1cc(CN2CCCCC2=O)c(O)cc1-c1ccccc1F,335,0.929918405,0.347222222,0.03,0.869175641
COc1cc(N2CCNCC2)c(O)cc1-c1ccc(F)cc1F,335,0.912703443,0.243243243,0.1,0.853858342
COc1cc(N2CCNCC2)c(O)cc1-c1ccccc1F,335,0.914656623,0.3,0.09,0.864866391
COc1cc(-c2ccccc2F)ccc1N1CCNCC1(C)O,335,0.913578777,0.293333333,0.16,0.781259408
COc1cc(-c2ccccc2F)ccc1N1CCNCC1(C)C,335,0.934931976,0.283783784,0.16,0.850422366
COc1cc(-c2ccccc2F)ncc1N1CCNCC1=O,335,0.939565836,0.306666667,0.15,0.844303266
COc1cc(-c2ccccc2F)ncc1N1CCNCC1,335,0.939758978,0.295774648,0.15,0.866281716
COc1cc(-c2ccccc2F)ncc1N1CCNC1,335,0.930556151,0.287671233,0.16,0.838760432
COc1cc(-c2ccccc2F)ccc1N1CCNC1=O,335,0.941967369,0.314285714,0.23,0.882916521
COc1cc(-c2ccccc2F)ccc1N1CCNCC1=O,335,0.946398923,0.301369863,0.18,0.875133546
COc1cc(-c2ccncc2)ccc1N1CCNCC1=O,335,0.93116169,0.194805195,0.46,0.864914755
COc1cc(-c2ccncc2)ccc1-c1ccccc1N1CCNC1,335,0.789129233,0.202531646,0.57,0.85470096
COc1cc(-c2ccncc2)ccc1-c1ccc(N2CCNC2)cc1,335,0.789129233,0.194805195,0.54,0.866183704
COc1cc(-c2ccncc2)ccc1-c1cc(=O)[nH]n1CCBr,335,0.697472865,0.1875,0.53,0.809992317
COc1cc(-c2ccncc2F)ccc1N1CCNC(=O)CC1,335,0.943500799,0.253164557,0.46,0.855218658
COc1cc(-c2ccncc2F)ccc1N1CCNC1=O,335,0.942944668,0.266666667,0.46,0.853283187
COc1cc(-c2ccncc2F)ccc1C1CCC(=O)NC1=O,335,0.883515466,0.269230769,0.49,0.788757159
COc1cc(-c2ccncc2F)ccc1C1CNC(=O)NC1=O,335,0.905191333,0.272727273,0.5,0.772142721
COc1cc(-c2ccncc2F)ccc1C1NCC(=O)NC1=O,335,0.831613907,0.272727273,0.49,0.772434792
COc1cc(-c2ccncc2F)ccc1C1NCC(=O)NCC1(F)F,335,0.890741678,0.259259259,0.5,0.721221341
COc1cc(-c2ccncc2F)ccc1C1NCC(=O)NCC1F,335,0.901750513,0.24691358,0.49,0.710550199
COc1cc(-c2ccncc2F)ccc1C1NCC(=O)N1C,335,0.941346604,0.302631579,0.51,0.763501751
COc1cc(-c2ccncc2F)ccc1C1NCC(=O)NC1,335,0.904795183,0.256410256,0.5,0.766154573
COc1cc(-c2ccncc2F)ccc1N1CCNC(=O)C1=O,335,0.868258007,0.272727273,0.53,0.836331005
COc1cc(-c2ccncc2F)ccc1N1CCC(=O)NC1=O,335,0.943492679,0.272727273,0.5,0.84539065
CCC(=NC(CC)CO)C1C(=O)CC(C)(C)CC1=O,336,0.613014305,1,0,0.683033366
CCC(N=C(CO)CO)C1C(=O)CC(C)(C)CC1,336,0.732841158,0.4,0.01,0.629207837
CCC(=NC(CC)CO)C1C(=O)CC(C)(C)C1,336,0.749689271,0.725,0.01,0.638167452
CCC(CC)C1C(=O)CC(CO)CC1(C)C,336,0.79971033,0.306122449,0,0.670433713
CCC(CC)C(C)N=C1CC(C)(C)CC1=O,336,0.71513078,0.3125,0.03,0.701313687
CCC(CC)C1C(=O)CC(CO)C1C(C)(C)C,336,0.818487549,0.25,0.02,0.654736908
CCC(CC)C1C(=O)CC(=O)C1C(C)(C)CS,336,0.605433495,0.20754717,0.03,0.623236574
CCC(CC)C(C)C1C(=O)CC(C)(C)CC1=O,336,0.700772319,0.404761905,0.03,0.726276488
CCc1ccc(C(=O)CCC(C)CC)c(=O)[nH]1,336,0.770584389,0.15,0.02,0.777607348
CCC1CC(C)(C)C(=O)C1c1ccc(CO)s1,336,0.895417337,0.206896552,0.01,0.679287288
CCC1CC(C)(C)C(=O)C1c1ccc(CO)cn1,336,0.893036796,0.220338983,0.05,0.701868067
CCC(CC)n1nc(-c2ccc(C)o2)ccc1=O,336,0.832060503,0.131147541,0.05,0.828347312
CCC(CC)n1nc(-c2ccc[nH]2)cc([O-])c1=O,336,0.89135215,0.123076923,0.09,0.727393158
CCC(CC)n1cc(-c2ccncc2O)ccc1=O,336,0.91683362,0.142857143,0.32,0.815724541
CCC(CC)n1cc(-c2ccncc2[O-])ccc1=O,336,0.84433748,0.125,0.27,0.767088256
CCC(CC)n1cc(-c2ccncn2)cc([O-])c1=O,336,0.837080053,0.121212121,0.4,0.75453383
CCC(CC)n1cc(-c2ccncc2)cc([O-])c1=O,336,0.84433748,0.131147541,0.26,0.777201754
CCC(CCCN)n1cc(-c2ccncc2)ccc1=O,336,0.878118702,0.123076923,0.51,0.786876716
CCC(CCCN)c1cc(-c2ccncc2)cc(=O)[nH]1,336,0.848090418,0.121212121,0.43,0.760427323
CCC(CCc1ccncc1)c1cc(OC)cc(=O)[nH]1,336,0.879326362,0.119402985,0.07,0.772105596
CCC(CO)Oc1cc(-c2ccncc2)cc(=O)n1CCF,336,0.84988317,0.161764706,0.39,0.733737483
CCC(CO)Oc1cc(-c2ccncc2)cc(=O)n1COC,336,0.84195106,0.166666667,0.29,0.742350882
CCC(CCO)Oc1cc(-c2ccncc2)cc(=O)[nH]1,336,0.844215929,0.15625,0.41,0.750712614
CCC(CCO)Cn1cnc(-c2ccncc2)cc1=O,336,0.86972971,0.153846154,0.41,0.783826244
CCC(CCO)Oc1cc(-c2ccncc2)ccc1OC,336,0.848636925,0.123076923,0.56,0.823575239
CCC(CO)Oc1cc(-c2ccncc2)ccc1OC,336,0.878902256,0.14516129,0.52,0.828821655
CC(CO)Cn1cc(-c2ccncc2)ccc1=O,336,0.887183184,0.169491525,0.49,0.803068181
CCC(CO)Cc1cc(-c2ccncc2)ccc1O,336,0.865343322,0.15,0.51,0.812830973
CCC(CO)Cn1cc(-c2ccncc2)ccc1=O,336,0.891194628,0.183333333,0.46,0.793269149
CCC(CO)Cc1cc(-c2ccncc2)c[nH]c1=O,336,0.861662183,0.177419355,0.48,0.777120431
CCC(CO)Oc1cc(-c2ccncc2)c[nH]c1=O,336,0.855614476,0.174603175,0.5,0.772840659
CCC(CO)Oc1cc(-c2ccncc2)ccc1C(=O)O,336,0.853314668,0.15625,0.5,0.816165622
CCC(CO)Nc1cc(-c2ccncc2)ccc1C(=O)O,336,0.760108681,0.15625,0.56,0.823222467
O=C1Nc2ccccc2C1N=C1N=CC=CC12Nc1ccccc1N2,337,0.752567118,0.179104478,0.11,0.621570733
O=C1C(=CC2N=c3ccccc3=C2NC2=CC=CC2)c2ccccc21,337,0.881623301,0.164383562,0.01,0.683717759
O=C1C(=CC2N=C3C=CC=CC3Nc3ccccc32)C=CC=C1Br,337,0.733743212,0.144736842,0.07,0.627913574
O=C1C(Br)=CC=CC1=NC1N=CC=CC12Nc1ccccc1S2,337,0.748852747,0.155844156,0.13,0.545682262
O=C1C(Br)=CC=CC1=NC1Nc2ccccc2N1C1=CC=CC=C1,337,0.786314755,0.188405797,0.07,0.728442778
O=C1C(Br)=CC=CC1=NC1Nc2ccccc2N1c1ccccc1,337,0.786314755,0.188405797,0.07,0.728442778
O=C1c2ccccc2NC1C=C1N=CC=CC1Nc1ccccc1,337,0.908455128,0.154929577,0.08,0.677295818
O=C1C(=CC2N=CC=CC2Nc2ccccc2)Nc2ccccc21,337,0.849823761,0.169014085,0.1,0.688791809
O=C1Nc2ccccc2C1=CC=C1N=CC=Cc2ccccc2N1,337,0.779683068,0.179104478,0.42,0.776095621
O=C1Nc2ccccc2C1=CC1=NC=Nc2ccccc2C1O,337,0.794944966,0.171428571,0.46,0.72491079
O=C1Nc2ccccc2C1=CC1=NC=Nc2ccccc2N1,337,0.791274724,0.19047619,0.62,0.781851198
O=C1Nc2ccccc2C1=CC1=NC=Nc2ccccc21,337,0.692969972,0.1875,0.55,0.847471111
O=C1Nc2ccccc2C1=CC1=Nc2cccnc2C1=O,337,0.812117779,0.179104478,0.53,0.79262724
O=C1Nc2ncccc2C1=CC1=Nc2ccccc2C1=O,337,0.812117779,0.149253731,0.4,0.792796723
O=C1Nc2ccccc2C1=C1N=Cc2cccnc2N1,337,0.71548972,0.184615385,0.45,0.791743761
O=C1Nc2ccccc2C1=Cc1nc2ccccc2[nH]1,337,0.661330162,0.19047619,0.73,0.860897086
O=C1Nc2ccccc2C1=Cc1nccc2ccccc12,337,0.68578236,0.1875,0.49,0.859713791
O=C1Nc2ccccc2C1=Cc1ncccc1OCCO,337,0.840732978,0.171428571,0.47,0.841973267
O=C1Nc2ccccc2C1=Cc1nccc2cc[nH]c(=O)c12,337,0.675502771,0.173913043,0.53,0.814766609
O=C1Nc2ccccc2C1=Cc1nc2ccccc2[nH]c1=O,337,0.675502771,0.184615385,0.67,0.849614205
O=C1Nc2ccccc2C1=Cc1nc2cccnc2[nH]1,337,0.661627991,0.179104478,0.67,0.824798781
O=C1Nc2ccccc2C1=Cc1ccc([O-])[nH]c1=O,337,0.741582469,0.174603175,0.75,0.787364078
O=C1Nc2ccccc2C1=Cc1ccc(=O)[nH]c1F,337,0.605262578,0.174603175,0.72,0.825762653
O=C1Nc2ccccc2C1=Cc1ccc(=O)[nH]c1,337,0.744841463,0.180327869,0.69,0.849628957
O=C1Nc2ccccc2C1=Cc1ccc[nH]c1=O,337,0.744841463,0.180327869,0.74,0.841769193
O=C1Nc2ccccc2C1=Cc1ccc[nH]1,337,0.697746814,0.186440678,0.88,0.845382412
O=C(Nc1ncc(Br)s1)C(Cc1ccccc1)n1cccc1,338,0.727994016,1,0.04,0.793421129
O=C(Nc1ncc(Br)s1)C(Cc1ccccc1)NC,338,0.879954794,0.647058824,0.09,0.825426129
O=C(Nc1ncc(Br)s1)C(Cc1ccccc1)N,338,0.906580071,0.673469388,0.11,0.834300157
O=C(Nc1ncc(Br)s1)C(CO)c1ccccc1,338,0.907382608,0.557692308,0.09,0.812333943
O=C(Nc1ncc(Br)s1)C(CCO)c1ccccc1,338,0.87883559,0.537037037,0.1,0.807237241
O=C(Nc1ncc(Br)s1)C(CC)c1ccccc1,338,0.921752581,0.547169811,0.15,0.825694727
O=C(Nc1ncc(Br)s1)CCCCc1ccccc1,338,0.799364239,0.518518519,0.27,0.896077981
O=C(Nc1ncc(Br)s1)CCc1ccccc1,338,0.939108906,0.549019608,0.2,0.90110926
O=C(Nc1ncc(Br)s1)NCc1ccccc1,338,0.914059878,0.549019608,0.24,0.895168915
O=C(Nc1ncc(Br)s1)CCCc1ccccc1,338,0.906694507,0.528301887,0.28,0.897163276
O=C(Nc1ncc(Br)s1)CCCCCC,338,0.809622762,0.392857143,0.55,0.878385697
COc1ccc(C2C=CCN(S(C)(=O)=O)C(=O)C2Cc2ccc(F)cc2)cc1,339,0.719851684,0.538461538,0.04,0.74561601
COc1ccc(C2C=NN(S(C)(=O)=O)C(C)C2NCc2ccc(F)cc2)cc1,339,0.802288658,0.408450704,0.03,0.707274942
COc1ccc(C2C=NN(S(C)(=O)=O)C2Cc2ccc(F)cc2)cc1,339,0.821767091,0.417910448,0.06,0.743921147
COc1ccc(C2C=NN(S(C)(=O)=O)CCN2Cc2ccc(F)cc2)cc1,339,0.7861838,0.492537313,0.03,0.758302397
COc1ccc(C2=NCCN2S(=O)(=O)Nc2ccc(F)c(C)c2)cc1,339,0.887482657,0.219512195,0.05,0.838185955
COc1ccc(C2=CCN(Cc3ccc(F)cc3)CCNC(=O)C2)cc1,339,0.916488137,0.356164384,0.09,0.809196074
COc1ccc(C2=CCN(Cc3ccc(F)cc3)CCNC2=O)cc1,339,0.93052756,0.361111111,0.18,0.859808196
COc1ccc(C2=CCN(Cc3ccc(F)cc3)CCNC(=O)C2)cn1,339,0.916102995,0.268292683,0.23,0.782747664
COc1ccc(C2=CCN(Cc3ccc(F)cc3)CCNC2=O)cn1,339,0.926699755,0.271604938,0.24,0.832488111
COc1ccc(C2=C(Nc3ccc(F)cc3)CCNC(=O)C2)cn1,339,0.90613704,0.176470588,0.34,0.813216719
COc1ccc(C2=C(Nc3ccc(F)c(C)c3)CCNC2=O)cn1,339,0.906275547,0.146067416,0.43,0.808705053
COc1ccc(C2=C(Nc3ccc(F)cc3)CCNC(=O)C2)cc1,339,0.902976505,0.25,0.2,0.842427868
COc1ccc(C2=C(Nc3ccc(F)cc3)C(=O)NCC2)cc1,339,0.911469382,0.260273973,0.34,0.856871805
COc1ccc(C2=C(Nc3cc(F)ccn3)C(=O)NCC2)cc1,339,0.910471271,0.209876543,0.41,0.811918891
COc1ccc(C2=C(Nc3cc(F)ccc3)C(=O)NCC2)cc1,339,0.911469382,0.215189873,0.37,0.850381362
COc1ccc(C2=C(Nc3cc(F)cc(F)c3)C(=O)NCC2)cc1,339,0.904125915,0.223684211,0.35,0.833935596
COc1ccc(C2=C(Nc3cc(F)cc(F)c3)C(=O)NC2=O)cc1,339,0.845277517,0.236111111,0.86,0.856692694
COc1ccc(C2=C(Nc3cc(F)cc(F)c3)C(=O)NC2=O)cc1OC,339,0.801390639,0.151898734,0.83,0.847782621
COc1ccc(C2=C(Nc3cc(F)ccc3)C(=O)NC2=O)cc1OC,339,0.815778093,0.146341463,0.87,0.864120241
COc1ccc(C2=C(Nc3ccc(F)cc3)C(=O)NC2=O)cc1,339,0.850310058,0.275362319,0.82,0.880632307
COc1ccc(C2=C(Nc3ccc(F)cc3)C(=O)NC2=O)cc1CO,339,0.721501828,0.197530864,0.79,0.853225516
COc1ccc(C2=C(Nc3cc(F)ccc3)C(=O)NC2=O)cc1,339,0.850310058,0.226666667,0.89,0.874042011
COc1ccc(C2=C(Nc3ccc(F)cc3)C(=O)NC2=O)cc1OC,339,0.815778093,0.181818182,0.83,0.870239802
COc1cccc(C2CCCN(C(=O)c3cccc(C#CC(C)(C)O)c3)C2)c1,340,0.82715851,0.770491803,0,0.803457189
COc1cccc(C2CCCN2C(=O)c2cccc(C#CC(C)(C)O)c2)c1,340,0.844236741,0.646153846,0.02,0.804977296
COc1cccc(C2CCCN2C(=O)c2cccc(C#CC(C)O)c2)c1,340,0.864222915,0.465753425,0.02,0.780562384
COc1cccc(C2CCCN2C(=O)c2cccc(CC(C)(C)O)c2)c1,340,0.884254411,0.418918919,0,0.823553706
COc1cccc(C2CCCN2C(=O)c2cccc(OCC(C)(C)O)c2)c1,340,0.840873081,0.438356164,0,0.82411596
COc1cccc(C2CCCN2C(=O)c2cccc(OCC(C)(C)O)n2)c1,340,0.845293137,0.35,0.01,0.797553814
COc1cccc(C2CCCN2C(=O)c2cccc(OCC(C)(C)N)c2)c1,340,0.842484983,0.413333333,0.01,0.819933571
COc1cccc(C2CCCN2C(=O)c2cccc(OCC(C)N)c2)c1,340,0.863431124,0.376623377,0.04,0.802150118
COc1cccc(C2CCCN(C(=O)c3cccc(OCCN)n3)C2)c1,340,0.861103765,0.379746835,0.06,0.80913228
COc1cccc(C2CCCN2C(=O)c2cccc(OCC(C)N)n2)c1,340,0.86202458,0.294117647,0.08,0.772239723
COc1cccc(C2CCCN(C(=O)c3ccc(OCCN)cn3)C2)c1,340,0.861103765,0.379746835,0.12,0.816114433
COc1cccc(C2CCCN(C(=O)c3ccc(C#CCN)cn3)C2)c1,340,0.864327908,0.4,0.13,0.798544587
COc1cccc(C2CCCN(C(=O)c3ccc(C#CC(C)N)cn3)C2)c1,340,0.851697033,0.4,0.06,0.752854907
COc1cccc(C#CCNc2ccc(C(=O)N3CCCC(CN)C3)cn2)c1,340,0.781022556,0.444444444,0.21,0.784903949
COc1cccc(CNc2ccc(C(=O)N3CCCC(C#N)C3)cn2)c1,340,0.896451994,0.407407407,0.14,0.808038331
COc1cccc(NCCNc2ccc(C(=O)N3CCCC(CN)C3)cn2)c1,340,0.606506895,0.373493976,0.18,0.811602714
COc1cccc(CNc2ccc(C(=O)N3CCCC(C#N)C3)cn2)c1OC,340,0.82858911,0.337209302,0.1,0.793828457
COc1cccc(CNc2cc(C(=O)N3CCCC(C#N)C3)cnc2C)c1,340,0.879789968,0.397590361,0.07,0.791237178
COc1cccc(CNc2cc(C(=O)N3CCCC(CN)CC3)cnc2C)c1,340,0.801815973,0.337209302,0.13,0.810769996
COc1cccc(CNc2cc(C(=O)N3CCCC(CN)C3)cnc2C)c1,340,0.819464464,0.369047619,0.12,0.808786429
COc1cccc(CNc2ccc(C(=O)N3CCCC(CN)C3)cn2)c1OC,340,0.762443916,0.310344828,0.19,0.810719611
COc1cccc(CNc2ncc(C(=O)N3CCCC(CN)C3)cn2)c1OC,340,0.750434718,0.325301205,0.24,0.799874226
COc1cccc(CNc2ncc(C(=O)N3CCCC(CN)C3)cn2)c1,340,0.822080406,0.392405063,0.16,0.814487151
COc1cccc(Nc2ncc(C(=O)N3CCCC(CN)C3)cn2)c1,340,0.86430913,0.397435897,0.3,0.817374094
COc1cccc(Nc2ncc(CN)c(C(=O)N3CCCC(CO)C3)n2)c1,340,0.705492436,0.337209302,0.43,0.787722892
COc1cccc(Nc2nccc(CNC(=O)C3CCCC(CN)C3)n2)c1,340,0.693288847,0.252747253,0.53,0.773272018
COc1cccc(Nc2nccc(NCC(=O)N3CCCC(CN)C3)n2)c1,340,0.682749699,0.303370787,0.58,0.800143651
COc1cccc(Nc2nccc(C(=O)N3CCCC(CN)C3)n2)c1,340,0.86430913,0.34939759,0.52,0.814140761
O=C(COC(=O)C1CC2CCCC(C1)C2=O)Nc1ncc(-c2ccc(F)c(F)c2)s1,341,0.720202892,0.701492537,0.1,0.668388231
O=C(COC(=O)C1CCCC(=O)C1)Nc1ncc(-c2ccc(F)c(Cl)c2)s1,341,0.756639407,0.426829268,0.1,0.784472033
O=C(COC(=O)C1CC(=O)c2sccc2C1)Nc1ccc(Cl)c(F)c1,341,0.822963602,0.341463415,0.01,0.785093868
O=C(COC(=O)C1CC(c2nccc(Cl)n2)C1)Nc1ccc(F)cc1,341,0.652132556,0.376623377,0.01,0.849749911
O=C(CCC(=O)N1CC(CO)C1)Nc1nccc(-c2ccc(Cl)cc2)n1,341,0.805498033,0.204545455,0.47,0.860802578
O=C(CCC1CC(CO)C1)Nc1nccc(-c2ccc(Cl)cc2)n1,341,0.839338709,0.226190476,0.46,0.854941931
O=C(CCC1CC(CO)C1)Nc1nccc(-c2ccc(F)cc2)n1,341,0.854077482,0.240963855,0.47,0.854357768
O=C(CCC1CC1CO)Nc1nccc(-c2ccc(F)cc2)n1,341,0.859075604,0.240963855,0.46,0.77536597
O=C(CCC1CC1)Nc1nccc(-c2ccc(F)cc2)n1,341,0.915518072,0.253164557,0.46,0.888750367
O=C(CC1CCC1)Nc1nccc(-c2ccc(F)cc2)n1,341,0.936182269,0.285714286,0.45,0.887329598
O=C(CC1CC1)Nc1nccc(-c2ccc(F)cc2CF)n1,341,0.919582049,0.223529412,0.43,0.837222494
O=C(CCC1CC1)Nc1nccc(-c2ccc(F)cc2CF)n1,341,0.879381465,0.218390805,0.4,0.837842958
O=C(CC1CCN1)Nc1nccc(-c2ccc(F)cc2CF)n1,341,0.888470992,0.227272727,0.45,0.765933964
O=C(CCC1CCC1)Nc1nccc(-c2ccc(F)cc2)n1,341,0.913248214,0.278481013,0.46,0.885871275
O=C(CCC1CCN1)Nc1nccc(-c2ccc(F)cc2)n1,341,0.889348211,0.256097561,0.51,0.813377283
O=C(NCCC1CCC1)Nc1nccc(-c2ccc(F)cc2)n1,341,0.885933124,0.256097561,0.56,0.877431478
O=C(NCCC1CC1)Nc1nccc(-c2ccc(F)cc2)n1,341,0.890736725,0.231707317,0.56,0.880109859
O=C(Nc1nccc(-c2ccc(F)cc2)n1)NC1CCCCC1,341,0.906703784,0.2375,0.56,0.886810698
O=C(Nc1nccc(-c2ccc(F)cc2)n1)NC1CCCCCC1,341,0.832684902,0.2375,0.56,0.885063437
O=C(Nc1nccc(-c2ccc(F)cc2)n1)NC1CCCC1,341,0.913184803,0.240506329,0.56,0.888384878
FC(F)(F)C(Oc1nc(NC2CCCCC2)nc(N2CCOCC2)n1)C(F)(F)F,342,0.720292008,1,0.02,0.795483765
FC(F)(F)C(Nc1nccc(NC2CCCCC2)n1)N1CCOCC1(F)F,342,0.588381852,0.361111111,0.19,0.692870818
FC(F)(F)C(Nc1nccc(Nc2ccon2)n1)C1CCCCC1,342,0.851471568,0.25,0.39,0.729741425
FC(F)(F)C(Nc1nccc(Nc2ccsn2)n1)C1CCCCC1,342,0.818774866,0.22972973,0.35,0.702949228
FC(F)(F)C(Nc1nccc(-c2cc[nH]n2)n1)C1CCCCC1,342,0.897368456,0.253521127,0.53,0.707185605
CC(F)(F)C(Nc1nccc(-c2cc[nH]n2)n1)C1CCOCC1,342,0.884683772,0.24,0.46,0.682295628
CC(F)(F)C(Nc1nccc(-c2cc[nH]n2)n1)C1CCCCC1,342,0.876751323,0.246575342,0.51,0.697731292
CC(F)(F)C(Nc1nccc(-c2cc[nH]c2)n1)C1CCOCC1,342,0.886130426,0.220779221,0.54,0.707046211
CC(F)(F)C(Nc1nccc(-c2cc[nH]c2)n1)C1CCCCC1,342,0.853324338,0.226666667,0.59,0.722481875
FC(F)(F)C(CNc1nccc(-c2cc[nH]c2)n1)C1CCCC1,342,0.864188628,0.210526316,0.62,0.722707982
FC(F)(F)C(Nc1nccc(-c2cc[nH]c2)n1)C1CCCC1,342,0.897036649,0.219178082,0.6,0.728315012
FC(F)(F)C(CNc1nccc(-c2cc[nH]c2)n1)C1CC1,342,0.887954442,0.171052632,0.62,0.715389351
FC(F)C(Nc1nccc(-c2cc[nH]c2)n1)C1CCCC1,342,0.883006534,0.173333333,0.63,0.716611528
CC(C)(Nc1nccc(-c2cc[nH]c2)n1)C1CCCC1,342,0.886828836,0.146666667,0.56,0.77937449
CC(C)(CNc1nccc(-c2cc[nH]c2)n1)C1CC1,342,0.86248262,0.115384615,0.6,0.779439291
CC(C)(Nc1nccc(-c2cc[nH]c2)n1)C1CCCCC1,342,0.882465103,0.16,0.55,0.783702902
CC(C)(CNc1nccc(-c2cc[nH]c2)n1)C1CCCCC1,342,0.854774019,0.153846154,0.6,0.788450984
CC(C)(CNc1nccc(-c2cc[nH]c2)n1)N1CCCCC1,342,0.890252633,0.139240506,0.62,0.797831993
CC(C)(CNc1nccc(-c2cn[nH]c2)n1)N1CCCCC1,342,0.887786869,0.168831169,0.66,0.804977426
CCC(NC(=O)NCCCn1ccnc1)(C(F)(F)F)C(F)(F)F,343,0.614709058,1,0.03,0.786079776
CCC(NCCCn1ccnc1)(C(F)(F)F)C(F)(F)F,343,0.646158755,0.666666667,0.07,0.771128692
CCC(NCCCn1ccnc1)(C(F)(F)F)C(C)(C)C,343,0.811287369,0.625,0.07,0.727501435
CCC(NCCCn1ccnc1)(c1cccs1)C(F)(F)F,343,0.787453533,0.474576271,0.09,0.717128594
CCC(=O)NC(CCCn1ccnc1)C(=O)C(F)(F)F,343,0.831160307,0.456140351,0.05,0.775494485
CCC(=O)C(NCCCn1ccnc1)C(=C)C(F)(F)F,343,0.589982072,0.49122807,0.05,0.716059157
CCC(=O)C(NCCCn1ccnc1)c1ccc(Cl)cc1,343,0.761670726,0.409836066,0.03,0.798643701
CCC(NCCCn1ccnc1)c1ccc(C(F)(F)F)cc1,343,0.782365638,0.423728814,0.05,0.811164033
CCC(NC(CO)Cn1ccnc1)c1ccc(C(F)(F)F)cc1,343,0.821832193,0.328125,0.08,0.751506093
CCC(NCCCn1ccnc1)c1ccc(C(F)(F)F)cc1C,343,0.767486045,0.396825397,0.02,0.793985998
NCC(NCCCn1ccnc1)c1ccc(C(F)(F)F)cc1,343,0.772725359,0.37704918,0.18,0.800054852
NCCCN(CCCn1ccnc1)c1ccc(C(F)(F)F)cc1,343,0.810515054,0.322580645,0.16,0.844393253
NCC(NCCCn1ccnc1)c1cccc(C(F)(F)F)c1,343,0.772725359,0.353846154,0.15,0.795745423
NCCCC(NCCCn1ccnc1)c1ccc(C(F)(F)F)cc1,343,0.688366578,0.359375,0.2,0.794906999
NCCCC(NCCn1ccnc1)c1ccc(C(F)(F)F)cc1,343,0.784019229,0.323076923,0.19,0.79304568
NCC(NCCn1ccnc1)c1ccc(C(F)(F)F)cc1,343,0.859310028,0.322580645,0.17,0.797541111
Cc1onc(-c2ccccc2Cl)c1C(=O)NCc1cc(C(C)C)no1,344,0.732161445,0.87037037,0.02,0.84161123
Cc1onc(-c2ccccc2Cl)c1C(=O)NCc1cc(C)no1,344,0.790529434,0.763636364,0,0.857169348
Cc1noc(-c2ccccc2Cl)c1C(=O)NCC(C)(C)O,344,0.910415123,0.402985075,0.01,0.849215846
Cc1nnc(-c2ccccc2Cl)cc1NC(=O)OC(C)C,344,0.928340985,0.309859155,0.03,0.857105115
Cc1nnc(-c2ccccc2Cl)cc1NCc1ccno1,344,0.79555733,0.305555556,0.03,0.81832787
Cc1nnccc1-c1ccccc1NCc1ccno1,344,0.78589978,0.216216216,0.08,0.816348716
Cc1ncccc1-c1ccnc(NCc2ccno2)c1,344,0.78589978,0.210526316,0.2,0.826440241
Cc1cnccc1-c1ccnc(NCc2ccno2)c1,344,0.78589978,0.17721519,0.3,0.822650411
Cc1cnccc1-c1cccc(NCc2ccno2)c1,344,0.781819092,0.192307692,0.21,0.846613123
Cc1cnccc1-c1cccc(NCc2ccoc2)c1,344,0.764666037,0.160493827,0.22,0.862835287
Cc1cnccc1-c1cccc(NCc2ccncc2)c1,344,0.779792613,0.157894737,0.29,0.888032402
Cc1cnc(-c2ccncc2)cc1NCc1ccncc1CO,344,0.758107248,0.135802469,0.42,0.840382684
Cc1cnc(-c2ccncc2)cc1NCc1ccnc(CO)c1,344,0.758107248,0.134146341,0.42,0.84750622
Cc1ccc(-c2ccncc2)cc1CCc1cc(COC#N)c[nH]1,344,0.694116222,0.102272727,0.5,0.790088052
Cc1ccc(-c2ccncc2)cc1NCc1cccc(COC#N)c1,344,0.667868456,0.142857143,0.46,0.852370493
Cc1ccc(-c2ccncc2)cc1NCc1cc2c(cn1)OCCN2,344,0.759409339,0.123595506,0.57,0.822427779
Cc1ccc(-c2ccncc2)cc1NCc1ccc(C(N)CO)cn1,344,0.645092064,0.141176471,0.57,0.803929863
Cc1ccc(-c2ccncc2)cc1NCc1ccc(C(=N)N)cc1,344,0.49258501,0.135802469,0.55,0.888953843
Cc1ccc(-c2ccncc2)cc1NCc1ccc(C(N)CO)cc1,344,0.64363485,0.148148148,0.6,0.830426017
Cc1ccc(-c2ccncc2)cc1NCc1ccc(C(N)O)cc1,344,0.628188884,0.164556962,0.62,0.82254633
Cc1ccc(-c2ccncc2)cc1NCc1ccc(C(C)N)o1,344,0.738098082,0.192307692,0.51,0.807535255
Cc1ccc(-c2ccncc2)cc1NCc1ccc(C(N)=O)o1,344,0.75701818,0.202531646,0.57,0.867094182
Cc1ccc(-c2ccncc2)cc1NCc1ccc(CN)o1,344,0.752211617,0.168831169,0.54,0.864691849
Cc1ccc(-c2ccncc2)cc1NCc1cccc(CO)c1,344,0.743654025,0.153846154,0.59,0.895738596
Cc1ccc(-c2ccncc2)cc1NCc1cccc(C(N)=O)c1,344,0.752469259,0.172839506,0.62,0.896496987
Cc1ccc(-c2ccncc2)cc1NCc1ccc(CO)cc1,344,0.743654025,0.144736842,0.58,0.90199692
Cc1ccc(-c2ccncc2)cc1NCc1ccc(CO)o1,344,0.752065232,0.184210526,0.53,0.869450984
Cc1ccc(-c2ccncc2)cc1NCc1ccc(C(N)=O)cc1,344,0.752469259,0.164556962,0.59,0.901612483
Cc1ccc(-c2ccncc2)cc1C(=O)NCc1cccc(CO)c1,344,0.751785171,0.220779221,0.57,0.895856914
Cc1ccc(-c2ccncc2)cc1C(=O)NCc1cccc(O)c1,344,0.770932227,0.220779221,0.56,0.898661089
Cc1ccc(-c2ccncc2)cc1C(=O)NCc1cccc(F)c1,344,0.78528118,0.217948718,0.49,0.906341357
CC(NC(=O)c1ccc(-c2ccncc2)cc1)c1cccc(OC)c1,344,0.759800977,0.17721519,0.97,0.866983709
Cc1ccc(-c2ccncc2)cc1C(=O)NCc1cccc(Cl)c1,344,0.753712098,0.25,0.5,0.906973018
Cc1ccc(-c2ccncc2)cc1NC(=O)c1cccc(Cl)c1,344,0.739928557,0.194805195,0.37,0.916943599
CC(NCc1ccncc1)c1ccc(-c2cccc(=O)[nH]2)cc1,344,0.760258527,0.15,0.47,0.822539263
CC(NCc1ccncc1)c1ccc(-c2ccc(CO)cc2)cc1,344,0.719288989,0.148648649,0.46,0.854636844
NC(=O)c1ccc(-c2ccncc2)cc1NCc1cccc(F)c1,344,0.754266047,0.146341463,0.84,0.890786173
Cc1cc(C=C2C(=N)N3N=C(c4ccco4)SC3=NC2=O)c(C)n1Cc1ccco1,345,0.644300961,0.833333333,0.02,0.772381299
Cc1ccc(C=C2C(=N)N3N=C(c4ccco4)SC3=N2)cc1C(C)C,345,0.863718629,0.454545455,0.04,0.769579356
Cc1ccc(C=C2C(=N)N3N=CSC3=NC2=O)cc1-c1ccco1,345,0.850970781,0.435897436,0.05,0.773923966
Cc1ccc(C=C2C(=N)N3CCSC3=NC2=O)cc1-c1cccs1,345,0.82949269,0.269662921,0.04,0.786259529
Cc1ccc(C#N)cc1C=C1C(=O)NC(c2ccsc2)=NN1C,345,0.864413197,0.166666667,0.32,0.749327455
Cc1ccc(O)cc1C=C1C(=O)NC(c2ccsc2)=NC1(C)C,345,0.829813,0.150537634,0.26,0.749948065
Cc1ccc(O)c(C=C2SC(=S)N(c3cccnc3)C2=O)c1C,345,0.66426982,0.159574468,0.03,0.828646863
Cc1ccc(O)c(C=C2SC(=Nc3ccc(F)cc3)NC2=O)c1C,345,0.809863999,0.127659574,0.5,0.784317723
Cc1ccc(C=C2C(=O)NC(C)S2)cc1-c1cc(=O)n(C)cn1,345,0.859858031,0.14893617,0.19,0.726571815
Cc1ccc(C=C2CCCN(c3cccnc3)S2)c(=O)n1CCCC,345,0.732380926,0.171717172,0.04,0.755562683
Cc1ccc(C=C2C(=O)NC(c3cccnc3)S2)c(=O)n1C,345,0.861339222,0.164835165,0.06,0.733801999
Cc1ccc(C=C2C(=O)N(c3cccnc3)S2)cc1OC1CCC1,345,0.613599987,0.151515152,0.07,0.800863988
Cc1ccc(C=C2C(=O)N(c3cccnc3)SC2N)c(C)c1,345,0.683843942,0.161290323,0.14,0.722927061
Cc1ccc(C=C2C(=O)N(C)C=N2)cc1Sc1ccncn1,345,0.645926657,0.138297872,0.13,0.761352838
Cc1ccc(CCC2CN(c3cccnc3)SC2=O)c(N)c1,345,0.693553001,0.144329897,0.1,0.728331129
Cc1ccc(CCC2CN(c3cccnc3)SC2=O)c(N)n1,345,0.874686761,0.132653061,0.15,0.713731862
Cc1ccc(C=C2C(=O)Nc3ncccc3S2)cc1OCC#N,345,0.876492121,0.166666667,0.25,0.808763646
Cc1ccc(C=C2C(=O)Nc3ccccc3S2)c(=O)nc1N,345,0.790050432,0.181818182,0.21,0.817448549
Cc1ccc(C=C2C(=O)Nc3ccccc32)c(=O)nc1[O-],345,0.797978936,0.188235294,0.57,0.792519911
Cc1ccc(C=C2C(=O)Nc3ccccc32)c(=O)n1CC#N,345,0.861609417,0.206896552,0.55,0.813586514
Cc1ccc(C=C2C(=O)Nc3ccccc32)c(=O)n1C,345,0.804313773,0.197530864,0.61,0.847717262
Cc1ccc(C=C2C(=O)Nc3ccccc32)c(=O)[nH]1,345,0.763999206,0.170731707,0.75,0.842529035
Cc1ccc(C=C2C(=O)Nc3ccc(Cl)cc32)[nH]c1=O,345,0.791979339,0.149425287,0.78,0.833447757
Cc1ccc(C=C2C(=O)Nc3ccc(Cl)cc32)[nH]1,345,0.756121127,0.139534884,0.793333333,0.821667366
Cc1ccc(C=C2C(=O)Nc3ccc(Cl)cc32)c(=O)[nH]1,345,0.791979339,0.162790698,0.763333333,0.831724405
C=CCn1c(=O)n2ncnc2c2c3c(sc21)CCCC3,346,0.678424632,1,0,0.796464676
C=CCn1c(=O)n2ncnc2n2c3c(cc12)CCCC3,346,0.657009113,0.435483871,0.04,0.733247434
C=CCn1c(=O)n2ncnc2n2c3c(cc12)CCCC3C,346,0.673491591,0.382352941,0.05,0.66828088
C=CCn1c(=O)n2ncnc2c2cc3c(cc21)CCCC3,346,0.675538037,0.526315789,0.02,0.806595966
C=CCn1c(=O)c2ncncc2n2c(C3CCCC3)ccc12,346,0.69792444,0.277777778,0.1,0.761794974
C=CCn1c(=O)c2nccnc2c2cc3c(cc21)CCC3,346,0.534159258,0.3125,0.03,0.816079446
C=CCOCn1c(N)nc2ncc(C3CCCC3)cc21,346,0.671103225,0.184210526,0.13,0.779858045
C=CCn1c(C2CCCC2)nc2cc(C(C)=O)ccc21,346,0.618251103,0.222222222,0,0.859323976
C=CCn1c(C2CC2)nc2cc(C(C)=O)ccc21,346,0.606765802,0.211267606,0,0.860645773
C=CCn1cnc2cc(C3CCCC3)nc(N)c21,346,0.841889922,0.197183099,0.1,0.793123335
C=CCn1cnc2cc(C3CCCC3)c(C)nc21,346,0.768856833,0.214285714,0.01,0.808358247
C=CCn1cnc2cc(C3CCCC3)nnc21,346,0.758477054,0.227272727,0.06,0.79093397
C=CCn1cc2cncc(C3CCCC3)c2n1,346,0.753315055,0.188405797,0.09,0.794508739
C=CCn1c(C2CCCC2)nc2cnc(N)cc21,346,0.841889922,0.231884058,0.11,0.816852921
C=CCn1c(=O)[nH]c2cnc(C3CCCC3)cc21,346,0.842216785,0.264705882,0.09,0.808245229
C=CCn1c(=O)[nH]c2ccc(C3CCCC3)nc21,346,0.842216785,0.268656716,0.04,0.821786649
C=CCn1c(=O)[nH]c2ccc(C3CCCC3)c(N)c21,346,0.655665856,0.228571429,0.09,0.803011941
C=CCn1c(=O)[nH]c2ccc(N)c(C3CCCC3)c21,346,0.655665856,0.228571429,0.12,0.805870345
C=CCn1c(=O)[nH]c2cc(C3CCCC3)c(C#N)nc21,346,0.86866778,0.263888889,0.11,0.779954745
C=CCn1c(=O)c(C2CCCC2)cc2cnc(N)nc21,346,0.867768357,0.294117647,0.14,0.814901034
C=CCn1c(CCN)cc2cnc(C3CCCC3)nc21,346,0.849920553,0.257142857,0.18,0.797487222
C=CCn1c(CCN)cc2c(C3CCCC3)ncnc21,346,0.849920553,0.275362319,0.17,0.791841599
C=CCn1cc(-c2ncnc3c2CCCC3)cc1N,346,0.856458429,0.303030303,0.19,0.770104274
C=CCn1cc(-c2ccnc(N)n2)c2c1CCCC2,346,0.856458429,0.279411765,0.19,0.789273505
C=CCn1cc(C2CCCC2)c2c(N)ncnc21,346,0.841889922,0.272727273,0.49,0.80553872
CCCn1cc(C2CCCC2)c2c(N)ncnc21,346,0.9022692,0.169014085,0.51,0.828956471
C=CCn1cc(C2CCC2)c2c(N)ncnc21,346,0.820901072,0.272727273,0.49,0.800131918
C=CCn1cc(C2CC2)c2c(N)ncnc21,346,0.795665076,0.261538462,0.5,0.796833075
Nc1nc2n(n1)C(c1ccccc1)CC(c1cccs1)N2,347,0.762493881,0.829787234,0.05,0.701885211
NC1=NC(c2ccccc2)C(C=Cc2cccnc2)N1,347,0.892241343,0.205882353,0.05,0.719576215
Nc1nc(NC2C=CC(Cl)=CC2)c(-c2ccccc2)n1N,347,0.761350841,0.178082192,0.05,0.713747547
Nc1nc(N2CCC(N)CC2)n(Cc2ccccc2Cl)n1,347,0.897016538,0.217391304,0.08,0.817601905
Nc1nc(N2CCC(Cl)CC2)n(Cc2ccccc2Cl)n1,347,0.881337192,0.220588235,0.04,0.804852675
Nc1nc(N2CCC(C)CC2)n(Cc2ccccc2Cl)n1,347,0.947019941,0.214285714,0.04,0.831429854
Nc1nc(N2CCC(C)CC2)nn1-c1ccccn1,347,0.882937283,0.188405797,0.09,0.838005253
Nc1nc(N2CCC(O)CC2)nn1-c1ccccn1,347,0.801233164,0.188405797,0.13,0.828907072
Nc1nc(NC2CCC(O)CC2)nn1-c1ccccn1,347,0.770205341,0.183098592,0.27,0.827175551
Nc1nc(NC2CCC(O)CC2)nn1-c1cccnc1,347,0.770205341,0.164383562,0.25,0.819871307
Nc1nc(N2CCC(O)CC2)sc1-c1cccnc1,347,0.873701416,0.166666667,0.26,0.827679939
Nc1nc(N2CCC(F)CC2)sc1-c1cccnc1,347,0.917390638,0.169014085,0.24,0.811766652
Nc1nc(-c2ccccn2)sc1NC1CCC(F)CC1,347,0.908767862,0.183098592,0.11,0.795060697
Nc1nc(Nc2ccccc2F)n(C2CCSCC2)n1,347,0.910440823,0.296875,0.06,0.795863084
Nc1nc(Nc2ccccc2)sc1NC1CCC(F)CC1,347,0.793367614,0.188405797,0.37,0.819515008
Nc1sc(Nc2ccccc2)nc1C1CCc2cccnc21,347,0.768936949,0.178082192,0.12,0.769683033
Nc1nc(Nc2ccc(F)cc2)sc1NC1CCc2cccnc21,347,0.665890805,0.15,0.29,0.767054207
Nc1nc(-c2cccnc2)sc1NC1CCc2cccnc21,347,0.776151828,0.168831169,0.28,0.751886347
Nc1ccc(N2CCC(CCO)CC2)nc1-c1cccnc1,347,0.905778973,0.157894737,0.16,0.841137763
Nc1nc(N2CCC(CO)CC2)ncc1-c1cccnc1,347,0.884208246,0.146666667,0.32,0.845816395
Nc1nc(N2CCC(CO)CC2)sc1-c1cccnc1,347,0.903974614,0.16,0.32,0.827778204
Nc1ncc(N2C(C#N)CCC2c2cccnc2)nc1,347,0.888816208,0.194444444,0.14,0.700073873
Nc1ncc(N2C(C#N)CCC2c2cccnc2)s1,347,0.906640458,0.208333333,0.19,0.678029396
Nc1ncc(N2CCC(c3cccnc3)CC2)c(N)n1,347,0.856770413,0.205882353,0.21,0.836869981
Nc1ncc(N2CCC(c3cccnc3)CC2)nc1NS,347,0.753493833,0.175675676,0.26,0.792462549
Nc1ncc(N2CCC(CCO)CC2)nc1-c1cccs1,347,0.906844269,0.222222222,0.24,0.825547542
Nc1ncc(N2CCC(CO)CC2)nc1-c1cccnc1,347,0.884208246,0.16,0.28,0.839687517
Nc1ncc(N2CCC(CO)CC2)nc1-c1cccs1,347,0.903974614,0.225352113,0.22,0.828590936
Nc1ncc(NC2CCC(CO)CC2)nc1-c1cccs1,347,0.808601924,0.205479452,0.32,0.821402776
Nc1ncc(NC2CCC(CO)CC2)nc1-c1cccnc1,347,0.799520135,0.142857143,0.38,0.83198608
Nc1ncc(NC2CCC(CN)CC2)nc1-c1cccnc1,347,0.797995072,0.144736842,0.43,0.828489205
Nc1ncc(NC2CCC(CN)CC2)nc1-c1ccccc1,347,0.806907761,0.185714286,0.45,0.851388724
CCOC(=O)C1=C(C)N(C)C(C)C(C(=O)OCC)=C1c1ccccn1,348,0.764876755,1,0,0.759670914
CCOC(=O)C1=C(C)N(C)C(C)=C(C(=O)OCC)C1c1ccccn1,348,0.765240232,0.549019608,0.04,0.835290008
CCOC(=O)C1=C(C)N(C)C(C)=C(C(=O)OC)C1c1ccccn1,348,0.789749248,0.509090909,0.07,0.787807072
CCOC(=O)C1=C(C)N(C)C(C(=O)OCC)=C1c1ccccn1,348,0.793271071,0.5,0.01,0.853274091
CCOC(=O)C1=C(C)N(C)CC(C(=O)OC)=C1c1ccccn1,348,0.78895944,0.6,0.01,0.798754921
CCOC(=O)C1=C(C)N(C)OC1C1=C(c2ccccn2)CC1,348,0.800272732,0.5,0.01,0.719664282
CCOC(=O)C1=C(C)OC(C)C(CNc2ccccn2)=C1Cl,348,0.843226509,0.4,0.02,0.734274183
CCOC(=O)C1=C(C)OC(C)C(c2c(OC)cccc2Cl)=N1,348,0.797280118,0.271428571,0.01,0.743299542
CCOC(=O)C1=C(C)OC(C)C(c2c(C)cccc2Cl)=N1,348,0.800825064,0.287878788,0.07,0.738162918
CCCC1=C(C(=O)O)C(C)=C(c2ccccn2)C(C)=C1OC,348,0.905368899,0.35483871,0.04,0.837570567
CCCC1=C(C(=O)O)C(C)=C(C)C(c2ccccn2)=C1N,348,0.840997194,0.322580645,0.07,0.828308963
CCCC1=C(C(N)=O)C(=O)N(C)CC1c1ccccn1,348,0.837917881,0.323076923,0.11,0.735517717
CC(C)C1=C(C(=O)O)C(C)=C(c2ccccn2)CN1C,348,0.918950364,0.338709677,0.03,0.779967761
CC(=O)C1=C(C(C)C)N([O-])CC(c2ccccn2)=C1C,348,0.846935788,0.317460317,0.04,0.743931293
CC(=O)C1=C(C(C)C)N(C)CC(c2ccccn2)=C1N,348,0.915245782,0.3125,0.07,0.77197004
CC(=O)C1=C(C(C)C)N(C)CC(c2ccccn2)=C(N)O1,348,0.922001782,0.279411765,0.04,0.749162675
CCCCN1CC(C(=O)OC)=C(C)C(C)=C1c1ccccn1,348,0.781487792,0.380952381,0,0.796784472
CC(=O)C1=C(C(C)C)N(C)CC(c2ccccn2)=C(C)N1,348,0.927308862,0.303030303,0.06,0.766732715
CC1=C(C(N)=O)C(C(C)C)=C(c2ccccn2)N(C)CN1,348,0.886953015,0.34375,0.12,0.758674146
CCCCN1CC(C(=O)N(C)C)=C(C)C(c2ccccn2)=C1,348,0.838513582,0.328358209,0.01,0.782864674
CC(C)c1c(C(N)=O)cc(=O)n(C)c1-c1ccccn1,348,0.921921863,0.296875,0.08,0.825686564
CC1=C(C(N)=O)C(c2ccccn2)N(C(C)C)CN1C,348,0.906939427,0.35483871,0.03,0.731262861
CC1=C(C(N)=O)C(C(C)C)=C(c2ccccn2)NN1,348,0.763503565,0.327868852,0.12,0.790148276
CC1=C(C(N)=O)C(c2ccccn2)=C(C(C)C)NN1,348,0.763503565,0.35,0.18,0.780871353
CC1=C(C(N)=O)C(c2ccccn2)=C(CN2CCCC2)N1,348,0.902279059,0.303030303,0.15,0.834408828
CC1=C(C(N)=O)C(c2ccccn2)=C(c2ccc[nH]2)N1,348,0.679667203,0.276923077,0.29,0.803053531
CC1=C(C(N)=O)C(c2ccccn2)=C(CN2CC2)N1,348,0.80959622,0.3125,0.14,0.832785789
CC1=C(C(N)=O)C(c2ccccn2)=C(C2CC2)NN1,348,0.755436244,0.360655738,0.22,0.785670259
CC1=C(C(N)=O)C(c2ccccn2)=C(C2CC2)N1,348,0.865426325,0.306451613,0.17,0.828441158
CC1=C(c2ccccn2)C(c2ccc(CN)o2)=NN1,348,0.752073895,0.242424242,0.21,0.81756833
CC1=NC(c2ccc(CN)cc2)=C(c2ccccn2)N1,348,0.763956772,0.25,0.46,0.864883774
CC1=C(c2ccccn2)C(c2ccc(CN)cc2)=NN1,348,0.763956772,0.253968254,0.25,0.864668124
NC1=C(c2ccccn2)C(c2ccc(CN)cc2)=NN1,348,0.676229289,0.21875,0.34,0.851229397
NC1=C(c2ccccn2)C(c2ccc(C(N)=O)cc2)N1,348,0.776461175,0.26984127,0.15,0.796628673
CCCN1CC(c2ccccn2)=C(c2ccc(N)cc2)N1,348,0.845609264,0.272727273,0.2,0.803365701
NC1=C(c2ccc(-c3ccccn3)c(F)c2)C(=O)NN1,348,0.666384396,0.205882353,0.26,0.83231237
NC1=C(c2ccc(-c3ccccn3)cc2)C(C(N)=O)=CN1,348,0.685827991,0.253968254,0.24,0.849041649
NC1=C(c2ccc(-c3ccccn3)cc2)C(C(N)=O)=CCN1,348,0.79654217,0.265625,0.31,0.807414132
N#CC1=C(c2ccccn2)NC(c2ccc(C(N)=O)c(F)c2)=C1,348,0.778424042,0.216216216,0.48,0.828897159
NC1=C(c2ccccn2)C(c2ccc(C(N)=O)c(F)c2)=NN1,348,0.685779316,0.228571429,0.36,0.835152271
NC1=C(c2ccccn2)C(c2ccc(C(N)=O)c(F)c2)=CN1,348,0.692421409,0.228571429,0.47,0.827848549
NC1=C(c2ccccn2)NC(c2ccc(C(N)=O)c(F)c2)=CC1,348,0.807743832,0.219178082,0.3,0.788655502
CCN1CC(c2ccccn2)=C(c2ccc(C(N)=O)c(F)c2)N1,348,0.905983684,0.273972603,0.26,0.795193727
CC1=C(c2ccccn2)NC(c2ccc(C(N)=O)c(F)c2)=C1,348,0.777931925,0.260869565,0.52,0.838017035
CC1=C(c2ccc(C(N)=O)c(F)c2)NC(c2ccccn2)=C1,348,0.777931925,0.260869565,0.47,0.834574604
N#Cc1cc(-c2nc(-c3ccccn3)c(N)[nH]2)ccc1F,348,0.754086313,0.180555556,0.4,0.822861393
Cc1cc(-c2ccc(C(N)=O)cc2)c(-c2ccccn2)[nH]1,348,0.771556744,0.28125,0.42,0.865256008
Cc1nc(-c2ccc(C(N)=O)cc2)c(-c2ccccn2)[nH]1,348,0.771713814,0.28125,0.5,0.870109854
CC1=C(c2ccccn2)NC(c2ccc(C(N)=O)cc2)=CC1,348,0.913246677,0.272727273,0.24,0.81934478
CC1=C(c2ccccn2)NC(c2ccc(C(N)=O)cc2)=NC1,348,0.907146371,0.268656716,0.23,0.813851007
Cc1[nH]c(-c2ccc(C(N)=O)cc2)nc1-c1ccccn1,348,0.771713814,0.301587302,0.62,0.872411649
CC(C)=C1N=C2Sc3ccccc3C(=O)C2C(=O)N1Cc1ccccc1,349,0.749263104,1,0.04,0.737211767
CC(C)=C1N=C2Sc3ccccc3C(=O)N2C(=O)C1Cc1ccccc1,349,0.749263104,0.419354839,0.01,0.746331309
CC(C)=C1N=C2NC(=O)c3ccccc3C(=O)N2C1c1ccccc1,349,0.871536818,0.272727273,0.11,0.76068525
CC(C)=C1N=C2C(=O)Nc3ccccc3C(=O)N2C1c1ccccc1,349,0.868771998,0.264705882,0.12,0.755985575
CC(C)=C1N=C2C(=O)Nc3ccccc3C2N1Cc1ccccc1,349,0.913095446,0.359375,0.14,0.750512216
CC(C)=C1N=C2C=CC=CC2C(=O)N1Cc1ccccc1,349,0.815051616,0.49122807,0.04,0.722245496
CC(C)=C1N=C(Cc2ccccc2)C(=O)N1C(C)C,349,0.817220252,0.344827586,0,0.795917803
CC(C)=C1N=C(N)C(=O)N1Cc1ccccc1C1CC1,349,0.916223483,0.35483871,0.01,0.780508626
CC(C)=C1N=C(N)C(=O)N1Cc1ccccc1-n1cccc1,349,0.944602091,0.338709677,0,0.775694207
CC(C)=C1N=C(N)N(Cc2ccccc2)c2ccccc21,349,0.907454485,0.410714286,0.06,0.840338316
CCC1=NC(=O)C(Cc2ccccc2)N1c1ccccc1,349,0.857737463,0.258064516,0.01,0.809297278
CC1=NC(=O)C(Cc2ccccc2)N1c1ccccc1,349,0.853153775,0.288135593,0,0.824569345
CC1=NC(C)C(OCc2ccccc2)c2ccccc2N1,349,0.914820429,0.173913043,0.1,0.753071889
CC1=NC(OCc2ccccc2)c2ccccc2C(=O)N1,349,0.939024141,0.242424242,0.21,0.785028678
CC(C)=C1N(C2CC2)C(=O)CN1Cc1ccccc1N,349,0.858378505,0.235294118,0.01,0.808495759
CC(C)=C1N(Cc2ccccc2)C(=O)CN1c1ncncc1,349,0.872755962,0.323076923,0.12,0.820413156
CC(C)C1CC(=O)N(Cc2ccccc2)c2ccncc2N1,349,0.942946756,0.271428571,0.08,0.792050788
CC(C)=C1N(C=Cc2ccccc2)C(=O)Cc2ccccc21,349,0.797181391,0.227272727,0.01,0.811296672
CC(C)=C1N(Cc2ccccc2)C(=O)CCN1c1ncncc1N,349,0.939264192,0.323529412,0.1,0.804295098
CC(C)=C1N(Cc2ccccc2)C(=O)CCN1c1nc(N)ncc1Cl,349,0.912435008,0.314285714,0.1,0.806554966
CC(C)=C1N(Cc2ccccc2)C(=O)C1c1cnccc1NN,349,0.517442804,0.390625,0.14,0.749476213
CC(C)=C1C(=O)N(Cc2ccccc2)c2c(N)ncnc2N1,349,0.830558736,0.34375,0.18,0.796569889
CC(C)=C1N(Cc2ccncc2)C(=O)c2c(N)ncnc2N1,349,0.876333106,0.260869565,0.29,0.776610336
CC(C)=C1C(=O)N(Cc2ccncc2)c2c(N)ncnc2N1,349,0.818765369,0.260869565,0.36,0.771591973
CC(C)=C1C(=O)N(Cc2ccncc2)c2c(N)ncnc2NC1=O,349,0.635043676,0.285714286,0.31,0.785594875
CC(C)=C1NC(=O)N(Cc2ccncc2)c2ncnc(N)c2C1=O,349,0.812032506,0.257142857,0.36,0.776127367
CC(C)=C1NC(=O)N(Cc2ccncc2)c2ncnc(N)c21,349,0.882263427,0.264705882,0.37,0.787237383
CC(C)=C1NC(=O)N(Cc2ccncc2)c2c(N)ncnc21,349,0.882263427,0.287878788,0.33,0.780080559
CC(C)=C1NN(Cc2ccncc2)c2ncnc(N)c2C1=O,349,0.809487198,0.225352113,0.34,0.770363437
CC(C)=C1C(=O)N(Cc2ccncc2)c2c(N)ncnc21,349,0.848232204,0.307692308,0.31,0.800991097
CC(C)=C1C(=O)N(Cc2ccncc2)c2ncnc(N)c21,349,0.848232204,0.287878788,0.31,0.805259937
CC(F)=C1C(=O)N(Cc2ccncc2)c2ncnc(NC(C)O)c21,349,0.657167444,0.24,0.15,0.713308975
CC(F)=C1C(=O)N(Cc2ccncc2)c2ncnc(NC(C)C)c21,349,0.874356282,0.243243243,0.14,0.779094761
CC(F)=C1C(=O)N(Cc2ccncc2)c2ncnc(N)c21,349,0.848802071,0.279411765,0.31,0.788080015
CCOc1ccc(CN2CCNC(=O)C2CC(=O)N(C)CC2CC2)cc1,350,0.766583378,0.894736842,0,0.80495497
CCOc1ccc(CN2CCNC(=O)C2CC(=O)N2CCOCC2)cc1,350,0.804978115,0.698412698,0.01,0.814373921
COc1ccc(CN2CCNC(=O)C2CC(=O)N2CCOCC2)cc1,350,0.826488816,0.567164179,0.01,0.818501872
COc1ccc(CN2CCNC(=O)C2CC2=CCOCC2)cc1,350,0.840760067,0.472222222,0.01,0.760516071
COc1ccc(CNC2=NC(=O)N(CC3CCOCC3)CC2)cc1,350,0.899998863,0.3,0.01,0.819461019
COc1ccc(CN2CCNC(=O)C2CC2=CC(O)CCC2)cc1,350,0.809151656,0.445945946,0.02,0.743884352
COc1ccc(CN2CCNC(=O)C2CC2=CC(OC)CCC2)cc1,350,0.805874282,0.426666667,0.03,0.734663259
COc1ccc(CN2CCNC(=O)C2CC2CCC(=NOC)CC2)cc1,350,0.793201963,0.432432432,0.01,0.760049408
CCOc1ccc(CN2CCNC(=O)C2CC2CCC(=O)NCC2)cc1,350,0.81093707,0.582089552,0.01,0.752498958
CCOc1cc(CN2CCNC(=O)C2CC(=O)N2CCOCC2)ccc1F,350,0.790825486,0.527027027,0.02,0.797097718
CCOc1cc(F)ccc1CC1C(=O)NCCN1C(=O)CC1CCOC1,350,0.831126341,0.414634146,0.05,0.740689203
CCOc1ccc(CC2C(=O)NCCN2C(=O)CC2CCOC2)cc1F,350,0.831126341,0.45,0.03,0.748673403
CCOc1ccc(CC2C(=O)NCCN2C(=O)CC2CCOCC2)cc1,350,0.839571104,0.611940299,0.05,0.797469305
CCOc1ccc(CC2C(=O)NCCN2C(=O)CC2CCOC2)cc1,350,0.845012296,0.571428571,0.05,0.764078003
CCOc1ccc2c(=O)nc(CC3CCOCC3)c(=O)[nH]c2c1,350,0.927350977,0.333333333,0.06,0.832755954
CCOc1ccc(CC2C(=O)NCCN2C(=O)C2CCNCC2)cc1,350,0.83373784,0.464788732,0.06,0.798807641
CCOc1ccc(CC2C(=O)NCCN2C(=O)C2CC2)cc1Cl,350,0.894587437,0.407894737,0.05,0.808040806
CCOc1ccc(CC2C(=O)NCCN2C(=O)C2CC2)cc1,350,0.8933787,0.485294118,0.06,0.82355113
CCOc1ccc(CC2C(=O)NCCN2C(=O)C2CC2)cn1,350,0.871538252,0.386666667,0.06,0.789880907
CCOc1ccccc1CC1C(=O)NCCN1C(=O)C1CC1,350,0.8933787,0.355263158,0.09,0.81200448
CCOc1ccccc1CC1C(=O)NCCN1C(=O)C1CCNCC1,350,0.83373784,0.341772152,0.11,0.788864692
CCOc1ccccc1CC1C(=O)NCCN1C(=O)C1CCN(C)CC1,350,0.860775131,0.3375,0.09,0.80089763
CCOc1ccc2c(c1)C1(Nc3ccccc3S1)C(=O)N2C(C)(C)CC,351,0.825287687,0.52173913,0,0.682551198
CCOc1ccc2c(c1)C1(Nc3ccccc3)C(=O)N1C(C)(C)CC2,351,0.860635523,0.324675325,0.03,0.727854959
CCOc1ccc2c(c1)C1(Nc3ccccc3)C(=O)N1C(C)C2,351,0.882342985,0.324675325,0.02,0.718680524
CCOc1ccc2c(c1)C(C)(N)c1ccccc1NC(C)C2,351,0.888741981,0.337837838,0.04,0.738846272
CCOc1ccc2c(c1)C(=O)C(C)(NCc1ccccc1)N2,351,0.889380198,0.302631579,0.06,0.785686197
CCOc1ccc2c(c1)C(=O)c1ccccc1NC(C)=N2,351,0.910104344,0.276315789,0.18,0.84916447
CCOc1ccc2c(c1)C(=O)c1ccccc1NC(C)N2,351,0.88483826,0.314285714,0.07,0.800241137
CCOc1ccc2c(c1)C(=O)c1ccccc1NC(C)(C)N2,351,0.882467108,0.328571429,0.05,0.842190484
CCOc1ccc2c(c1)CNC(=O)c1ccccc1NC(C)(C)C2,351,0.88411364,0.324675325,0.23,0.795086185
CCOc1ccc2c(c1)CNC(=O)c1ccccc1NC(C)(C)N2,351,0.789497089,0.315789474,0.23,0.773428493
CCOc1ccc2c(c1)CNC(=O)c1ccccc1Nc1ccccc1N2,351,0.614042903,0.293333333,0.31,0.803309357
CCOc1ccc2c(c1)NC(=O)c1ccccc1NC(=O)C(C)N2,351,0.792568011,0.302631579,0.39,0.752341525
CCOc1ccc2c(c1)NC(=O)c1ccccc1NCC(C)(C)N2,351,0.782102984,0.32,0.31,0.775658583
CCOc1ccc2c(c1)NC(=O)c1ccccc1NCC(C)N2,351,0.793323246,0.311688312,0.31,0.743669568
CCOc1ccc2c(c1)NC(=O)c1ccccc1NCC2,351,0.888198133,0.306666667,0.41,0.819925525
CCOc1ccc2c(c1)NC(=O)c1ccccc1NC2,351,0.878566568,0.315068493,0.37,0.861745578
CCOc1ccc2c(c1)NC(=O)c1ccccc1N2,351,0.863210148,0.3,0.56,0.882495323
CC(C)CN1C2=NCCC=C2C(=S)N=C1c1ccccc1,352,0.815531616,0.370967742,0.05,0.772836264
CC(C)CN1C2=CCCSC2=NC1c1ccccc1,352,0.823779712,0.296875,0.01,0.720507772
CC(C)CN1C2=CCCSC2=NCC1c1ccccc1,352,0.830408881,0.287878788,0,0.72185343
CC(C)Cn1c2c(cnc1=S)-c1ccccc1CC2,352,0.766634036,0.265625,0.03,0.816641001
CC(C)Cn1c2c(cnc1=S)CNCC2c1ccccc1,352,0.879759293,0.298507463,0.03,0.737803957
CC(C)CN1C(=O)CN=C(c2ccccc2)c2ccc1cc2,352,0.851544519,0.338983051,0.06,0.735844587
CC(C)CN1C(=O)CNC(c2ccccc2)C1c1ccc(Cl)cc1,352,0.902250166,0.25,0.01,0.768311964
CC(C)CN1C(=O)CNC(=O)C1(c1ccccc1)n1ccnc1,352,0.922222143,0.23943662,0.05,0.728352189
CC(C)Cn1c2c(c(=O)nc1-c1ccccc1)C(=O)NCC=C2,352,0.946129826,0.257142857,0.18,0.800293135
CC(C)CN1CC=C(C)C(=O)NCC(c2ccccc2)n2cccc21,352,0.928762137,0.246575342,0.05,0.679075869
CC(C)CN1CC=C(C)C(=O)NCC(=O)NCC1c1ccccc1,352,0.889966012,0.23943662,0.09,0.698642592
CC(C)C12CN=CC=C1C(=O)N(C(=O)NC)C(c1ccccc1)=N2,352,0.903585281,0.213333333,0.06,0.677088768
CC1(C)CN2CCC(=O)N(NC(c3ccccc3)=C2)C(=O)N=C1,352,0.863635638,0.16,0.07,0.534736892
CC1(C)CCN(CC(=O)N2C(=O)CNC2c2ccccc2)C=N1,352,0.909027144,0.151898734,0.04,0.690658935
CC1(C)CNC(=O)C(c2ccncc2)(c2cccs2)NC1=O,352,0.885200061,0.109589041,0.09,0.701345919
CC1(C)CNC(=O)C(c2ccncc2)=NC1c1ccc2c(c1)OCO2,352,0.913717078,0.1125,0.32,0.726530077
CC1CCN(C2CCNC2)C(=O)C(c2ccncc2)=NNC1=O,352,0.812183616,0.155844156,0.28,0.654054829
CC1CCN(C2CCNC2=O)N=C(c2ccncc2)C(=O)N1,352,0.797459862,0.146666667,0.28,0.67105897
CC1C(=O)NCCN1C(=O)Cn1nc(-c2ccncc2)cc1Cl,352,0.906401397,0.15,0.22,0.764933017
CC1CNC(=O)C(c2ccncc2)=NC1c1ccc2c(c1)OCO2,352,0.9184988,0.113924051,0.32,0.711588299
CC1C(=O)NCC(c2ccncc2)=NC1c1ccc2c(c1)OCO2,352,0.9184988,0.113924051,0.24,0.715123464
CC(C)C1CNC(=O)C(c2ccncc2)=NC1c1ccoc1,352,0.946565725,0.144736842,0.34,0.680921974
CC(C)C1CNC(=O)C(c2ccncc2)=NC(c2ccsc2)=N1,352,0.941649006,0.16,0.37,0.703474649
CC(C)CN1CCC(=O)Nc2c(-c3ccncc3)nc(C)cc21,352,0.945137569,0.2,0.21,0.809329111
CC(C)CN1CCC(=O)Nc2c(-c3ccncc3)nc(C)cc2CN1,352,0.899715439,0.207792208,0.33,0.704779075
CC(C)CN1CCc2c(-c3ccncc3)nc(N)nc2C1=CNC,352,0.896908528,0.216216216,0.24,0.768929035
CC(C)CN1CCc2c(-c3ccncc3)nc(N)nc2NCC1=O,352,0.888516465,0.197368421,0.44,0.801919533
CC(C)CN1CCc2c(-c3ccncc3)nc(N)nc2C1=CN,352,0.898872842,0.211267606,0.21,0.771659526
CC(C)CN1CCc2c(-c3ccncc3)nc(N)nc2NCC1,352,0.902697723,0.205479452,0.44,0.819355488
CC(C)CN1CCc2c(-c3ccncc3)nc(N)cc2NC=C1,352,0.911574949,0.197368421,0.4,0.752439404
CC(C)CN1CCc2c(-c3ccncc3)nc(N)cc2NCC=C1,352,0.907973357,0.194805195,0.42,0.703497723
CC(C)CN1CCc2c(-c3ccncc3)nc(N)cc2NCC1=O,352,0.903401542,0.194805195,0.46,0.793201886
CC(C)CN1CCc2c(-c3ccncc3)nc(N)cc2NCC1,352,0.911954796,0.202702703,0.44,0.810265278
CC(C)CN1CCc2c(-c3ccncc3)nc(N)cc2NC1,352,0.911292366,0.205479452,0.41,0.789535744
CC(C)CN1CCc2c(-c3ccncc3)ncc(N)c2NCC1,352,0.911954796,0.202702703,0.4,0.800886024
CC(C)CN1CCc2c(-c3ccncc3)cnc(N)c2NCC1,352,0.911954796,0.202702703,0.46,0.810431245
CC(C)CN1CCc2c(-c3ccncc3)nnc(N)c2NCC1,352,0.902697723,0.205479452,0.51,0.797840569
CC(C)CN1CCc2c(-c3ccncc3)cnc(N)c2NCC1C,352,0.907738681,0.210526316,0.49,0.743707226
CC(C)CN1CCc2c(-c3ccncc3)nnc(NN)c2CC1,352,0.662669864,0.214285714,0.24,0.813461781
CC(C)CN1CCc2c(-c3ccncc3)cnc(N)c2NC1,352,0.911292366,0.205479452,0.47,0.791627319
CC(C)CN1CCc2c(-c3ccncc3)nnc(N)c2NC1,352,0.901989365,0.208333333,0.52,0.778437087
CC(C)CN1CCc2c(-c3ccncc3)cncc2NCC1N,352,0.910619092,0.219178082,0.38,0.730566257
CC(C)CN1CCc2c(-c3ccncc3)cncc2NCCC1N,352,0.908112449,0.22972973,0.39,0.687152417
CC(C)CN1CCc2c(-c3ccncc3)cncc2NCC1CCO,352,0.876319988,0.210526316,0.35,0.746281359
CC(C)CN1CCc2c(-c3ccncc3)cnc(N)c2CC1,352,0.94601022,0.220588235,0.38,0.830813888
CC(C)CN1CCc2[nH]nc(-c3ccncc3)c2C(=O)CC1,352,0.945710319,0.211267606,0.35,0.825259798
CC(C)CN1CCc2c(-c3ccncc3)c[nH]c(=O)c2N1,352,0.907484359,0.208333333,0.58,0.762829085
CC(C)CN1CCc2c(-c3ccncc3)c[nH]c(=O)c2C1,352,0.941016817,0.211267606,0.61,0.81969088
COc1ccc(-c2cc(=[NH+]c3ccccc3)c3cc(C)ccc3o2)cc1,353,0.615799623,1,0.02,0.794366989
COc1ccc(-c2cc(=[NH+]c3ccccc3)c(C)ccn2)cc1,353,0.806258177,0.481481481,0.16,0.793043533
COc1ccc(-c2cc(=[NH+]CCO)c3cccc(C)c3o2)cc1,353,0.765551536,0.409836066,0.06,0.774879264
COc1ccc(-c2cc(=[NH+]CCO)cc(C)c3ccccc23)cc1,353,0.769730963,0.31147541,0.04,0.795679596
COc1ccc(-c2cc(=[NH+]CCO)cc(C)c(CO)c2)c(OC)c1,353,0.704745545,0.197183099,0.03,0.760864451
COc1ccc(-c2cc(=[NH+]OC)cc(Cl)c3ccccc23)c(O)c1,353,0.718722487,0.230769231,0.04,0.781817723
COc1cc(-c2cc(=[NH+]OCO)c3ccccc3c(Cl)n2)ccn1,353,0.541028948,0.219178082,0.2,0.743623408
COc1cc(-c2cc(=[NH+]CCOO)c3ccccc3c(Cl)n2)ccn1,353,0.409641485,0.213333333,0.21,0.737156273
COc1cc(-c2cc(=[NH+]CCCO)c3ccccc3c(Cl)n2)oc1C,353,0.681841304,0.243243243,0.02,0.724067547
COc1cc(-c2cc(=O)c3ccccc3c(CCCOO)n2)ccn1,353,0.422472116,0.168831169,0.18,0.822028495
COc1ccc(-c2cc(=O)c3ccccc3c(CCCOO)n2)cc1,353,0.421943713,0.246376812,0.14,0.854403495
COc1ccc(-c2cc(=O)c3ccccc3c(CCCO)n2)cc1,353,0.78382873,0.253731343,0.13,0.876058191
COc1ccc(-c2cc(=O)c3c(C)ccnc3[nH]2)c(OC)c1,353,0.806842605,0.166666667,0.41,0.852587259
COc1ccc(-c2cc(=O)c3c(C)ccnc3[nH]2)c(OCOC)c1,353,0.729888026,0.155844156,0.42,0.830556184
COc1cccc(-c2cc(=O)c3c(C)ccnc3[nH]2)c1OC,353,0.806842605,0.133333333,0.44,0.846014058
COc1cccc(-c2cc(=O)c3c([nH]2)C(N)CCC(C)O3)c1,353,0.893442411,0.186666667,0.18,0.720025924
COc1cccc(-c2cc(=O)c3c([nH]2)C(N)CCC3OC)c1,353,0.912853543,0.16,0.16,0.713968852
COc1cccc(-c2cc(=O)c3c(N)c(C)ccc3[nH]2)c1,353,0.708704296,0.185714286,0.17,0.859782492
COc1cccc(-c2cc(=O)c3c(N)ccnc3[nH]2)c1OC,353,0.773061926,0.116883117,0.44,0.834356738
COc1cccc(-c2cc(=O)c3c(N)ccnc3[nH]2)c1,353,0.745324828,0.166666667,0.52,0.849102923
COc1cccc(-c2cc(=O)c3ccncc3[nH]2)c1,353,0.762319712,0.205882353,0.49,0.87352861
COc1cccc(-c2cc(=O)c3cccnc3[nH]2)c1,353,0.762319712,0.191176471,0.57,0.878767771
C=C(C)C1Cc2c(C)nn(-c3nc(C)cc(C)n3)c2C1,354,0.786589177,1,0,0.738890584
C=C(C)C1Cc2nn(-c3nc(C)cc(C)n3)cc2C1,354,0.773586827,0.510204082,0,0.731632553
C=C(C)C1Cc2nc(N)n(-c3cc(C)ccn3)c2C1,354,0.837428787,0.355932203,0.07,0.718042132
C=C(C)C1Cc2nc(N)n(-c3cc(C)ccn3)c2CN1CC,354,0.884252465,0.242857143,0.07,0.697992216
C=C(C)C1Cc2nc(C)nc(Nc3cccc(F)c3)c2CN1,354,0.854041987,0.228571429,0.21,0.742474455
C=C(C)C1Cc2c(N)nc(-c3cc(C)ccn3)cc2C(F)C1,354,0.845836262,0.333333333,0.11,0.687097722
C=C(C)C1Cc2c(N)nc(-c3cc(C)ccn3)cc2C1CF,354,0.875821217,0.268656716,0.12,0.679695452
C=C(C)C1Cc2c(N)nn(-c3ncc(F)cn3)c2CCC1CF,354,0.697325172,0.28358209,0.21,0.652948641
C=C(C)C1Cc2c(N)nn(-c3ncc(F)cn3)c2CCC1C,354,0.683713314,0.296875,0.16,0.673787507
C=C(COC)C1Cc2c(N)nc(Nc3ccc(F)cc3)cc2C1,354,0.8299465,0.211267606,0.26,0.752136094
C=C(COC)C1Cc2c(N)nc(Nc3ccccn3)cc2C1C,354,0.829143728,0.186666667,0.25,0.688771759
C=C(C)C1Cc2c(Nc3ccc(F)cc3)ccnc2N1C,354,0.865869615,0.212121212,0.09,0.764964579
C=C(C)C1Cc2c(Nc3ncccn3)cc(C)cc2N1CC,354,0.869484757,0.242424242,0.08,0.739313413
C=C(C)C1COc2c1cc(N)cc2Nc1nccc(C)n1,354,0.667948732,0.214285714,0.31,0.72684098
COC(=O)C1CCCc2c(Nc3ncccn3)cc(C)cc21,354,0.881823813,0.14084507,0.11,0.777225147
Cc1cc2c(c(Nc3cccc(F)c3)c1NC(C)=O)CCS2,354,0.876703359,0.121621622,0.01,0.811667159
Cc1cc2c(c(Nc3cccc(F)c3)c1NC(C)=O)CCN2,354,0.807659501,0.121621622,0.08,0.826146564
CC(=O)N1CCc2c(Nc3nccc(N)n3)cc(C)cc21,354,0.880526783,0.166666667,0.3,0.824327994
CC(=O)C1C=Nc2c(Nc3nc(C)ccn3)cccc2C1,354,0.938129778,0.169014085,0.32,0.720764727
CC(=O)C1C=Cc2c(Nc3nc(C)ccn3)cccc2C1,354,0.936220778,0.185714286,0.31,0.737090624
C=C(C)n1c(Sc2nccc(C)n2)cc2c1CCC(N)C2,354,0.885226464,0.246376812,0.11,0.679871489
C=C(C)n1c(Nc2ncccn2)nc2cc(C)ccc21,354,0.78849257,0.1875,0.13,0.816373369
C=C(C)n1c(Nc2nccc(C)n2)nc2cccnc21,354,0.789054644,0.181818182,0.26,0.798529644
C=C(C)n1c(Nc2nccc(C)n2)nc2cc(F)ccc21,354,0.798861592,0.191176471,0.31,0.810533731
C=C(C)C1CCc2c(Nc3nccc(C)n3)cc(N)cc2C1,354,0.667487008,0.28358209,0.36,0.759981403
C=C(C)n1c([S-])nc2ccc(Nc3nccc(C)n3)cc21,354,0.751722292,0.191176471,0.6,0.760718607
C=C(C)C1CCc2ccc(Nc3nccc(C)n3)cc2CN1C,354,0.874468164,0.228571429,0.57,0.77048071
C=C(C)n1c(C)nc2ccc(Nc3nccc(C)n3)cc21,354,0.794298155,0.196969697,0.6,0.821590836
C=C(C)n1c(C)cc2ccc(Nc3nccc(C)n3)cc21,354,0.777131343,0.2,0.56,0.822467238
C=C(C)N1CCc2cc(Nc3nccc(C)n3)ccc2C1,354,0.93501419,0.205882353,0.6,0.840927034
C=C(C)N1CCc2cc(Nc3nccc(C)n3)ccc2C1=O,354,0.944893789,0.214285714,0.58,0.825966911
C=C(C)N1CCCc2cc(Nc3nccc(C)n3)ccc2C1,354,0.934288434,0.2,0.6,0.841451495
C=C(C)N1CCNc2cc(Nc3nccc(C)n3)ccc21,354,0.90381818,0.220588235,0.61,0.809313444
C=C(C)N1CCc2cc(Nc3nccc(C)n3)ccc21,354,0.923794888,0.227272727,0.6,0.835249212
C=C(C)N1CNc2cc(Nc3nccc(C)n3)ccc2C1,354,0.904204108,0.202898551,0.61,0.802725495
C=C(C)N1CCc2cc(Nc3nccc(F)n3)ccc2C1=N,354,0.854546673,0.178082192,0.65,0.783339864
C=C(N)N1CCc2cc(Nc3nccc(F)n3)cc(C)c21,354,0.847953363,0.180555556,0.6,0.788790576
C=C(C)N1CCc2cc(Nc3nccc(F)n3)cc(C)c21,354,0.874914829,0.2,0.59,0.793346508
C=C(C)N1CNc2cc(Nc3nccc(F)n3)ccc2C1,354,0.848804436,0.166666667,0.67,0.7827237
C=C(C)N1CCc2cc(Nc3nccc(F)n3)ccc21,354,0.869155336,0.188405797,0.64,0.814194691
C=C(C)N1Cc2cc(Nc3nccc(F)n3)ccc2C1,354,0.869488688,0.179104478,0.65,0.814244354
C=C(C)N1CCc2cc(Nc3nccc(F)n3)ccc2C1,354,0.87843398,0.169014085,0.65,0.820925239
CCOc1ccc(NC(=S)NC2CC3CCC(C2)N3Cc2ccco2)cc1,355,0.728434574,1,0,0.694732943
CCOc1ccc(NC2CC3CCC(C2)N3Cc2ccco2)cc1,355,0.859329587,0.732142857,0.03,0.70624076
CCOc1ccc(NC2CCC(CN)N2Cc2ccco2)cc1,355,0.82203595,0.538461538,0.04,0.742838886
CCOc1cccc(NC2CC3CCN2C3)c1Cc1ccco1,355,0.881691795,0.320512821,0.02,0.626610608
CCOc1cccc(NC2CC3CCC(C2)N3CC)c1C,355,0.891130371,0.333333333,0.02,0.692338186
CCOc1cccc(NC2CC3CCC(C2)N3CC)c1,355,0.888935189,0.4,0.01,0.707105351
CCOc1ccccc1NC1CCCN(Cc2ccco2)C1,355,0.881310418,0.369863014,0,0.836909542
CCOc1ccccc1NC1CCCN(c2ccco2)C1,355,0.907872921,0.289473684,0.01,0.808099995
CCOc1ccccc1NC1CCCN(c2nccs2)C1,355,0.915148112,0.219512195,0,0.821268234
CCOc1cccc(NC2CCc3nc(C)sc3C2)c1,355,0.928396171,0.253164557,0.05,0.800810724
CCOC(=S)Nc1cc(-c2ccc3c(c2)CCCN3)no1,355,0.84720243,0.174418605,0.16,0.801936697
CCOC(=S)Nc1cccc(C2Cc3cccnc3N2)c1,355,0.849108755,0.219512195,0.06,0.770086181
CCOc1cccc(NC2Cc3cccnc3SC(N)=N2)c1,355,0.907628361,0.21686747,0.14,0.738036513
CCOc1cccc(Nc2cc(-c3cccs3)[nH]n2)c1,355,0.735287795,0.185185185,0.21,0.868991219
CCOc1cccc(Nc2cc3cccnc3s2)c1CCN,355,0.723420062,0.152941176,0.11,0.811178868
CCOc1ccc(Nc2cc3cccnc3s2)c(CCN)c1,355,0.723420062,0.192771084,0.1,0.821767811
CCOc1ccc(Nc2nc3cccnc3[nH]2)c(CCN)c1,355,0.650541585,0.178571429,0.33,0.836611561
CCOc1ccc(Nc2ccc3c(n2)NCCN3)c(C#N)c1,355,0.804260116,0.178571429,0.26,0.805505792
CCOc1cccc(Nc2cc(-c3cccnc3)[nH]n2)c1,355,0.749040069,0.182926829,0.36,0.872157712
CCOc1cccc(Nc2ccc(-c3ncc[nH]3)nc2)c1,355,0.749040069,0.205128205,0.2,0.860984759
CCOc1ccc(-c2cc3cccnc3[nH]2)c(CCN)c1,355,0.754881703,0.185185185,0.5,0.847004793
CCOc1ccc(Nc2nc3cccnc3[nH]2)cc1,355,0.750591738,0.253521127,0.29,0.87749386
CCOc1ccc(-c2cc3nccnc3[nH]2)cc1,355,0.763909462,0.214285714,0.83,0.869687497
CCOc1ccc(-c2cc3cccnc3[nH]2)cc1,355,0.75623743,0.225352113,0.55,0.89387937
CCOc1ccc(-c2c[nH]c3nccnc23)cc1,355,0.763909462,0.214285714,0.66,0.870674435
CCOc1ccc(-c2c[nH]c3nccnc23)cc1C#N,355,0.78885061,0.13253012,0.64,0.834538416
CCOc1ccc(-c2c[nH]c3ncccc23)cc1C#N,355,0.786246428,0.142857143,0.84,0.862248495
CCOc1ccc(-c2c[nH]c3ncccc23)cc1,355,0.75623743,0.225352113,0.75,0.900998673
COc1ccc(-c2c[nH]c3ncccc23)cc1C=O,355,0.728749388,0.093023256,0.87,0.863648051
CCOc1ccc(-c2c[nH]c3ncccc23)cc1CO,355,0.763987231,0.160493827,0.78,0.86837953
CCOc1cc(-c2c[nH]c3ncccc23)ccc1Br,355,0.777739532,0.148148148,0.86,0.868335603
CCOc1cc(-c2c[nH]c3ncccc23)ccc1F,355,0.774237384,0.148148148,0.86,0.877196023
O=C1CC(c2ccco2)CC(=O)C1C=NCC1CCCCC1,356,0.630783179,0.787234043,0,0.779813243
O=C1CC(c2ccco2)CC(O)C1N=NC1CCNCC1,356,0.829100278,0.474576271,0.06,0.61900994
CC1CC(c2ccco2)CC(=O)C1NC1CCNCC1,356,0.887196455,0.457627119,0.05,0.682106375
OC1CC(c2ccco2)CC(=O)C1NC1CCNCC1,356,0.762315198,0.457627119,0.06,0.674431839
OC1CC(c2ccco2)CC([O-])C1NC1CCCCC1,356,0.879729091,0.257575758,0.03,0.645553906
OC1CC(c2ccco2)CCC1C1CCNCC1NC1CC1,356,0.798442207,0.313432836,0.09,0.654162811
O=C1NC(c2ccco2)CCCC1C1CCNCC1,356,0.859107677,0.372881356,0.02,0.720668887
O=C1NCC(c2ccco2)CCC1C1CCNCC1,356,0.855484127,0.421052632,0.06,0.718066139
O=C1CC(c2ccco2)CCC1C1CCNCC1,356,0.873415401,0.519230769,0.03,0.732123995
O=C1C(c2ccco2)CCCC1C1CCNCC1,356,0.873415401,0.385964912,0.11,0.721092065
NC1CC(c2ccco2)CCC1C(=O)CC1CCNCC1,356,0.893487425,0.433333333,0.05,0.688272487
Cc1cn(-c2ccco2)nc1C(=O)CC1CCNCC1,356,0.868633755,0.308823529,0.03,0.777372633
CC1CC(c2ccco2)CC(=O)C1CC1CCNCC1,356,0.919343339,0.535714286,0.08,0.688024677
CC1CC(c2ccco2)CCC1C(=O)CC1CCNCC1,356,0.917409987,0.433333333,0.05,0.70074487
CC1CC(c2ccco2)CCN1CC(=O)CC1CCNC1,356,0.904364406,0.367647059,0.03,0.699246005
CC1CC(c2ccco2)CCN1CC(=O)C1CCNCC1,356,0.924776853,0.369230769,0.01,0.725503919
O=C1CC(c2ccco2)CCN1CCC1CCNCC1,356,0.918062476,0.50877193,0.07,0.775122198
CC1CC(c2ccco2)CC(CCC2CCNCC2)N1,356,0.885903843,0.448275862,0.05,0.679758
C1=CC(c2ccco2)CC(CCC2CCNCC2)C1N,356,0.829734056,0.406779661,0.08,0.657169473
CC1CC(c2ccco2)CN1CCC1CCNCC1,356,0.904196972,0.440677966,0.03,0.721908172
O=C1CC(c2ccco2)CN1C1CCCNCC1,356,0.866770898,0.448275862,0.1,0.744883357
C1=C(c2ccco2)CC(CCC2CCNCC2)CN1,356,0.873565655,0.372881356,0.06,0.716545053
C1=C(c2ccco2)CC(CCC2CCNCC2)CC1,356,0.874439985,0.379310345,0.06,0.752518602
C1=C(c2ccco2)CC(CCC2CCNCC2)C1,356,0.871212305,0.385964912,0.13,0.747921307
C1=C(c2ccco2)CC(CCC2CCNCC2)O1,356,0.886951874,0.372881356,0.07,0.71249709
C1=C(c2ccco2)CN(CCC2CCNCC2)C1,356,0.883832954,0.338709677,0.06,0.800005693
CCN(c1ccccc1)c1nc2nonc2nc1N,357,0.762348545,0.608695652,0.04,0.79947882
CCN(C)c1ccccc1-c1nc(N)no1,357,0.849930274,0.254237288,0.06,0.83310487
CCN(CC)c1ccccc1-c1nonc1NCCO,357,0.805270621,0.462962963,0.03,0.820953666
CCN(CC)c1ccccc1Nc1nonc1NCCO,357,0.685950858,0.462962963,0,0.813592931
CCN(CC)c1ccccc1-c1nonc1N,357,0.874453359,0.263157895,0.27,0.830297944
CCN(CCF)c1ccccc1-c1nonc1N,357,0.879812216,0.238095238,0.27,0.79695726
CCN(CC)c1ccc(-c2nonc2N)o1,357,0.848338811,0.224137931,0.28,0.783233417
CCN(C)Cc1ccccc1-c1nonc1N,357,0.869662768,0.271186441,0.32,0.838433841
CC1(C)CC2(CC(c3ccccc3)Oc3cc(O)ccc32)NC(=O)N1,358,0.744002676,1,0.02,0.66992055
CC1(C)CC(C2CC(c3ccccc3)Oc3ccccc32)NC(=O)N1,358,0.865640124,0.451612903,0.04,0.716351317
CC1(C)CC(C(c2ccccc2)Oc2ccccc2)C(=O)NC1N,358,0.907147264,0.211267606,0.06,0.714149443
CC1(C)CC(COc2ccccc2)c2ccc(O)cc2OC(=O)N1,358,0.898964931,0.402985075,0.05,0.763923741
CC1(C)CC(COc2ccccc2)c2ccc(O)cc2OC1=O,358,0.689839782,0.358208955,0.03,0.777111242
CC1(C)CC(COc2ccccc2)c2ccc(O)cc2OC1,358,0.914502106,0.328358209,0.02,0.791594377
CC1(COc2ccccc2)CNC(=O)c2ccc(O)cc21,358,0.90947527,0.313432836,0.17,0.775183188
CC1(COc2ccccc2)CNC(=O)c2cc(O)ccc21,358,0.90947527,0.333333333,0.16,0.772662932
CC1(Cc2ccccc2)CNC(=O)c2cc(O)ccc21,358,0.878466728,0.349206349,0.2,0.77629561
CC1(Cc2ccccc2)CNC(=O)c2ccc(O)cc2O1,358,0.890057572,0.353846154,0.11,0.785919855
CC1(Cc2ccccc2)CNC(=O)c2ccc(O)cc21,358,0.878466728,0.328125,0.2,0.778948511
CC1(Cc2ccccc2)CNC(=O)c2cc(O)ccc2N1,358,0.74182882,0.338461538,0.15,0.77389165
CC1(Cc2ccccc2)CNC(=O)c2ccc(O)cc2CN1,358,0.796174835,0.308823529,0.17,0.75971428
CC1(Cc2ccccc2)CNC(=O)c2cc(O)ccc2C1,358,0.888900208,0.338461538,0.17,0.785673701
CC1(Cc2ccccc2)CNC(=O)c2cc(O)ccc2C1=O,358,0.894554978,0.303030303,0.21,0.781407458
CC1(Cc2ccccc2)CNC(=O)c2ccc(O)cc2C1=O,358,0.894554978,0.303030303,0.2,0.778576689
CC1(Cc2ccccc2)CNC(=O)c2ccc(O)cc2C1,358,0.888900208,0.318181818,0.17,0.785279855
CC1(Cc2ccccc2)CNC(=O)c2cc(O)ccc2C1O,358,0.79706328,0.308823529,0.14,0.739994907
COc1ccc(C2N(c3cc(Cl)ccc3OC)C(=O)C3CCCN32)c(OC)c1,359,0.759324634,1,0,0.759890277
COc1ccc(C2Nc3cc(Cl)ccc3N3CCCC(=O)N23)c(OC)c1,359,0.885808103,0.442857143,0.07,0.756405322
COc1ccc(-c2cc(Cl)ccc2N2C(=O)C3CCCN32)c(OC)c1,359,0.834370992,0.515625,0.02,0.77964278
COc1ccc(-c2cc(Cl)nn2C2CCCc3cccnc32)c(OC)c1,359,0.676961487,0.307692308,0.03,0.764678741
COc1ccc(-c2cc(C)nn2C2CCCc3cccnc32)cc1OC,359,0.708327522,0.222222222,0.08,0.789432792
COc1ccc(-c2cc(C)nn2C2CCCc3ccccc32)cc1OC,359,0.679278944,0.246753247,0.03,0.815458228
COc1ccc(-c2cc(C)nn2C2CCCc3cccnc32)cc1,359,0.726586612,0.227848101,0.05,0.797111789
COc1ccc(-n2c(=O)cc3n2CCCc2ccccc2-3)cc1,359,0.728378273,0.232876712,0.02,0.843559033
COc1ccc(N2C(=O)C3CCCN3c3ccccc32)cc1OC,359,0.868159512,0.358208955,0,0.832831948
COc1ccc(N2C(=O)C3CCCN3c3ccccc32)cc1,359,0.851328913,0.353846154,0,0.844373052
COc1ccc(N2C(=O)NCCc3ccccc32)c(OC)c1,359,0.946965823,0.289855072,0.04,0.874626831
COc1ccc(N2C(=O)NCc3ccccc32)c(OC)c1,359,0.94204291,0.298507463,0,0.871425239
COc1ccc(NC2C(=O)NCc3ccccc32)c(OC)c1,359,0.910212761,0.3,0.07,0.812421728
COc1ccc(C2C(=O)NCCc3ccccc3N2)c(OC)c1,359,0.914183621,0.314285714,0.09,0.81396043
COc1ccc(C2NC(=O)N3Cc4ccccc4N32)cc1,359,0.920107561,0.222222222,0.01,0.772964113
COc1ccc(C2NC(=O)N(C3CCCNC3)C2=O)c(OC)c1,359,0.811014705,0.402985075,0.02,0.751857439
COc1ccc(C2Cc3ncncc3C(=O)N2C)c(OC)c1,359,0.865333465,0.357142857,0.18,0.782732272
COc1ccc(C2CNC(=O)c3ccncc3N2)c(OC)c1,359,0.906627264,0.305555556,0.39,0.775094988
COc1ccc(C2CNC(=O)c3ccccc3N2)c(OC)c1,359,0.91420334,0.323529412,0.28,0.8080271
COc1ccc(-c2cc(=O)n(CC3CCCNC3)c(=O)[nH]2)cc1,359,0.889101288,0.246753247,0.13,0.796284672
COc1ccc(-c2cc(=O)n(CC3CCCNC3)[nH]2)c(OC)c1,359,0.883106589,0.306666667,0.12,0.761829894
COc1ccc(-c2cc(=O)n(CC3CCCCN3)cc2OC)cc1,359,0.916735736,0.263157895,0.1,0.795275204
COc1ccc(-c2cc(=O)nc(C3CCCCN3)[nH]2)c(OC)c1,359,0.904941935,0.28,0.11,0.788656933
COc1ccc(-c2ccc(=O)n(CC3CCCCN3)c2)c(OC)c1,359,0.916735736,0.293333333,0.13,0.799936296
COc1ccc(-c2ccc(-c3ccncc3)[nH]c2=O)cc1,359,0.800536435,0.169014085,0.45,0.890668854
COc1ccc(-c2ccc(-c3ccncc3)[nH]c2=O)c(OCCCl)c1,359,0.683391061,0.233766234,0.47,0.84761717
COc1ccc(-c2ccnc3c2C(=O)N(CC2CC2)N3)cc1,359,0.804848251,0.205128205,0.29,0.830759432
COc1ccc(-c2ccnc3ccn(CC4CC4)c(=O)c23)cc1,359,0.740972533,0.220779221,0.07,0.866506536
COc1cc(-c2ccc3c(c2)NCCN3CC2CC2)ccn1,359,0.93782587,0.175,0.25,0.832788724
COc1ccc(-c2ccnc3ccccc23)cc1C1CCN1,359,0.792928767,0.192307692,0.33,0.826680744
COc1cc(-c2ccncc2)ccc1C1=CC2CCC1N2,359,0.935303927,0.171052632,0.5,0.655776978
COc1ccc(-c2ccncc2)cc1C1=CC2CCC1N2,359,0.935303927,0.186666667,0.51,0.656718418
COc1cc(-c2ccncc2)ccc1C1=CC2CC2N1,359,0.924675097,0.171052632,0.5,0.721921456
COc1cc(-c2ccncc2)ccc1C1=CCNC1=O,359,0.926812087,0.175675676,0.63,0.830769981
COc1ccc(-c2ccncc2)cc1C1=CCNC1=O,359,0.926812087,0.191780822,0.63,0.831052209
COc1ccc(-c2ccncc2)cc1C1=CC=NC1=O,359,0.856105004,0.197183099,0.54,0.835143721
COc1ccc(-c2ccncc2)cc1-c1ccccc1CNC,359,0.768858056,0.157894737,0.57,0.894449044
COc1ccc(-c2ccncc2)cc1-c1ccc2c(c1)CCN2,359,0.778753418,0.157894737,0.54,0.872291885
COc1ccc(-c2ccncc2)cc1-c1ccccc1C1NC1,359,0.738874346,0.202702703,0.5,0.831016186
CSc1nc(N2CCOCC2)c2c(c1C#N)CC(C(C)C)OC2,360,0.792645626,1,0.01,0.735628639
CSc1nc(N2CCOCC2)c2c(c1C#N)CC(C)OC2,360,0.778719191,0.75,0.01,0.734881137
CSc1nc(N2CCOCC2)c(C#N)cc1C(C)C,360,0.794923962,0.5,0.01,0.812293191
CSc1cc(N2CCOCC2)c(C#N)cc1C1CCCCC1,360,0.784431831,0.328358209,0.01,0.825600022
CSc1nc(N2CCCOCC2)c(C#N)cc1C(C)C,360,0.801190165,0.467741935,0.01,0.807099405
CNc1nc(N2CCOCC2)c(C#N)cc1C(F)F,360,0.904871693,0.338461538,0.04,0.79775531
CNc1nc(N2CCOCC2)c(C#N)cc1C(F)(F)F,360,0.898712038,0.318181818,0.03,0.813266947
CNc1nc(N2CCOCC2)c(N)cc1-c1cccc(C#N)c1,360,0.902395721,0.266666667,0.14,0.827311898
CNc1nc(N2CCOCC2)c(C#N)cc1-c1ccnc(N)c1,360,0.885141646,0.28,0.22,0.811355254
CNc1nc(N2CCOCC2)c(C#N)cc1-c1cc[nH]c1,360,0.898296024,0.287671233,0.29,0.787928122
CNc1nc(N2CCOCC2)c(C#N)cc1-c1cn[nH]c1,360,0.880545136,0.305555556,0.31,0.793753343
CNCc1nc(N2CCOCC2)c(C#N)cc1-c1cn[nH]c1,360,0.871393175,0.297297297,0.28,0.787144974
CNCc1nc(-c2cnc(Br)nc2)c(N2CCOCC2)[nH]1,360,0.804228781,0.202702703,0.28,0.762551073
CNc1nc(-c2cn[nH]c2)cc(N2CCOCC2)c1C#N,360,0.880545136,0.305555556,0.23,0.793477681
CNc1nc(-c2cn[nH]c2)c(C#N)cc1N1CCOCC1,360,0.880545136,0.291666667,0.24,0.77921362
CC1CC(C)(C)CC2(C1)NC(=O)N(CC(=O)N(Cc1ccccc1)c1cccs1)C2,361,0.741370489,0.513888889,0.02,0.639506524
CC1CC(C)(C)CC2(C1)NC(=O)N(CC(=O)Nc1ccccc1)c1cccn12,361,0.839773647,0.405405405,0.01,0.654961417
CC1CC(C)(C)CC2(C1)NCC(=O)N(Cc1ccccc1)c1cccn12,361,0.88345417,0.375,0.02,0.64472305
CC1CC(C)(C)CC([NH2+]CC2CCC(=O)N2Cc2ccccc2)C1,361,0.885813903,0.289473684,0.04,0.651157814
CC1CC(C)(C)CC1NCC(=O)N(Cc1ccccc1)C1CC1,361,0.87003362,0.338028169,0.01,0.754370035
CCC(C)(C)C1CC(=O)N(Cc2ccccc2)C(C)CCN1,361,0.921554169,0.220779221,0.04,0.74300037
CCC(C)(C)N1CCC(=O)N(Cc2ccccc2)C(=O)C1,361,0.799032723,0.205479452,0.01,0.851374611
CC1CC(C)(C)Nc2ccc(OCC(=O)c3ccccc3)cc21,361,0.835735328,0.246753247,0.01,0.810103432
CC1CC(C)(C)Nc2ccc(N(Cc3ccccc3)C(=O)O)cc21,361,0.828593355,0.397058824,0.01,0.786067413
CC1CC(C)(C)Nc2ccc(C(=O)N(Cc3ccccc3)CCO)cc21,361,0.854469724,0.311688312,0.04,0.794179417
CC1CC(C)(C)N(C(=O)N(Cc2ccccc2)Cc2cccnc2)C1,361,0.832682532,0.328767123,0.02,0.786311686
CC1(C)CC(N)(c2ccc(N(Cc3ccccc3)C(=O)O)cn2)C1,361,0.897193959,0.347826087,0.11,0.815020986
CC1(C)CC(N)(C(=O)N(Cc2ccccc2)Cc2ccccc2)CN1,361,0.881820496,0.318181818,0.07,0.781847547
CC1(C)CC(C(=O)N(Cc2ccccc2)Cc2ccccc2N)CCN1,361,0.809732909,0.289473684,0.09,0.793728815
CC1(C)CC(N)(C(=O)N(Cc2ccccc2)Cc2ccccc2)CCN1,361,0.870282061,0.304347826,0.07,0.779281413
CC1CCC(N)(C(=O)N(Cc2ccccc2)Cc2ccccc2N)C1,361,0.822221682,0.297297297,0.06,0.77350718
CC1CCC(N)C(C)(C(=O)N(Cc2ccccc2)Cc2ccccc2)N1,361,0.870288675,0.31884058,0.03,0.731403618
CC1CCC(C)(C)N(CC(=O)N(Cc2ccccc2)Cc2cnccc2N)C1,361,0.829894592,0.304878049,0.13,0.766322817
CC1CCC(C)(C)N(CC(=O)N(Cc2ccccc2)Cc2cccnc2)N1,361,0.851445503,0.324675325,0.04,0.759291923
CC1(C)CCC(N)C(C(=O)N(Cc2ccccc2)Cc2ccccc2)N1,361,0.870288675,0.3,0.03,0.760440346
CC1(C)CCC(NC(=O)N(Cc2ccccc2)Cc2ccccc2N)C1,361,0.775951107,0.289473684,0.05,0.813189729
CC1(C)CCC(N)C(C(=O)N(Cc2ccccc2)Cc2ccccc2)C1,361,0.870235685,0.343283582,0.02,0.786654692
CC1CCC(C(=O)N(Cc2ccccc2)Cc2ccccc2)C(N)=N1,361,0.910530592,0.271428571,0.04,0.760348516
CC1CCC(C(N)=O)(C(=O)N(Cc2ccccc2)Cc2ccccc2)C1,361,0.810483162,0.323529412,0.03,0.778750118
CC1CCC(C(N)=O)(C(=O)N(Cc2ccccc2)Cc2ccccc2)N1,361,0.783707271,0.3,0.02,0.746577145
CC1CC2(CCN(CC(=O)N(Cc3ccccc3)Cc3ccccc3)C2)N1,361,0.856853253,0.357142857,0.02,0.719312768
CC1CC2(CCN(CC(=O)N(Cc3ccccc3)Cc3cccnc3)C2)N1,361,0.855325418,0.316455696,0.06,0.700605273
CC1CCC(C)N(CC(=O)N(Cc2ccccc2)Cc2cnccc2N)C1,361,0.851875922,0.283950617,0.13,0.764894067
CC1(C)CCN(CC(=O)N(Cc2ccccc2)Cc2cncnc2N)C1,361,0.862474755,0.291139241,0.17,0.833977504
CC1CCC(C)(C(=O)N(Cc2ccccc2)Cc2cncnc2N)N1,361,0.871549897,0.268292683,0.2,0.714593637
CC1CCC(C)(C(=O)N(Cc2ccccc2)Cc2cncnc2)N1,361,0.918082996,0.297297297,0.11,0.726614341
CC1CCN(C(=O)N(Cc2ccccc2)Cc2cncnc2)N1,361,0.940101493,0.283783784,0.12,0.752973247
CC(C)(C(N)=O)N(Cc1ccccc1)Cc1cnc(N)nc1,361,0.838072083,0.225352113,0.04,0.82641398
CC1CCN(C(=O)N(Cc2ccccc2)CC2CCNCC2)CCN1,361,0.880997602,0.276315789,0.03,0.784690008
CC1CCN(C(=O)N(Cc2ccccc2)Cc2cncnc2)CC1,361,0.866558673,0.295774648,0.06,0.863921239
CC1CCN(c2cncc(C(N)=O)c2Cc2ccccc2)CCN1,361,0.901747022,0.219512195,0.2,0.779861603
CC1CCN(C(=O)N(Cc2ccccc2)Cc2cnc(N)nc2)CC1,361,0.929141268,0.287671233,0.06,0.858228922
CC1CCN(c2cncc(C(Cc3ccccc3)C(N)=O)c2)CCN1,361,0.875548938,0.211764706,0.2,0.754982704
CC1CN(CC(=O)N(Cc2ccccc2)Cc2cnc(N)nc2)CCN1CC,361,0.783900724,0.278481013,0.13,0.794371534
CC1CN(CC(=O)N(Cc2ccccc2)Cc2cnc(N)nc2)CCN1,361,0.800790889,0.302631579,0.14,0.792108485
CC1CN(CC(=O)N(Cc2ccccc2)c2cnc(N)nc2)CCN1CC,361,0.834719504,0.36,0.14,0.783910705
CC1CN(CC(=O)N(Cc2ccccc2)c2cnc(N)nc2)CCN1,361,0.840335192,0.388888889,0.16,0.780256573
CC1CN(C(=O)N(Cc2ccccc2)c2cnc(N)nc2N)CC1,361,0.899248985,0.294871795,0.15,0.782481434
CC1CN(CC(=O)N(Cc2ccccc2)c2cnc(N)nc2)CC1CO,361,0.807070013,0.369863014,0.15,0.740319141
CC1CN(CC(=O)N(Cc2ccccc2)c2cnc(N)nc2N)CC1,361,0.855500712,0.342105263,0.17,0.788134871
CC1(C)CCN(C(=O)N(Cc2ccccc2)c2cnc(N)nc2)CC1,361,0.930696279,0.338028169,0.09,0.827094415
CCC(C)N(C(=O)COc1ccccc1C#N)C1CCS(O)(O)CC1,362,0.80376121,0.683333333,0.01,0.754027151
CCC(C)N(C(=O)COc1ccccc1C#N)C1CCS(O)(O)C1,362,0.82036102,0.661290323,0.02,0.721985781
CCC(C)N(C(=O)COc1ccccc1C#N)C1CCC(C(C)O)C1,362,0.824638306,0.609375,0.01,0.706111296
CCC(C)N(C(=O)COc1ccccc1C#N)C1CCCC(C(C)O)C1,362,0.809410214,0.6,0.01,0.705402193
CCC(C)N(C(=O)COc1ccccc1C#N)C1CCCC(OC)C1C,362,0.744250973,0.606060606,0.02,0.693363518
CCC(C)N(C(=O)COc1ccccc1C#N)C1CCCC(OC)C1,362,0.759064219,0.6,0.02,0.733496946
CCC(C)N(C(=O)COc1ccccc1C#N)C1CCCC(O)C1,362,0.870210121,0.619047619,0.01,0.734844429
CCC(C)N(C(=O)COc1ccccc1C#N)C1CCC(O)C1,362,0.874758983,0.629032258,0.01,0.735729701
CC(C)N(C(=O)COc1ccccc1C#N)C1CCC(O)CC1,362,0.905433862,0.548387097,0.04,0.844630276
CCC(C)N(C(=O)COc1ccccc1N)C1CCC(O)C1,362,0.789971943,0.441176471,0.02,0.742247122
CCC(C)N(C(=O)COc1ccccc1N)C1CCC(N)C1,362,0.789084491,0.441176471,0.04,0.738711939
CC(C)(C)N(C(=O)COc1ccccc1N)C1CCCNCC1,362,0.836469735,0.272727273,0.05,0.784629988
CN(C)C1CCN(C(=O)COc2ccccc2C#N)CC1N,362,0.871738675,0.388888889,0.05,0.761620042
CN(C)C(=O)COc1ccccc1C#N,362,0.738365318,0.509090909,0,0.89908031
CN(C(=O)COc1ccccc1C#N)C1CCCN(CCN)C1,362,0.83992197,0.405405405,0.06,0.80196426
CN(C(=O)COc1ccccc1C#N)C1CCC(N)C(N)C1,362,0.847101516,0.447761194,0.05,0.725120766
CN(C(=O)COc1ccccc1C#N)C1CCCC(N)C1,362,0.913136963,0.447761194,0.07,0.770426419
CN(C(=O)COc1ccccc1C#N)C1CCC(N)C1,362,0.895736026,0.454545455,0.07,0.771607124
CN(C(=O)COc1ccccc1C#N)C1CCC(N)(CO)C1,362,0.831177203,0.422535211,0.06,0.735869979
CN(CCOc1ccccc1C#N)C1CCC(N)C1,362,0.874734473,0.328571429,0.13,0.770172204
CN(CCOc1ccccc1C#N)C1CCNC(CN)C1,362,0.814979746,0.302631579,0.17,0.737569661
CN(CCOc1ccccc1C#N)C1CCC(N)CC1,362,0.892498738,0.338235294,0.13,0.855383625
Cc1ccc(C(C(=O)NCc2ccco2)N(C(=O)c2csnn2)C2CC2)cc1,363,0.662930259,0.554054054,0,0.77803788
Cc1ccc(C(C(=O)NC2CC2)N(C(=O)c2csnn2)C(C)C)cc1,363,0.861424306,0.381578947,0,0.779561822
Cc1ccc(C(C(=O)NC2CC2)N(C(=O)c2csnn2)C(C)C)o1,363,0.865263565,0.528571429,0,0.742167886
Cc1ccc(C(C(=O)NC2CC2)N(C)C(=O)c2cnns2)o1,363,0.902351382,0.358974359,0.03,0.752730425
Cc1ccc(C(C(=O)NC(C)C)N(C)C(=O)C2CCCN2)s1,363,0.86895068,0.197674419,0.01,0.732566272
COC(C)(C)C(=O)N(C(=O)c1cccs1)C1CCNCC1,363,0.922524147,0.16091954,0.04,0.781846229
C(C)(C)C1C(=O)NCCN1C(=O)CCc1cscn1,363,0.89734557,0.144444444,0.01,0.75445026
C(C)(C)C(C(=O)NCCc1ccncc1)N1CCCCS1,363,0.820346061,0.183908046,0.05,0.740284214
C(C)(C)C(C(=O)NCCc1cccnc1)N1CCNCC1,363,0.80841156,0.168539326,0.07,0.802111906
C(C)(C)C(C(=O)NCc1cccnc1)N1CCNCC1,363,0.82796289,0.214285714,0.08,0.805625164
NC(C)(C)C(C(=O)NCc1ccncc1)C1CCCN1,363,0.743068902,0.271604938,0.17,0.725703827
Nc1ncc(CCC(=O)NCCc2ccncc2)cn1,363,0.808056595,0.13253012,0.19,0.873371042
Nc1ncc(CCc2ccncc2)c(NCC2CCCN2)n1,363,0.746904756,0.117021277,0.36,0.767999246
Nc1ncc(CCC2CCCN2)cc1NCc1ccncc1,363,0.76287032,0.129032258,0.34,0.778974158
Nc1ncc(CCN2CCNC2=O)cc1Cn1ccnc1,363,0.836203949,0.082474227,0.27,0.806348047
Nc1ncc(CCN(Cc2ccncc2)CCN)cn1,363,0.76009419,0.095238095,0.26,0.839259106
Nc1ccc(C(NCc2ccncc2)C(N)=O)cn1,363,0.717248351,0.156626506,0.18,0.801742939
Nc1ncc(CNC2CCCN(Cc3ccncc3)C2)cn1,363,0.863437875,0.122222222,0.24,0.806247294
Nc1ncc(C2CC2NCc2ccncc2)c(N)n1,363,0.743087518,0.127906977,0.35,0.740186319
Nc1ncc(C(=O)N2CCC2)c(NCc2ccncc2)n1,363,0.865901489,0.147727273,0.26,0.859890367
Nc1ncc(-c2ccncc2)c(NCc2ccno2)n1,363,0.74208219,0.113636364,0.34,0.814497347
c1ncc(-c2cccnc2)c(NCc2ccncc2)n1,363,0.78332579,0.119047619,0.36,0.863732518
c1ncc(-c2ccncc2)c(NCc2cc(F)ncn2)n1,363,0.738237351,0.114942529,0.36,0.814003618
c1ncc(-c2ccncc2)c(NCc2cc(F)ccn2)n1,363,0.796223289,0.127906977,0.41,0.838052253
c1ncc(-c2ccncc2)c(NCc2cc(F)ncn2)c1N,363,0.717805636,0.111111111,0.33,0.798203388
Nc1ncc(-c2ccncc2)c(NCC2CC2)c1C1CCN1,363,0.790196762,0.133333333,0.47,0.751409762
Nc1ncc(-c2ccncc2)c(NCc2ccncc2)c1F,363,0.773652789,0.146341463,0.47,0.835374061
Nc1ncc(-c2ccncc2)c(NCC2CC2)c1C1CCNCC1,363,0.788399981,0.119565217,0.49,0.80651069
Nc1ncc(-c2ccncc2)c(NCC2CCNCC2)c1F,363,0.807499078,0.146067416,0.57,0.809763003
Nc1ncc(-c2ccncc2)c(NCC2CC2)c1NCCF,363,0.73284578,0.134831461,0.44,0.79742561
CN1C(=CC(=O)CN2C(=O)NC3(CCCCC3)C2=O)C(C)(C)c2ccccc21,364,0.645135328,1,0,0.760557269
CN1C(=CC(=O)CN2CCCCCC2=O)C(C)(C)c2cc(C#N)ccc21,364,0.784935189,0.430555556,0.01,0.806501638
CN1C(=CC(=O)CN2CCCCCC2)C(=O)Nc2cc(C(C)(C)C)ccc21,364,0.825637251,0.310810811,0.19,0.801427714
CN1C(CC(=O)CN2CCCCCC2)C(=O)Nc2ccc(C(C)C)cc21,364,0.877430983,0.225,0.02,0.769272989
CN1C(CC(=O)CN2CCCCCC2)C(=O)Nc2ccc(Br)cc21,364,0.853226522,0.230769231,0.02,0.771178266
CN1C(CC(=O)CN2CCCCCC2)C(=O)Nc2ccccc2C1(C)C,364,0.899958896,0.301369863,0.02,0.760207025
CN(C)C1(C(=O)CN2CCCCCC2)C(=O)Nc2ccccc21,364,0.861594973,0.289855072,0.02,0.764191006
CN(C)C1(C(=O)CN2CCCCCC2=O)Nc2ccccc2C1=O,364,0.848427229,0.266666667,0.01,0.73708739
CN(C)C1(C(=O)CN2CCC=CC2)C(=O)Nc2ccccc2C1=O,364,0.658650112,0.202531646,0.06,0.711528722
CCCN(CC(=O)N1CCCCCC1)CC(=O)Nc1ccccc1C(C)C,364,0.752651291,0.170731707,0.01,0.875510858
CCCN(CC(=O)N1CCc2ccccc2C1)c1ccc(F)cc1C(N)=O,364,0.851386597,0.134831461,0.04,0.850856
CC1(CC(=O)CN2CCCCCC2C(=O)O)Nc2ccccc2C1=O,364,0.852522182,0.269230769,0.02,0.722929938
Cc1ccc2c(c1)C(C(=O)O)CN2CC(=O)Nc1ccccc1CCN,364,0.739270413,0.188235294,0.06,0.802362768
Cc1ccccc1NC(=O)CC1(C(=O)O)CC(=O)Nc2ccccc21,364,0.798517168,0.223684211,0,0.791910352
Cc1ccccc1NC(=O)CC1(C)CC(=O)Nc2ccccc2N1C,364,0.900084672,0.266666667,0,0.786751231
Cc1ccccc1NC(=O)CC1(C)CC(=O)Nc2ccccc21,364,0.909500356,0.246575342,0,0.809880473
Cc1ccc2c(c1)N(C)c1ccccc1NCC(=O)NCCC2=O,364,0.782473849,0.243243243,0.14,0.782379398
Cc1ccc2c(c1)N(C)c1ccccc1C(=O)CC(=O)NCC2,364,0.76117884,0.246575342,0.06,0.802439526
Cc1ccccc1NC(=O)CN1CC(=O)Nc2ccccc21,364,0.913728497,0.25,0,0.893386782
Cc1ccc2c(c1)NC(=O)CC(=O)Nc1ccccc1N2C,364,0.734344166,0.276923077,0.07,0.809343686
Cc1ccc2c(c1)NC(=O)CC(=O)Nc1ccccc1-2,364,0.720176867,0.196969697,0.21,0.822301817
Cc1ccc2c(c1)N(C)c1ccccc1NCCC(=O)N2,364,0.776313908,0.257142857,0.1,0.805889342
Cc1ccc2c(c1)N(C)CC(=O)Nc1ccccc1-2,364,0.781237538,0.231884058,0.11,0.871817639
Cc1ccc2c(c1)N(C)c1ccccc1C(=O)NCC2,364,0.794564606,0.279411765,0.18,0.827478066
Cc1ccc2c(c1)NC(=O)c1ccccc1N2C,364,0.763145878,0.261538462,0.27,0.886210956
Cc1ccc2c(c1)NC(=O)c1ccccc1N2CCN,364,0.879119257,0.257142857,0.2,0.868355285
Cc1ccc2c(c1)NC(=O)c1ccccc1N2,364,0.720441177,0.181818182,0.85,0.886569229
Cc1ccc2c(c1)NC(=O)c1ccccc1NCC2,364,0.755549811,0.197183099,0.51,0.823282597
Cc1ccc2c(c1)NC(=O)c1ccccc1NC=N2,364,0.645024984,0.148648649,0.02,0.839792806
Cc1ccc2c(c1)NC(=O)c1ccccc1NCN2,364,0.676088358,0.188405797,0.55,0.790233086
CN1CCNc2cc(NC(=O)c3ccccc3)[nH]c2NC1,364,0.680802951,0.179487179,0.04,0.78060328
CN1CNc2cc(C(=O)O)c(Nc3ccccc3)nc2N1,364,0.686819101,0.164556962,0.18,0.785706777
CC1=CNc2ccccc2C(=O)Nc2ccccc2N1,364,0.681360813,0.149253731,0.54,0.786135923
Cc1ccc2c(c1)NC(=C1C=Cc3ccccc31)NC2=O,364,0.771094136,0.162162162,0.39,0.826741489
Cc1ccc2c(c1)NC(=C1C=Cc3ccccc31)N2,364,0.72659751,0.14084507,0.13,0.832265014
Cc1ccc2c(c1)NC(=O)c1ccccc1NCO2,364,0.75946028,0.178082192,0.37,0.801359799
COCN1C=Nc2cccc3cccc1c23,365,0.76417205,1,0.01,0.790353279
COCC1C=Nc2cccc3cccc1c23,365,0.746561234,0.465116279,0.04,0.755475342
COCC1CC(=O)c2cccc3cccc1c23,365,0.785867564,0.326530612,0.01,0.80482835
COCN1CC(=C)c2cccc3cccc1c23,365,0.777351833,0.413043478,0.02,0.808962007
COCN1CC(=O)c2cccc3cccc1c23,365,0.788840761,0.444444444,0,0.840862164
COCN1CC(=O)c2ccncc2-c2ccccc21,365,0.824717162,0.296296296,0.11,0.828124974
COCN1CC(=O)c2ccncc2-c2ccccc2C1,365,0.838194245,0.245614035,0.1,0.826072899
COCN1CC(=O)c2ccncc2-c2ccccc2C1C,365,0.849099786,0.254237288,0.14,0.765697291
COCN1C(=O)Cn2cccc2-c2ccccc2C1C,365,0.84051152,0.2,0,0.750133936
COCN1C(=O)Cn2ccnc2-c2ccccc2C1C,365,0.839632488,0.209677419,0.07,0.746504516
COCN1CC(=O)c2ccnc(-c3ccccc3)c21,365,0.842895174,0.228070175,0.09,0.827796862
COCN1CC(=O)c2cnnc(-c3ccccc3)c21,365,0.835944168,0.245614035,0.06,0.801061757
COCN1CC(c2ccncc2)NCc2ccccc21,365,0.927759308,0.267857143,0.17,0.775633019
COCN1C=COCc2ccnc(-c3ccccc3)c21,365,0.856100774,0.25862069,0.11,0.777438677
COCN1C=C(c2ccncc2)NCc2ccccc21,365,0.927235407,0.346153846,0.3,0.797190176
COCN1C=C(c2ccncc2)NCc2cccc(CN)c21,365,0.903903333,0.288135593,0.35,0.761790647
COCN1C=CCc2ccnc(-c3ccncc3)c2C1N,365,0.933400409,0.209677419,0.25,0.706234731
COCN1C=C(c2ccncc2)c2[nH]cc(-c3ccccn3)c21,365,0.625245167,0.229508197,0.57,0.801243922
COCC1=C(c2ccncc2)Nc2cncc(-c3ccccn3)c21,365,0.621222519,0.1875,0.42,0.815976878
COCC1=C(c2ccncc2-c2cccc(N)c2)NCc2cccn21,365,0.720194392,0.185714286,0.34,0.772744992
COCC1=C(c2ccnc3ccncc23)NC(c2ccccn2)C1,365,0.800710318,0.157142857,0.31,0.729629251
COCC1=C(c2ccncc2-c2cccc(N)c2)NCC2CC12,365,0.85272074,0.173913043,0.44,0.70373303
COCC1C=C(c2ccncc2-c2cccc(C#N)c2)NCC1N,365,0.901612451,0.154929577,0.32,0.684107318
COCc1c(COCc2ccncc2-c2cccc(N)c2)cc[nH]1,365,0.652502684,0.164179104,0.45,0.808734646
COCc1cc(COCc2ccncc2-c2cccc(N)c2)c[nH]1,365,0.652502684,0.15942029,0.51,0.804822997
COCC1CNC(c2ccncc2-c2cccc(C#N)c2)=CN1,365,0.905311906,0.15942029,0.35,0.718738345
COCc1c(COCc2ccncc2)cc(-c2ccccn2)[nH]1,365,0.726976742,0.15625,0.24,0.817626501
COCc1c(COCc2ccncc2)cc(-c2cccc(N)c2)[nH]1,365,0.652502684,0.169230769,0.39,0.81910036
COCC1CC(COCc2ccncc2)=C(c2ccnc(C#N)c2)N1,365,0.835452015,0.154929577,0.44,0.716362927
CN1CC(COCc2ccccc2-c2ccnc(-c3ccncc3)c2)N1,365,0.743006379,0.161764706,0.42,0.769905694
CN1CC(COCc2cc(-c3ccncc3)ccc2-c2ccncc2)N1,365,0.743006379,0.158730159,0.53,0.766313791
CN1CC(COc2cc(-c3ccncc3)ccc2-c2ccncc2)N1,365,0.77824944,0.166666667,0.53,0.777534266
CN1CC(COc2cc(-c3ccncc3)ccc2-c2ccncc2)NC1,365,0.769445724,0.140625,0.53,0.767709969
CN1CC(COc2nc(-c3ccncc3)cc3[nH]cc(N)c23)CC1,365,0.771068111,0.169014085,0.55,0.75436058
CN1CC(COCc2ccnc3[nH]cc(-c4ccncc4)c23)CC1,365,0.784110571,0.157142857,0.67,0.76665872
CN1CC(COCc2ccnc3[nH]cc(-c4ccncc4)c23)=CC1,365,0.734331236,0.15942029,0.69,0.775435382
CN1CC(COc2ncnc3[nH]cc(-c4ccncc4)c23)=CC1,365,0.74899744,0.144927536,0.75,0.772983514
CN1CCC(COCc2ccnc3[nH]cc(-c4ccncc4)c23)C1,365,0.784110571,0.157142857,0.67,0.76665872
CN1CCC(COC(=O)c2ccnc3[nH]cc(-c4ccncc4)c23)C1,365,0.741897884,0.150684932,0.57,0.774294223
CN1CCC(CCOCc2n[nH]c3cc(-c4ccncc4)cc(N)c23)CC1,365,0.516489096,0.135135135,0.67,0.800393621
CN1CCC(CC(=O)OCc2ncnc3[nH]cc(-c4ccncc4)c23)CC1,365,0.700123133,0.131578947,0.71,0.802575315
CN1CCC(CC(=O)OCc2n[nH]c3cc(-c4ccncc4)ccc23)CC1,365,0.702752674,0.12,0.65,0.825252628
O=C(CSc1ccc2nc(-c3ccccc3)cn2n1)NCC1CCCO1,366,0.677800686,1,0.01,0.795566512
O=C(CSc1ccc2ncc(-c3ccccc3)n2n1)NCC1CC1,366,0.702034142,0.485714286,0.03,0.853647393
O=C(CSc1ccc(-c2ccccc2)nn1)N1CCCCC1,366,0.812970028,0.338028169,0,0.890344453
O=C(CSc1ccc(-c2ccccc2)cn1)NCC1CCCO1,366,0.827853411,0.625,0.03,0.834402655
O=C(CNCc1ccc(-c2ccccc2)n1CC1CCCO1)NCCF,366,0.723343794,0.35,0.02,0.773337475
O=C(CNc1ccc(-c2ccccc2)n1CC1CCC(F)C1)NCCO,366,0.678983819,0.229885057,0.01,0.729607471
O=C(COc1ccc(-c2ccccc2F)nc1)N(CC1CC1)CCS,366,0.733581186,0.150537634,0.15,0.839999291
O=C(Cn1ccc(-c2ccccc2F)n1)N(CC1CC1)C1CCNC1,366,0.876263809,0.173913043,0.07,0.777909137
O=C(Cn1ccc(-c2ccccc2F)n1)NCC1(CO)CC1,366,0.851168904,0.2,0.01,0.83868577
O=C(Cn1ccc(-c2ccccc2F)n1)NCC1CCN(CO)C1,366,0.830359542,0.24137931,0.02,0.791005862
O=C(Cn1ccc(-c2ccccc2F)n1)NCC1CCNCC1,366,0.884265243,0.253012048,0.06,0.852224934
O=C(Cc1ccc(-c2ccccc2F)cn1)NCC1CCNCC1,366,0.88726353,0.256097561,0.2,0.864344536
O=C(Cc1ccc(-c2ccccc2F)cn1)NCC1CCNC1,366,0.889223641,0.25,0.19,0.815294257
O=C(Cc1ccc(-c2ccccc2)cn1)NCC1CCNCC1,366,0.891591918,0.285714286,0.16,0.877064962
O=C(Cc1ccc(-c2ccncc2)cc1)NCC1CCNCC1,366,0.891591918,0.217948718,0.36,0.882048899
O=C(Cc1ccc(-c2ccncc2)cc1)CNCC1CC1,366,0.847694051,0.181818182,0.38,0.878586634
O=C(Cc1cc(-c2ccncc2)ccc1F)NCC1CC1,366,0.916877869,0.2125,0.37,0.885821649
O=C(Cc1ccc(-c2ccncc2)cc1)NCC1CC1CF,366,0.89047539,0.202531646,0.34,0.778227041
O=C(Cc1ccc(-c2ccncc2)cc1)NCC(F)CF,366,0.888513206,0.15,0.47,0.809833188
O=C(Cc1ccc(-c2ccncc2)cc1)NCCCCF,366,0.794412258,0.151898734,0.44,0.892899119
O=C(Cc1ccc(-c2ccncc2)cc1)NCCF,366,0.89427934,0.157894737,0.45,0.895171407
O=C(Cc1ccc(-c2ccncc2)cc1)NCCCF,366,0.821556904,0.153846154,0.43,0.893256453
O=C(c1ccc(-c2ccncc2)cc1)NCCF,366,0.897167726,0.146666667,0.57,0.905302921
O=C(c1ccc(-c2ccncc2)cc1F)NCCF,366,0.919780033,0.135802469,0.6,0.882237582
O=C(c1ccc(-c2ccncc2)cc1F)NCCO,366,0.877535336,0.135802469,0.64,0.90047006
O=C(c1ccc(-c2ccncc2)cc1F)NCCCO,366,0.819711401,0.13253012,0.64,0.898326135
O=C(c1cc(-c2ccncc2)ccc1NCCF)NCO,366,0.709050812,0.129411765,0.61,0.843602931
O=C(c1cc(-c2ccncc2)ccc1F)NCCO,366,0.877535336,0.135802469,0.59,0.898505388
O=CN(c1ccc(-c2ccncc2)cc1F)NCCF,366,0.650800448,0.093023256,0.51,0.784946648
O=C(c1ccc(-c2ccncc2)cc1-c1ccncc1)NCF,366,0.750933652,0.139240506,0.56,0.851707368
O=C(c1ccc(-c2ccncc2)cc1-c1cccnc1)NCCF,366,0.782199342,0.152941176,0.48,0.866103437
O=C(c1ccc(-c2ccncc2)cc1-c1cccnc1)NCF,366,0.750933652,0.156626506,0.43,0.852091065
O=C(c1ccc(-c2ccncc2)cc1-c1cccnc1)NF,366,0.752715027,0.134146341,0.43,0.848812282
O=C(CN1C(=O)NC2(CCCCC2)C1)Nc1nc2c(F)cc(F)cc2s1,367,0.858505266,0.704918033,0.1,0.743034428
O=C1CC2(CCCCC2)N1CC(=O)Nc1nc2c(F)cc(F)cc2s1,367,0.84773421,0.661290323,0.08,0.75183953
O=C(CN1CCNC12CCCCC2)Nc1nc2cc(C(F)(F)F)ccc2s1,367,0.825438489,0.384615385,0.02,0.742284531
O=C(CN1CCCCC12SCCS2)Nc1nc2cc(C(F)(F)F)ccc2o1,367,0.798720526,0.258823529,0,0.701539476
O=C(CC(F)(F)F)Nc1ccc2c(c1)NCCN2Cc1nc2c(s1)CCCC2,367,0.787188645,0.206521739,0.04,0.796677303
O=C(CC(F)(F)F)NC1(CCN2CCOCC2)C=Nc2cc3c(cc21)OCO3,367,0.821364707,0.152173913,0.05,0.692239803
O=C(CC(F)(F)F)NC1(C2CCCCC2)C=Nc2nc3c(cc21)OCO3,367,0.886686517,0.181818182,0.07,0.656789314
O=C(CC1NCCS1)Nc1cc(C(F)(F)F)c2nc3c(cc2c1)OCO3,367,0.846539523,0.202247191,0.06,0.695849813
O=C(CC1NCCC12OCCO2)Nc1nc2c(F)cc(F)cc2s1,367,0.881244811,0.5,0.13,0.666023097
O=C(CC1(O)CCCC1)Nc1cc(C(F)(F)F)c2ncccc2c1,367,0.892473068,0.240506329,0.02,0.827108538
O=C(CC1(O)CCCNC1)Nc1nc2c(F)cc(F)cc2cn1,367,0.793947502,0.328947368,0.24,0.740636213
O=C(CC1(O)CCCNC1)Nc1nc2c(F)cc(F)cc2s1,367,0.806221134,0.545454545,0.09,0.755008947
O=C(CC1(O)CCCCC1)Nc1nc2nccc(F)c2cn1,367,0.907168274,0.28,0.18,0.80058141
O=C(CC1(N2CCNCC2)CCCCC1)Nc1nc(F)cc(F)n1,367,0.817212434,0.319444444,0.12,0.767130655
O=C(CC1(O)CCCNC1)Nc1nc2c(F)c(F)ccc2s1,367,0.806221134,0.378378378,0.06,0.751812917
O=C(CC1(F)CCCNC1)Nc1nc2c(F)c(F)ccc2s1,367,0.910109491,0.378378378,0.07,0.734144182
NCCc1cccc(C(=O)Nc2nc3c(F)c(F)ccc3s2)c1,367,0.769415151,0.285714286,0.09,0.868591833
NCc1ccccc1CC(=O)Nc1nc2c(F)c(F)ccc2s1,367,0.77021332,0.333333333,0.05,0.858617159
NCCC1(Nc2nccc(F)n2)CCc2c(F)cccc2S1,367,0.84747528,0.180722892,0.24,0.678751886
NCc1ccncc1-c1nc2c(F)c(F)cc(F)c2[nH]1,367,0.707634073,0.135802469,0.39,0.795511493
O=C(CCC1CCNCC1)Nc1nc2c(F)c(F)ccc2s1,367,0.906786474,0.337837838,0.07,0.839664926
NCCC1(Nc2nccc(-c3c(F)cc(F)cc3)n2)CCCSC1,367,0.864691207,0.211764706,0.56,0.732650901
NCCC1(Nc2nccc(-c3c(F)cc(F)cc3F)n2)CCCSC1,367,0.844485345,0.24691358,0.5,0.715829129
NCCC1(Nc2nccc(-c3cc(F)ccc3F)n2)CCCSC1,367,0.864691207,0.197674419,0.55,0.730481001
NCCC1(Nc2nccc(-c3ccc(F)cc3)n2)CCCSC1,367,0.879336969,0.19047619,0.62,0.747426289
NCCC1(Nc2nccc(-c3ccc(F)cc3)n2)CCCS1,367,0.885669343,0.197530864,0.58,0.730601898
NCCC1(Nc2nccc(-c3ccc(Br)cc3)n2)CCCS1,367,0.825363095,0.154761905,0.51,0.724774734
NCCC1CCC(Nc2nccc(-c3ccc(Br)cc3)n2)C1,367,0.849547614,0.103448276,0.62,0.77835781
NCCC1CCc2cc(Nc3ncc(Br)c(Cl)n3)ccc2S1,367,0.746426155,0.107526882,0.57,0.725941386
NCCCCCc1ccc(Nc2nccc(-c3cccs3)n2)cc1,367,0.588266771,0.102272727,0.74,0.874964093
NCCC1CCC(Nc2nccc(-c3ccc(Cl)cc3)n2)S1,367,0.870801199,0.11627907,0.61,0.709447954
NCCCNc1cccc(Nc2ncc(-c3cccs3)cn2)c1,367,0.577381585,0.104651163,0.44,0.855348673
NCC(Nc1nccc(-c2ccc(Cl)cc2)c1)c1nccs1,367,0.742616961,0.093023256,0.31,0.795276177
NCC(Nc1nccc(-c2ccc(F)cc2)c1)c1nccs1,367,0.756838674,0.13253012,0.31,0.794655504
NCCCNc1nccc(-c2cc(-c3ccc(F)cc3)ccn2)n1,367,0.681695895,0.148148148,0.65,0.864176624
NCCCNc1nccc(-c2cc(F)cc(-c3cccs3)c2)n1,367,0.676139586,0.164705882,0.66,0.845347322
NCCNc1nccc(-c2cc(F)cc(Cl)c2)c1C1CC1,367,0.883395073,0.154761905,0.2,0.826770758
NCCNc1nccc(-c2cc(F)cc(C3CCC3)c2)n1,367,0.886756229,0.182926829,0.64,0.846261393
NCCNc1nccc(-c2cc(F)cc(C3CC3)c2)n1,367,0.877589471,0.172839506,0.64,0.847521007
NCCNc1nccc(-c2cc(F)cc(Cl)c2)n1,367,0.891346423,0.166666667,0.63,0.855994063
NCCNc1nccc(-c2cc(F)cc(CCCCl)c2)n1,367,0.772071573,0.156626506,0.65,0.839292931
NCCNc1nccc(C(F)CCc2cc(Cl)ccn2)n1,367,0.821649091,0.11627907,0.28,0.740574983
NCCNc1nccc(-c2cc(F)cc(C(=O)CCl)c2)n1,367,0.630547251,0.197530864,0.62,0.832915999
NCCNc1nccc(-c2cc(F)cc(F)c2)n1,367,0.86797547,0.178082192,0.64,0.858929809
CCc1nc(SCC(=O)O)c2c3c(sc2n1)COC(C)(C)C3,368,0.681174017,1,0,0.795604901
CCc1nc(NCC(=O)O)c2c3c(sc2n1)COC(C)(C)C3,368,0.900264506,0.655172414,0.03,0.796379176
CCc1nc(C(=O)O)c2c3c(sc2n1)COC(C)(C)C3,368,0.921102262,0.685185185,0.02,0.784986947
CCc1cc(CCC(=O)O)c2c3c(sc2n1)COC(C)(C)C3,368,0.932655307,0.53968254,0,0.796638192
CCc1nc(CCC(=O)O)c2c3c(sc2n1)CCC(C)(C)C3,368,0.93141534,0.446153846,0.02,0.79069847
CCc1nc(CCC(=O)O)c2c3c(sc2n1)CCC(C)(C)CC3,368,0.853347874,0.409090909,0.04,0.795440132
CCc1nc(CCC(=O)O)c2c3c(sc2n1)CCC(CC(C)C)C3,368,0.840669619,0.337837838,0.05,0.744926656
CNc1nc(CCC(=O)O)c2c3c(sc2n1)CCC(CC(C)C)C3,368,0.828695998,0.2375,0.06,0.736989572
CNc1nc(CCC(=O)O)c2c3c(sc2n1)CC(C)(C)CC3,368,0.904424497,0.305555556,0.06,0.782779176
CCc1nc(CCC(=O)O)c2c3c(sc2n1)CC(C)(C)CC3,368,0.93141534,0.424242424,0.03,0.791496956
CCc1nc(NCC(=O)O)c2c3c(sc2n1)CC(C)(C)CC3,368,0.904424497,0.417910448,0.09,0.800685859
CCc1nc(NCC2CCC2)c2c3c(sc2n1)CN(CCCO)CC3,368,0.793868313,0.256097561,0.09,0.815278068
CCc1nc(NCC(=O)O)c2c3c(sc2n1)CN(C1CC1)CC3,368,0.874411091,0.337837838,0.09,0.808839407
CCc1nc(NCC(=O)O)c2c3c(sc2n1)CN(C1CCC1)CC3,368,0.866517906,0.328947368,0.1,0.809041478
CCc1nc(NCC(=O)O)c2c3c(sc2n1)CN(C1CCCC1)CC3,368,0.853200044,0.328947368,0.1,0.810502213
CCc1nc(NCC(N)=O)c2c3c(sc2n1)CN(C1CCCC1)CC3,368,0.856565328,0.291139241,0.13,0.805814393
CCc1nc(NCC(N)=O)c2c3c(sc2n1)CN(C1CCC1)CC3,368,0.866445271,0.291139241,0.13,0.804077904
CCc1nc(NCC(N)=O)c2c3c(sc2n1)CN(C1CCC1)C3,368,0.875494307,0.302631579,0.13,0.792268046
CCc1nc(NCC(N)=O)c2c3c(sc2n1)CN(C1CCCC1)C3,368,0.869219765,0.302631579,0.13,0.795126418
CCc1nc(NCC(N)=O)c2c3c(sc2n1)CN(C1CC1)C3,368,0.875400866,0.310810811,0.14,0.790897929
CCc1nc(NCC(N)=O)c2c3c(sc2n1)CN(C)CC3,368,0.884666732,0.315068493,0.13,0.811902701
CC1=NN(C(C#N)c2ccc([N+](=O)[O-])cc2)C(C)(C)C1,369,0.625125567,1,0.02,0.731038644
CC1=NC(C(C#N)c2ccc(F)cc2)C(C)(C)CC1,369,0.786877016,0.278688525,0.02,0.679908912
CC1=NN(C(C#N)c2ccc(F)cc2)C(C)(C)CC1,369,0.813016272,0.529411765,0,0.724760822
CC1=NN(C(C#N)c2ccc(F)cc2)C(C)(C)C1,369,0.801918012,0.688888889,0,0.736695607
CC1=NN(C(C#N)c2ccc(C)cc2)C(C)(C)C1,369,0.795492232,0.720930233,0,0.739721353
CC1(N)CCN(C(C#N)c2ccc(C)c(C)c2)CC1,369,0.885905178,0.310344828,0.08,0.764563188
CC1CN(C(CN)c2ccc(C#N)c(C)c2)CCC1N,369,0.874419386,0.197183099,0.1,0.715134641
CC1CN(C(CN)c2ccc(C#N)c(C)c2)CCC1=O,369,0.909366578,0.194444444,0.09,0.73352102
CC1CN(C(C#N)c2ccc(N)c(C)c2)CCC1=O,369,0.823148872,0.276923077,0.07,0.723286427
CC1CN(C(C#N)c2ccc(N)nc2)CC(C)(C)N1,369,0.836761018,0.272727273,0.17,0.667044415
CC1CCN(C(C#N)c2ccc(N)nc2)CC(C)N1,369,0.836761018,0.23880597,0.24,0.687891799
CC1CCN(C(C#N)c2ccc(N)nc2)CC(C)(Cl)N1,369,0.642772414,0.260869565,0.23,0.637993103
CC1CCN(C(C#N)c2ccc(N)nc2)CC(C)(Cl)CN1,369,0.81611808,0.25,0.23,0.640562464
CC1CCN(C(C#N)c2ccc(N)nc2)CC(C)(C)N1,369,0.857084777,0.264705882,0.22,0.680626475
CC1CCN(C(C#N)c2ccc(N)nc2)CCCN1,369,0.836800625,0.235294118,0.24,0.725449412
CC1CCN(C(C#N)c2ccc(N)nc2)CCN1,369,0.809536191,0.242424242,0.24,0.721239662
CC1CCN(C(C#N)c2ccc(N)nc2)CCC(C)N1,369,0.857084777,0.25,0.23,0.697201989
Cc1ccc2c3c1C(=O)C(=O)N3C(C)(C)CC2C,370,0.656978359,1,0,0.762595594
Cc1ccc2c3c1C(=O)C(=O)N3C(C)(C)CC2,370,0.639758919,0.571428571,0.02,0.806049087
Cc1ccc2c(c1N)C(=O)C(=O)N2C(C)(C)C,370,0.548618582,0.306122449,0.08,0.811220613
Cc1ccc2c(c1N)C(=O)N(C(C)(C)C)CO2,370,0.699815857,0.259259259,0.07,0.795884226
Cc1ccc2c(c1N)C(=O)C(C)(C)N2CCCO,370,0.799593088,0.245614035,0.07,0.786301171
Cc1ccc2c(c1N)C(=O)NC(C)(C)C2O,370,0.573656433,0.31372549,0.2,0.731818815
Cc1ccc2c(c1N)C(=O)C(C)(C)OC2C,370,0.68230036,0.346938776,0.05,0.733791342
Cc1ccc2c(c1N)C(=O)C(C)(C1CC1)CO2,370,0.755636391,0.272727273,0.06,0.747063535
Cc1ccc2c(c1N)C(=O)CCC2NC1CCOC1,370,0.797987108,0.245901639,0.07,0.718576762
Cc1ccc2c(c1N)C(=O)CCC2NC1CCOC1C,370,0.812617305,0.262295082,0.12,0.67493111
Cc1ccc2c(c1N)C(=O)CCC2NC1CCOCC1,370,0.812626561,0.254237288,0.09,0.757398174
Cc1ccc2c(c1N)C(=O)CCC2NC1CCOCC1C,370,0.82110204,0.253968254,0.08,0.684216809
Cc1ccc2c(c1N)C(=O)CCC2N(C)C1CC1,370,0.813556854,0.272727273,0.1,0.749132028
Cc1ccc2c(c1N)C(=O)CCN2C1CCOC1C,370,0.786041153,0.245901639,0.11,0.70727802
Cc1ccc2c(c1N)C(=O)CCC2N(C)C1CCOC1,370,0.840880489,0.241935484,0.1,0.702321684
Cc1ccc2c(c1N)C(=O)C(C)(C)CN2C1CC1,370,0.772620546,0.296296296,0.05,0.800323927
Cc1ccc2c(c1N)C(=O)C(C)(C)CC2NC1CC1,370,0.801792603,0.333333333,0.07,0.740270892
Cc1ccc2c(c1N)C(=O)C(C)(C)CN2C1CCC1,370,0.787019977,0.285714286,0.05,0.80327611
Cc1ccc2c(c1N)C(=O)C(C)(C)CC2NC1CCC1,370,0.811533493,0.321428571,0.06,0.74378081
Cc1ccc2c(c1N)N(C1CC1)C(=O)C(C)(C)C=C2C,370,0.793642396,0.285714286,0.04,0.775002422
Cc1ccc2c(c1N)C(=O)C(C)(C)C=C2NC1CC1C,370,0.811722099,0.298245614,0.05,0.674952417
Cc1ccc2c(c1N)C(=O)C(C)(C)C=C2NC1CC1,370,0.799924752,0.285714286,0.1,0.766073697
Cc1ccc2c(c1N)C(=O)N(C1CC1)CC(C)(C)C=C2,370,0.796301057,0.298245614,0.08,0.771947248
Cc1ccc2c(c1N)C(=O)N(C1CC1)CC2(C)C,370,0.771357321,0.320754717,0.07,0.803564312
C#CCn1c(=NC(=O)c2cc(Cl)sc2Cl)sc2cc(S(N)(=O)=O)ccc21,371,0.626815809,1,0.04,0.787481712
C#CCn1c(=NC(=O)c2cc(Cl)sc2Cl)sc2cc(C(N)=O)ccc21,371,0.670837095,0.733333333,0.05,0.794216381
C#CCn1c(=NC(=O)C2CC2)sc2cc(C(N)=O)cc(Cl)c2c1=O,371,0.834258672,0.350649351,0.01,0.780037249
C#CCn1c(=NC(=O)C2CC2)sc2cc(C(N)=O)c(Cl)cc2c1=O,371,0.834258672,0.368421053,0.04,0.78704577
C#CCn1c(=NC(=O)C2CC2)sc2cc(C(N)=O)ccc2c1=O,371,0.837871772,0.342105263,0.01,0.804761271
C#CCn1c(=NCCCO)sc2cc(C(=O)NCC3CC3)ccc21,371,0.594174128,0.367088608,0.01,0.805072248
C#CCn1c(=NCCCO)sc2cc(C(=O)NCC)ccc21,371,0.624069297,0.368421053,0.02,0.80623639
C#CCn1c(=NC(C)=O)sc2cc(C3CC3)ccc21,371,0.772507289,0.462686567,0,0.807247328
C#CCn1c(=NC(=O)C2CC2)sc2ccc(Cl)cc21,371,0.783287242,0.426470588,0,0.812093772
C#CCn1c(=NC(=O)C2CC2)sc2ccc(Cl)cc2c1=O,371,0.796995943,0.369863014,0,0.807484956
C#CCn1c(=NC(=O)C2CC2)sc2cc(Cl)ccc2c1=O,371,0.796995943,0.369863014,0,0.808404054
C#CCn1c(=NC(=O)CC2CC2)sc2ccc(Cl)cc21,371,0.801789384,0.408450704,0.02,0.804652702
C#CCn1c(=NC(=O)C2CC2)sc2cc(Cl)ccc21,371,0.783287242,0.492307692,0.01,0.817465615
C#CCn1c(=NC(=O)CC2CC2)sc2cc(Cl)ccc21,371,0.801789384,0.470588235,0.01,0.809736768
C#CCn1c(=NC(N)=O)sc2cc(C3CC3)ccc21,371,0.836212112,0.462686567,0.04,0.792340796
C#CCn1c(=NC(=O)CCC)sc2cc(C(N)=O)ccc21,371,0.871841422,0.449275362,0.04,0.817139332
C=CCN(CC=C)S(=O)(=O)c1ccc2nc(NC(=O)C3CC3)sc2c1,372,0.717381137,0.762711864,0.01,0.832407239
C=CCN(CC=C)S(=O)(=O)c1ccc2nc(NC3CC3)sc2c1,372,0.743361803,0.64516129,0.07,0.821197103
C=CCN(CCO)S(=O)(=O)c1ccc2nc(NC3CC3)sc2c1,372,0.70983206,0.588235294,0.04,0.826337969
C=CCN(C)S(=O)(=O)c1ccc2sc(NC3CC3)nc2c1,372,0.83032757,0.444444444,0.07,0.830795301
C=CCN(C)S(=O)(=O)c1ccc2nc(NC3CC3)ccc2c1,372,0.832008391,0.36,0.09,0.842843236
C=CCN(C)S(=O)(=O)c1ccc2nc(NC3CC3)ncc2c1,372,0.824699522,0.350649351,0.34,0.831902001
C=CCN(C)S(=O)(=O)c1ccc2nc(NC3CC3)sc2c1,372,0.83032757,0.529411765,0.07,0.834697688
C=CCN(C)S(=O)(=O)c1ccc2ncc(NC3CC3)cc2c1,372,0.832008391,0.355263158,0.15,0.837012972
C=CCN(C)S(=O)(=O)c1ccc2cnc(NC3CC3)nc2c1,372,0.824699522,0.333333333,0.37,0.82908939
C=CCN(C)S(=O)(=O)c1ccc2cnc(Nc3cnn(CC)c3)nc2c1,372,0.64029527,0.261363636,0.56,0.811731345
C=CCN(C)S(=O)(=O)c1ccc2cnc(Nc3cnn(C)c3)nc2c1,372,0.676788625,0.282352941,0.56,0.812276505
C=CCN(C)S(=O)(=O)c1c(C)ccc2cnc(NC3CC3)nc12,372,0.821764215,0.253012048,0.36,0.80259668
C=CCN(C)S(=O)(=O)N(C)Cc1ccc2cnc(NC3CC3)nc2c1,372,0.727754588,0.258823529,0.36,0.800963538
C=CCN(C)S(=O)(=O)c1ccc2cnc(NC3CC3)nc2c1F,372,0.818243262,0.280487805,0.39,0.797606448
C=CCN(C)S(=O)(=O)c1ccc2cnc(Nc3ccn(C)n3)nc2c1,372,0.676788625,0.26744186,0.3,0.806999582
C=CCN(C)S(=O)(=O)c1ccc2cnc(Nc3ccc(CF)cc3)nc2c1,372,0.627536555,0.270588235,0.63,0.826474218
C=CCN(C)S(=O)(=O)c1ccc2cnc(Nc3cccc(C)c3)nc2c1,372,0.674256514,0.270588235,0.57,0.843533663
C=CCN(C)S(=O)(=O)c1ccc2cnc(Nc3cccc(CF)c3)nc2c1,372,0.627536555,0.261363636,0.59,0.822154988
C=CCN(C)S(=O)(=O)c1ccc2cnc(Nc3ccccc3)nc2c1,372,0.688246787,0.283950617,0.67,0.853077081
C=CCN(C)S(=O)(=O)c1ccc2cnc(Nc3ccccc3)nc2c1F,372,0.672029278,0.235294118,0.72,0.82444831
C=CC(=O)N(C)C(=O)c1ccc2cnc(Nc3ccccc3)nc2c1F,372,0.730915092,0.166666667,0.72,0.815381924
CC(=O)N(C)C(=O)c1ccc2cnc(Nc3ccccc3)nc2c1F,372,0.79396741,0.134831461,0.7,0.833133208
CN(CCN)C(=O)c1ccc2cnc(Nc3ccccc3)nc2c1F,372,0.746170404,0.141304348,0.72,0.843670363
C=C(C)N(C)C(=O)c1ccc2cnc(Nc3ccccc3)nc2c1F,372,0.778541282,0.144444444,0.75,0.815956944
C=C(C)C(=O)Nc1ccc2cnc(Nc3ccccc3)nc2c1F,372,0.71181745,0.147727273,0.73,0.849522248
CC(C(=O)NCc1ccco1)n1ccc2cc(S(=O)(=O)N3CCCC3)ccc21,373,0.688294643,0.982142857,0,0.798500957
CC(C(=O)NCc1ccco1)n1ccc(S(=O)(=O)C2CCCC2)c1,373,0.868304428,0.472222222,0.03,0.753985054
CC(C(=O)NCc1ccccc1)n1cc(C(=O)N2CCCC2)c(Cl)c1,373,0.890446162,0.307692308,0,0.804852748
CC(C(=O)NCc1ccccc1)n1cc(C(=O)N2CCCC2)cn1,373,0.913626882,0.291139241,0.06,0.836277879
CC(C(=O)NCc1ccccc1)n1cc(C(=O)N2CCC2)cn1,373,0.911797173,0.275,0.06,0.837542721
CC(C(=O)NCc1ccco1)n1cc(C(=O)N2CCCC2)cn1,373,0.908124417,0.438356164,0.05,0.808430127
CC(C(=O)NCc1ccccc1)n1cnc(CN2CCCC2)c1,373,0.890636098,0.294871795,0.03,0.81489885
CC(C(=O)NCc1ccccc1)n1cnc(C(=O)N2CCCC2)c1,373,0.913626882,0.311688312,0,0.817553019
CC(C(=O)NCc1cccs1)n1cc(C(=O)N2CCCC2)cc1,373,0.915637276,0.316455696,0.04,0.790930127
CC(C(=O)NCc1cccs1)n1cnc(=O)c2ccccc21,373,0.803849014,0.291139241,0.03,0.808777283
CC(C(=O)NCc1cccs1)n1cnc(C(=O)N2CCCC2)c1,373,0.911168178,0.3125,0.02,0.787766491
CC(C(=O)NCc1cccs1)n1cncc1C(=O)N1CCCCCC1,373,0.891464032,0.341772152,0.07,0.789339265
CC(C(=O)NCc1cccs1)n1cncc1C(=O)N1CCCC1,373,0.911168178,0.329113924,0.07,0.788626164
CC(C(=O)NCc1cccs1)n1cncc1CN1CCCCCC1,373,0.873753868,0.341772152,0.08,0.79205091
CC(C(=O)NCc1cccs1)n1cncc1CN1CCCC1,373,0.889721016,0.329113924,0.08,0.790994206
CC(C(=O)NCc1cccs1)n1cncc1-c1cccc(N)c1,373,0.707766952,0.273809524,0.28,0.783413111
CC(C(=O)NCCN)n1cncc1-c1cccc(C2CCC2)c1,373,0.860289743,0.255813953,0.28,0.779601183
CC(C(=O)NCCN)n1cncc1-c1cccc(N2CCCC2)c1,373,0.847917024,0.289156627,0.27,0.786135181
CC(C(=O)NCCN)n1cncc1-c1cccc(C=O)c1,373,0.775097163,0.253012048,0.23,0.77065115
CC(C(=O)NCCN)n1cncc1-c1cccc(Cl)c1,373,0.883004308,0.243902439,0.27,0.790122263
CC(C(=O)NCCN)n1cncc1-c1cccc(F)c1,373,0.864858563,0.243902439,0.28,0.788754955
CCOC(=O)C1OC(=N)C(C#N)C(c2cccnc2)C1C(=O)OCC,374,0.8006522,0.615384615,0.03,0.647747863
CCOC(=O)C1CC(OC)=C(C#N)C(c2ccco2)C1C(=O)OCC,374,0.729150505,0.291139241,0.03,0.676205145
CCOC(=O)C1CC(=N)C(C#N)C(c2ccc(F)cc2)C1C(=O)OC,374,0.84408742,0.350649351,0,0.668321772
CCOC(=O)C1CC(=N)C(C#N)C(c2ccc(F)cc2)C1C#N,374,0.867412519,0.346666667,0,0.652551478
CCOC(=O)C1CC(=N)C(C#N)C(c2ccc(F)cc2)C1C,374,0.870609649,0.351351351,0,0.671549028
CCOC(=O)C1=C(N)C(=N)C(C#N)CC1c1ccc(F)cc1,374,0.836085365,0.278481013,0.03,0.701066015
CCOC(=O)C1=C(N)C(=O)N(c2ccc(F)cc2)CC1C#N,374,0.843048568,0.234567901,0.02,0.758913388
CCOC(=O)C1=C(C)C(C#N)C(=O)CC1c1ccc(F)cc1,374,0.805056345,0.240506329,0,0.7384714
CCOC(=O)C1=C(N)C(=O)N(c2cnc(N)cn2)CC1(C)C,374,0.764478015,0.192771084,0.04,0.756968446
CCOC(=O)C1=C(C)C(C#N)C(=O)N=C1c1ccc(F)cc1,374,0.80129207,0.2375,0.08,0.749728773
CCOC(=O)C1=C(C)C(C#N)C(=O)N=C1c1ccc(O)cc1,374,0.856667622,0.240506329,0.1,0.74125185
CCOC(=O)C1=C(N)C(=O)N(c2ccc(F)cc2)CC1C1CC1,374,0.861638501,0.192771084,0.02,0.777268988
CCOC(=O)C1=C(N)C(=O)N(CC)CC1c1ccc(OC)cc1,374,0.830334096,0.207317073,0.02,0.785571552
CCOC(=O)C1=C(N)C(=O)N(c2cnc3ccccc3c2)CC1,374,0.872805141,0.195402299,0.07,0.821505443
CCOc1cccc2c1C(=O)C(=O)N(CC)C2c1cnc(N)nc1,374,0.85681444,0.176470588,0.1,0.76954847
CCOc1ccccc1C1=C(N)C(=O)N(CC)C1c1cncnc1,374,0.911148525,0.202380952,0.13,0.755874194
CCOc1ccccc1C1=C(N)C(=O)N(c2cncnc2)CC1=O,374,0.905987889,0.164705882,0.16,0.805318628
CCOc1ccccc1C1=C(N)C(=O)N(c2cncnc2)N=C1C,374,0.788445233,0.174418605,0.17,0.827854374
CCOc1ccccc1-c1c(N)n(Cc2cncnc2)nc1CC,374,0.754303353,0.149425287,0.14,0.835538904
CCOc1ccccc1-c1c(-c2cncnc2)nn(C(C)=O)c1N,374,0.792670917,0.214285714,0.21,0.822574057
CCOC(=O)c1c(-c2cncnc2)noc1-c1cccc(N)c1,374,0.582922726,0.231707317,0.16,0.835054788
CCOc1ccccc1-c1c(-c2cncnc2)n[nH]c1C(C)=O,374,0.732325487,0.19047619,0.22,0.828182527
CCOc1cccc(-c2c(-c3cncnc3)sc(N)c2CN)c1,374,0.750857949,0.162790698,0.3,0.805640569
CCOc1ccccc1-c1c(N)n[nH]c1-c1cnc(N)nc1,374,0.678611181,0.144578313,0.32,0.83562561
CCOc1cccc(-c2c(N)n[nH]c2-c2cncnc2)c1CN,374,0.663257253,0.147727273,0.43,0.806275767
CCOc1ccccc1-c1c(N)n[nH]c1-c1cncnc1,374,0.766555793,0.156626506,0.34,0.840168728
CCOc1cccc(-c2c(-c3cncnc3)n[nH]c2CN)c1,374,0.754018252,0.152941176,0.34,0.82537983
CCOc1ccc(-c2c(N)n[nH]c2-c2cncnc2)cc1CO,374,0.664577268,0.147727273,0.27,0.822391385
CCOc1ccccc1-c1[nH]nc(O)c1-c1cncc(N)c1,374,0.687520239,0.16091954,0.33,0.819575793
CCOc1cccc(-c2c(N)n[nH]c2-c2cccnc2)c1CN,374,0.671888608,0.197674419,0.37,0.828843599
CCOc1cccc(-c2c(N)n[nH]c2-c2ccncc2)c1C,374,0.772554126,0.180722892,0.45,0.848441971
CCOc1cccc(-c2c(O)n[nH]c2-c2ccncc2)c1N,374,0.643147931,0.178571429,0.39,0.816976037
CCOc1cccc(-c2[nH]nc(N)c2-c2ccncc2)c1C,374,0.772554126,0.195121951,0.43,0.847027075
CCOc1cccc(-c2[nH]nc(N)c2-c2ccncc2)c1CCl,374,0.697158211,0.16091954,0.44,0.824568308
CCOc1cccc(-c2c(N)n[nH]c2-c2ccncc2)c1,374,0.769441354,0.156626506,0.49,0.865177807
CCOc1cccc(-c2c[nH]c(N)c2-c2ccncc2)c1,374,0.764586495,0.170731707,0.55,0.848061288
CCc1cccc(-c2c[nH]c(N)c2-c2ccncc2)c1,374,0.752882966,0.148148148,0.57,0.845187222
CCOc1cccc(-c2n[nH]c(N)c2-c2ccncc2)c1,374,0.769441354,0.170731707,0.48,0.855484743
CCOc1cccc(-c2n[nH]c(-c3ccncc3)c2N)c1,374,0.769441354,0.156626506,0.49,0.850687769
CCOc1cccc(-c2c[nH]nc2-c2ccncc2)c1,374,0.784625531,0.148148148,0.56,0.845540111
CCOc1cccc(-c2c[nH]c(-c3ccncc3)c2N)c1,374,0.764586495,0.158536585,0.58,0.848087517
CCOc1cccc(-c2c[nH]nc2-c2ccnc(N)c2)c1,374,0.769441354,0.141176471,0.47,0.825999245
O=C(Nc1ccc(Cc2ccncc2)cc1)C1CCC(N2C(=O)CCCC2=O)CC1,375,0.769367223,0.75,0.04,0.856920569
O=C(Nc1ccc(-c2ccncc2)cc1)C1CCC(N2C(=O)CCCC2)CC1,375,0.865951798,0.516666667,0.4,0.872846942
O=C(Nc1ccc(-c2ccncc2)cc1)C1CCC(n2cccc2)CCCC1,375,0.637463992,0.508474576,0.3,0.789974081
O=C(Nc1ccc(-c2ccncc2)cc1)C1CCC(n2cccc2)CC1,375,0.729359797,0.49122807,0.31,0.865950947
O=C(Nc1ccc(-c2ccncc2)cc1)N1CCC(n2cccc2)CC1,375,0.763106455,0.323076923,0.24,0.862732166
O=C(Nc1ccc(-c2ccncc2)cc1)C1C(F)c2ccccc21,375,0.772590507,0.301587302,0.34,0.787223464
O=C(Nc1ccc(-c2ccncc2)cc1)N1CCC(F)C=N1,375,0.924381609,0.323076923,0.29,0.757327138
O=C(Nc1ccc(-c2ccncc2)cc1)N1CCC(F)CCC1,375,0.906790693,0.328125,0.28,0.83449839
O=C(Cc1ccc(-c2ccncc2)cc1)NC1CCCCCCC1F,375,0.892185637,0.328125,0.35,0.79490463
O=C(Cc1ccc(-c2ccncc2)cc1)NN1CCCCCCCC1,375,0.91773422,0.306451613,0.3,0.831390108
O=C(Cc1ccc(-c2ccncc2)cc1)NC1CCCCCCCC1,375,0.861679424,0.333333333,0.34,0.855309859
CCCCCC1CCC(Nc2ccc(-c3ccncc3)cc2)C1=O,375,0.72205595,0.242857143,0.38,0.774791376
O=C(CCc1ccc(-c2ccncc2)cc1)NC1CCCCCC1,375,0.822366542,0.317460317,0.33,0.904028665
O=C(CCc1ccc(-c2ccncc2)cc1)NC1CCCCC1,375,0.902090788,0.317460317,0.33,0.906634419
O=C(CCc1ccc(-c2ccncc2)cc1)NC1CCCC1,375,0.912434725,0.322580645,0.34,0.909148476
O=C(CCc1ccc(-c2ccncc2)cc1)NC1CCSC1,375,0.920837277,0.260869565,0.39,0.817452264
O=C(Cc1ccc(-c2ccncc2)cc1)NC1CCSC1,375,0.943444214,0.272727273,0.41,0.818005951
O=C(Cc1ccc(-c2ccncc2)cc1)NC1CCCC1,375,0.932856923,0.338983051,0.35,0.911898159
O=C(Cc1ccc(-c2ccncc2)cc1F)NC1CCCC1,375,0.938536897,0.28358209,0.41,0.889893532
OCCC(Cc1ccc(-c2ccncc2)cc1F)NC1CC1,375,0.826170994,0.205479452,0.61,0.804389249
OCCC(Cc1ccc(-c2ccncc2)cc1F)NC1CCCC1,375,0.814205165,0.232876712,0.58,0.803479701
OCCC(c1ccc(-c2ccncc2)cc1F)NC1CC1,375,0.857570266,0.211267606,0.61,0.801917547
OCC(Cc1ccc(-c2ccncc2)cc1F)NC1CC1,375,0.857536008,0.211267606,0.57,0.812253701
OCC(Cc1ccc(-c2ccncc2)cc1F)NCCCO,375,0.650326727,0.16,0.68,0.808906221
CC1(C)OC(=O)N(c2ccccn2)C1(C)O,376,0.782189817,1,0,0.744182943
CC1(C)OC(=O)N(c2ccccn2)CCC1(C)O,376,0.82720109,0.577777778,0.02,0.747263896
CC1(C)OC(=O)N(CCc2ccccn2)CCC1(C)O,376,0.918214506,0.433962264,0.01,0.755896738
CC1(C)OC(=O)N(CCc2ccccn2)CCCC1O,376,0.918214506,0.344827586,0.01,0.783003581
CC1(C)OC(=O)N(CCc2ccccn2)CCCC1N,376,0.916728214,0.338983051,0.05,0.767370614
CC1C(N)OC(=O)N(CCc2ccccn2)C1(C)CCO,376,0.849524511,0.306451613,0.06,0.658878379
CC1(C)OC(=O)N(CCc2ccccn2)C1=C(N)N,376,0.845042227,0.37037037,0.06,0.782542951
CC1(C)OC(=O)N(CCc2ccccn2)C1=C(N)N=O,376,0.844620617,0.344827586,0.05,0.768758696
CC1(C)Oc2ccnc(N)c2C(=O)N1CCc1ccccn1,376,0.935220804,0.344827586,0.1,0.792646316
CC1(C)OC(=O)N(CCc2ccccn2)c2c(N)ccnc21,376,0.941138617,0.322033898,0.07,0.787436886
CC1(C)OC(=O)N(CCc2ccccn2)c2ccnc(N)c21,376,0.941138617,0.322033898,0.13,0.804987507
CC1(C)OC(N)c2ccc(=O)n(CCc3ccccn3)c21,376,0.931680677,0.283333333,0.11,0.729487134
CC1(C)OC(N)c2ccccc2N1CCc1ccnc(=O)o1,376,0.930782761,0.253968254,0.1,0.697238723
CC1(C)Oc2ccccc2N1C(=O)CCc1ccnc(N)n1,376,0.938655943,0.253968254,0.06,0.79921108
CC1(C)OC(=O)N(c2ccccc2CCc2ccncn2)C1,376,0.870239446,0.278688525,0.17,0.814997771
CC1(C)OC(=O)N(c2ccccc2-c2ccnc(N)n2)CC1,376,0.921589595,0.283333333,0.22,0.814635149
CC1(C)OC(=O)N(c2ccccc2-c2ccncn2)C1N,376,0.913545754,0.288135593,0.4,0.748479051
CC1(C)OC(=O)N(c2ccc(-c3ccncn3)c(F)c2)CC1,376,0.852693604,0.25,0.39,0.814978574
CC1(C)OC(=O)N1c1ccc(-c2ccncn2)c(F)c1,376,0.843694012,0.315789474,0.36,0.80631891
CC1(C)OC(=O)N1c1ccc(-c2ccncn2)cc1F,376,0.843694012,0.315789474,0.49,0.809270559
CC1(C)OC(=O)N2c3ccc(-c4ccncn4)cc3CC21,376,0.806221392,0.234375,0.44,0.750199086
CC1(C)OC(=O)N1c1ccc(-c2ccncn2)cc1Cl,376,0.849002373,0.293103448,0.5,0.808079625
CC1(CO)OC(=O)N1c1ccc(-c2ccncn2)cc1F,376,0.934271863,0.31147541,0.51,0.739187525
CC1(C)OC(=O)N1c1ccc(-c2ccncn2)cc1-c1ccoc1,376,0.726307831,0.26984127,0.44,0.785656407
CC1(C)OC(=O)N1c1ccc(-c2ccncn2)cc1-c1ccncc1,376,0.727457138,0.293103448,0.48,0.809353709
CC1(C)OC(=O)N1c1ccc(-c2ccncn2)cc1C1CC1,376,0.865761782,0.274193548,0.46,0.799558226
COc1ccccc1CCNC(=O)CCN1CC2CC(C1)c1cccc(=O)n1C2,377,0.779220586,0.784615385,0,0.691310422
COc1ccccc1CCNC(=O)C1CC(=O)N2CCc3cccc(c3)C12,377,0.886846531,0.369047619,0.02,0.682372495
COc1ccccc1NC(=O)C1CC(=O)N(Cc2cccc3c2CCC3)C1,377,0.886520382,0.295454545,0,0.822552921
COc1cc(CC(=O)N2CCc3ccccc3C2)ccc1C1=CC=C1,377,0.853260997,0.213483146,0.01,0.855759264
COc1cc(CC(=O)N2CCc3ccccc3C2)ccc1C1CNC1,377,0.932721618,0.273809524,0.01,0.859471658
CCc1cc(CC(=O)N2CCc3ccccc3C2)ccc1OCCCN,377,0.77920127,0.184782609,0.04,0.870892382
COc1cc(CC(=O)N2CCc3ccccc3C2)ccc1CC=O,377,0.794627732,0.229885057,0.02,0.867426307
COc1cc(CC(=O)N2CCc3ccccc3C2)ccc1C#N,377,0.875832314,0.218390805,0.01,0.881114462
COc1ccccc1CC(=O)NC1CCc2cccc(C)c2C1,377,0.941519326,0.296296296,0.01,0.834442248
COc1ccccc1CC(=O)N1CCc2ncnc(NC3CC3)c2C1,377,0.905051334,0.298850575,0.12,0.847401145
COc1ccccc1CNC(=O)N1CCc2ncnc(OC)c2C1,377,0.925351551,0.282352941,0.04,0.85198372
COc1ccccc1CC(=O)N1CCc2ncnc(OC)c2C1,377,0.858052075,0.277108434,0.03,0.854824252
COc1ccccc1CC(=O)N1CCc2c(ncnc2OC)C1,377,0.858052075,0.277108434,0.04,0.852090219
COc1ccccc1CNC(=O)N1CCc2ncncc2C1,377,0.937223074,0.282352941,0.06,0.861126465
COc1ccccc1CC(=O)N1CCc2ncncc2C1,377,0.858541977,0.277108434,0.09,0.863998992
COc1ccccc1CC(=O)N1CCc2ncnc(NC)c2C1,377,0.929684201,0.282352941,0.1,0.847147562
COc1ccccc1CC(=O)N1CCc2c(ncnc2N)C1,377,0.920376645,0.273809524,0.11,0.85579191
COc1ccccc1CC(=O)N1CCc2ncnc(NCCN)c2C1,377,0.813580906,0.280898876,0.17,0.840915675
COc1ccccc1CC(=O)N1CCc2ncnc(NCCN)c2CC1,377,0.80374637,0.284090909,0.16,0.845144484
COc1ccccc1CC(=O)N1CCc2ncnc(Nc3ccccc3)c2C1,377,0.741749264,0.272727273,0.2,0.86299272
COc1ccccc1CC(=O)N1CCc2c(ncnc2-c2ccncc2)N1,377,0.769052949,0.241758242,0.28,0.801599074
COc1ccccc1CC(=O)N1CCc2nc(-c3ccncc3)[nH]c2CC1,377,0.774526291,0.261363636,0.35,0.843825753
COc1ccccc1CC(=O)N1CCc2c(nc(-c3ccncc3)[nH]2)C1,377,0.786677416,0.258426966,0.36,0.836663548
COc1ccccc1CC(=O)N1CCc2[nH]c(-c3ccncc3)nc2C1,377,0.786677416,0.258426966,0.36,0.836663548
COc1ccccc1CC(=O)N1CCc2[nH]c(-c3ccncc3)nc21,377,0.796027464,0.25,0.41,0.831329607
COc1ccccc1CC(=O)N1CCc2[nH]c(-c3ccncc3)nc2CC1,377,0.774526291,0.261363636,0.35,0.843825753
COc1ccccc1CC(=O)N1CCc2[nH]c(-c3ccncc3)nc2C1CCN,377,0.672872217,0.252631579,0.39,0.757618392
COc1ccccc1CC(=O)N1CCc2cc(-c3ccncc3)[nH]c2C1CCN,377,0.677356568,0.252631579,0.41,0.758501359
COc1ccccc1CC(=O)N1CCc2cc(-c3ccncc3)[nH]c2CC1,377,0.775974394,0.261363636,0.35,0.846397321
COc1ccccc1CC(=O)N1CCCc2[nH]c(-c3ccncc3)nc21,377,0.786704235,0.258426966,0.45,0.828866179
COc1ccccc1CC(=O)N1CCc2cc(-c3ccncc3)[nH]c2C1,377,0.788320896,0.272727273,0.35,0.840937434
Cc1cc(C)cc(N(C(=O)c2ccc(Br)o2)C2=CCSC(O)=C2)c1,378,0.748219574,0.571428571,0.03,0.741501879
Cc1cc(C)cc(N(C(=O)c2ccc(Br)o2)C2=CCSC=C2)c1,378,0.698897771,0.571428571,0,0.746852662
Cc1cccc(N(C(=O)c2ccc(Br)o2)C(C)=CCO)c1,378,0.910166979,0.403225806,0.02,0.79515737
Cc1cccc(N(C(=O)c2ccc(Br)o2)C(C)=CO)c1,378,0.844576944,0.423728814,0,0.794158696
Cc1cccc(N(C(=O)c2ccc(Br)o2)C(C)=N)c1,378,0.671372509,0.438596491,0.01,0.816417211
Cc1cccc(N(C(=O)c2ccc(Br)o2)C(C)O)c1,378,0.881260073,0.438596491,0.01,0.79066881
Cc1cccc(N(C(=O)c2ccc(Br)o2)C(C)C)c1,378,0.838741765,0.446428571,0.01,0.863205081
Cc1ccc(N(C(=O)c2ccc(Br)o2)C(C)C)cc1,378,0.838741765,0.425925926,0.01,0.869439697
Cc1ccc(N(C(=O)c2ccc(Br)o2)C(=O)O)cc1,378,0.914718747,0.433962264,0,0.848185555
Cc1cccc(N(C(=O)c2ccc(Br)o2)C(=O)CN)c1,378,0.933527959,0.423728814,0.03,0.83297408
Cc1cccc(N(C(=O)c2ccc(Br)o2)C(C)CN)c1,378,0.930800951,0.409836066,0.03,0.786880235
Cc1cccc(N(C(=O)c2ccc(Br)o2)C(C)CCN)c1,378,0.892891189,0.419354839,0.01,0.788154877
Cc1cccc(N(C(=O)c2ccc(Br)o2)C2(C)CNC2)c1,378,0.924352617,0.409836066,0.01,0.788022622
Cc1cccc(N(Cc2ccc(Br)o2)C(=O)C(C)CN)c1,378,0.897285235,0.294117647,0.05,0.788620659
Cc1ccc(CC(CC(=O)O)C(=O)NCC23CCC(CC2)C3)cc1,379,0.806212398,0.795918367,0,0.702033594
Cc1ccc(CC(CC(=O)O)C(=O)NCC23CC(CC2)C3)cc1,379,0.812778459,0.795918367,0,0.71113393
Cc1ccc(CC(CC(=O)O)C(=O)NC2(CN)CC2)cc1,379,0.704082548,0.537037037,0.02,0.802597736
Cc1ccc(CC(CC(=O)O)C(=O)NC2(C)CC2)cc1,379,0.836818537,0.568627451,0,0.815564855
Cc1ccc(CC(CC(=O)O)C(=O)CC2(C)CC2)cc1,379,0.828848026,0.490566038,0.01,0.78946457
Cc1ccc(CC(C(=O)O)C(=O)CC2(C)CC2)cc1,379,0.799879263,0.357142857,0.01,0.791218705
Cc1ccc(CC(CC(=O)O)C(=O)CC2CC2)c(C)c1,379,0.829596298,0.344262295,0.02,0.800742633
Cc1ccc(CC(NCC(=O)O)C(=O)CC(C)C)cc1,379,0.764184968,0.368421053,0,0.826025539
Cc1ccc(CC(NCC(=O)O)C(=O)CC2CC2)cc1,379,0.760742366,0.372881356,0.01,0.81903492
Cc1ccc(CC(NC(=O)O)C(=O)CC2CC2)cc1,379,0.826610298,0.368421053,0,0.830582419
Cc1ccc(CC(=O)NCC(C)NC2CC2)cc1,379,0.803286972,0.316666667,0,0.842515928
Cc1ccc(CC(=O)NC(C)C2CC2)cc1,379,0.824338315,0.315789474,0,0.869379471
Cc1ccc(CC(=O)NC(CN)C2CC2)cc1,379,0.805773054,0.3,0.03,0.837213774
Cc1ccc(CC(=O)NCC(CN)C2CC2)cc1,379,0.801432341,0.316666667,0.02,0.817843928
Cc1ccc(CC(=O)NCC(C)CN)cc1,379,0.784328472,0.293103448,0.07,0.858556044
Cc1ccc(CC(=O)NC(C)CN)cc1,379,0.771892948,0.280701754,0.02,0.864557497
Cc1ccc(CCC(=O)NCC(C)CN)cc1,379,0.785882008,0.283333333,0.08,0.858017702
Cc1ccc(CC(=O)NCC(C)CN)cc1C,379,0.811997925,0.21875,0.08,0.843131428
Cc1ccccc1-c1nc(C=S(O)(O)=CC2CCOCC2)c(C)o1,380,0.816454091,0.620689655,0.04,0.739407089
Cc1ccccc1-c1nc(C=S(O)(O)=NC2CCOCC2)c(C)o1,380,0.826302171,0.576271186,0.02,0.736304374
Cc1ccccc1-c1nc(C=S(O)(O)=NC2CC2)c(C)o1,380,0.849876735,0.525423729,0.02,0.741871428
Cc1cc(-c2nc(C=S)cc(C)n2)c(C2(O)CO2)cc1,380,0.692706632,0.168831169,0.04,0.697711284
Cc1cc(-c2ncccc2S(O)=NC2CC2)c(C)cn1,380,0.938704479,0.1375,0.05,0.698672263
CCc1cc(-c2ccccn2)c(CC)nc1C=C1OCCO1,380,0.86419322,0.194805195,0.06,0.763840407
CCc1ccccc1-c1nc(C=C2CCO2)c(C)c(O)n1,380,0.936025142,0.243243243,0.01,0.782450549
CCc1cc(C2=NCCO2)ccc1-c1nc(C)c(O)s1,380,0.943518488,0.160493827,0.04,0.777156095
CCc1cc(C2=CCO2)ccc1-c1nc(C)c(O)cn1,380,0.928994704,0.15,0.05,0.794976603
CCc1ccccc1-c1nc(C)c(CCO)c(C2CC2)n1,380,0.913587299,0.2,0.04,0.843468281
CCc1ccccc1-c1nc(C)c(CCO)c2c1OCC2,380,0.937293952,0.223684211,0.03,0.817160111
CCc1ccccc1-c1nc(CO)cc(C2CCO2)n1,380,0.927639363,0.2,0.03,0.780735825
CCc1ccccc1-c1nc(C)cc(C2CO2)n1,380,0.773711799,0.194444444,0.05,0.79603168
CCc1ccccc1-c1nc(CO)cc(C)c1C1CCO1,380,0.932359443,0.223684211,0.01,0.777845153
CCc1nc(C2OCCC2C)cc(-c2ncccc2C)n1,380,0.864586984,0.1625,0.06,0.707247866
CCc1ccccc1-c1cccc2c(C)nc(C3CO3)n12,380,0.679079833,0.197368421,0.04,0.760959855
CCc1ccccc1-c1nccc2c(C)cc(C3CO3)nc12,380,0.67716427,0.189873418,0.11,0.775654206
CCc1ccncc1-c1nc(C2CCOCC2)c2c(N)cccn12,380,0.802048489,0.192771084,0.24,0.778777723
CCc1ccncc1-c1cccc2c(C)cc(C3CO3)nc12,380,0.67716427,0.172839506,0.21,0.766555061
CCc1ccncc1-c1cc(NCC2COCC2)nc(C)n1,380,0.919464515,0.164705882,0.21,0.769312956
CCc1ccncc1-c1nc(NCC2COCCN2)c(C)cn1,380,0.877009277,0.172413793,0.29,0.73917118
CCc1ccncc1-c1cc(NCC2COCCN2)nc(C)n1,380,0.877009277,0.159090909,0.32,0.741811594
Cc1ccncc1-c1cc(NCC2COCCN2)nc(C)n1,380,0.892413152,0.178571429,0.32,0.749643244
Cc1ccncc1-c1cc(NCC2COCCN2)ncn1,380,0.880608696,0.164705882,0.42,0.749782874
Cc1ccncc1-c1ccnc(NCC2COCCN2)n1,380,0.880608696,0.182926829,0.61,0.757470715
Cc1ccncc1-c1ccnc(NCC2CCOC2)n1,380,0.92335677,0.189873418,0.58,0.787431976
Cc1ccncc1-c1ccnc(NC2CCOC2)n1,380,0.910337385,0.181818182,0.67,0.788975234
Cc1ccncc1-c1ccnc(NC2CCOCC2C)n1,380,0.93867585,0.175,0.63,0.742061801
Cc1ccncc1-c1ccnc(NC2CCNC2)n1,380,0.872338028,0.1375,0.76,0.785945838
Cc1ccncc1-c1ccnc(NC2CCC2)n1,380,0.895889419,0.146666667,0.72,0.860590495
Cc1ccncc1-c1ccnc(NC2CCCC2)n1,380,0.913450973,0.146666667,0.72,0.862201552
Cc1ccncc1-c1ccnc(NC2CC2)n1,380,0.872827438,0.150684932,0.75,0.860667816
Cc1ccncc1-c1ccnc(Nc2ccncn2)n1,380,0.782288538,0.133333333,0.81,0.839640763
Cc1ccncc1-c1ccnc(Nc2ccncc2)n1,380,0.786628926,0.14084507,0.78,0.861359668
Cc1ccncc1-c1ccnc(NC2CCNCC2)n1,380,0.892184078,0.141025641,0.8,0.837283005
O=C(c1cc2cc(Cl)ccc2cn1)N1CCC2(CC1)OCCC21OCCO1,381,0.751094607,0.417910448,0.09,0.69178373
CC(c1cc2cc(Cl)ccc2cn1)N1CCC2(CC1)OCCCS2(=O)=O,381,0.778704947,0.269230769,0.04,0.639744574
O=C(c1cc(Cl)c2cc(F)ccc2c1)N1CCC2(CC1)OCCO2,381,0.789103414,0.444444444,0.04,0.793173977
CC(CC(O)c1cc(Cl)ccc1)N1CCC2(CC1)S(=O)CCO2,381,0.899737377,0.243589744,0.04,0.58786438
CC(NC(=O)N1CCOCC1)c1cc2cc(Cl)ccc2cc1CO,381,0.895622753,0.266666667,0.02,0.800256094
CC(NC(=O)N1CCOCC1)c1cc2ccc(Cl)cc2c(CO)c1,381,0.895622753,0.263157895,0.03,0.806935506
CC(NC(=O)N1CCOCC1)c1cc2ccc(Cl)cc2c(C)c1,381,0.905686013,0.273972603,0.01,0.821448284
CC(NC(=O)N1CCOCC1)c1cc2ccc(Cl)cc2c(=O)o1,381,0.914452841,0.295774648,0.02,0.802534201
CC(NC(=O)N1CCOCC1)c1cc2ccc(Cl)cc2cc1O,381,0.885429004,0.277777778,0.08,0.813591006
CC(NC(=O)c1ccc(Cl)cc1)N1CCC2(CC1)OCCO2,381,0.926293326,0.359375,0.02,0.735075721
CCc1nc2cc(Cl)ccc2cc1C(=O)C1(C)CCCOCC1,381,0.755309686,0.338028169,0.03,0.767512426
CCc1nc2cc(Cl)ccc2cc1C(=O)N1CCOCCCC1,381,0.841695388,0.397058824,0,0.863002574
CC1CC(O)CCN1C(=O)c1cc2ccccc2cc1Cl,381,0.875988129,0.191780822,0,0.79344415
CCCc1nc2cc(Cl)ccc2cc1C(=O)N1CCOCC1,381,0.871614085,0.415384615,0,0.865426587
CC1CN(C(=O)c2cc3ccc(Cl)cc3o2)CCN1CCO,381,0.941165381,0.357142857,0.01,0.801073711
CCc1nc2cc(Cl)ccc2cc1C(=O)N1CCOCC1,381,0.856500658,0.428571429,0,0.869254982
CCc1nc2cc(Cl)ccc2n1C(=O)N1CCOCC1,381,0.811667826,0.343283582,0.03,0.845253261
CCc1nc2cc(Cl)ccc2cc1C(=O)N1CCN(C)CC1,381,0.85432465,0.390625,0,0.870449293
CCc1nc2cc(Cl)ccc2n1C(=O)C1(NCCO)CCOCC1,381,0.86153338,0.302631579,0.06,0.787485143
CCc1nc2cc(Cl)ccc2n1C(=O)N1CCN(C)CCOCC1,381,0.792529492,0.315068493,0.03,0.788895461
CCc1nc2cc(Cl)ccc2n1C(=O)N1CCNCC1(C)CCOC,381,0.905746544,0.256097561,0.16,0.71746244
CCc1nc2cc(Cl)ccc2n1C(=O)C1(N2CCOCC2)CCNC1,381,0.904046732,0.307692308,0.1,0.729248239
CCc1nc2cc(Cl)ccc2n1C(=O)C1(NC)CCNCC1,381,0.910298535,0.301369863,0.12,0.790442842
CCc1nc2cc(Cl)ccc2n1C(=O)C1(N2CCNCC2)CC1,381,0.936936462,0.301369863,0.17,0.790961064
CCc1nc2cc(Cl)ccc2n1C(=O)N1CCNCCNCC1,381,0.832654718,0.3,0.16,0.76807395
CCc1nc2cc(Cl)ccc2n1C(=O)N1CCNCCNC1,381,0.83855372,0.287671233,0.16,0.786892521
CCc1nc2cc(Cl)ccc2n1C(=O)N1CCNCC1,381,0.875840833,0.304347826,0.16,0.831860548
CN(CCC1CCCCO1)C(=O)CCc1nnc(Cc2ccccc2)[nH]1,382,0.789398128,0.569444444,0.01,0.764000633
O=C(CCC1CCCCO1)N(C)Cc1c[nH]c(-c2ccccc2)n1,382,0.884609594,0.448717949,0.13,0.772843218
O=C(CCC1CCCCO1)Nc1ncc(-c2ccccc2)[nH]1,382,0.889241183,0.329268293,0.1,0.810788832
O=C(CC1CCCCO1)NCCc1c[nH]c(-c2ccccc2)n1,382,0.861422679,0.325301205,0.14,0.784381615
O=C(CC1CCCCO1)NCc1c[nH]c(-c2ccccc2)n1,382,0.891645561,0.313253012,0.15,0.783743625
O=C(C1CCCCO1)N1CC=C(c2ccccc2)N1,382,0.881169007,0.231707317,0.04,0.757928256
O=C(C1CCCCO1)c1c[nH]c(-c2ccccc2)n1,382,0.859024441,0.278481013,0.19,0.76872963
O=C(C1CCCCO1)c1coc(-c2ccccc2)n1,382,0.792732237,0.234567901,0.06,0.803162047
O=C(CCOC1CCCC1)c1csc(-c2ccccc2)n1,382,0.744928853,0.197674419,0.04,0.865684015
O=C(CCOC1CCCC1)c1coc(-c2ccccc2)n1,382,0.755865535,0.211764706,0.05,0.854246546
O=C(CCOC1CCCC1)c1ncc(-c2ccccc2)[nH]1,382,0.824387835,0.211764706,0.1,0.844273345
O=C(CC1CCCC1)OCCc1c[nH]c(-c2ccccc2)n1,382,0.826456297,0.223529412,0.18,0.833144216
O=C(CC1CCCC1)OCCc1c[nH]c(-c2ccccc2F)n1,382,0.82282061,0.213483146,0.09,0.82181506
O=C(CC1CCCCO1)c1ccc(-c2c[nH]c3ccccc23)o1,382,0.718203437,0.421052632,0.09,0.7943108
O=C(CC1CCCCO1)OCCc1c[nH]c(-c2ccccc2F)n1,382,0.824811515,0.310344828,0.08,0.763165635
O=C(CC1CCCCO1)Nc1ncc(-c2c[nH]c3ccccc23)o1,382,0.765886519,0.419753086,0.11,0.782495773
O=C(CC1CCCCO1)c1ncc(-c2c[nH]c3ccccc23)o1,382,0.740461365,0.417721519,0.14,0.771911253
O=C(CC1CCCCO1)c1ncc(-c2c[nH]c3ccccc23)[nH]1,382,0.721868956,0.4,0.18,0.76632166
O=C(CC1CCCCO1)c1ncc(-c2c[nH]c3ccccc23)cn1,382,0.74282729,0.41025641,0.29,0.77981365
O=C(CC1CCCCO1)c1ncc(-c2ccnc3ccccc23)[nH]1,382,0.74282729,0.302325581,0.26,0.773532826
O=C(C1CCCCO1)c1ncc(-c2ccnc3ccccc23)[nH]1,382,0.753234343,0.252873563,0.3,0.77090899
O=C(NCC1CCCCO1)c1ncc(-c2ccnc3ccccc23)[nH]1,382,0.76756323,0.306818182,0.25,0.789859131
O=C(NCC1CCCCO1)c1ncc(-c2ccnc3[nH]ccc23)[nH]1,382,0.685348261,0.292134831,0.39,0.758147994
O=C(NCC1CCCCO1)c1ccc(-c2ccnc3[nH]ccc23)s1,382,0.761928529,0.292134831,0.44,0.782760129
O=C(NCC1CCCCO1)c1ccc(-c2ncnc3[nH]ccc23)s1,382,0.763752913,0.292134831,0.38,0.773728493
O=C(NCC1CCCCO1)c1ccc(-c2ncnc3[nH]ccc23)cc1,382,0.76756323,0.302325581,0.45,0.808481168
O=C(NCC1CCCCO1)c1ccc(-c2ccnc3[nH]ccc23)cc1,382,0.766336308,0.302325581,0.48,0.816893227
O=C(NCC1CCCO1)c1ccc(-c2ccnc3[nH]ccc23)cc1C1CC1,382,0.721298483,0.282608696,0.49,0.784231849
O=C(NCC1CCCO1)c1ccc(-c2ccnc3[nH]ccc23)cc1,382,0.77558006,0.290697674,0.48,0.819132826
OC1c2cc(Br)ccc2N=C2CCCN21,383,0.783786116,1,0,0.730213948
OC1c2cc(Br)c(F)cc2N=C2CCCN21,383,0.795227945,0.636363636,0.01,0.703100256
OC1c2cc(Br)c(F)cc2N=C2CCCC21,383,0.776562769,0.267857143,0.02,0.683640404
OC1c2cc(Br)ccc2N=C2CCCC2C1=O,383,0.79946838,0.431372549,0.06,0.689982815
OC1c2cc(Br)ccc2N=C2CCCN2C1,383,0.793152176,0.666666667,0.02,0.740023147
OC1CCCn2c1cc1ccc(Br)cc12,383,0.777657487,0.307692308,0.05,0.772703393
OCC1CCCn2c1cc1ccc(Br)cc12,383,0.85172026,0.267857143,0.01,0.777779
Oc1cc(Br)cnc1N1CCCC(CO)CC1,383,0.878606947,0.216666667,0.02,0.788088842
OCC1CCCN1c1ccc(Br)cc1CCO,383,0.89300062,0.309090909,0.02,0.803558393
OCC1CCCN(c2ccc(Br)cc2)C1=S,383,0.849471139,0.236363636,0,0.781016837
OC1CCCN(c2ccc(Br)cc2)CCCS1,383,0.857788334,0.264150943,0.01,0.752931114
OC1CCCn2c1cc1cc(Br)ccc12,383,0.777657487,0.307692308,0.14,0.772867257
Oc1ccc(Br)cc1N1CCCC(CO)CC1,383,0.882432257,0.267857143,0.03,0.826870893
OCC1CCCN1c1cc(Br)ccc1CO,383,0.891683409,0.320754717,0.03,0.804784016
OCC1CCCN1c1cc(Br)ccn1,383,0.877249841,0.320754717,0.03,0.793758782
OCC1CCCN1c1ccc(Br)cc1,383,0.877870891,0.306122449,0.07,0.844729166
NCC1CCCN1c1ccc(Br)cc1,383,0.87863093,0.28,0.1,0.834497243
O=C(CN(c1cccc(F)c1)C(O)c1csc(O)c1)NC1CCCC1,384,0.688733302,1,0,0.736386659
O=C(CC(c1cccc(F)c1)C1CCCC1)c1coc(O)c1,384,0.816402619,0.328767123,0.02,0.751930641
O=C(CC(c1cccc(F)c1)C1CCC1)c1coc(O)c1,384,0.83529996,0.310810811,0.02,0.749019077
O=C(CC(c1cccc(F)c1)C1CCC1)NC1CCCCO1,384,0.899636434,0.356164384,0.01,0.743112694
O=C(CC(c1cccc(F)c1)C1CCC1)c1cscn1,384,0.761672666,0.324324324,0.01,0.774029213
O=C(CC(c1cccc(F)c1)N1CCCC1)NC1CC1,384,0.89636766,0.409090909,0.02,0.833873747
O=C(CC(c1cccc(F)c1)N1CCCC1)NCCO,384,0.829279025,0.287671233,0.02,0.828527458
O=C(CC(O)c1cccc(F)c1)NC1CCCC1,384,0.862350205,0.5,0.01,0.842321876
O=C(CCCc1cccc(F)c1)NC1CCCC1,384,0.852659736,0.428571429,0.01,0.917929548
O=C(CCCc1cccc(F)c1)NC1(CO)CCCC1,384,0.840550203,0.256756757,0.01,0.865116689
O=C(NCc1cccc(F)c1)c1cc(O)cs1,384,0.880253623,0.308823529,0.03,0.862400187
O=C(NCc1cccc(F)c1)c1cc(C2CC2)cs1,384,0.905462572,0.305555556,0.03,0.865090288
O=C(NCc1cccc(F)c1)C(=O)NC1CCCC1,384,0.812817308,0.390625,0,0.906273194
O=C(NCc1cccc(F)c1)C1(NC2CCCC2)CC1,384,0.867328957,0.347826087,0.01,0.859926945
O=C(NC1(c2cccc(F)c2)CCCC1)C1CCCS1,384,0.922187977,0.27027027,0.01,0.763819478
O=C(NC1CCCCC1)C(Cc1cccc(F)c1)NC1CC1,384,0.848206466,0.382352941,0.01,0.834621728
O=C(NC1CCCCC1)C(NC1CCCC1)c1cccc(F)c1,384,0.86565344,0.428571429,0.02,0.82669862
O=C(NC1CCCCC1)C(Nc1cccc(F)c1)c1ccsc1,384,0.846865503,0.394366197,0.01,0.815171869
O=C(NC1CCCCC1)C(Nc1cccc(F)c1)c1cccc(F)c1,384,0.834302518,0.388059701,0.01,0.835423239
O=C(NC1CCCCC1)c1cccc(NC(CF)c2cccc(F)c2)n1,384,0.803419968,0.36,0.01,0.793980074
O=C(NC1CCCCC1)c1cccc(NC(c2cccc(F)c2)C2CC2)n1,384,0.767560054,0.346666667,0.04,0.803335762
O=C(NC1CCCCC1)c1cccc(NC(c2ccc(F)cc2)C2CC2)n1,384,0.767560054,0.302631579,0.01,0.809002034
O=C(NC1CCCCC1)c1cccc(Nc2cc(F)cc(F)c2)n1,384,0.884107359,0.323943662,0.02,0.87160022
O=C(NC1CCCCC1)c1cccc(Nc2ncc(F)c(F)n2)c1,384,0.840275766,0.269230769,0.62,0.857931546
O=C(NC1CCCC1)c1cccc(Nc2ncc(F)c(F)n2)c1,384,0.849841069,0.272727273,0.62,0.858423087
O=C(NC1CCCC1)c1cccc(Nc2cc(F)cc(F)c2)c1,384,0.878596601,0.323529412,0.02,0.897375301
O=C(NC1CCSC1)c1cccc(Nc2cncc(F)c2)c1,384,0.909092735,0.234567901,0.11,0.793784109
NC(C(=O)NC1CCCC1)c1cccc(Cc2cncc(F)c2)c1,384,0.88713286,0.328947368,0.21,0.808307088
NC(C(=O)NC1CCCC1)c1cccc(C2(F)CC2)c1,384,0.888061557,0.314285714,0.01,0.788915395
CC(NC(=O)c1cncc(F)c1)c1cnn(CC2CC2)c1,384,0.918182126,0.192771084,0.05,0.793434983
NC(C(=O)NCc1cncc(F)c1)c1cnn(CC2CC2)c1,384,0.837788579,0.188235294,0.27,0.767537731
NCC(NC(=O)c1cncc(F)c1)c1cncc(C2CC2)c1,384,0.883738341,0.197530864,0.22,0.779240708
NCC(NC(=O)c1cccc(F)c1)c1cncc(C2CC2)c1,384,0.891170428,0.265822785,0.19,0.8090685
NCC(C(=O)NCCc1cccc(F)c1)c1cnccn1,384,0.831217841,0.222222222,0.12,0.798453445
NCC(C(=O)NCCc1cccc(F)c1)c1cncnc1,384,0.831217841,0.230769231,0.19,0.803479855
NCC(C(=O)c1cccc(F)c1)c1cncnc1,384,0.829452362,0.236111111,0.16,0.79351343
NNC(c1cccc(F)c1)c1cncc(C2CC2)c1,384,0.653688595,0.22972973,0.13,0.788317867
NC(c1cccc(F)c1)c1cncc(C2CCSCC2)c1,384,0.934899894,0.223684211,0.19,0.771327291
NCC(C(=O)c1cccc(F)c1)c1cncc(C2CC2)c1,384,0.858598564,0.25974026,0.17,0.789552845
NCC(C(=O)c1cccc(F)c1)c1cncc(C2CCNCC2)c1,384,0.828517293,0.243902439,0.24,0.770243543
CC1C(=NC(=O)c2cnnn2C)c2ccccc2C(=O)N1c1cccnc1,385,0.695611096,0.346666667,0.07,0.730606409
CC1C(=NC(=O)c2ccnn2C)C(=O)N(c2ccccc2)N1C,385,0.83755121,0.586206897,0.01,0.726414363
CC1C(=NN(C)c2ccco2)C(=O)c2ccncc2N1C,385,0.791016326,0.227848101,0.23,0.683519729
CC1C(=NN(C)c2ccon2)C(=O)c2ccc(F)cc2N1C,385,0.796764078,0.166666667,0.08,0.687996251
CC1C(N)=NC(c2ccoc2)C(=O)c2ccc(F)cc2N1C,385,0.878292853,0.168674699,0.1,0.674387003
CC1C(=NO)c2cc(O)ccc2C(=O)N1c1cccnc1,385,0.618943174,0.27027027,0.05,0.754564318
CC1C(Br)=NN(C(=O)c2ccoc2)C(F)c2cccnc21,385,0.737020229,0.2125,0.09,0.653304646
CC1C(Br)=NN(c2ccncc2)C(O)c2ccc(C(F)F)nc21,385,0.858620989,0.146341463,0.11,0.651940468
Cc1c(Br)nnc(C(=O)c2ccncc2)c1-c1cccnc1,385,0.674993055,0.139240506,0.08,0.811412423
CC1c2cnc(Br)c(NC(=O)c3ccncc3)c2C(F)=NN1C,385,0.815675478,0.2125,0.16,0.701092488
CC1c2cnc(O)c(NC(C)c3ccncc3)c2C(F)=NN1C,385,0.910640493,0.182926829,0.18,0.656361862
CC1C(c2cncc(O)c2)CN(C(=O)c2ccncc2)C1F,385,0.864741966,0.160493827,0.09,0.690836094
CC1C(c2cncc(O)c2)CN(C(=O)c2ccncc2)C1=NC,385,0.920903456,0.170731707,0.12,0.688805841
CC1C(c2cncc(O)c2)CN(C(=O)C(F)F)c2cccnc21,385,0.924021844,0.19047619,0.15,0.681581814
CC1C(c2cncc(O)c2)CN(C(=O)c2ccncc2)C1=N,385,0.886931957,0.175,0.1,0.701766123
CC1c2nncc(OC(C)(F)c3ccncc3)c2CCN1C,385,0.872161066,0.142857143,0.1,0.658570093
CC1c2nncc(NC(C)c3ccncc3)c2CCN1CCF,385,0.919186524,0.136363636,0.16,0.686971565
CC1C(c2cncc(O)c2)CN(c2ccncc2)CCN1C,385,0.920020982,0.164556962,0.21,0.730553231
CC1C(c2cncc(O)c2)CN(c2ccncc2)CCN1CF,385,0.881402966,0.142857143,0.19,0.707134968
CC1C(c2cncc(O)c2)CCNCc2ccncc2N=C1C,385,0.848409386,0.113636364,0.26,0.633548768
Cc1c(-c2cncc(C(F)F)c2)cnnc1-c1ccncc1,385,0.736755103,0.086419753,0.42,0.80834307
Cc1c(-c2nccc(C(F)F)c2)cnnc1-c1ccncc1,385,0.736755103,0.097560976,0.39,0.803824877
Cc1c(-c2nccc(CCF)c2)cnnc1-c1ccncc1,385,0.739538372,0.095238095,0.38,0.806275984
Cc1c(-c2cncc(NCCO)c2)cnnc1-c1ccncc1,385,0.75232919,0.094117647,0.42,0.818012534
Cc1c(-c2cncc(NC3CC3)c2)cnnc1-c1ccncc1,385,0.799102139,0.095238095,0.38,0.822156277
Cc1c(-c2cncc(NCc3ccncc3)c2)ccnc1C#N,385,0.799704495,0.093023256,0.34,0.82638498
c1c(-c2cncc(NCc3cc[nH]c3)c2)ccnc1C#N,385,0.767036844,0.104651163,0.43,0.808460441
c1c(-c2cncc(NCc3cc[nH]c3)c2)ccnc1F,385,0.714232327,0.095238095,0.43,0.8175641
c1c(-c2c[nH]cc2-c2ccncc2)ccnc1[O-],385,0.741481851,0.114285714,0.35,0.769381256
c1ncc(-c2c[nH]cc2-c2ccncc2)cc1C#N,385,0.755431296,0.108108108,0.4,0.814361442
c1cc(-c2n[nH]cc2-c2ccncc2)ccc1C#CCO,385,0.70626506,0.088607595,0.61,0.812688729
c1cc(-c2c[nH]cc2-c2ccncc2)ncc1C#CCO,385,0.70626506,0.128205128,0.44,0.804138853
c1cc(-c2c[nH]cc2-c2ccncc2)ncc1NCCO,385,0.671207069,0.128205128,0.49,0.823781285
c1cc(-c2c[nH]cc2-c2ccncc2)ncc1CN,385,0.750413318,0.12,0.48,0.828280673
c1cc(-c2c[nH]nc2-c2ccncc2)ccc1N,385,0.672096736,0.082191781,0.61,0.836844827
c1cc(-c2n[nH]cc2-c2ccncc2)ccc1N,385,0.672096736,0.082191781,0.61,0.836844827
c1ccc(-c2n[nH]cc2-c2ccncc2)cc1,385,0.721871342,0.117647059,0.78,0.857216534
CCn1nc(CC(C)C)cc1C(=O)N1CCCC(Nc2ccc(OC)cc2)C1,386,0.788204688,1,0,0.799453684
CCn1nc(CC(C)C)cc1C(=O)N1CCCc2ccc(OC)cc21,386,0.832903423,0.542857143,0.01,0.837455626
CCn1ncc(CC(C)C)c1C1=NCC(Nc2ccc(O)cc2)C1,386,0.798955321,0.329113924,0.06,0.725058131
CCn1ncc(CC(C)C)c1CN1CCCNc2ccc(OC)cc21,386,0.863529103,0.341463415,0.11,0.804526701
CCn1nc(CC2CCCN(C)C2)cc1NCc1ccc(OC)cc1,386,0.837246765,0.376623377,0.04,0.788244393
CCn1nc(CC2CCCN(C)C2)cc1Nc1ccc(OC)cc1,386,0.880589857,0.424657534,0.05,0.790138303
CCn1nc(CC(C)C)cc1N1CCCNc2ccc(OC)cc21,386,0.898458624,0.432432432,0.135,0.798252791
CCn1nc(CC(C)C)cc1N1CCCNc2ccc(CC)cc21,386,0.87024562,0.333333333,0.12,0.792012745
CCn1nc(CC(C)C)cc1CN1CCCNc2ccc(OC)cc21,386,0.863529103,0.421052632,0.21,0.813853245
CCn1nc(CC(C)C)cc1CN1CCCNc2ccc(Br)cc21,386,0.803155406,0.325,0.22,0.804534691
CCn1nc(CC(C)C)cc1CN1CCCN(c2ccc(Br)cc2)CC1,386,0.685418513,0.320512821,0.08,0.85080661
CCn1nc(CC(C)C)cc1CN1CCCNc2cc(OC)ccc21,386,0.863529103,0.402597403,0.2,0.813939919
CCn1nc(CC(C)C)cc1CN1CCNc2cc(OC)ccc21,386,0.880549926,0.376623377,0.2,0.814846908
CCn1nc(CC(C)C)cc1CN1CCCNc2cc(OC)c(Br)cc21,386,0.734776172,0.325301205,0.26,0.791424495
CCn1nc(CC(C)C)cc1CN1CCCNc2cc(OC)c(N)cc21,386,0.774434747,0.333333333,0.22,0.790382978
CCn1nc(CC(C)C)cc1CN1CCCNc2cc(OC(F)F)ccc21,386,0.768930486,0.353658537,0.21,0.794624016
CCn1nc(CC(C)C)cc1CN1CCCNc2cc(OC)c(OC)cc21,386,0.797718578,0.341772152,0.19,0.807430899
CCn1nc(CC(C)C)cc1CN1CCCNc2cc(OC)c(F)cc21,386,0.84313416,0.325301205,0.19,0.797058637
CCn1nc(CC(C)C)cc1CN1CCCNc2nc(NC)ccc21,386,0.842889726,0.313253012,0.28,0.780141869
CCn1nc(CC(C)C)cc1CN1CCCNc2ccc(NC)nc21,386,0.842889726,0.329268293,0.26,0.775849345
CCn1nc(CC(C)C)cc1CN1CCCNc2nc(NC)ncc21,386,0.840315008,0.294117647,0.36,0.769907417
CCOC(=O)CC1c2cc(F)ccc2S(=O)(=O)N1c1ccccc1,387,0.796144471,0.796296296,0,0.785474302
CCOC(=O)C1c2cc(F)ccc2S(=O)N1c1cccc(C)c1,387,0.809984817,0.38028169,0.02,0.710615227
CCOC(=O)C1c2cc(F)ccc2S(=O)N1c1cccc(N)c1,387,0.691507311,0.369863014,0.07,0.696767872
CCOC(=O)C1c2cc(F)ccc2CN1c1cccc(N)c1,387,0.699040689,0.375,0.02,0.791243686
CCOC(=O)C1c2cc(F)ccc2N=C1c1cccc(N)c1,387,0.698835768,0.324324324,0.09,0.777194555
CCOC(=O)CC1c2cc(F)ccc2N=C1c1cccc(N)c1,387,0.692995097,0.388888889,0.13,0.77283929
CCOC(=O)CC1(Cc2cccc(C)c2)CNc2ccc(F)cc21,387,0.843907016,0.298701299,0.05,0.770730529
CCOC(=O)CCOc1cc(F)ccc1-c1cccc(N(C)C)c1,387,0.721638273,0.342465753,0.03,0.882509227
CCOC(=O)CCOc1cc(F)ccc1-c1cccc(CN(C)C)c1,387,0.680644018,0.333333333,0.03,0.881906175
CCOC(=O)CCOc1cc(F)ccc1-c1cccc(CN)c1,387,0.796123202,0.342465753,0.11,0.887295739
CCOC(=O)CCOc1cccc(-c2cccc(F)c2)c1C#N,387,0.763043641,0.306666667,0.08,0.878327218
CCOC(=O)CCOc1cccc(-c2cccc(F)c2)c1,387,0.757894006,0.375,0.03,0.917277034
CCOC(=O)CCOc1cccc(-c2cncc(F)c2)c1,387,0.766080485,0.328571429,0.12,0.889131393
CCCC(=O)CCOc1cccc(-c2cncc(F)c2)c1,387,0.771583979,0.243243243,0.18,0.873522418
CCCC(=O)CCc1cccc(-c2cncc(F)c2)c1,387,0.788170533,0.197368421,0.17,0.87782735
CCCC(=O)Cc1cccc(-c2cncc(N)c2)c1F,387,0.907360961,0.175,0.28,0.845280449
CCOC(=O)Cc1cccc(-c2cncc(N)c2)c1F,387,0.870184782,0.266666667,0.22,0.860187042
CCOC(=O)Cc1cc(-c2cncc(N)c2)ccc1F,387,0.870184782,0.24,0.27,0.868870284
CCOC(=O)Cc1ccc(F)c(-c2cncc(N)c2)c1,387,0.870184782,0.236842105,0.25,0.868955449
CCOC(=O)Cc1ccc(-c2cncc(N)c2)cc1F,387,0.870184782,0.24,0.27,0.870833471
CCOC(=O)Cc1cc(-c2cncc(N)c2)cnc1F,387,0.681451155,0.243243243,0.28,0.830223855
CCOC(=O)Cc1cc(-c2cncc(N)c2)cnc1NCCF,387,0.760791233,0.207317073,0.34,0.809159171
CCOC(=O)Cc1cc(-c2cccc(N)c2)cnc1NCCF,387,0.606366563,0.24691358,0.29,0.833304733
CCOC(=O)Cc1cc(-c2cncc(F)c2)cnc1NCCO,387,0.757066442,0.240506329,0.21,0.832397277
CCOC(=O)Cc1cc(-c2cnc(N)cc2F)cnc1OC,387,0.8498801,0.25974026,0.23,0.82630427
CCOC(=O)Cc1cc(-c2cncc(F)c2N)ccc1OC,387,0.859372372,0.256410256,0.2,0.848992795
CCOC(=O)Cc1cc(-c2cncc(F)c2N)cnc1N,387,0.827848698,0.233766234,0.35,0.809806706
CCOC(=O)Cc1cc(-c2cncc(F)c2N)ccc1F,387,0.879935082,0.236842105,0.2,0.841440393
CCOC(=O)Cc1cc(-c2cncc(F)c2)cnc1N,387,0.863003528,0.260273973,0.3,0.84531479
CCOC(=O)CCc1cc(-c2cncc(F)c2)cnc1N,387,0.854835178,0.253333333,0.3,0.850461501
CCOC(=O)CNc1cc(-c2cncc(F)c2)cnc1N,387,0.816580518,0.25,0.32,0.84113686
CCOC(=O)COc1cc(-c2cncc(F)c2)cnc1N,387,0.845230823,0.256756757,0.3,0.854824735
Cc1ccc(CN2CCNC(=O)C2CC(=O)N(Cc2c(C)nn(C)c2C)C2CC2)o1,388,0.748653433,1,0.02,0.751272197
Cc1ccc(CN2C(=O)CNC(=O)C2CC(C)c2c(C)nn(C)c2C)c(C2CC2)c1,388,0.797896125,0.282608696,0.05,0.702595425
Cc1ccc(C2CNCC(=O)N2Cc2c(C)nn(C)c2C)c2cc(C3CC3)oc12,388,0.73628027,0.290322581,0.06,0.714255218
Cc1ccc(N2CCNC(=O)C2CC(C)=Cc2c(C)nn(C)c2C)c(C2CC2)c1,388,0.836049974,0.348314607,0.12,0.733465415
Cc1ccc(C2CNC(=O)C2Cc2c(C)nn(C)c2C)c2cc(C3CC3)oc12,388,0.746371339,0.325842697,0.06,0.672875971
Cc1ccc(-c2c(C)nn(C)c2C)cc1C(=O)NCC1CCOc2ccccc21,388,0.723435375,0.242105263,0.1,0.789697428
Cc1oc(C2CCNC2)c(C)c1C(=O)NCc1ccc2occ(C)c2c1,388,0.745781253,0.158415842,0.06,0.745278295
Cc1oc(C2CNCC2C(=O)NCc2c(C)nn(C)c2C)c2ccoc12,388,0.749207372,0.288888889,0.11,0.673559687
Cc1oc(C2CNCC2C(=O)NCc2c(C)nn(C)c2C)cc1-c1ccoc1,388,0.708757482,0.276595745,0.07,0.685849965
Cc1ccc(N2CCNC(=O)C2Cc2c(C)nn(C)c2O)c2ccoc12,388,0.751957877,0.344827586,0.15,0.711731788
Cc1ccc(N2CCNC(=O)C2Cc2c(C)nn(C)c2O)c2ccccc12,388,0.748927529,0.345238095,0.1,0.74973094
Cc1ccc(N2CCNC(=O)C2Cc2c(C)nn(C)c2O)cc1C1CCC1,388,0.870148702,0.352941176,0.07,0.732813868
Cc1ccc(N2CCNC(=O)C2Cc2c(C)nn(C)c2O)cc1C1CCCC1,388,0.852964911,0.352941176,0.07,0.734451541
Cc1ccc(C2CNCC2C(=O)NCc2c(C)nn(C)c2O)cc1C1CC1,388,0.756235868,0.234042553,0.04,0.714172546
Cc1ccc(C2CNCC2C(=O)N(C)Cc2c(C)nn(C)c2C)c(O)c1,388,0.879206212,0.313953488,0.02,0.734388084
Cc1ccc(C2CNCC2C(=O)N(C)Cc2c(C)nn(C)c2C)c(CO)c1,388,0.842017076,0.318181818,0.03,0.726493314
Cc1ccc(C2CNCC(=O)N2Cc2c(C)nn(C)c2C)cc1C1CCCN1,388,0.854000123,0.293478261,0.04,0.707370705
Cc1ccc(C2CNCC(=O)N2CCc2c(C)nn(C)c2C)cc1C1CCCN1,388,0.81656982,0.276595745,0.09,0.705767815
Cc1ccc(C2CNCC(=O)N2Cc2c(C)nn(C)c2C)cc1-c1ccnn1C,388,0.740464417,0.285714286,0.13,0.741730812
Cc1ccc(C(=O)N2CCNC(=O)C2Cc2c(C)nn(C)c2C)cc1C1CC1,388,0.885727662,0.426829268,0.02,0.766371437
Cc1cc(C(=O)N2CCNC(=O)C2Cc2c(C)nn(C)c2C)ccc1C1CC1,388,0.885727662,0.426829268,0.02,0.767482326
Cc1cc(-c2c(C)nn(C)c2C)ccc1C1CNCCN1C(=O)C1CCCN1,388,0.856006896,0.242105263,0.1,0.725904298
Cc1ccc(C(=O)N2CCNCC2Cc2c(C)nn(C)c2C)cc1C1CC1,388,0.905192161,0.318181818,0.11,0.770092637
Cc1cc(-c2c(C)nn(C)c2C)ccc1CC1CNCCN1C(=O)C1CC1,388,0.905208248,0.260869565,0.09,0.772271509
Cc1cc(-c2c(C)nn(C)c2C)ccc1CN1CCNC(=O)C1C(C)O,388,0.874689543,0.352941176,0.11,0.733001302
Cc1cc(-c2c(C)nn(C)c2C)ccc1CN1CCNC(=O)C1C1CC1,388,0.920428895,0.361445783,0.15,0.768884844
Cc1cc(-c2c(C)nn(C)c2C)ccc1CN1CCNC(=O)C1CC,388,0.930953764,0.4,0.13,0.780975869
Cc1cc(-c2c(C)nn(C)c2C)ccc1CN1CCNC(=O)CC1,388,0.941721189,0.285714286,0.15,0.84390739
Cc1cc(-c2c(C)nn(C)c2C)ccc1CN1CCNC(=O)C1,388,0.942203135,0.285714286,0.12,0.841586046
Cc1cc(-c2c(C)nn(C)c2C)ccc1CN1CCNC1=O,388,0.946425997,0.3125,0.21,0.833451307
Cc1cc(-c2c(C)nn(C)c2C)ccc1CN1CCNC(=O)C1=O,388,0.868737986,0.285714286,0.29,0.823386487
Cc1cc(-c2cn(C)nc2C)ccc1CN1CCNC(=O)C1CCC(N)=O,388,0.801860692,0.337078652,0.23,0.763679509
COc1ccc(-c2cc(C(O)Nc3ccc4c(c3)OCCO4)on2)cc1,389,0.680417454,0.745454545,0.04,0.786990107
COc1ccc(-c2cc(C(O)c3ccc4c(c3)OCCO4)on2)cc1,389,0.786723451,0.5,0.02,0.805989692
COc1ccc(-c2cc(C(O)c3ccco3)on2)cc1,389,0.789501229,0.333333333,0.01,0.802538841
COc1ccc(-c2cc(C(C)O)c3c(c2)OCCO3)cc1,389,0.941062745,0.318181818,0.06,0.822404727
COc1ccc(-c2cc(=O)c3cc(C)ccc3o2)cn1,389,0.715256445,0.125,0.07,0.873689158
COc1ccc(-c2cc(C)c3c(c2)OCCO3)cn1,389,0.829117937,0.225352113,0.05,0.858125533
COc1ccc(-c2cc(C)c3c(n2)OCCN3)cc1,389,0.896898011,0.236111111,0.18,0.840773086
COc1cc(-c2ccc3c(c2)OCCO3)c(Cl)nn1,389,0.844987935,0.303030303,0.1,0.841233785
COc1ccc(-c2cc(C)c3c(n2)OCCN3)cn1,389,0.89396283,0.17721519,0.25,0.805236862
COc1ccncc1-c1cc(C)c2c(n1)OCCN2,389,0.89396283,0.223684211,0.33,0.798189869
COc1ccncc1-c1cc(C)c2c(n1)NCCO2,389,0.89396283,0.223684211,0.32,0.798735883
COc1ccncc1-c1cc2c(c(C)c1OC)NCCN2,389,0.90784396,0.186666667,0.32,0.791700367
COc1ccncc1-c1cc2c(C)cnc(OC)c2[nH]1,389,0.793781783,0.155844156,0.44,0.817270265
COc1ccncc1-c1[nH]cc2ccnc(C3OCCN3)c12,389,0.775370488,0.164705882,0.46,0.700475696
COc1ccncc1-c1cc2c(c(OC)c1F)NCCN2,389,0.909654243,0.186666667,0.32,0.786768316
COc1cnncc1-c1cc2c(c(OC)c1)NCCN2,389,0.890396698,0.183098592,0.22,0.777610034
COc1ccncc1-c1cc2c(c(OC)c1)NCCN2,389,0.898370768,0.194444444,0.36,0.813234968
COc1cc(-c2ccncc2)cc2c1OCCNCCCO2,389,0.923312304,0.226666667,0.31,0.799529897
COc1ccncc1-c1cc2cc3c(cc2[nH]1)OCCO3,389,0.784679728,0.285714286,0.39,0.842734883
COc1cnccc1-c1cc2cc3c(cc2[nH]1)OCCO3,389,0.784679728,0.289855072,0.34,0.837895925
COc1ccncc1-c1cc2cc3c(cc2[nH]1)OCCN3,389,0.757700363,0.246753247,0.43,0.810343072
COc1ccncc1-c1cc2cc3c(cc2[nH]1)NCCO3,389,0.757700363,0.25,0.43,0.810637364
CCCOC(=O)C1C(C)=NC2=CC(C)(C)CC(=O)C2C1c1cccnc1,390,0.77311262,1,0,0.677986212
CCCOC(=O)C1C(C)=NC2=CC(C)(C)CC(C)N2C1c1cccnc1,390,0.762226298,0.541666667,0.01,0.650703947
CCCOC(=O)C1C(C)=NC2=CC(C)(C)NC2C1c1cccnc1,390,0.863856998,0.682539683,0.02,0.653318137
CCCOC(=O)C1C(C)=NC(C)(C)C(C)=NC1c1cccnc1,390,0.799851994,0.5,0.03,0.685475705
CCCOC(=O)C1C(C)=NCC(C)(C)C1c1cccnc1,390,0.799204363,0.53030303,0.07,0.70197532
CCCOCC(C)C1C(C)=NC(C)(C)C1c1cccnc1,390,0.738654746,0.351351351,0.05,0.670454771
CCCOCC1C(C)=NCC(C)(C)C1c1cccnc1,390,0.767109594,0.375,0.13,0.688022234
CCCOC(=O)C1CN=C(C)C(C)(C)NC1c1cccnc1,390,0.868239052,0.458333333,0.06,0.686643497
CCCOC(=O)C1CN=C(C)C(C)(C)C1c1cccnc1,390,0.799204363,0.47826087,0.01,0.700241898
CCCOC(=O)C1(C)N=C(C)C(C)(C)C1c1cccnc1,390,0.798064427,0.434782609,0.01,0.684335113
CCCOC(=O)C1(C)N=C(C(C)CC)C1c1cccnc1,390,0.754008326,0.397260274,0.03,0.671581297
CCCOC(=O)C1(C)N=C(c2cccnc2)C2CNCC21,390,0.851001909,0.346153846,0.09,0.661273702
CCCOC(=O)C1(C)NCC(C)(C)C1c1cccnc1,390,0.858523627,0.428571429,0.06,0.690761859
CCCOCC(=O)C1NCC(C)(C)C1c1cccnc1,390,0.808985896,0.397260274,0.07,0.691876355
CCCOCC1(C)CNCC(C)(C)C1c1cccnc1,390,0.838459195,0.342465753,0.19,0.682572509
CCCOCC1(C)CNCC(c2cccnc2)C(C)(C)C1,390,0.841093448,0.346666667,0.14,0.691021465
CCCOCC1(C)CNC(c2cccnc2)C(C)(C)CN1,390,0.818463071,0.333333333,0.25,0.654583394
CCCOCC1(C)CNC(=O)C(C)(C)C1c1cccnc1,390,0.848374285,0.388888889,0.15,0.681353569
CCCOCC1(C)NC(=O)C(C)(C)C1c1cccnc1,390,0.840700314,0.38028169,0.15,0.681976125
CCCOCC1(C)NC(=O)C(C)(C)CNC1c1cccnc1,390,0.817406399,0.36,0.23,0.659200874
CCCOCC1(C)NCC(c2cccnc2)C(C)(C)CN1,390,0.818463071,0.356164384,0.19,0.651803472
CCCOCC1(c2cccnc2)CNC(=O)C(C)(C)CN1,390,0.806080436,0.298701299,0.18,0.690813862
CCCOCC1(C)CNC(c2cccnc2)C(C)(C)CCCCN1,390,0.806738243,0.329113924,0.23,0.624810969
CCCOCC1(C)CNCCC(c2cccnc2)C(C)CN1,390,0.820897261,0.308641975,0.16,0.622022266
CCCOCC1(C)NCC(C)(CC)CNC1c1cccnc1,390,0.793395243,0.342105263,0.19,0.62554329
CCCOCC1(C)NCC(C)(c2cccnc2)C(C)CN1,390,0.81736084,0.278481013,0.16,0.628002467
CCCOCC1(C)NCC(C)(c2cccnc2)CNC1C,390,0.815749584,0.294871795,0.14,0.620794384
CCCOCC1(C)NC(c2cccnc2)C(C)(C)CN1,390,0.811790779,0.337837838,0.22,0.654875805
CCCOCC1(C)NCC(C)(CC)CCC1c1cccnc1,390,0.801688749,0.337662338,0.15,0.653724679
CCCOCC1(C)NC(C)(C)CCC1c1cccnc1,390,0.835652738,0.356164384,0.12,0.694992289
CCCOCC1(C)CCC(C)(C)C(c2cccnc2)N1,390,0.832328663,0.342465753,0.2,0.676646135
Cc1ccc(Cn2cc(C(O)Nc3ccc(C)cn3)cc2O)cc1,391,0.629775015,1,0,0.761075551
CCc1ccc(Cn2cc(C(O)Nc3ccc(C)cn3)cc2)cc1,391,0.67693236,0.581818182,0,0.776442874
CCc1ccc(CN2CCC(O)(Nc3ccc(C)cn3)C2)cc1,391,0.833619408,0.387096774,0.04,0.780204486
Cc1cnc(Nc2ccc(C3CCCCN3)cc2)nc1O,391,0.807852523,0.146666667,0.48,0.783749485
Cc1cnc(Nc2ccc(C3CCCCN3)cc2)nc1,391,0.896047197,0.15942029,0.27,0.811141754
Cc1ccc(Cn2cc(CCCN)cn2)cc1C1CC1,391,0.875757549,0.194444444,0.1,0.858480791
Cc1ccc(CN2CCC(O)(CN)CC2)cc1C1CC1,391,0.884344855,0.185714286,0.02,0.843095559
Cc1ccc(CN2CCC(O)(CN)CC2)cc1-n1cccn1,391,0.89703063,0.202702703,0.05,0.830959676
Cc1ccc(CNc2ccc(C(N)=NCCO)o2)cc1,391,0.554171688,0.212121212,0.04,0.814355015
Cc1ccc(Cn2ccc(CC(C)(N)CN)n2)cc1,391,0.85268436,0.234375,0.02,0.788901058
Cc1ccc(CN2CCC(CN=C(N)N)=CC=C2)o1,391,0.634854217,0.133333333,0.12,0.742096271
Cc1ccc(CNc2ncc(CN)c(C3CCCCN3)n2)o1,391,0.78476822,0.120481928,0.33,0.747162956
Cc1ccc(CN2CCC(CN)(c3ccco3)C2)nc1,391,0.924791515,0.219178082,0.14,0.754174385
Cc1ccc(CN2CCC(CN)(c3ncc[nH]3)C2)cc1,391,0.890730042,0.246376812,0.31,0.766238576
Cc1ccc(Cn2cc(CCCN)nn2)cc1C1CCCCN1,391,0.858701016,0.172839506,0.05,0.774330997
Cc1ccc(Cn2cc(CN(CCN)c3ccco3)nn2)cc1,391,0.723872871,0.232876712,0.07,0.819921145
Cc1ccc(Cn2cc(CN)c(CCn3cccn3)n2)cc1,391,0.757606956,0.228571429,0.09,0.837327186
Cc1ccc(CN2CCN(C(CN)c3ccccn3)CC2)cc1,391,0.919530797,0.253731343,0.1,0.834569803
Cc1ccc(Cn2cc(CNc3ncccn3)cc2CN)cc1,391,0.734475359,0.338709677,0.15,0.838680043
Cc1ccc(-c2ncc(CNc3ccccn3)c(CN)n2)cc1,391,0.757661825,0.194444444,0.2,0.851365921
Cc1ccc(Cn2cc(CCn3ccnc3)c(CN)n2)cc1,391,0.757606956,0.225352113,0.1,0.830546176
Cc1ccc(Cn2cc(CN)c(-c3ccc[nH]3)n2)cc1,391,0.762428174,0.23880597,0.24,0.835447965
Cc1ccc(Cn2cc(CN)c(-c3ccc[nH]3)n2)cn1,391,0.759902747,0.191780822,0.25,0.807173164
Cc1ccc(CNc2ncc(-c3ccc[nH]3)cn2)cc1CN,391,0.675540995,0.178082192,0.31,0.829539445
Cc1ccc(CNc2ncc(C[N-])c(-c3ccc[nH]3)n2)cc1,391,0.751660977,0.211267606,0.24,0.793044734
Cc1ccc(CNc2nccc(-c3ccc[nH]3)n2)cc1CN,391,0.675540995,0.155844156,0.59,0.833653628
Cc1ccc(CNc2nccc(-c3ccc[nH]3)n2)cc1,391,0.759088971,0.208955224,0.55,0.864756799
Cc1ccc(Nc2nccc(-c3ccc[nH]3)n2)cc1,391,0.747366813,0.161764706,0.88,0.869319134
Cc1ccc(Nc2nccc(-c3ccc[nH]3)n2)nc1,391,0.750729964,0.242424242,0.66,0.835807596
CC1=Nc2nc(-c3cc(O)ccc3O)nn2C(c2ccccc2)C1,392,0.70847795,0.574074074,0.05,0.760862495
CC1=Nc2nc(-c3ccccc3O)nn2C(c2ccccc2)C1,392,0.784195356,0.62,0.02,0.778245578
CC1=Nc2nc(C3=CC=NC3O)nn2C(c2ccccc2)C1,392,0.921417882,0.545454545,0.02,0.662283291
CC1=Nc2nc(C3=CC=NCC3O)nn2C(c2ccccc2)C1,392,0.923750972,0.526315789,0.03,0.662083432
C1=NC2=NC(c3ccccc3O)=NN2C(c2ccccc2F)C1,392,0.7879831,0.257575758,0.02,0.750758781
CC1=Nc2nc(-c3ccccc3)nn2C(c2ccccc2)C1,392,0.714188116,0.617021277,0.02,0.80300895
CC1=Nc2nc(-c3cccn3CCO)sc2C(c2ccccc2)C1,392,0.774279538,0.289855072,0.03,0.720256185
CC1=Nc2nc(C(O)c3ccccc3)nn2C(c2ccccc2)C1,392,0.804303272,0.588235294,0.01,0.739981046
CC1=Nc2nc(C(O)c3ccccc3)nn2C1c1ccccc1,392,0.808598244,0.344827586,0.01,0.73726644
CC1=Nc2nc(CC(C)O)nn2C(c2ccccc2)C1,392,0.93032522,0.576923077,0.01,0.720552555
CC1=Nc2nc(Cc3ccccc3)nn2C(c2ccccc2)C1,392,0.734833932,0.58,0,0.794082293
CC1CNc2nc(-c3ccccc3)nn2C(c2ccccc2)C1,392,0.77828436,0.295081967,0.12,0.749265765
CC1CNc2nc(-c3ccccc3)nn2C(c2cccs2)C1,392,0.776320089,0.214285714,0.09,0.716132189
CC1CNc2nc(-c3ccccc3)nc(-c3ccccc3)c2C1,392,0.761366421,0.209677419,0.14,0.808556049
CC1CNc2nc(-c3ccccc3)ncc2-c2cccn2C1,392,0.74324686,0.185714286,0.19,0.751724453
CC1CNc2nc(-c3ccccc3)ncc2C(CCO)C1,392,0.908655613,0.183098592,0.21,0.734081725
CC1CNc2nc(-c3ccccc3)ncc2C(C)N1,392,0.821030096,0.184615385,0.25,0.727394431
CC1CNc2ncc(-c3ccccc3)nc2N(C)C1,392,0.849098372,0.179104478,0.31,0.769717282
CC1CNc2ncc(-c3ccncc3)nc2N(C)C1,392,0.844734856,0.128571429,0.46,0.74272903
CC1CNc2ncc(-c3ccncc3)nc2N(C)C1=O,392,0.85038682,0.125,0.4,0.743938794
CC1CNc2ncc(-n3ccnc3)cc2C(=O)N1C,392,0.83218587,0.106666667,0.17,0.719465731
CC1CNc2ncc(-c3ccncc3)nc2C(=O)N1C,392,0.847528817,0.125,0.42,0.740413288
CC1CNc2ncc(-c3ccncc3)cc2C(=O)N1C,392,0.859438128,0.111111111,0.39,0.758697769
CC1CNc2ccc(-c3ccncc3)cc2CCC1=O,392,0.860669026,0.115942029,0.51,0.790796931
CCC1CNc2ccc(-c3ccncc3)cc2C1=O,392,0.890473067,0.1,0.57,0.788163716
CCC1CNc2ccc(-c3ccncc3)cc2N1CC,392,0.916991199,0.114285714,0.52,0.780784995
c1ccc(Cn2nnc3c(NCC4CCCO4)nc(C4CC4)nc32)cc1,393,0.736446188,1,0,0.787094384
c1ccc(CNc2nc(C3CCCNC3)nc3cc(C4CC4)nnc23)cc1,393,0.726456221,0.342105263,0.35,0.758053804
c1ccc(CNc2nc(NCC3CC3)c3ncnc(CO)c3n2)cc1,393,0.609248116,0.276315789,0.19,0.827390724
c1ccc(CNc2nc(NCCC3CC3)nc3ncncc23)cc1,393,0.695841003,0.209876543,0.22,0.844940691
c1ccc(CNc2nc(NCCC3CC3)c3ncncc3n2)cc1,393,0.695841003,0.243589744,0.2,0.84476041
c1ccc(CNc2nc3c(NCC4CC4)ncnc3cn2)cc1,393,0.729123327,0.27027027,0.26,0.856974012
c1ccc(CNc2nc3ncnnc3cc2NC2CC2)cc1,393,0.752588124,0.230769231,0.14,0.8239125
c1ccc(CNc2nc3ncncc3c3cc[nH]c23)cc1,393,0.602596888,0.17721519,0.24,0.834148511
c1ccc(CNc2nc3ncncc3c(NC3CC3)n2)cc1,393,0.752588124,0.236842105,0.28,0.852683861
c1ccc(CNc2nc(NCC3CC3)nc3nc[nH]c23)cc1,393,0.651302434,0.233766234,0.25,0.849695459
c1ccc(Nc2nc(NCC3CC3)nc3nc[nH]c23)cc1,393,0.669447994,0.205128205,0.32,0.850255975
c1ccc(NCc2nc3nc[nH]c3c(NC3CC3)n2)cc1,393,0.669105432,0.192307692,0.18,0.839739598
c1ccc(Nc2nc3nc[nH]c3c(NCC3CC3)n2)cc1,393,0.669447994,0.220779221,0.44,0.85056069
c1ccc(Nc2nc(NC3CC3)c3cccnc3n2)cc1,393,0.765455502,0.184210526,0.36,0.878286992
c1ccc(Nc2nc(C3CC3)nc3[nH]cnc(=O)c23)cc1,393,0.768435279,0.260273973,0.29,0.828305928
c1ccc(Nc2nc(C3CC3)nc3[nH]c(CO)cc23)cc1,393,0.686359601,0.273972603,0.21,0.8320913
c1ccc(Nc2nc(C3CC3)nc3[nH]c(C4CC4)nc23)cc1,393,0.765874148,0.294117647,0.19,0.828526465
c1ccc(CNc2nc(C3CC3)nc3[nH]c(C4CC4)nc23)cc1,393,0.753675012,0.378787879,0.18,0.830498183
c1ccc(Cc2nc(NC3CC3)c3[nH]cnc3n2)cc1,393,0.760369175,0.213333333,0.17,0.849609993
c1ccc(Nc2nc(C3CC3)nc3[nH]cnc23)cc1,393,0.750634152,0.294117647,0.32,0.835341937
c1ccc(Nc2ncnc3[nH]c(C4CC4)nc23)cc1,393,0.750634152,0.222222222,0.51,0.849336442
c1ccc(Nc2ncnc3[nH]c(C4CC4)cc23)cc1,393,0.746659955,0.189189189,0.39,0.858029025
c1ccc(Nc2nc(C3CC3)nc3[nH]ncc23)cc1,393,0.750634152,0.294117647,0.28,0.849335893
c1ccc(CNc2ncnc3[nH]c(C4CC4)nc23)cc1,393,0.760898067,0.281690141,0.4,0.850593827
c1ccc(CNc2ncnc3[nH]c(-c4ccccc4)nc23)cc1,393,0.603801777,0.205479452,0.99,0.876731255
c1ccc(Nc2ncnc3c(-c4ccccc4)n[nH]c23)cc1,393,0.60176127,0.131578947,0.51,0.865686371
c1ccc(Nc2ncnc3c2nc(-c2cccnc2)[nH]3)cc1,393,0.605067763,0.135802469,0.88,0.856493131
c1ccc(Nc2ncnc3[nH]c(C4CC4)c(C#N)c23)cc1,393,0.767077299,0.17721519,0.45,0.825763936
CC(C)c1cccc2[nH]c(C=O)nc1-c1ccccc1N=N2,393,0.732903525,0.107142857,0.06,0.668787933
CC(C)C(=O)c1ccccc1Nc1ncnc2[nH]ccc12,393,0.717014428,0.107142857,0.49,0.847749085
CC(C)c1ccnc2c(Nc3ccccc3)nc(=S)[nH]c12,393,0.695935663,0.135802469,0.28,0.828189085
CC(C)(C)c1ccnc2nc(-c3ccccc3)[nH]c12,393,0.711788042,0.103896104,0.57,0.856187439
CC(C)C(=O)c1nc(-c2ccccc2)nc2[nH]ccc12,393,0.737621577,0.126582278,0.14,0.842157174
CC(C)C(=O)c1nc(-c2ccccc2F)nc2[nH]ccc12,393,0.747016807,0.107142857,0.18,0.827127212
CC(C)(C)c1nc(Nc2ccccc2F)c2nc[nH]c2n1,393,0.755545448,0.151898734,0.24,0.817814304
CN(CCN)c1nc(-c2ccccc2F)nc2[nH]ccc12,393,0.77033551,0.119047619,0.31,0.826121393
CC(C)(C)c1nc(Nc2ccccc2F)c2nc[nH]c2[nH+]1,393,0.760755839,0.146341463,0.21,0.728177538
CC(C)(C)c1nc2ncnc(Nc3ccccc3F)c2[nH]1,393,0.755545448,0.12195122,0.29,0.832899832
CC(C)(C)c1nc(Nc2ccncc2F)c2cc[nH]c2n1,393,0.755545448,0.107142857,0.34,0.806341293
CC(C)c1nc2ncnc(Nc3ccncc3)c2cc1F,393,0.797506191,0.082352941,0.28,0.826353957
CC(CNc1ncc(-c2ccncc2)c2nc[nH]c12)C(F)F,393,0.758447496,0.103448276,0.5,0.730969957
CC(CN)Nc1ncnc2[nH]c(-c3ccncc3)c(F)c12,393,0.681105436,0.08045977,0.57,0.738546778
CC(C)(CN)Nc1ncnc2[nH]cc(-c3ccncc3)c12,393,0.681696956,0.082352941,0.84,0.799137546
CC(C)Nc1ncnc2[nH]cc(-c3ccncc3)c12,393,0.752875413,0.086419753,0.81,0.830485813
CN1CCN(CC(=O)C23CC4CC(CC(C4)C2)C3)CC1,394,0.787740274,1,0,0.719479635
CC1CCN(CC(=O)c2ccc3c(c2)C2CCC3C2)CC1,394,0.782439048,0.264150943,0.01,0.706176059
CC1CCN(CC(=O)C23CC4CC(CC(C4)C2)C3)CC1,394,0.785421619,0.685714286,0.02,0.718385206
CN1CCN(CC(=O)C(=O)C23CC4CC(CC(C4)C2)C3)CC1,394,0.739668177,0.714285714,0,0.69270959
CN1CCN(CC(=O)NC(=O)c2ccc3c(c2)CCCC3)CC1,394,0.906439342,0.307692308,0,0.886601874
CN1CCN(CC(=O)Nc2ccc3c(c2)CCCN(C)C3)CC1,394,0.910896629,0.296296296,0,0.88223684
CN1CCN(CC(=O)Cc2ccc3c(c2)CCC(=O)N3)CC1,394,0.898781064,0.346153846,0.04,0.854035134
CN1CCN(CC(=O)Cc2ccc3c(c2)CCCN3)CC1,394,0.907959763,0.296296296,0.04,0.850473646
CN1CCN(CC(=O)Cc2ccc3c(c2)NC(=O)C3)CC1,394,0.878051706,0.320754717,0.05,0.847372675
CN1CCN(CC(=O)c2ccc3c(c2)NC(=O)CS3)CC1,394,0.849477976,0.333333333,0.03,0.851006008
CN1CCN(CC(=O)c2ccc3c(c2)NC(=O)C3)CC1,394,0.81999827,0.36,0.06,0.86454017
CN1CCN(CC(=O)c2ccc3c(c2)CNC3=O)CC1,394,0.808041742,0.333333333,0.16,0.858728834
CN1CCN(CC(=O)c2ccc3c(c2)C(=O)NC3)CC1,394,0.808041742,0.333333333,0.16,0.858437876
CN1CCN(CC(=O)c2ccc3c(c2)C(=O)NC3)CC1=O,394,0.787418672,0.24137931,0.17,0.829986664
CN1CCN(CC(=O)c2ccc3c(c2)C(=O)N3)CC1,394,0.811186883,0.375,0.29,0.875540431
CN1CCN(CCC(=O)c2ccc3c(c2)C(=O)N3)CC1,394,0.833899901,0.31372549,0.3,0.870457579
CN1CCN(CCC(=O)c2ccc3c(c2)C(=O)N3)CC1(C)C,394,0.862467264,0.220338983,0.26,0.827528482
CN1CCN(CCC(=O)c2ccc3c(c2)C(=O)N3)C(=O)CC1,394,0.842059724,0.25862069,0.35,0.845795943
CN1CCN(CCCC(=O)c2ccc3c(c2)C(=O)N3)C(=O)CC1,394,0.833527625,0.25,0.34,0.846482721
CN1CCN(CCC(=O)c2ccc3c(c2)C(=O)NC(=O)N3)CC1,394,0.777365417,0.267857143,0.08,0.85774852
CN1CCN(CCC(=O)c2ccc3c(c2)C(=O)NC3=O)CC1,394,0.643424915,0.31372549,0.17,0.863841849
CN1CCN(CCC(=O)c2ccc3c(c2)C(=O)N3)CCC1,394,0.85198091,0.290909091,0.3,0.864847034
COc1ccccc1N1C(=O)C2SCC=C2N=C1SCC(=O)N1CCc2ccccc21,395,0.709117048,1,0.01,0.729317196
COc1ccccc1N1C(=O)C2SCC=C2N=C1SCC(=O)N1CCCC1,395,0.773627212,0.76119403,0.01,0.731159825
COc1ccccc1N1C(=O)C2SCC=C2N1CCC1=CC=CC1,395,0.820791229,0.345238095,0.06,0.671377504
COc1ccccc1N1CCn2cccc2C1=CC(=O)N1CCSC1,395,0.793740291,0.258426966,0.04,0.773997258
COc1ccccc1N1CCSC2=NC(C(=O)N3CCOCC3)CS21,395,0.808953837,0.284090909,0.02,0.638573334
COc1ccc2ccccc2c1C=NN1CCSCC1CCO,395,0.856248225,0.191489362,0.03,0.758208609
COc1ncc2ccccc2c1N1CCSC(=CC#N)C1,395,0.796679102,0.14893617,0.13,0.759662549
COc1ccccc1N1CCSC1=CC(=O)N1CCOCC1,395,0.796459612,0.265060241,0.03,0.821556272
COc1ccc(-c2ccccc2)c(=NC2CCSC2)n1OC,395,0.869750856,0.157303371,0.03,0.706299975
COc1ccc(-c2ccccc2)c(SCN2CCOCC2)c1,395,0.783525759,0.2,0.02,0.868339482
COc1ccccc1N1CCSC1=CC1=CC=C(O)CC1,395,0.904326306,0.253012048,0.05,0.763358387
COc1ccccc1N1CCSC1=Cc1ccc(C)s1,395,0.820880879,0.234567901,0.03,0.815684304
COc1ccccc1N1CCSC1=CC(=O)c1cccs1,395,0.628735655,0.265060241,0.04,0.821225726
COc1ccccc1N1CCSC(SCC(=O)NCCOC)C1,395,0.719882803,0.329411765,0.01,0.769877679
COc1ccccc1N1CCC(NC(=O)C2=CCSCC2)C1,395,0.925797539,0.321428571,0,0.772827859
COc1ccccc1N1CCN=C1SCC(=O)N1CCOCC1,395,0.833832701,0.379746835,0,0.839318849
COc1ccccc1N1CCSC2=C1C(=O)NCC2=CCO,395,0.884459849,0.261363636,0.135,0.757990201
COc1ccccc1N1CCc2[nH]nc(OCC(=O)[O-])c2C1,395,0.842795717,0.279069767,0.07,0.783724511
COc1ccccc1N1CCc2c(n[nH]c2SCC(N)=O)C1,395,0.817388553,0.317647059,0.1,0.798556013
COc1ccccc1N1CCSc2[nH]cnc(=O)c2C1=O,395,0.85161068,0.261904762,0.075,0.80226729
COc1ccccc1N1CCSc2c1c(=O)[nH]cc2C=O,395,0.882394983,0.244186047,0.1,0.793957034
COc1ccccc1N1CCSc2c1c(=O)[nH]cc2NC=O,395,0.845706124,0.235955056,0.105,0.782605341
COc1ccccc1N1CCSC2=C1C(=O)NCC=C2N,395,0.864998208,0.261904762,0.19,0.762059598
COc1ccccc1N1CCSC2=C1C(=O)NCC=NC2=O,395,0.886961475,0.255813953,0.203333333,0.754822924
COc1ccccc1N1CCSC2=C1C(=O)NCC=N2,395,0.898647443,0.261904762,0.205,0.751096506
COc1ccccc1N1CCSC2=C1C(=O)NCC2N,395,0.847832119,0.261904762,0.13,0.728073207
COc1ccccc1N1CCSC2=C1C(=O)NCCC2N,395,0.862083781,0.255813953,0.14,0.728355496
COc1ccccc1N1CCSC2=C1C(=O)NCC2=O,395,0.885484614,0.256097561,0.185,0.789612775
COc1ccccc1N1CCSC2=C1C(=O)NCCC2=O,395,0.89814129,0.265060241,0.185,0.792190111
COc1ccccc1N1CCSC2=C1C(=O)NCC(=O)N=C2,395,0.886961475,0.255813953,0.205,0.753430982
COc1ccccc1N1CCSC2=C1C(=O)NC2=O,395,0.820215292,0.269230769,0.365,0.808494562
N#CCCn1c(C(C#N)(CCC#N)CCC#N)nc2ccccc21,396,0.777018192,1,0.04,0.761314329
N#CCCn1c(C(C#N)(CCC#N)C2CC2)nc2ccccc21,396,0.817288661,0.666666667,0.09,0.709905088
N#CCCn1c(C(C#N)C2CCC2C#N)nc2ccccc21,396,0.864463192,0.446428571,0.02,0.670304537
N#CCCn1c(C(C#N)C2CC2)nc2cccc([N+](=O)[O-])c21,396,0.621967146,0.323076923,0.06,0.722462077
N#CCCn1c(C(CCC#N)C[NH3+])nc2ccccc21,396,0.861430543,0.490196078,0.02,0.708660522
N#CCCn1c(C(C#N)C2CC2)nc2ccccc21,396,0.837418159,0.509803922,0.03,0.758893651
N#CCCn1c(C(C#N)CCC#N)nc2ccccc21,396,0.829031886,0.510204082,0.03,0.747301008
N#CCCn1c(C(C#N)CO)nc2ccccc21,396,0.877996031,0.5,0.03,0.763990353
N#CCCn1c(C(CN)CCC#N)nc2ccccc21,396,0.868772112,0.490196078,0.04,0.76226565
N#CCn1c(C(CN)CCN)nc2ccccc21,396,0.817157691,0.363636364,0.05,0.768768634
N#CCCn1c(C(CN)N2CCCCC2)nc2ccccc21,396,0.919837421,0.446428571,0.08,0.791860311
N#CCCn1c(-n2cccc2CN)nc2ccccc21,396,0.785584392,0.471698113,0.06,0.81261083
N#CCCn1c(-c2nccn2CCC#N)nc2ccccc21,396,0.722908996,0.490196078,0.03,0.81510483
N#CCCn1c(-c2ncccc2CN)nc2cc[nH]c21,396,0.752084988,0.296875,0.28,0.768513747
N#CCCn1c(C2=CCCNCC2)nc2ccncc21,396,0.92457474,0.333333333,0.21,0.774695261
N#CCCn1c(C2CCCNCC2)nc2ccncc21,396,0.92728886,0.333333333,0.25,0.769391298
N#CCCn1c(C2CCCNC2)nc2cnccc21,396,0.907989303,0.35483871,0.35,0.762045289
N#CCCn1c(C2CCCNC2)nc2ccncc2c1=O,396,0.913875476,0.294117647,0.32,0.758323003
N#CCCn1c(C2CCCNC2)nc2c(C#N)cccc21,396,0.934690034,0.349206349,0.23,0.75206777
N#CCCn1c(C2CCCNC2)nc2c(CN)cncc21,396,0.881697579,0.298507463,0.41,0.722483911
N#CCCn1c(C2CCCNC2)nc2c(N)cncc21,396,0.878934321,0.307692308,0.42,0.726115764
N#CCCn1c(C2CCCNC2)nc2c(N)cccc21,396,0.835175584,0.349206349,0.3,0.759739106
N#CCCn1c(C2CCCNC2)nc2c(N)ccnc21,396,0.878934321,0.303030303,0.3,0.737721069
N#CCCn1c(C2CCCNC2)nc2c(N)nccc21,396,0.878934321,0.303030303,0.25,0.747678364
N#CCCn1c(C2CCCNC2)nc2ccncc21,396,0.907989303,0.35483871,0.34,0.761580454
O=C(C=P(O)(O)=Cc1ccccc1)Nc1ncccn1,397,0.721012415,0.534883721,0.02,0.735679711
O=C(C=P(O)(O)Cc1ccccc1)Nc1ncccn1,397,0.736827754,0.456521739,0.01,0.804088348
O=C(C=P(O)(O)c1ccccc1)Nc1ncccn1,397,0.704681176,0.488372093,0.02,0.794951542
O=C(CS(O)(O)c1ccccc1)Nc1ncccn1,397,0.797259713,0.454545455,0.01,0.837261513
O=C(C=S(O)c1ccccc1)Nc1ncccn1,397,0.828776111,0.488372093,0.06,0.741320792
O=C(CCP(O)Cc1ccccc1)Nc1ncccn1,397,0.800660392,0.36,0.02,0.762804358
CC(=O)C(=Cc1ccccc1)Nc1nccc(CO)n1,397,0.812067464,0.351851852,0.17,0.832584165
O=C(CCS(=O)O)Nc1nccc(-c2ccccc2)n1,397,0.81785657,0.285714286,0.54,0.809232452
O=C(CCS)Nc1nccc(-c2ccccc2)n1,397,0.828969244,0.301886792,0.42,0.879704696
O=C(CCO)Nc1nccc(-c2ccccc2)n1,397,0.852146368,0.307692308,0.44,0.894823927
CC(=O)Nc1nccc(-c2ccccc2)n1,397,0.830681636,0.333333333,0.53,0.915947828
O=P(Nc1ccccc1Cl)(c1ccccc1)c1nc2c(s1)CCCC2,398,0.63817214,1,0,0.755185477
Clc1ccccc1NP(=O)(c1ccccc1)C1CCCCN1,398,0.811290823,0.389830508,0.05,0.722040743
NP(=O)(Cc1ccccc1Cl)c1nc2c(s1)CCCC2,398,0.874154241,0.527272727,0.01,0.73432233
NC(NS(=O)c1ccccc1Cl)c1cc2c(s1)CCCC2,398,0.836149104,0.28358209,0.04,0.695229148
NC(N)(Cc1ccccc1Cl)c1nc2c(s1)CCCC2,398,0.856800552,0.396551724,0.01,0.800264597
CC(N)(Cc1ccccc1Cl)c1nc2c([nH]1)CCCC2,398,0.910188732,0.272727273,0.12,0.759677256
CS(N)(Cc1ccccc1Cl)c1nc2c([nH]1)CCCC2,398,0.905548287,0.253731343,0.13,0.737396284
CNC(Cc1nc2ccccc2[nH]1)c1ccccc1Cl,398,0.766919354,0.173913043,0.04,0.829998257
CNC(Cc1ccccc1Cl)c1nc2c([nH]1)CCCC2,398,0.905036493,0.268656716,0.07,0.779565101
CN(Cc1ccccc1Cl)c1nc2c([nH]1)CCCCC2N,398,0.854225535,0.219178082,0.12,0.755166009
CN(Cc1ccccc1Cl)c1ncc2c(n1)CCCCC2N,398,0.88063728,0.253521127,0.07,0.783027589
CC(N)(c1ccccc1Cl)c1nc2c([nH]1)CCCC2,398,0.884484051,0.285714286,0.12,0.755586528
CC(N)Cc1ccccc1-c1ncc2[nH]c3c(c2n1)CCCC3,398,0.7790948,0.155844156,0.33,0.772503901
CC(N)Cc1c[nH]c2cccc(-c3nc4ccncc4[nH]3)c12,398,0.542319281,0.071428571,0.26,0.771642763
CC(N)CCCc1c[nH]c2ccc(-c3ncccc3Cl)nc12,398,0.748996861,0.1375,0.36,0.776283022
CC(N)CCc1c[nH]c2nc(-c3ccccc3Cl)ncc12,398,0.773911592,0.157894737,0.26,0.788874214
CC(N)CCc1c[nH]c2ccc(-c3ncccc3Cl)nc12,398,0.773911592,0.141025641,0.36,0.775852419
CC(N)CCCc1c[nH]c2ncc(-c3ccccc3Cl)nc12,398,0.748996861,0.153846154,0.42,0.783868614
CC(N)C=Cc1c[nH]c2ncc(-c3ccccc3Cl)nc12,398,0.775494379,0.157894737,0.44,0.749434727
CCC(N)CCc1c[nH]c2ncc(-c3ccncc3Cl)nc12,398,0.756334351,0.108433735,0.58,0.749283022
CCC(N)CCc1c[nH]c2ncc(-c3ccncc3)c(N)c12,398,0.674348109,0.060240964,0.66,0.750095232
CCC(N)CCc1c[nH]c2ncc(-c3ccncc3)cc12,398,0.753217308,0.0625,0.72,0.787493243
CCC(N)CCc1c[nH]c2ncc(-c3ccncc3)c(N3CC3)c12,398,0.684414869,0.068965517,0.62,0.756078325
CCC(N)CCCc1c[nH]c2ncc(-c3ccncc3)cc12,398,0.728341547,0.060240964,0.74,0.787393244
CCC(N)CCc1c[nH]c2ncc(-c3ccncc3F)cc12,398,0.757964366,0.070588235,0.74,0.769748956
CCC(N)Cc1c[nH]c2ncc(-c3ccncc3F)cc12,398,0.773444084,0.071428571,0.76,0.778985496
CN(C)c1ccc(C=C2C(=N)N3N=C(CC(=O)N4CCCC4)SC3=NC2=O)cc1Br,399,0.656585384,1,0,0.783317354
CN(C)c1ccc(C=C2C(=N)N3N=C(CC(=O)N4CCC4)SC3=NC2=O)cc1,399,0.786066896,0.746268657,0,0.800969379
CN(C)c1ccc(C=C2C(=N)N3CCCN=C3SC2=O)cc1OC(F)F,399,0.857212061,0.288888889,0.04,0.727336253
CN(C)c1ccc(C=C2C(=N)N3CCCN=C3C2=O)cc1Br,399,0.824079757,0.459459459,0.01,0.762424069
CN(C)c1ccc(C=C2SC(=N)N3C2=NCCC3)cc1Br,399,0.865423776,0.407894737,0.01,0.741173887
CC(C)c1ccc(C=C2C(=N)N3CCCN=C3S2)cc1Br,399,0.851698791,0.285714286,0.01,0.764493835
CC(C)c1ccc(C=C2SC(=N)N(C)C2=O)cc1CNCCCN,399,0.523604994,0.189473684,0.06,0.792341033
CC(C)c1ccc(C=C2SC(=N)N3C(=O)C(C)N=C23)cc1Br,399,0.857454746,0.252873563,0.01,0.68537826
CC(C)c1ccc(C=C2SC(=N)NN2C(C)C)cc1Br,399,0.821507221,0.231707317,0.02,0.738903088
CC(C)c1ccc(C=C2C(=O)NC3=NCCCN3C2=O)cc1Br,399,0.858170637,0.279069767,0.08,0.745337969
CC(C)c1ccc(C=C2C(=O)NC3=NCCCN32)cc1Br,399,0.88578722,0.270588235,0.07,0.749108177
CC(C)c1ccc(C=C2SC(=N)NC2=O)cc1Br,399,0.814585639,0.265822785,0.3,0.783705246
COc1ccc(C=C2SC(=N)NC2=O)cc1Br,399,0.825109246,0.265822785,0.41,0.805962742
CN(C)c1ccc(C=C2SC(=N)NC2=O)cc1Br,399,0.821754335,0.408450704,0.28,0.779755167
COc1ccc(C=C2SC(=N)N(C)C2=O)cc1Br,399,0.849959218,0.2625,0.01,0.827449673
COc1ccc(C=C2SC(=N)N(C)C2=O)cc1C(=O)[O-],399,0.820304049,0.223529412,0.02,0.773560638
COc1ccc(C=C2SC(=N)NC2C(=O)N(C)C)cc1Br,399,0.858404268,0.270588235,0.04,0.704217979
COc1ccc(C=C2SC(=N)N(CC(C)C)C2=O)cc1Br,399,0.817644588,0.258823529,0,0.826752148
COc1ccc(C=C2SC(=N)NC2=O)cc1CN(C)C(C)C,399,0.819051917,0.227272727,0.35,0.796827747
COc1ccc(C=C2SC(=N)NC2=O)cc1CN(C)C,399,0.831575145,0.238095238,0.34,0.804190863
COc1ccc(C=C2SC(=N)NC2=O)cc1C(C)C,399,0.834303556,0.2,0.44,0.805534371
COc1ccc(C=C2SC(=NCC(C)C)NC2=O)cc1Br,399,0.824278775,0.227272727,0.47,0.778570632
COc1ccc(C=C2SC(=NCC(C)C)NC2=O)cc1,399,0.867463205,0.159090909,0.405,0.796578251
COc1cc(C=C2SC(=NCC(C)C)NC2=O)ccc1Br,399,0.824278775,0.215909091,0.47,0.773121826
COc1cc(C=C2SC(=NC(C)C)NC2=O)ccc1Br,399,0.845602921,0.206896552,0.53,0.780565968
COc1cc(C=C2SC(=NC(C)C)NC2=O)ccc1O,399,0.839067847,0.179775281,0.79,0.787079255
COc1cc(C=C2SC(=NC(C)C)NC2=O)ccc1OCCO,399,0.777190435,0.180851064,0.48,0.794608161
COc1cc(C=C2SC(=NCCN)NC2=O)ccc1O,399,0.71724561,0.186813187,0.57,0.771353801
COc1cc(C=C2SC(=NCC(C)N)NC2=O)ccc1O,399,0.728717495,0.195652174,0.58,0.71723737
COc1cc(C=C2SC(=NC)NC2=O)ccc1O,399,0.795745889,0.186046512,0.79,0.787681465
